{"version":1,"document":[{"__type__":"cc.AnimationClip","_name":"ani_node_feiji","_objFlags":0,"_native":"","sample":60,"speed":0.4167,"wrapMode":1,"enableTrsBlending":false,"_duration":0.6166666666666667,"_hash":500763545,"_tracks":[{"__id__":1},{"__id__":8},{"__id__":15},{"__id__":22},{"__id__":29},{"__id__":36},{"__id__":43},{"__id__":50},{"__id__":57},{"__id__":64},{"__id__":71},{"__id__":82},{"__id__":88},{"__id__":99},{"__id__":104},{"__id__":109},{"__id__":115},{"__id__":121},{"__id__":132},{"__id__":137},{"__id__":142},{"__id__":148},{"__id__":154},{"__id__":165},{"__id__":170},{"__id__":175},{"__id__":181},{"__id__":187},{"__id__":198},{"__id__":203},{"__id__":208},{"__id__":214},{"__id__":220},{"__id__":231},{"__id__":237},{"__id__":243},{"__id__":254},{"__id__":260},{"__id__":266},{"__id__":277},{"__id__":288},{"__id__":299},{"__id__":310},{"__id__":315},{"__id__":320},{"__id__":326},{"__id__":337},{"__id__":348},{"__id__":354},{"__id__":365},{"__id__":376},{"__id__":382},{"__id__":393},{"__id__":404},{"__id__":415},{"__id__":426},{"__id__":431},{"__id__":436},{"__id__":442}],"_exoticAnimation":null,"_events":[],"_embeddedPlayers":[]},{"__type__":"cc.animation.UntypedTrack","_binding":{"__type__":"cc.animation.TrackBinding","path":{"__id__":2},"proxy":null},"_channels":[{"__id__":4},{"__id__":6}]},{"__type__":"cc.animation.TrackPath","_paths":[{"__id__":3},"scale"]},{"__type__":"cc.animation.HierarchyPath","path":"Sprite_12"},{"__type__":"cc.animation.UntypedTrackChannel","_curve":{"__id__":5},"property":"x"},{"__type__":"cc.RealCurve","bytes":{"__type__":"TypedArrayRef","ctor":"Uint8Array","offset":0,"length":42},"keyframeValueEditorExtras":[null,null,null]},{"__type__":"cc.animation.UntypedTrackChannel","_curve":{"__id__":7},"property":"y"},{"__type__":"cc.RealCurve","bytes":{"__type__":"TypedArrayRef","ctor":"Uint8Array","offset":42,"length":42},"keyframeValueEditorExtras":[null,null,null]},{"__type__":"cc.animation.UntypedTrack","_binding":{"__type__":"cc.animation.TrackBinding","path":{"__id__":9},"proxy":null},"_channels":[{"__id__":11},{"__id__":13}]},{"__type__":"cc.animation.TrackPath","_paths":[{"__id__":10},"scale"]},{"__type__":"cc.animation.HierarchyPath","path":"Sprite_15"},{"__type__":"cc.animation.UntypedTrackChannel","_curve":{"__id__":12},"property":"x"},{"__type__":"cc.RealCurve","bytes":{"__type__":"TypedArrayRef","ctor":"Uint8Array","offset":84,"length":42},"keyframeValueEditorExtras":[null,null,null]},{"__type__":"cc.animation.UntypedTrackChannel","_curve":{"__id__":14},"property":"y"},{"__type__":"cc.RealCurve","bytes":{"__type__":"TypedArrayRef","ctor":"Uint8Array","offset":126,"length":42},"keyframeValueEditorExtras":[null,null,null]},{"__type__":"cc.animation.UntypedTrack","_binding":{"__type__":"cc.animation.TrackBinding","path":{"__id__":16},"proxy":null},"_channels":[{"__id__":18},{"__id__":20}]},{"__type__":"cc.animation.TrackPath","_paths":[{"__id__":17},"scale"]},{"__type__":"cc.animation.HierarchyPath","path":"Sprite_15_0"},{"__type__":"cc.animation.UntypedTrackChannel","_curve":{"__id__":19},"property":"x"},{"__type__":"cc.RealCurve","bytes":{"__type__":"TypedArrayRef","ctor":"Uint8Array","offset":168,"length":42},"keyframeValueEditorExtras":[null,null,null]},{"__type__":"cc.animation.UntypedTrackChannel","_curve":{"__id__":21},"property":"y"},{"__type__":"cc.RealCurve","bytes":{"__type__":"TypedArrayRef","ctor":"Uint8Array","offset":210,"length":42},"keyframeValueEditorExtras":[null,null,null]},{"__type__":"cc.animation.UntypedTrack","_binding":{"__type__":"cc.animation.TrackBinding","path":{"__id__":23},"proxy":null},"_channels":[{"__id__":25},{"__id__":27}]},{"__type__":"cc.animation.TrackPath","_paths":[{"__id__":24},"scale"]},{"__type__":"cc.animation.HierarchyPath","path":"Sprite_12_0"},{"__type__":"cc.animation.UntypedTrackChannel","_curve":{"__id__":26},"property":"x"},{"__type__":"cc.RealCurve","bytes":{"__type__":"TypedArrayRef","ctor":"Uint8Array","offset":252,"length":42},"keyframeValueEditorExtras":[null,null,null]},{"__type__":"cc.animation.UntypedTrackChannel","_curve":{"__id__":28},"property":"y"},{"__type__":"cc.RealCurve","bytes":{"__type__":"TypedArrayRef","ctor":"Uint8Array","offset":294,"length":42},"keyframeValueEditorExtras":[null,null,null]},{"__type__":"cc.animation.UntypedTrack","_binding":{"__type__":"cc.animation.TrackBinding","path":{"__id__":30},"proxy":null},"_channels":[{"__id__":32},{"__id__":34}]},{"__type__":"cc.animation.TrackPath","_paths":[{"__id__":31},"scale"]},{"__type__":"cc.animation.HierarchyPath","path":"Node_3"},{"__type__":"cc.animation.UntypedTrackChannel","_curve":{"__id__":33},"property":"x"},{"__type__":"cc.RealCurve","bytes":{"__type__":"TypedArrayRef","ctor":"Uint8Array","offset":336,"length":18},"keyframeValueEditorExtras":[null]},{"__type__":"cc.animation.UntypedTrackChannel","_curve":{"__id__":35},"property":"y"},{"__type__":"cc.RealCurve","bytes":{"__type__":"TypedArrayRef","ctor":"Uint8Array","offset":354,"length":18},"keyframeValueEditorExtras":[null]},{"__type__":"cc.animation.UntypedTrack","_binding":{"__type__":"cc.animation.TrackBinding","path":{"__id__":37},"proxy":null},"_channels":[{"__id__":39},{"__id__":41}]},{"__type__":"cc.animation.TrackPath","_paths":[{"__id__":38},"scale"]},{"__type__":"cc.animation.HierarchyPath","path":"Node_1/Sprite_43"},{"__type__":"cc.animation.UntypedTrackChannel","_curve":{"__id__":40},"property":"x"},{"__type__":"cc.RealCurve","bytes":{"__type__":"TypedArrayRef","ctor":"Uint8Array","offset":372,"length":42},"keyframeValueEditorExtras":[null,null,null]},{"__type__":"cc.animation.UntypedTrackChannel","_curve":{"__id__":42},"property":"y"},{"__type__":"cc.RealCurve","bytes":{"__type__":"TypedArrayRef","ctor":"Uint8Array","offset":414,"length":42},"keyframeValueEditorExtras":[null,null,null]},{"__type__":"cc.animation.UntypedTrack","_binding":{"__type__":"cc.animation.TrackBinding","path":{"__id__":44},"proxy":null},"_channels":[{"__id__":46},{"__id__":48}]},{"__type__":"cc.animation.TrackPath","_paths":[{"__id__":45},"scale"]},{"__type__":"cc.animation.HierarchyPath","path":"Node_1/Sprite_7"},{"__type__":"cc.animation.UntypedTrackChannel","_curve":{"__id__":47},"property":"x"},{"__type__":"cc.RealCurve","bytes":{"__type__":"TypedArrayRef","ctor":"Uint8Array","offset":456,"length":30},"keyframeValueEditorExtras":[null,null]},{"__type__":"cc.animation.UntypedTrackChannel","_curve":{"__id__":49},"property":"y"},{"__type__":"cc.RealCurve","bytes":{"__type__":"TypedArrayRef","ctor":"Uint8Array","offset":486,"length":30},"keyframeValueEditorExtras":[null,null]},{"__type__":"cc.animation.UntypedTrack","_binding":{"__type__":"cc.animation.TrackBinding","path":{"__id__":51},"proxy":null},"_channels":[{"__id__":53},{"__id__":55}]},{"__type__":"cc.animation.TrackPath","_paths":[{"__id__":52},"scale"]},{"__type__":"cc.animation.HierarchyPath","path":"Node_1/Sprite_1/Node_2"},{"__type__":"cc.animation.UntypedTrackChannel","_curve":{"__id__":54},"property":"x"},{"__type__":"cc.RealCurve","bytes":{"__type__":"TypedArrayRef","ctor":"Uint8Array","offset":516,"length":18},"keyframeValueEditorExtras":[null]},{"__type__":"cc.animation.UntypedTrackChannel","_curve":{"__id__":56},"property":"y"},{"__type__":"cc.RealCurve","bytes":{"__type__":"TypedArrayRef","ctor":"Uint8Array","offset":534,"length":18},"keyframeValueEditorExtras":[null]},{"__type__":"cc.animation.UntypedTrack","_binding":{"__type__":"cc.animation.TrackBinding","path":{"__id__":58},"proxy":null},"_channels":[{"__id__":60},{"__id__":62}]},{"__type__":"cc.animation.TrackPath","_paths":[{"__id__":59},"scale"]},{"__type__":"cc.animation.HierarchyPath","path":"Node_1/Sprite_1"},{"__type__":"cc.animation.UntypedTrackChannel","_curve":{"__id__":61},"property":"x"},{"__type__":"cc.RealCurve","bytes":{"__type__":"TypedArrayRef","ctor":"Uint8Array","offset":552,"length":42},"keyframeValueEditorExtras":[null,null,null]},{"__type__":"cc.animation.UntypedTrackChannel","_curve":{"__id__":63},"property":"y"},{"__type__":"cc.RealCurve","bytes":{"__type__":"TypedArrayRef","ctor":"Uint8Array","offset":594,"length":42},"keyframeValueEditorExtras":[null,null,null]},{"__type__":"cc.animation.UntypedTrack","_binding":{"__type__":"cc.animation.TrackBinding","path":{"__id__":65},"proxy":null},"_channels":[{"__id__":67},{"__id__":69}]},{"__type__":"cc.animation.TrackPath","_paths":[{"__id__":66},"scale"]},{"__type__":"cc.animation.HierarchyPath","path":"Node_1"},{"__type__":"cc.animation.UntypedTrackChannel","_curve":{"__id__":68},"property":"x"},{"__type__":"cc.RealCurve","bytes":{"__type__":"TypedArrayRef","ctor":"Uint8Array","offset":636,"length":18},"keyframeValueEditorExtras":[null]},{"__type__":"cc.animation.UntypedTrackChannel","_curve":{"__id__":70},"property":"y"},{"__type__":"cc.RealCurve","bytes":{"__type__":"TypedArrayRef","ctor":"Uint8Array","offset":654,"length":18},"keyframeValueEditorExtras":[null]},{"__type__":"cc.animation.VectorTrack","_binding":{"__type__":"cc.animation.TrackBinding","path":{"__id__":72},"proxy":null},"_channels":[{"__id__":74},{"__id__":76},{"__id__":78},{"__id__":80}],"_nComponents":3},{"__type__":"cc.animation.TrackPath","_paths":[{"__id__":73},"position"]},{"__type__":"cc.animation.HierarchyPath","path":"Sprite_2"},{"__type__":"cc.animation.Channel","_curve":{"__id__":75}},{"__type__":"cc.RealCurve","bytes":{"__type__":"TypedArrayRef","ctor":"Uint8Array","offset":672,"length":30},"keyframeValueEditorExtras":[null,null]},{"__type__":"cc.animation.Channel","_curve":{"__id__":77}},{"__type__":"cc.RealCurve","bytes":{"__type__":"TypedArrayRef","ctor":"Uint8Array","offset":702,"length":30},"keyframeValueEditorExtras":[null,null]},{"__type__":"cc.animation.Channel","_curve":{"__id__":79}},{"__type__":"cc.RealCurve","bytes":{"__type__":"TypedArrayRef","ctor":"Uint8Array","offset":732,"length":30},"keyframeValueEditorExtras":[null,null]},{"__type__":"cc.animation.Channel","_curve":{"__id__":81}},{"__type__":"cc.RealCurve","bytes":{"__type__":"TypedArrayRef","ctor":"Uint8Array","offset":762,"length":6}},{"__type__":"cc.animation.RealTrack","_binding":{"__type__":"cc.animation.TrackBinding","path":{"__id__":83},"proxy":null},"_channel":{"__id__":86}},{"__type__":"cc.animation.TrackPath","_paths":[{"__id__":84},{"__id__":85},"opacity"]},{"__type__":"cc.animation.HierarchyPath","path":"Sprite_2"},{"__type__":"cc.animation.ComponentPath","component":"cc.UIOpacity"},{"__type__":"cc.animation.Channel","_curve":{"__id__":87}},{"__type__":"cc.RealCurve","bytes":{"__type__":"TypedArrayRef","ctor":"Uint8Array","offset":768,"length":30},"keyframeValueEditorExtras":[null,null]},{"__type__":"cc.animation.VectorTrack","_binding":{"__type__":"cc.animation.TrackBinding","path":{"__id__":89},"proxy":null},"_channels":[{"__id__":91},{"__id__":93},{"__id__":95},{"__id__":97}],"_nComponents":3},{"__type__":"cc.animation.TrackPath","_paths":[{"__id__":90},"position"]},{"__type__":"cc.animation.HierarchyPath","path":"Sprite_12"},{"__type__":"cc.animation.Channel","_curve":{"__id__":92}},{"__type__":"cc.RealCurve","bytes":{"__type__":"TypedArrayRef","ctor":"Uint8Array","offset":798,"length":42},"keyframeValueEditorExtras":[null,null,null]},{"__type__":"cc.animation.Channel","_curve":{"__id__":94}},{"__type__":"cc.RealCurve","bytes":{"__type__":"TypedArrayRef","ctor":"Uint8Array","offset":840,"length":42},"keyframeValueEditorExtras":[null,null,null]},{"__type__":"cc.animation.Channel","_curve":{"__id__":96}},{"__type__":"cc.RealCurve","bytes":{"__type__":"TypedArrayRef","ctor":"Uint8Array","offset":882,"length":42},"keyframeValueEditorExtras":[null,null,null]},{"__type__":"cc.animation.Channel","_curve":{"__id__":98}},{"__type__":"cc.RealCurve","bytes":{"__type__":"TypedArrayRef","ctor":"Uint8Array","offset":924,"length":6}},{"__type__":"cc.animation.RealTrack","_binding":{"__type__":"cc.animation.TrackBinding","path":{"__id__":100},"proxy":null},"_channel":{"__id__":102}},{"__type__":"cc.animation.TrackPath","_paths":[{"__id__":101},"anchorX"]},{"__type__":"cc.animation.HierarchyPath","path":"Sprite_12"},{"__type__":"cc.animation.Channel","_curve":{"__id__":103}},{"__type__":"cc.RealCurve","bytes":{"__type__":"TypedArrayRef","ctor":"Uint8Array","offset":930,"length":18},"keyframeValueEditorExtras":[null]},{"__type__":"cc.animation.RealTrack","_binding":{"__type__":"cc.animation.TrackBinding","path":{"__id__":105},"proxy":null},"_channel":{"__id__":107}},{"__type__":"cc.animation.TrackPath","_paths":[{"__id__":106},"anchorY"]},{"__type__":"cc.animation.HierarchyPath","path":"Sprite_12"},{"__type__":"cc.animation.Channel","_curve":{"__id__":108}},{"__type__":"cc.RealCurve","bytes":{"__type__":"TypedArrayRef","ctor":"Uint8Array","offset":948,"length":18},"keyframeValueEditorExtras":[null]},{"__type__":"cc.animation.RealTrack","_binding":{"__type__":"cc.animation.TrackBinding","path":{"__id__":110},"proxy":null},"_channel":{"__id__":113}},{"__type__":"cc.animation.TrackPath","_paths":[{"__id__":111},{"__id__":112},"opacity"]},{"__type__":"cc.animation.HierarchyPath","path":"Sprite_12"},{"__type__":"cc.animation.ComponentPath","component":"cc.UIOpacity"},{"__type__":"cc.animation.Channel","_curve":{"__id__":114}},{"__type__":"cc.RealCurve","bytes":{"__type__":"TypedArrayRef","ctor":"Uint8Array","offset":966,"length":42},"keyframeValueEditorExtras":[null,null,null]},{"__type__":"cc.animation.ObjectTrack","_binding":{"__type__":"cc.animation.TrackBinding","path":{"__id__":116},"proxy":null},"_channel":{"__id__":119}},{"__type__":"cc.animation.TrackPath","_paths":[{"__id__":117},{"__id__":118},"spriteFrame"]},{"__type__":"cc.animation.HierarchyPath","path":"Sprite_12"},{"__type__":"cc.animation.ComponentPath","component":"cc.Sprite"},{"__type__":"cc.animation.Channel","_curve":{"__id__":120}},{"__type__":"cc.ObjectCurve","_times":[0],"_values":[{"__uuid__":"92aRFz3CZEkZdqEve+AHI7@c84f0","__expectedType__":"cc.Asset"}]},{"__type__":"cc.animation.VectorTrack","_binding":{"__type__":"cc.animation.TrackBinding","path":{"__id__":122},"proxy":null},"_channels":[{"__id__":124},{"__id__":126},{"__id__":128},{"__id__":130}],"_nComponents":3},{"__type__":"cc.animation.TrackPath","_paths":[{"__id__":123},"position"]},{"__type__":"cc.animation.HierarchyPath","path":"Sprite_15"},{"__type__":"cc.animation.Channel","_curve":{"__id__":125}},{"__type__":"cc.RealCurve","bytes":{"__type__":"TypedArrayRef","ctor":"Uint8Array","offset":1008,"length":42},"keyframeValueEditorExtras":[null,null,null]},{"__type__":"cc.animation.Channel","_curve":{"__id__":127}},{"__type__":"cc.RealCurve","bytes":{"__type__":"TypedArrayRef","ctor":"Uint8Array","offset":1050,"length":42},"keyframeValueEditorExtras":[null,null,null]},{"__type__":"cc.animation.Channel","_curve":{"__id__":129}},{"__type__":"cc.RealCurve","bytes":{"__type__":"TypedArrayRef","ctor":"Uint8Array","offset":1092,"length":42},"keyframeValueEditorExtras":[null,null,null]},{"__type__":"cc.animation.Channel","_curve":{"__id__":131}},{"__type__":"cc.RealCurve","bytes":{"__type__":"TypedArrayRef","ctor":"Uint8Array","offset":1134,"length":6}},{"__type__":"cc.animation.RealTrack","_binding":{"__type__":"cc.animation.TrackBinding","path":{"__id__":133},"proxy":null},"_channel":{"__id__":135}},{"__type__":"cc.animation.TrackPath","_paths":[{"__id__":134},"anchorX"]},{"__type__":"cc.animation.HierarchyPath","path":"Sprite_15"},{"__type__":"cc.animation.Channel","_curve":{"__id__":136}},{"__type__":"cc.RealCurve","bytes":{"__type__":"TypedArrayRef","ctor":"Uint8Array","offset":1140,"length":18},"keyframeValueEditorExtras":[null]},{"__type__":"cc.animation.RealTrack","_binding":{"__type__":"cc.animation.TrackBinding","path":{"__id__":138},"proxy":null},"_channel":{"__id__":140}},{"__type__":"cc.animation.TrackPath","_paths":[{"__id__":139},"anchorY"]},{"__type__":"cc.animation.HierarchyPath","path":"Sprite_15"},{"__type__":"cc.animation.Channel","_curve":{"__id__":141}},{"__type__":"cc.RealCurve","bytes":{"__type__":"TypedArrayRef","ctor":"Uint8Array","offset":1158,"length":18},"keyframeValueEditorExtras":[null]},{"__type__":"cc.animation.RealTrack","_binding":{"__type__":"cc.animation.TrackBinding","path":{"__id__":143},"proxy":null},"_channel":{"__id__":146}},{"__type__":"cc.animation.TrackPath","_paths":[{"__id__":144},{"__id__":145},"opacity"]},{"__type__":"cc.animation.HierarchyPath","path":"Sprite_15"},{"__type__":"cc.animation.ComponentPath","component":"cc.UIOpacity"},{"__type__":"cc.animation.Channel","_curve":{"__id__":147}},{"__type__":"cc.RealCurve","bytes":{"__type__":"TypedArrayRef","ctor":"Uint8Array","offset":1176,"length":42},"keyframeValueEditorExtras":[null,null,null]},{"__type__":"cc.animation.ObjectTrack","_binding":{"__type__":"cc.animation.TrackBinding","path":{"__id__":149},"proxy":null},"_channel":{"__id__":152}},{"__type__":"cc.animation.TrackPath","_paths":[{"__id__":150},{"__id__":151},"spriteFrame"]},{"__type__":"cc.animation.HierarchyPath","path":"Sprite_15"},{"__type__":"cc.animation.ComponentPath","component":"cc.Sprite"},{"__type__":"cc.animation.Channel","_curve":{"__id__":153}},{"__type__":"cc.ObjectCurve","_times":[0],"_values":[{"__uuid__":"92aRFz3CZEkZdqEve+AHI7@dd1aa","__expectedType__":"cc.Asset"}]},{"__type__":"cc.animation.VectorTrack","_binding":{"__type__":"cc.animation.TrackBinding","path":{"__id__":155},"proxy":null},"_channels":[{"__id__":157},{"__id__":159},{"__id__":161},{"__id__":163}],"_nComponents":3},{"__type__":"cc.animation.TrackPath","_paths":[{"__id__":156},"position"]},{"__type__":"cc.animation.HierarchyPath","path":"Sprite_15_0"},{"__type__":"cc.animation.Channel","_curve":{"__id__":158}},{"__type__":"cc.RealCurve","bytes":{"__type__":"TypedArrayRef","ctor":"Uint8Array","offset":1218,"length":42},"keyframeValueEditorExtras":[null,null,null]},{"__type__":"cc.animation.Channel","_curve":{"__id__":160}},{"__type__":"cc.RealCurve","bytes":{"__type__":"TypedArrayRef","ctor":"Uint8Array","offset":1260,"length":42},"keyframeValueEditorExtras":[null,null,null]},{"__type__":"cc.animation.Channel","_curve":{"__id__":162}},{"__type__":"cc.RealCurve","bytes":{"__type__":"TypedArrayRef","ctor":"Uint8Array","offset":1302,"length":42},"keyframeValueEditorExtras":[null,null,null]},{"__type__":"cc.animation.Channel","_curve":{"__id__":164}},{"__type__":"cc.RealCurve","bytes":{"__type__":"TypedArrayRef","ctor":"Uint8Array","offset":1344,"length":6}},{"__type__":"cc.animation.RealTrack","_binding":{"__type__":"cc.animation.TrackBinding","path":{"__id__":166},"proxy":null},"_channel":{"__id__":168}},{"__type__":"cc.animation.TrackPath","_paths":[{"__id__":167},"anchorX"]},{"__type__":"cc.animation.HierarchyPath","path":"Sprite_15_0"},{"__type__":"cc.animation.Channel","_curve":{"__id__":169}},{"__type__":"cc.RealCurve","bytes":{"__type__":"TypedArrayRef","ctor":"Uint8Array","offset":1350,"length":18},"keyframeValueEditorExtras":[null]},{"__type__":"cc.animation.RealTrack","_binding":{"__type__":"cc.animation.TrackBinding","path":{"__id__":171},"proxy":null},"_channel":{"__id__":173}},{"__type__":"cc.animation.TrackPath","_paths":[{"__id__":172},"anchorY"]},{"__type__":"cc.animation.HierarchyPath","path":"Sprite_15_0"},{"__type__":"cc.animation.Channel","_curve":{"__id__":174}},{"__type__":"cc.RealCurve","bytes":{"__type__":"TypedArrayRef","ctor":"Uint8Array","offset":1368,"length":18},"keyframeValueEditorExtras":[null]},{"__type__":"cc.animation.RealTrack","_binding":{"__type__":"cc.animation.TrackBinding","path":{"__id__":176},"proxy":null},"_channel":{"__id__":179}},{"__type__":"cc.animation.TrackPath","_paths":[{"__id__":177},{"__id__":178},"opacity"]},{"__type__":"cc.animation.HierarchyPath","path":"Sprite_15_0"},{"__type__":"cc.animation.ComponentPath","component":"cc.UIOpacity"},{"__type__":"cc.animation.Channel","_curve":{"__id__":180}},{"__type__":"cc.RealCurve","bytes":{"__type__":"TypedArrayRef","ctor":"Uint8Array","offset":1386,"length":42},"keyframeValueEditorExtras":[null,null,null]},{"__type__":"cc.animation.ObjectTrack","_binding":{"__type__":"cc.animation.TrackBinding","path":{"__id__":182},"proxy":null},"_channel":{"__id__":185}},{"__type__":"cc.animation.TrackPath","_paths":[{"__id__":183},{"__id__":184},"spriteFrame"]},{"__type__":"cc.animation.HierarchyPath","path":"Sprite_15_0"},{"__type__":"cc.animation.ComponentPath","component":"cc.Sprite"},{"__type__":"cc.animation.Channel","_curve":{"__id__":186}},{"__type__":"cc.ObjectCurve","_times":[0],"_values":[{"__uuid__":"92aRFz3CZEkZdqEve+AHI7@dd1aa","__expectedType__":"cc.Asset"}]},{"__type__":"cc.animation.VectorTrack","_binding":{"__type__":"cc.animation.TrackBinding","path":{"__id__":188},"proxy":null},"_channels":[{"__id__":190},{"__id__":192},{"__id__":194},{"__id__":196}],"_nComponents":3},{"__type__":"cc.animation.TrackPath","_paths":[{"__id__":189},"position"]},{"__type__":"cc.animation.HierarchyPath","path":"Sprite_12_0"},{"__type__":"cc.animation.Channel","_curve":{"__id__":191}},{"__type__":"cc.RealCurve","bytes":{"__type__":"TypedArrayRef","ctor":"Uint8Array","offset":1428,"length":42},"keyframeValueEditorExtras":[null,null,null]},{"__type__":"cc.animation.Channel","_curve":{"__id__":193}},{"__type__":"cc.RealCurve","bytes":{"__type__":"TypedArrayRef","ctor":"Uint8Array","offset":1470,"length":42},"keyframeValueEditorExtras":[null,null,null]},{"__type__":"cc.animation.Channel","_curve":{"__id__":195}},{"__type__":"cc.RealCurve","bytes":{"__type__":"TypedArrayRef","ctor":"Uint8Array","offset":1512,"length":42},"keyframeValueEditorExtras":[null,null,null]},{"__type__":"cc.animation.Channel","_curve":{"__id__":197}},{"__type__":"cc.RealCurve","bytes":{"__type__":"TypedArrayRef","ctor":"Uint8Array","offset":1554,"length":6}},{"__type__":"cc.animation.RealTrack","_binding":{"__type__":"cc.animation.TrackBinding","path":{"__id__":199},"proxy":null},"_channel":{"__id__":201}},{"__type__":"cc.animation.TrackPath","_paths":[{"__id__":200},"anchorX"]},{"__type__":"cc.animation.HierarchyPath","path":"Sprite_12_0"},{"__type__":"cc.animation.Channel","_curve":{"__id__":202}},{"__type__":"cc.RealCurve","bytes":{"__type__":"TypedArrayRef","ctor":"Uint8Array","offset":1560,"length":18},"keyframeValueEditorExtras":[null]},{"__type__":"cc.animation.RealTrack","_binding":{"__type__":"cc.animation.TrackBinding","path":{"__id__":204},"proxy":null},"_channel":{"__id__":206}},{"__type__":"cc.animation.TrackPath","_paths":[{"__id__":205},"anchorY"]},{"__type__":"cc.animation.HierarchyPath","path":"Sprite_12_0"},{"__type__":"cc.animation.Channel","_curve":{"__id__":207}},{"__type__":"cc.RealCurve","bytes":{"__type__":"TypedArrayRef","ctor":"Uint8Array","offset":1578,"length":18},"keyframeValueEditorExtras":[null]},{"__type__":"cc.animation.RealTrack","_binding":{"__type__":"cc.animation.TrackBinding","path":{"__id__":209},"proxy":null},"_channel":{"__id__":212}},{"__type__":"cc.animation.TrackPath","_paths":[{"__id__":210},{"__id__":211},"opacity"]},{"__type__":"cc.animation.HierarchyPath","path":"Sprite_12_0"},{"__type__":"cc.animation.ComponentPath","component":"cc.UIOpacity"},{"__type__":"cc.animation.Channel","_curve":{"__id__":213}},{"__type__":"cc.RealCurve","bytes":{"__type__":"TypedArrayRef","ctor":"Uint8Array","offset":1596,"length":42},"keyframeValueEditorExtras":[null,null,null]},{"__type__":"cc.animation.ObjectTrack","_binding":{"__type__":"cc.animation.TrackBinding","path":{"__id__":215},"proxy":null},"_channel":{"__id__":218}},{"__type__":"cc.animation.TrackPath","_paths":[{"__id__":216},{"__id__":217},"spriteFrame"]},{"__type__":"cc.animation.HierarchyPath","path":"Sprite_12_0"},{"__type__":"cc.animation.ComponentPath","component":"cc.Sprite"},{"__type__":"cc.animation.Channel","_curve":{"__id__":219}},{"__type__":"cc.ObjectCurve","_times":[0],"_values":[{"__uuid__":"92aRFz3CZEkZdqEve+AHI7@c84f0","__expectedType__":"cc.Asset"}]},{"__type__":"cc.animation.VectorTrack","_binding":{"__type__":"cc.animation.TrackBinding","path":{"__id__":221},"proxy":null},"_channels":[{"__id__":223},{"__id__":225},{"__id__":227},{"__id__":229}],"_nComponents":3},{"__type__":"cc.animation.TrackPath","_paths":[{"__id__":222},"position"]},{"__type__":"cc.animation.HierarchyPath","path":"Node_3/tx_bb_g_00001_13"},{"__type__":"cc.animation.Channel","_curve":{"__id__":224}},{"__type__":"cc.RealCurve","bytes":{"__type__":"TypedArrayRef","ctor":"Uint8Array","offset":1638,"length":18},"keyframeValueEditorExtras":[null]},{"__type__":"cc.animation.Channel","_curve":{"__id__":226}},{"__type__":"cc.RealCurve","bytes":{"__type__":"TypedArrayRef","ctor":"Uint8Array","offset":1656,"length":18},"keyframeValueEditorExtras":[null]},{"__type__":"cc.animation.Channel","_curve":{"__id__":228}},{"__type__":"cc.RealCurve","bytes":{"__type__":"TypedArrayRef","ctor":"Uint8Array","offset":1674,"length":18},"keyframeValueEditorExtras":[null]},{"__type__":"cc.animation.Channel","_curve":{"__id__":230}},{"__type__":"cc.RealCurve","bytes":{"__type__":"TypedArrayRef","ctor":"Uint8Array","offset":1692,"length":6}},{"__type__":"cc.animation.RealTrack","_binding":{"__type__":"cc.animation.TrackBinding","path":{"__id__":232},"proxy":null},"_channel":{"__id__":235}},{"__type__":"cc.animation.TrackPath","_paths":[{"__id__":233},{"__id__":234},"opacity"]},{"__type__":"cc.animation.HierarchyPath","path":"Node_3/tx_bb_g_00001_13"},{"__type__":"cc.animation.ComponentPath","component":"cc.UIOpacity"},{"__type__":"cc.animation.Channel","_curve":{"__id__":236}},{"__type__":"cc.RealCurve","bytes":{"__type__":"TypedArrayRef","ctor":"Uint8Array","offset":1698,"length":54},"keyframeValueEditorExtras":[null,null,null,null]},{"__type__":"cc.animation.ObjectTrack","_binding":{"__type__":"cc.animation.TrackBinding","path":{"__id__":238},"proxy":null},"_channel":{"__id__":241}},{"__type__":"cc.animation.TrackPath","_paths":[{"__id__":239},{"__id__":240},"spriteFrame"]},{"__type__":"cc.animation.HierarchyPath","path":"Node_3/tx_bb_g_00001_13"},{"__type__":"cc.animation.ComponentPath","component":"cc.Sprite"},{"__type__":"cc.animation.Channel","_curve":{"__id__":242}},{"__type__":"cc.ObjectCurve","_times":[0.016666666666666666,0.03333333333333333,0.05,0.06666666666666667,0.08333333333333333,0.1,0.11666666666666667,0.13333333333333333,0.15,0.16666666666666666,0.18333333333333332,0.2,0.21666666666666667,0.23333333333333334,0.25,0.26666666666666666,0.2833333333333333,0.3,0.31666666666666665],"_values":[{"__uuid__":"11o3bFXzhPK7BTZAcTIcdq@6bc33","__expectedType__":"cc.Asset"},{"__uuid__":"11o3bFXzhPK7BTZAcTIcdq@04a1a","__expectedType__":"cc.Asset"},{"__uuid__":"11o3bFXzhPK7BTZAcTIcdq@689ef","__expectedType__":"cc.Asset"},{"__uuid__":"11o3bFXzhPK7BTZAcTIcdq@55aae","__expectedType__":"cc.Asset"},{"__uuid__":"11o3bFXzhPK7BTZAcTIcdq@d113b","__expectedType__":"cc.Asset"},{"__uuid__":"11o3bFXzhPK7BTZAcTIcdq@ddb26","__expectedType__":"cc.Asset"},{"__uuid__":"11o3bFXzhPK7BTZAcTIcdq@15847","__expectedType__":"cc.Asset"},{"__uuid__":"11o3bFXzhPK7BTZAcTIcdq@f74f7","__expectedType__":"cc.Asset"},{"__uuid__":"11o3bFXzhPK7BTZAcTIcdq@bf359","__expectedType__":"cc.Asset"},{"__uuid__":"11o3bFXzhPK7BTZAcTIcdq@931ec","__expectedType__":"cc.Asset"},{"__uuid__":"11o3bFXzhPK7BTZAcTIcdq@197a0","__expectedType__":"cc.Asset"},{"__uuid__":"11o3bFXzhPK7BTZAcTIcdq@e16f0","__expectedType__":"cc.Asset"},{"__uuid__":"11o3bFXzhPK7BTZAcTIcdq@e6184","__expectedType__":"cc.Asset"},{"__uuid__":"11o3bFXzhPK7BTZAcTIcdq@722f2","__expectedType__":"cc.Asset"},{"__uuid__":"11o3bFXzhPK7BTZAcTIcdq@d7baa","__expectedType__":"cc.Asset"},{"__uuid__":"11o3bFXzhPK7BTZAcTIcdq@8de88","__expectedType__":"cc.Asset"},{"__uuid__":"11o3bFXzhPK7BTZAcTIcdq@c4c8f","__expectedType__":"cc.Asset"},{"__uuid__":"11o3bFXzhPK7BTZAcTIcdq@f696d","__expectedType__":"cc.Asset"},{"__uuid__":"11o3bFXzhPK7BTZAcTIcdq@23468","__expectedType__":"cc.Asset"}]},{"__type__":"cc.animation.VectorTrack","_binding":{"__type__":"cc.animation.TrackBinding","path":{"__id__":244},"proxy":null},"_channels":[{"__id__":246},{"__id__":248},{"__id__":250},{"__id__":252}],"_nComponents":3},{"__type__":"cc.animation.TrackPath","_paths":[{"__id__":245},"position"]},{"__type__":"cc.animation.HierarchyPath","path":"Node_3/tx_bb_g_00001_13_0"},{"__type__":"cc.animation.Channel","_curve":{"__id__":247}},{"__type__":"cc.RealCurve","bytes":{"__type__":"TypedArrayRef","ctor":"Uint8Array","offset":1752,"length":18},"keyframeValueEditorExtras":[null]},{"__type__":"cc.animation.Channel","_curve":{"__id__":249}},{"__type__":"cc.RealCurve","bytes":{"__type__":"TypedArrayRef","ctor":"Uint8Array","offset":1770,"length":18},"keyframeValueEditorExtras":[null]},{"__type__":"cc.animation.Channel","_curve":{"__id__":251}},{"__type__":"cc.RealCurve","bytes":{"__type__":"TypedArrayRef","ctor":"Uint8Array","offset":1788,"length":18},"keyframeValueEditorExtras":[null]},{"__type__":"cc.animation.Channel","_curve":{"__id__":253}},{"__type__":"cc.RealCurve","bytes":{"__type__":"TypedArrayRef","ctor":"Uint8Array","offset":1806,"length":6}},{"__type__":"cc.animation.RealTrack","_binding":{"__type__":"cc.animation.TrackBinding","path":{"__id__":255},"proxy":null},"_channel":{"__id__":258}},{"__type__":"cc.animation.TrackPath","_paths":[{"__id__":256},{"__id__":257},"opacity"]},{"__type__":"cc.animation.HierarchyPath","path":"Node_3/tx_bb_g_00001_13_0"},{"__type__":"cc.animation.ComponentPath","component":"cc.UIOpacity"},{"__type__":"cc.animation.Channel","_curve":{"__id__":259}},{"__type__":"cc.RealCurve","bytes":{"__type__":"TypedArrayRef","ctor":"Uint8Array","offset":1812,"length":54},"keyframeValueEditorExtras":[null,null,null,null]},{"__type__":"cc.animation.ObjectTrack","_binding":{"__type__":"cc.animation.TrackBinding","path":{"__id__":261},"proxy":null},"_channel":{"__id__":264}},{"__type__":"cc.animation.TrackPath","_paths":[{"__id__":262},{"__id__":263},"spriteFrame"]},{"__type__":"cc.animation.HierarchyPath","path":"Node_3/tx_bb_g_00001_13_0"},{"__type__":"cc.animation.ComponentPath","component":"cc.Sprite"},{"__type__":"cc.animation.Channel","_curve":{"__id__":265}},{"__type__":"cc.ObjectCurve","_times":[0.016666666666666666,0.03333333333333333,0.05,0.06666666666666667,0.08333333333333333,0.1,0.11666666666666667,0.13333333333333333,0.15,0.16666666666666666,0.18333333333333332,0.2,0.21666666666666667,0.23333333333333334,0.25,0.26666666666666666,0.2833333333333333,0.3,0.31666666666666665],"_values":[{"__uuid__":"11o3bFXzhPK7BTZAcTIcdq@6bc33","__expectedType__":"cc.Asset"},{"__uuid__":"11o3bFXzhPK7BTZAcTIcdq@04a1a","__expectedType__":"cc.Asset"},{"__uuid__":"11o3bFXzhPK7BTZAcTIcdq@689ef","__expectedType__":"cc.Asset"},{"__uuid__":"11o3bFXzhPK7BTZAcTIcdq@55aae","__expectedType__":"cc.Asset"},{"__uuid__":"11o3bFXzhPK7BTZAcTIcdq@d113b","__expectedType__":"cc.Asset"},{"__uuid__":"11o3bFXzhPK7BTZAcTIcdq@ddb26","__expectedType__":"cc.Asset"},{"__uuid__":"11o3bFXzhPK7BTZAcTIcdq@15847","__expectedType__":"cc.Asset"},{"__uuid__":"11o3bFXzhPK7BTZAcTIcdq@f74f7","__expectedType__":"cc.Asset"},{"__uuid__":"11o3bFXzhPK7BTZAcTIcdq@bf359","__expectedType__":"cc.Asset"},{"__uuid__":"11o3bFXzhPK7BTZAcTIcdq@931ec","__expectedType__":"cc.Asset"},{"__uuid__":"11o3bFXzhPK7BTZAcTIcdq@197a0","__expectedType__":"cc.Asset"},{"__uuid__":"11o3bFXzhPK7BTZAcTIcdq@e16f0","__expectedType__":"cc.Asset"},{"__uuid__":"11o3bFXzhPK7BTZAcTIcdq@e6184","__expectedType__":"cc.Asset"},{"__uuid__":"11o3bFXzhPK7BTZAcTIcdq@722f2","__expectedType__":"cc.Asset"},{"__uuid__":"11o3bFXzhPK7BTZAcTIcdq@d7baa","__expectedType__":"cc.Asset"},{"__uuid__":"11o3bFXzhPK7BTZAcTIcdq@8de88","__expectedType__":"cc.Asset"},{"__uuid__":"11o3bFXzhPK7BTZAcTIcdq@c4c8f","__expectedType__":"cc.Asset"},{"__uuid__":"11o3bFXzhPK7BTZAcTIcdq@f696d","__expectedType__":"cc.Asset"},{"__uuid__":"11o3bFXzhPK7BTZAcTIcdq@23468","__expectedType__":"cc.Asset"}]},{"__type__":"cc.animation.VectorTrack","_binding":{"__type__":"cc.animation.TrackBinding","path":{"__id__":267},"proxy":null},"_channels":[{"__id__":269},{"__id__":271},{"__id__":273},{"__id__":275}],"_nComponents":3},{"__type__":"cc.animation.TrackPath","_paths":[{"__id__":268},"position"]},{"__type__":"cc.animation.HierarchyPath","path":"Node_3"},{"__type__":"cc.animation.Channel","_curve":{"__id__":270}},{"__type__":"cc.RealCurve","bytes":{"__type__":"TypedArrayRef","ctor":"Uint8Array","offset":1866,"length":18},"keyframeValueEditorExtras":[null]},{"__type__":"cc.animation.Channel","_curve":{"__id__":272}},{"__type__":"cc.RealCurve","bytes":{"__type__":"TypedArrayRef","ctor":"Uint8Array","offset":1884,"length":18},"keyframeValueEditorExtras":[null]},{"__type__":"cc.animation.Channel","_curve":{"__id__":274}},{"__type__":"cc.RealCurve","bytes":{"__type__":"TypedArrayRef","ctor":"Uint8Array","offset":1902,"length":18},"keyframeValueEditorExtras":[null]},{"__type__":"cc.animation.Channel","_curve":{"__id__":276}},{"__type__":"cc.RealCurve","bytes":{"__type__":"TypedArrayRef","ctor":"Uint8Array","offset":1920,"length":6}},{"__type__":"cc.animation.VectorTrack","_binding":{"__type__":"cc.animation.TrackBinding","path":{"__id__":278},"proxy":null},"_channels":[{"__id__":280},{"__id__":282},{"__id__":284},{"__id__":286}],"_nComponents":3},{"__type__":"cc.animation.TrackPath","_paths":[{"__id__":279},"eulerAngles"]},{"__type__":"cc.animation.HierarchyPath","path":"Node_3"},{"__type__":"cc.animation.Channel","_curve":{"__id__":281}},{"__type__":"cc.RealCurve","bytes":{"__type__":"TypedArrayRef","ctor":"Uint8Array","offset":1926,"length":18},"keyframeValueEditorExtras":[null]},{"__type__":"cc.animation.Channel","_curve":{"__id__":283}},{"__type__":"cc.RealCurve","bytes":{"__type__":"TypedArrayRef","ctor":"Uint8Array","offset":1944,"length":18},"keyframeValueEditorExtras":[null]},{"__type__":"cc.animation.Channel","_curve":{"__id__":285}},{"__type__":"cc.RealCurve","bytes":{"__type__":"TypedArrayRef","ctor":"Uint8Array","offset":1962,"length":18},"keyframeValueEditorExtras":[null]},{"__type__":"cc.animation.Channel","_curve":{"__id__":287}},{"__type__":"cc.RealCurve","bytes":{"__type__":"TypedArrayRef","ctor":"Uint8Array","offset":1980,"length":6}},{"__type__":"cc.animation.VectorTrack","_binding":{"__type__":"cc.animation.TrackBinding","path":{"__id__":289},"proxy":null},"_channels":[{"__id__":291},{"__id__":293},{"__id__":295},{"__id__":297}],"_nComponents":3},{"__type__":"cc.animation.TrackPath","_paths":[{"__id__":290},"position"]},{"__type__":"cc.animation.HierarchyPath","path":"Node_1/Sprite_43"},{"__type__":"cc.animation.Channel","_curve":{"__id__":292}},{"__type__":"cc.RealCurve","bytes":{"__type__":"TypedArrayRef","ctor":"Uint8Array","offset":1986,"length":54},"keyframeValueEditorExtras":[null,null,null,null]},{"__type__":"cc.animation.Channel","_curve":{"__id__":294}},{"__type__":"cc.RealCurve","bytes":{"__type__":"TypedArrayRef","ctor":"Uint8Array","offset":2040,"length":54},"keyframeValueEditorExtras":[null,null,null,null]},{"__type__":"cc.animation.Channel","_curve":{"__id__":296}},{"__type__":"cc.RealCurve","bytes":{"__type__":"TypedArrayRef","ctor":"Uint8Array","offset":2094,"length":54},"keyframeValueEditorExtras":[null,null,null,null]},{"__type__":"cc.animation.Channel","_curve":{"__id__":298}},{"__type__":"cc.RealCurve","bytes":{"__type__":"TypedArrayRef","ctor":"Uint8Array","offset":2148,"length":6}},{"__type__":"cc.animation.VectorTrack","_binding":{"__type__":"cc.animation.TrackBinding","path":{"__id__":300},"proxy":null},"_channels":[{"__id__":302},{"__id__":304},{"__id__":306},{"__id__":308}],"_nComponents":3},{"__type__":"cc.animation.TrackPath","_paths":[{"__id__":301},"eulerAngles"]},{"__type__":"cc.animation.HierarchyPath","path":"Node_1/Sprite_43"},{"__type__":"cc.animation.Channel","_curve":{"__id__":303}},{"__type__":"cc.RealCurve","bytes":{"__type__":"TypedArrayRef","ctor":"Uint8Array","offset":2154,"length":54},"keyframeValueEditorExtras":[null,null,null,null]},{"__type__":"cc.animation.Channel","_curve":{"__id__":305}},{"__type__":"cc.RealCurve","bytes":{"__type__":"TypedArrayRef","ctor":"Uint8Array","offset":2208,"length":54},"keyframeValueEditorExtras":[null,null,null,null]},{"__type__":"cc.animation.Channel","_curve":{"__id__":307}},{"__type__":"cc.RealCurve","bytes":{"__type__":"TypedArrayRef","ctor":"Uint8Array","offset":2262,"length":54},"keyframeValueEditorExtras":[null,null,null,null]},{"__type__":"cc.animation.Channel","_curve":{"__id__":309}},{"__type__":"cc.RealCurve","bytes":{"__type__":"TypedArrayRef","ctor":"Uint8Array","offset":2316,"length":6}},{"__type__":"cc.animation.RealTrack","_binding":{"__type__":"cc.animation.TrackBinding","path":{"__id__":311},"proxy":null},"_channel":{"__id__":313}},{"__type__":"cc.animation.TrackPath","_paths":[{"__id__":312},"anchorX"]},{"__type__":"cc.animation.HierarchyPath","path":"Node_1/Sprite_43"},{"__type__":"cc.animation.Channel","_curve":{"__id__":314}},{"__type__":"cc.RealCurve","bytes":{"__type__":"TypedArrayRef","ctor":"Uint8Array","offset":2322,"length":18},"keyframeValueEditorExtras":[null]},{"__type__":"cc.animation.RealTrack","_binding":{"__type__":"cc.animation.TrackBinding","path":{"__id__":316},"proxy":null},"_channel":{"__id__":318}},{"__type__":"cc.animation.TrackPath","_paths":[{"__id__":317},"anchorY"]},{"__type__":"cc.animation.HierarchyPath","path":"Node_1/Sprite_43"},{"__type__":"cc.animation.Channel","_curve":{"__id__":319}},{"__type__":"cc.RealCurve","bytes":{"__type__":"TypedArrayRef","ctor":"Uint8Array","offset":2340,"length":18},"keyframeValueEditorExtras":[null]},{"__type__":"cc.animation.RealTrack","_binding":{"__type__":"cc.animation.TrackBinding","path":{"__id__":321},"proxy":null},"_channel":{"__id__":324}},{"__type__":"cc.animation.TrackPath","_paths":[{"__id__":322},{"__id__":323},"opacity"]},{"__type__":"cc.animation.HierarchyPath","path":"Node_1/Sprite_43"},{"__type__":"cc.animation.ComponentPath","component":"cc.UIOpacity"},{"__type__":"cc.animation.Channel","_curve":{"__id__":325}},{"__type__":"cc.RealCurve","bytes":{"__type__":"TypedArrayRef","ctor":"Uint8Array","offset":2358,"length":54},"keyframeValueEditorExtras":[null,null,null,null]},{"__type__":"cc.animation.VectorTrack","_binding":{"__type__":"cc.animation.TrackBinding","path":{"__id__":327},"proxy":null},"_channels":[{"__id__":329},{"__id__":331},{"__id__":333},{"__id__":335}],"_nComponents":3},{"__type__":"cc.animation.TrackPath","_paths":[{"__id__":328},"position"]},{"__type__":"cc.animation.HierarchyPath","path":"Node_1/Sprite_7"},{"__type__":"cc.animation.Channel","_curve":{"__id__":330}},{"__type__":"cc.RealCurve","bytes":{"__type__":"TypedArrayRef","ctor":"Uint8Array","offset":2412,"length":54},"keyframeValueEditorExtras":[null,null,null,null]},{"__type__":"cc.animation.Channel","_curve":{"__id__":332}},{"__type__":"cc.RealCurve","bytes":{"__type__":"TypedArrayRef","ctor":"Uint8Array","offset":2466,"length":54},"keyframeValueEditorExtras":[null,null,null,null]},{"__type__":"cc.animation.Channel","_curve":{"__id__":334}},{"__type__":"cc.RealCurve","bytes":{"__type__":"TypedArrayRef","ctor":"Uint8Array","offset":2520,"length":54},"keyframeValueEditorExtras":[null,null,null,null]},{"__type__":"cc.animation.Channel","_curve":{"__id__":336}},{"__type__":"cc.RealCurve","bytes":{"__type__":"TypedArrayRef","ctor":"Uint8Array","offset":2574,"length":6}},{"__type__":"cc.animation.VectorTrack","_binding":{"__type__":"cc.animation.TrackBinding","path":{"__id__":338},"proxy":null},"_channels":[{"__id__":340},{"__id__":342},{"__id__":344},{"__id__":346}],"_nComponents":3},{"__type__":"cc.animation.TrackPath","_paths":[{"__id__":339},"eulerAngles"]},{"__type__":"cc.animation.HierarchyPath","path":"Node_1/Sprite_7"},{"__type__":"cc.animation.Channel","_curve":{"__id__":341}},{"__type__":"cc.RealCurve","bytes":{"__type__":"TypedArrayRef","ctor":"Uint8Array","offset":2580,"length":54},"keyframeValueEditorExtras":[null,null,null,null]},{"__type__":"cc.animation.Channel","_curve":{"__id__":343}},{"__type__":"cc.RealCurve","bytes":{"__type__":"TypedArrayRef","ctor":"Uint8Array","offset":2634,"length":54},"keyframeValueEditorExtras":[null,null,null,null]},{"__type__":"cc.animation.Channel","_curve":{"__id__":345}},{"__type__":"cc.RealCurve","bytes":{"__type__":"TypedArrayRef","ctor":"Uint8Array","offset":2688,"length":54},"keyframeValueEditorExtras":[null,null,null,null]},{"__type__":"cc.animation.Channel","_curve":{"__id__":347}},{"__type__":"cc.RealCurve","bytes":{"__type__":"TypedArrayRef","ctor":"Uint8Array","offset":2742,"length":6}},{"__type__":"cc.animation.ObjectTrack","_binding":{"__type__":"cc.animation.TrackBinding","path":{"__id__":349},"proxy":null},"_channel":{"__id__":352}},{"__type__":"cc.animation.TrackPath","_paths":[{"__id__":350},{"__id__":351},"spriteFrame"]},{"__type__":"cc.animation.HierarchyPath","path":"Node_1/Sprite_7"},{"__type__":"cc.animation.ComponentPath","component":"cc.Sprite"},{"__type__":"cc.animation.Channel","_curve":{"__id__":353}},{"__type__":"cc.ObjectCurve","_times":[0],"_values":[{"__uuid__":"8cf2/HqmtISJ7moboTzhA0@01f30","__expectedType__":"cc.Asset"}]},{"__type__":"cc.animation.VectorTrack","_binding":{"__type__":"cc.animation.TrackBinding","path":{"__id__":355},"proxy":null},"_channels":[{"__id__":357},{"__id__":359},{"__id__":361},{"__id__":363}],"_nComponents":3},{"__type__":"cc.animation.TrackPath","_paths":[{"__id__":356},"position"]},{"__type__":"cc.animation.HierarchyPath","path":"Node_1/Sprite_1/Node_2/Sprite_8"},{"__type__":"cc.animation.Channel","_curve":{"__id__":358}},{"__type__":"cc.RealCurve","bytes":{"__type__":"TypedArrayRef","ctor":"Uint8Array","offset":2748,"length":30},"keyframeValueEditorExtras":[null,null]},{"__type__":"cc.animation.Channel","_curve":{"__id__":360}},{"__type__":"cc.RealCurve","bytes":{"__type__":"TypedArrayRef","ctor":"Uint8Array","offset":2778,"length":30},"keyframeValueEditorExtras":[null,null]},{"__type__":"cc.animation.Channel","_curve":{"__id__":362}},{"__type__":"cc.RealCurve","bytes":{"__type__":"TypedArrayRef","ctor":"Uint8Array","offset":2808,"length":30},"keyframeValueEditorExtras":[null,null]},{"__type__":"cc.animation.Channel","_curve":{"__id__":364}},{"__type__":"cc.RealCurve","bytes":{"__type__":"TypedArrayRef","ctor":"Uint8Array","offset":2838,"length":6}},{"__type__":"cc.animation.VectorTrack","_binding":{"__type__":"cc.animation.TrackBinding","path":{"__id__":366},"proxy":null},"_channels":[{"__id__":368},{"__id__":370},{"__id__":372},{"__id__":374}],"_nComponents":3},{"__type__":"cc.animation.TrackPath","_paths":[{"__id__":367},"eulerAngles"]},{"__type__":"cc.animation.HierarchyPath","path":"Node_1/Sprite_1/Node_2/Sprite_8"},{"__type__":"cc.animation.Channel","_curve":{"__id__":369}},{"__type__":"cc.RealCurve","bytes":{"__type__":"TypedArrayRef","ctor":"Uint8Array","offset":2844,"length":30},"keyframeValueEditorExtras":[null,null]},{"__type__":"cc.animation.Channel","_curve":{"__id__":371}},{"__type__":"cc.RealCurve","bytes":{"__type__":"TypedArrayRef","ctor":"Uint8Array","offset":2874,"length":30},"keyframeValueEditorExtras":[null,null]},{"__type__":"cc.animation.Channel","_curve":{"__id__":373}},{"__type__":"cc.RealCurve","bytes":{"__type__":"TypedArrayRef","ctor":"Uint8Array","offset":2904,"length":30},"keyframeValueEditorExtras":[null,null]},{"__type__":"cc.animation.Channel","_curve":{"__id__":375}},{"__type__":"cc.RealCurve","bytes":{"__type__":"TypedArrayRef","ctor":"Uint8Array","offset":2934,"length":6}},{"__type__":"cc.animation.ObjectTrack","_binding":{"__type__":"cc.animation.TrackBinding","path":{"__id__":377},"proxy":null},"_channel":{"__id__":380}},{"__type__":"cc.animation.TrackPath","_paths":[{"__id__":378},{"__id__":379},"spriteFrame"]},{"__type__":"cc.animation.HierarchyPath","path":"Node_1/Sprite_1/Node_2/Sprite_8"},{"__type__":"cc.animation.ComponentPath","component":"cc.Sprite"},{"__type__":"cc.animation.Channel","_curve":{"__id__":381}},{"__type__":"cc.ObjectCurve","_times":[0],"_values":[{"__uuid__":"8cf2/HqmtISJ7moboTzhA0@43fd1","__expectedType__":"cc.Asset"}]},{"__type__":"cc.animation.VectorTrack","_binding":{"__type__":"cc.animation.TrackBinding","path":{"__id__":383},"proxy":null},"_channels":[{"__id__":385},{"__id__":387},{"__id__":389},{"__id__":391}],"_nComponents":3},{"__type__":"cc.animation.TrackPath","_paths":[{"__id__":384},"position"]},{"__type__":"cc.animation.HierarchyPath","path":"Node_1/Sprite_1/Node_2"},{"__type__":"cc.animation.Channel","_curve":{"__id__":386}},{"__type__":"cc.RealCurve","bytes":{"__type__":"TypedArrayRef","ctor":"Uint8Array","offset":2940,"length":18},"keyframeValueEditorExtras":[null]},{"__type__":"cc.animation.Channel","_curve":{"__id__":388}},{"__type__":"cc.RealCurve","bytes":{"__type__":"TypedArrayRef","ctor":"Uint8Array","offset":2958,"length":18},"keyframeValueEditorExtras":[null]},{"__type__":"cc.animation.Channel","_curve":{"__id__":390}},{"__type__":"cc.RealCurve","bytes":{"__type__":"TypedArrayRef","ctor":"Uint8Array","offset":2976,"length":18},"keyframeValueEditorExtras":[null]},{"__type__":"cc.animation.Channel","_curve":{"__id__":392}},{"__type__":"cc.RealCurve","bytes":{"__type__":"TypedArrayRef","ctor":"Uint8Array","offset":2994,"length":6}},{"__type__":"cc.animation.VectorTrack","_binding":{"__type__":"cc.animation.TrackBinding","path":{"__id__":394},"proxy":null},"_channels":[{"__id__":396},{"__id__":398},{"__id__":400},{"__id__":402}],"_nComponents":3},{"__type__":"cc.animation.TrackPath","_paths":[{"__id__":395},"eulerAngles"]},{"__type__":"cc.animation.HierarchyPath","path":"Node_1/Sprite_1/Node_2"},{"__type__":"cc.animation.Channel","_curve":{"__id__":397}},{"__type__":"cc.RealCurve","bytes":{"__type__":"TypedArrayRef","ctor":"Uint8Array","offset":3000,"length":18},"keyframeValueEditorExtras":[null]},{"__type__":"cc.animation.Channel","_curve":{"__id__":399}},{"__type__":"cc.RealCurve","bytes":{"__type__":"TypedArrayRef","ctor":"Uint8Array","offset":3018,"length":18},"keyframeValueEditorExtras":[null]},{"__type__":"cc.animation.Channel","_curve":{"__id__":401}},{"__type__":"cc.RealCurve","bytes":{"__type__":"TypedArrayRef","ctor":"Uint8Array","offset":3036,"length":18},"keyframeValueEditorExtras":[null]},{"__type__":"cc.animation.Channel","_curve":{"__id__":403}},{"__type__":"cc.RealCurve","bytes":{"__type__":"TypedArrayRef","ctor":"Uint8Array","offset":3054,"length":6}},{"__type__":"cc.animation.VectorTrack","_binding":{"__type__":"cc.animation.TrackBinding","path":{"__id__":405},"proxy":null},"_channels":[{"__id__":407},{"__id__":409},{"__id__":411},{"__id__":413}],"_nComponents":3},{"__type__":"cc.animation.TrackPath","_paths":[{"__id__":406},"position"]},{"__type__":"cc.animation.HierarchyPath","path":"Node_1/Sprite_1"},{"__type__":"cc.animation.Channel","_curve":{"__id__":408}},{"__type__":"cc.RealCurve","bytes":{"__type__":"TypedArrayRef","ctor":"Uint8Array","offset":3060,"length":54},"keyframeValueEditorExtras":[null,null,null,null]},{"__type__":"cc.animation.Channel","_curve":{"__id__":410}},{"__type__":"cc.RealCurve","bytes":{"__type__":"TypedArrayRef","ctor":"Uint8Array","offset":3114,"length":54},"keyframeValueEditorExtras":[null,null,null,null]},{"__type__":"cc.animation.Channel","_curve":{"__id__":412}},{"__type__":"cc.RealCurve","bytes":{"__type__":"TypedArrayRef","ctor":"Uint8Array","offset":3168,"length":54},"keyframeValueEditorExtras":[null,null,null,null]},{"__type__":"cc.animation.Channel","_curve":{"__id__":414}},{"__type__":"cc.RealCurve","bytes":{"__type__":"TypedArrayRef","ctor":"Uint8Array","offset":3222,"length":6}},{"__type__":"cc.animation.VectorTrack","_binding":{"__type__":"cc.animation.TrackBinding","path":{"__id__":416},"proxy":null},"_channels":[{"__id__":418},{"__id__":420},{"__id__":422},{"__id__":424}],"_nComponents":3},{"__type__":"cc.animation.TrackPath","_paths":[{"__id__":417},"eulerAngles"]},{"__type__":"cc.animation.HierarchyPath","path":"Node_1/Sprite_1"},{"__type__":"cc.animation.Channel","_curve":{"__id__":419}},{"__type__":"cc.RealCurve","bytes":{"__type__":"TypedArrayRef","ctor":"Uint8Array","offset":3228,"length":54},"keyframeValueEditorExtras":[null,null,null,null]},{"__type__":"cc.animation.Channel","_curve":{"__id__":421}},{"__type__":"cc.RealCurve","bytes":{"__type__":"TypedArrayRef","ctor":"Uint8Array","offset":3282,"length":54},"keyframeValueEditorExtras":[null,null,null,null]},{"__type__":"cc.animation.Channel","_curve":{"__id__":423}},{"__type__":"cc.RealCurve","bytes":{"__type__":"TypedArrayRef","ctor":"Uint8Array","offset":3336,"length":54},"keyframeValueEditorExtras":[null,null,null,null]},{"__type__":"cc.animation.Channel","_curve":{"__id__":425}},{"__type__":"cc.RealCurve","bytes":{"__type__":"TypedArrayRef","ctor":"Uint8Array","offset":3390,"length":6}},{"__type__":"cc.animation.RealTrack","_binding":{"__type__":"cc.animation.TrackBinding","path":{"__id__":427},"proxy":null},"_channel":{"__id__":429}},{"__type__":"cc.animation.TrackPath","_paths":[{"__id__":428},"anchorX"]},{"__type__":"cc.animation.HierarchyPath","path":"Node_1/Sprite_1"},{"__type__":"cc.animation.Channel","_curve":{"__id__":430}},{"__type__":"cc.RealCurve","bytes":{"__type__":"TypedArrayRef","ctor":"Uint8Array","offset":3396,"length":30},"keyframeValueEditorExtras":[null,null]},{"__type__":"cc.animation.RealTrack","_binding":{"__type__":"cc.animation.TrackBinding","path":{"__id__":432},"proxy":null},"_channel":{"__id__":434}},{"__type__":"cc.animation.TrackPath","_paths":[{"__id__":433},"anchorY"]},{"__type__":"cc.animation.HierarchyPath","path":"Node_1/Sprite_1"},{"__type__":"cc.animation.Channel","_curve":{"__id__":435}},{"__type__":"cc.RealCurve","bytes":{"__type__":"TypedArrayRef","ctor":"Uint8Array","offset":3426,"length":30},"keyframeValueEditorExtras":[null,null]},{"__type__":"cc.animation.ObjectTrack","_binding":{"__type__":"cc.animation.TrackBinding","path":{"__id__":437},"proxy":null},"_channel":{"__id__":440}},{"__type__":"cc.animation.TrackPath","_paths":[{"__id__":438},{"__id__":439},"spriteFrame"]},{"__type__":"cc.animation.HierarchyPath","path":"Node_1/Sprite_1"},{"__type__":"cc.animation.ComponentPath","component":"cc.Sprite"},{"__type__":"cc.animation.Channel","_curve":{"__id__":441}},{"__type__":"cc.ObjectCurve","_times":[0],"_values":[{"__uuid__":"8cf2/HqmtISJ7moboTzhA0@376bd","__expectedType__":"cc.Asset"}]},{"__type__":"cc.animation.VectorTrack","_binding":{"__type__":"cc.animation.TrackBinding","path":{"__id__":443},"proxy":null},"_channels":[{"__id__":445},{"__id__":447},{"__id__":449},{"__id__":451}],"_nComponents":3},{"__type__":"cc.animation.TrackPath","_paths":[{"__id__":444},"position"]},{"__type__":"cc.animation.HierarchyPath","path":"Node_1"},{"__type__":"cc.animation.Channel","_curve":{"__id__":446}},{"__type__":"cc.RealCurve","bytes":{"__type__":"TypedArrayRef","ctor":"Uint8Array","offset":3456,"length":18},"keyframeValueEditorExtras":[null]},{"__type__":"cc.animation.Channel","_curve":{"__id__":448}},{"__type__":"cc.RealCurve","bytes":{"__type__":"TypedArrayRef","ctor":"Uint8Array","offset":3474,"length":18},"keyframeValueEditorExtras":[null]},{"__type__":"cc.animation.Channel","_curve":{"__id__":450}},{"__type__":"cc.RealCurve","bytes":{"__type__":"TypedArrayRef","ctor":"Uint8Array","offset":3492,"length":18},"keyframeValueEditorExtras":[null]},{"__type__":"cc.animation.Channel","_curve":{"__id__":452}},{"__type__":"cc.RealCurve","bytes":{"__type__":"TypedArrayRef","ctor":"Uint8Array","offset":3510,"length":6}}],"chunks":[".bin"]}
