[1,["55CZ2jQs9LfbYMpQGp7BjB@6c48a"],["_textureSource"],["cc.SpriteFrame"],0,[{"name":"DDZ_4bei","rect":{"x":1,"y":2,"width":126,"height":73},"offset":{"x":-0.5,"y":0},"originalSize":{"width":129,"height":77},"rotated":false,"capInsets":[0,0,0,0],"vertices":{"rawPosition":[-63,-36.5,0,63,-36.5,0,-63,36.5,0,63,36.5,0],"indexes":[0,1,2,2,1,3],"uv":[1,75,127,75,1,2,127,2],"nuv":[0.007751937984496124,0.025974025974025976,0.9844961240310077,0.025974025974025976,0.007751937984496124,0.974025974025974,0.9844961240310077,0.974025974025974],"minPos":{"x":-63,"y":-36.5,"z":0},"maxPos":{"x":63,"y":36.5,"z":0}},"packable":true,"pixelsToUnit":100,"pivot":{"x":0.5,"y":0.5},"meshType":0}],[0],0,[0],[0],[0]]
