{"version":1,"document":[{"__type__":"cc.AnimationClip","_name":"ani_beishubianhua_0","_objFlags":0,"__editorExtras__":{"embeddedPlayerGroups":[]},"_native":"","sample":60,"speed":0.3333,"wrapMode":1,"enableTrsBlending":false,"_duration":0.4166666666666667,"_hash":500763545,"_tracks":[{"__id__":1},{"__id__":12},{"__id__":18},{"__id__":29},{"__id__":35},{"__id__":46},{"__id__":52},{"__id__":63},{"__id__":69},{"__id__":80},{"__id__":86},{"__id__":92},{"__id__":98}],"_exoticAnimation":null,"_events":[],"_embeddedPlayers":[]},{"__type__":"cc.animation.VectorTrack","_binding":{"__type__":"cc.animation.TrackBinding","path":{"__id__":2},"proxy":null},"_channels":[{"__id__":4},{"__id__":6},{"__id__":8},{"__id__":10}],"_nComponents":3},{"__type__":"cc.animation.TrackPath","_paths":[{"__id__":3},"eulerAngles"]},{"__type__":"cc.animation.HierarchyPath","path":"Node_1_0/Node_xingxing/settlement_img_xingxing_light_64_6"},{"__type__":"cc.animation.Channel","_curve":{"__id__":5}},{"__type__":"cc.RealCurve","bytes":{"__type__":"TypedArrayRef","ctor":"Uint8Array","offset":0,"length":30},"keyframeValueEditorExtras":[null,null]},{"__type__":"cc.animation.Channel","_curve":{"__id__":7}},{"__type__":"cc.RealCurve","bytes":{"__type__":"TypedArrayRef","ctor":"Uint8Array","offset":30,"length":30},"keyframeValueEditorExtras":[null,null]},{"__type__":"cc.animation.Channel","_curve":{"__id__":9}},{"__type__":"cc.RealCurve","bytes":{"__type__":"TypedArrayRef","ctor":"Uint8Array","offset":60,"length":30},"keyframeValueEditorExtras":[null,null]},{"__type__":"cc.animation.Channel","_curve":{"__id__":11}},{"__type__":"cc.RealCurve","bytes":{"__type__":"TypedArrayRef","ctor":"Uint8Array","offset":90,"length":6}},{"__type__":"cc.animation.RealTrack","_binding":{"__type__":"cc.animation.TrackBinding","path":{"__id__":13},"proxy":null},"_channel":{"__id__":16}},{"__type__":"cc.animation.TrackPath","_paths":[{"__id__":14},{"__id__":15},"opacity"]},{"__type__":"cc.animation.HierarchyPath","path":"Node_1_0/Node_xingxing/settlement_img_xingxing_light_64_6"},{"__type__":"cc.animation.ComponentPath","component":"cc.UIOpacity"},{"__type__":"cc.animation.Channel","_curve":{"__id__":17}},{"__type__":"cc.RealCurve","bytes":{"__type__":"TypedArrayRef","ctor":"Uint8Array","offset":96,"length":42},"keyframeValueEditorExtras":[null,null,null]},{"__type__":"cc.animation.VectorTrack","_binding":{"__type__":"cc.animation.TrackBinding","path":{"__id__":19},"proxy":null},"_channels":[{"__id__":21},{"__id__":23},{"__id__":25},{"__id__":27}],"_nComponents":3},{"__type__":"cc.animation.TrackPath","_paths":[{"__id__":20},"eulerAngles"]},{"__type__":"cc.animation.HierarchyPath","path":"Node_1_0/Node_xingxing/settlement_img_xingxing_light_64_7"},{"__type__":"cc.animation.Channel","_curve":{"__id__":22}},{"__type__":"cc.RealCurve","bytes":{"__type__":"TypedArrayRef","ctor":"Uint8Array","offset":138,"length":30},"keyframeValueEditorExtras":[null,null]},{"__type__":"cc.animation.Channel","_curve":{"__id__":24}},{"__type__":"cc.RealCurve","bytes":{"__type__":"TypedArrayRef","ctor":"Uint8Array","offset":168,"length":30},"keyframeValueEditorExtras":[null,null]},{"__type__":"cc.animation.Channel","_curve":{"__id__":26}},{"__type__":"cc.RealCurve","bytes":{"__type__":"TypedArrayRef","ctor":"Uint8Array","offset":198,"length":30},"keyframeValueEditorExtras":[null,null]},{"__type__":"cc.animation.Channel","_curve":{"__id__":28}},{"__type__":"cc.RealCurve","bytes":{"__type__":"TypedArrayRef","ctor":"Uint8Array","offset":228,"length":6}},{"__type__":"cc.animation.RealTrack","_binding":{"__type__":"cc.animation.TrackBinding","path":{"__id__":30},"proxy":null},"_channel":{"__id__":33}},{"__type__":"cc.animation.TrackPath","_paths":[{"__id__":31},{"__id__":32},"opacity"]},{"__type__":"cc.animation.HierarchyPath","path":"Node_1_0/Node_xingxing/settlement_img_xingxing_light_64_7"},{"__type__":"cc.animation.ComponentPath","component":"cc.UIOpacity"},{"__type__":"cc.animation.Channel","_curve":{"__id__":34}},{"__type__":"cc.RealCurve","bytes":{"__type__":"TypedArrayRef","ctor":"Uint8Array","offset":234,"length":42},"keyframeValueEditorExtras":[null,null,null]},{"__type__":"cc.animation.VectorTrack","_binding":{"__type__":"cc.animation.TrackBinding","path":{"__id__":36},"proxy":null},"_channels":[{"__id__":38},{"__id__":40},{"__id__":42},{"__id__":44}],"_nComponents":3},{"__type__":"cc.animation.TrackPath","_paths":[{"__id__":37},"eulerAngles"]},{"__type__":"cc.animation.HierarchyPath","path":"Node_1_0/Node_xingxing/settlement_img_xingxing_light_64_8"},{"__type__":"cc.animation.Channel","_curve":{"__id__":39}},{"__type__":"cc.RealCurve","bytes":{"__type__":"TypedArrayRef","ctor":"Uint8Array","offset":276,"length":30},"keyframeValueEditorExtras":[null,null]},{"__type__":"cc.animation.Channel","_curve":{"__id__":41}},{"__type__":"cc.RealCurve","bytes":{"__type__":"TypedArrayRef","ctor":"Uint8Array","offset":306,"length":30},"keyframeValueEditorExtras":[null,null]},{"__type__":"cc.animation.Channel","_curve":{"__id__":43}},{"__type__":"cc.RealCurve","bytes":{"__type__":"TypedArrayRef","ctor":"Uint8Array","offset":336,"length":30},"keyframeValueEditorExtras":[null,null]},{"__type__":"cc.animation.Channel","_curve":{"__id__":45}},{"__type__":"cc.RealCurve","bytes":{"__type__":"TypedArrayRef","ctor":"Uint8Array","offset":366,"length":6}},{"__type__":"cc.animation.RealTrack","_binding":{"__type__":"cc.animation.TrackBinding","path":{"__id__":47},"proxy":null},"_channel":{"__id__":50}},{"__type__":"cc.animation.TrackPath","_paths":[{"__id__":48},{"__id__":49},"opacity"]},{"__type__":"cc.animation.HierarchyPath","path":"Node_1_0/Node_xingxing/settlement_img_xingxing_light_64_8"},{"__type__":"cc.animation.ComponentPath","component":"cc.UIOpacity"},{"__type__":"cc.animation.Channel","_curve":{"__id__":51}},{"__type__":"cc.RealCurve","bytes":{"__type__":"TypedArrayRef","ctor":"Uint8Array","offset":372,"length":42},"keyframeValueEditorExtras":[null,null,null]},{"__type__":"cc.animation.VectorTrack","_binding":{"__type__":"cc.animation.TrackBinding","path":{"__id__":53},"proxy":null},"_channels":[{"__id__":55},{"__id__":57},{"__id__":59},{"__id__":61}],"_nComponents":3},{"__type__":"cc.animation.TrackPath","_paths":[{"__id__":54},"eulerAngles"]},{"__type__":"cc.animation.HierarchyPath","path":"Node_1_0/Node_xingxing/settlement_img_xingxing_light_64_9"},{"__type__":"cc.animation.Channel","_curve":{"__id__":56}},{"__type__":"cc.RealCurve","bytes":{"__type__":"TypedArrayRef","ctor":"Uint8Array","offset":414,"length":30},"keyframeValueEditorExtras":[null,null]},{"__type__":"cc.animation.Channel","_curve":{"__id__":58}},{"__type__":"cc.RealCurve","bytes":{"__type__":"TypedArrayRef","ctor":"Uint8Array","offset":444,"length":30},"keyframeValueEditorExtras":[null,null]},{"__type__":"cc.animation.Channel","_curve":{"__id__":60}},{"__type__":"cc.RealCurve","bytes":{"__type__":"TypedArrayRef","ctor":"Uint8Array","offset":474,"length":30},"keyframeValueEditorExtras":[null,null]},{"__type__":"cc.animation.Channel","_curve":{"__id__":62}},{"__type__":"cc.RealCurve","bytes":{"__type__":"TypedArrayRef","ctor":"Uint8Array","offset":504,"length":6}},{"__type__":"cc.animation.RealTrack","_binding":{"__type__":"cc.animation.TrackBinding","path":{"__id__":64},"proxy":null},"_channel":{"__id__":67}},{"__type__":"cc.animation.TrackPath","_paths":[{"__id__":65},{"__id__":66},"opacity"]},{"__type__":"cc.animation.HierarchyPath","path":"Node_1_0/Node_xingxing/settlement_img_xingxing_light_64_9"},{"__type__":"cc.animation.ComponentPath","component":"cc.UIOpacity"},{"__type__":"cc.animation.Channel","_curve":{"__id__":68}},{"__type__":"cc.RealCurve","bytes":{"__type__":"TypedArrayRef","ctor":"Uint8Array","offset":510,"length":42},"keyframeValueEditorExtras":[null,null,null]},{"__type__":"cc.animation.VectorTrack","_binding":{"__type__":"cc.animation.TrackBinding","path":{"__id__":70},"proxy":null},"_channels":[{"__id__":72},{"__id__":74},{"__id__":76},{"__id__":78}],"_nComponents":3},{"__type__":"cc.animation.TrackPath","_paths":[{"__id__":71},"eulerAngles"]},{"__type__":"cc.animation.HierarchyPath","path":"Node_1_0/Node_xingxing/settlement_img_xingxing_light_64_10"},{"__type__":"cc.animation.Channel","_curve":{"__id__":73}},{"__type__":"cc.RealCurve","bytes":{"__type__":"TypedArrayRef","ctor":"Uint8Array","offset":552,"length":30},"keyframeValueEditorExtras":[null,null]},{"__type__":"cc.animation.Channel","_curve":{"__id__":75}},{"__type__":"cc.RealCurve","bytes":{"__type__":"TypedArrayRef","ctor":"Uint8Array","offset":582,"length":30},"keyframeValueEditorExtras":[null,null]},{"__type__":"cc.animation.Channel","_curve":{"__id__":77}},{"__type__":"cc.RealCurve","bytes":{"__type__":"TypedArrayRef","ctor":"Uint8Array","offset":612,"length":30},"keyframeValueEditorExtras":[null,null]},{"__type__":"cc.animation.Channel","_curve":{"__id__":79}},{"__type__":"cc.RealCurve","bytes":{"__type__":"TypedArrayRef","ctor":"Uint8Array","offset":642,"length":6}},{"__type__":"cc.animation.RealTrack","_binding":{"__type__":"cc.animation.TrackBinding","path":{"__id__":81},"proxy":null},"_channel":{"__id__":84}},{"__type__":"cc.animation.TrackPath","_paths":[{"__id__":82},{"__id__":83},"opacity"]},{"__type__":"cc.animation.HierarchyPath","path":"Node_1_0/Node_xingxing/settlement_img_xingxing_light_64_10"},{"__type__":"cc.animation.ComponentPath","component":"cc.UIOpacity"},{"__type__":"cc.animation.Channel","_curve":{"__id__":85}},{"__type__":"cc.RealCurve","bytes":{"__type__":"TypedArrayRef","ctor":"Uint8Array","offset":648,"length":42},"keyframeValueEditorExtras":[null,null,null]},{"__type__":"cc.animation.RealTrack","_binding":{"__type__":"cc.animation.TrackBinding","path":{"__id__":87},"proxy":null},"_channel":{"__id__":90}},{"__type__":"cc.animation.TrackPath","_paths":[{"__id__":88},{"__id__":89},"opacity"]},{"__type__":"cc.animation.HierarchyPath","path":"Node_1_0/Sprite_121"},{"__type__":"cc.animation.ComponentPath","component":"cc.UIOpacity"},{"__type__":"cc.animation.Channel","_curve":{"__id__":91}},{"__type__":"cc.RealCurve","bytes":{"__type__":"TypedArrayRef","ctor":"Uint8Array","offset":690,"length":54},"keyframeValueEditorExtras":[null,null,null,null]},{"__type__":"cc.animation.ObjectTrack","_binding":{"__type__":"cc.animation.TrackBinding","path":{"__id__":93},"proxy":null},"_channel":{"__id__":96}},{"__type__":"cc.animation.TrackPath","_paths":[{"__id__":94},{"__id__":95},"spriteFrame"]},{"__type__":"cc.animation.HierarchyPath","path":"Node_1_0/Sprite_121"},{"__type__":"cc.animation.ComponentPath","component":"cc.Sprite"},{"__type__":"cc.animation.Channel","_curve":{"__id__":97}},{"__type__":"cc.ObjectCurve","_times":[0.03333333333333333,0.05,0.06666666666666667,0.08333333333333333,0.1,0.11666666666666667,0.13333333333333333,0.15,0.16666666666666666,0.18333333333333332,0.2,0.21666666666666667,0.23333333333333334,0.25,0.26666666666666666,0.2833333333333333,0.3],"_values":[{"__uuid__":"2cpi794PtCSpmRpGs+Z1ry@be66c","__expectedType__":"cc.Asset"},{"__uuid__":"2cpi794PtCSpmRpGs+Z1ry@d796a","__expectedType__":"cc.Asset"},{"__uuid__":"2cpi794PtCSpmRpGs+Z1ry@e1041","__expectedType__":"cc.Asset"},{"__uuid__":"2cpi794PtCSpmRpGs+Z1ry@2e484","__expectedType__":"cc.Asset"},{"__uuid__":"2cpi794PtCSpmRpGs+Z1ry@db663","__expectedType__":"cc.Asset"},{"__uuid__":"2cpi794PtCSpmRpGs+Z1ry@d04ca","__expectedType__":"cc.Asset"},{"__uuid__":"2cpi794PtCSpmRpGs+Z1ry@4aaf1","__expectedType__":"cc.Asset"},{"__uuid__":"2cpi794PtCSpmRpGs+Z1ry@9ddab","__expectedType__":"cc.Asset"},{"__uuid__":"2cpi794PtCSpmRpGs+Z1ry@ec648","__expectedType__":"cc.Asset"},{"__uuid__":"2cpi794PtCSpmRpGs+Z1ry@251db","__expectedType__":"cc.Asset"},{"__uuid__":"2cpi794PtCSpmRpGs+Z1ry@3b047","__expectedType__":"cc.Asset"},{"__uuid__":"2cpi794PtCSpmRpGs+Z1ry@8f907","__expectedType__":"cc.Asset"},{"__uuid__":"2cpi794PtCSpmRpGs+Z1ry@247e3","__expectedType__":"cc.Asset"},{"__uuid__":"2cpi794PtCSpmRpGs+Z1ry@c9853","__expectedType__":"cc.Asset"},{"__uuid__":"2cpi794PtCSpmRpGs+Z1ry@39ff5","__expectedType__":"cc.Asset"},{"__uuid__":"2cpi794PtCSpmRpGs+Z1ry@c8dca","__expectedType__":"cc.Asset"},{"__uuid__":"2cpi794PtCSpmRpGs+Z1ry@57b3b","__expectedType__":"cc.Asset"}]},{"__type__":"cc.animation.RealTrack","_binding":{"__type__":"cc.animation.TrackBinding","path":{"__id__":99},"proxy":null},"_channel":{"__id__":102}},{"__type__":"cc.animation.TrackPath","_paths":[{"__id__":100},{"__id__":101},"opacity"]},{"__type__":"cc.animation.HierarchyPath","path":"Node_1_0/tx_youxichang_wangzha_light03_122"},{"__type__":"cc.animation.ComponentPath","component":"cc.UIOpacity"},{"__type__":"cc.animation.Channel","_curve":{"__id__":103}},{"__type__":"cc.RealCurve","bytes":{"__type__":"TypedArrayRef","ctor":"Uint8Array","offset":744,"length":42},"keyframeValueEditorExtras":[null,null,null]}],"chunks":[".bin"]}
