[1,["23CZKvpnhMY4//4bAwy0CO@6c48a","3fedFMDQ9Jzb6jMyBkYZIJ@6c48a","61W27PAtlA1qcGRM0Qbltc@6c48a","61W27PAtlA1qcGRM0Qbltc@f9941","3fedFMDQ9Jzb6jMyBkYZIJ@f9941","23CZKvpnhMY4//4bAwy0CO@f9941","ad+uQ/gyFAr4nObB2FuC6j@f9941","ad+uQ/gyFAr4nObB2FuC6j@6c48a"],["node","_textureSource","_spriteFrame","_parent","root","data"],[["cc.Node",["_name","_components","_prefab","_parent","_children","_lpos","_lscale"],2,9,4,1,2,5,5],["cc.Widget",["_alignFlags","_originalWidth","_originalHeight","_right","_left","_top","_bottom","_alignMode","_verticalCenter","node","__prefab"],-6,1,4],"cc.SpriteFrame",["cc.UITransform",["node","__prefab","_contentSize","_anchorPoint"],3,1,4,5,5],["cc.Sprite",["_type","_sizeMode","node","__prefab","_spriteFrame"],1,1,4,6],["cc.Prefab",["_name"],2],["cc.CompPrefabInfo",["fileId"],2],["28557I81eNCvq3M8jt0qgNM",["node","__prefab"],3,1,4],["cc.PrefabInfo",["fileId","instance","targetOverrides","nestedPrefabInstanceRoots","root","asset"],-1,1,1],["cc.Label",["_string","_actualFontSize","_fontSize","_lineHeight","node","__prefab"],-1,1,4],["cc.Layout",["_resizeMode","_layoutType","_spacingX","_affectedByScale","_isAlign","node","__prefab"],-2,1,4],["cc.RichText",["_string","_horizontalAlign","_verticalAlign","_fontSize","_maxWidth","node","__prefab"],-2,1,4]],[[6,0,2],[8,0,1,2,3,4,5,5],[3,0,1,2,1],[0,0,3,1,2,5,2],[4,0,1,2,3,4,3],[0,0,4,1,2,5,2],[0,0,3,4,1,2,5,2],[3,0,1,1],[5,0,2],[0,0,4,1,2,2],[0,0,3,1,2,6,2],[0,0,3,1,2,2],[3,0,1,2,3,1],[7,0,1,1],[1,0,1,2,9,10,4],[1,0,4,3,5,6,1,2,7,9,10,9],[1,0,3,8,7,9,10,5],[1,0,4,3,5,6,1,2,9,10,8],[1,0,4,3,5,6,8,1,2,9,10,9],[4,2,3,4,1],[9,0,1,2,3,4,5,5],[10,0,1,2,3,4,5,6,6],[11,0,1,2,3,4,5,6,6]],[[[{"name":"tc_dikuang","rect":{"x":0,"y":0,"width":100,"height":100},"offset":{"x":0,"y":0},"originalSize":{"width":100,"height":100},"rotated":false,"capInsets":[30,30,30,30],"vertices":{"rawPosition":[-50,-50,0,50,-50,0,-50,50,0,50,50,0],"indexes":[0,1,2,2,1,3],"uv":[0,100,100,100,0,0,100,0],"nuv":[0,0,1,0,0,1,1,1],"minPos":{"x":-50,"y":-50,"z":0},"maxPos":{"x":50,"y":50,"z":0}},"packable":true,"pixelsToUnit":100,"pivot":{"x":0.5,"y":0.5},"meshType":0}],[2],0,[0],[1],[0]],[[{"name":"tc_btdt","rect":{"x":0,"y":0,"width":588,"height":108},"offset":{"x":0,"y":0},"originalSize":{"width":588,"height":108},"rotated":false,"capInsets":[0,0,0,0],"vertices":{"rawPosition":[-294,-54,0,294,-54,0,-294,54,0,294,54,0],"indexes":[0,1,2,2,1,3],"uv":[0,108,588,108,0,0,588,0],"nuv":[0,0,1,0,0,1,1,1],"minPos":{"x":-294,"y":-54,"z":0},"maxPos":{"x":294,"y":54,"z":0}},"packable":true,"pixelsToUnit":100,"pivot":{"x":0.5,"y":0.5},"meshType":0}],[2],0,[0],[1],[1]],[[{"name":"tc_gb","rect":{"x":0,"y":0,"width":169,"height":123},"offset":{"x":-0.5,"y":0},"originalSize":{"width":170,"height":123},"rotated":false,"capInsets":[0,0,0,0],"vertices":{"rawPosition":[-84.5,-61.5,0,84.5,-61.5,0,-84.5,61.5,0,84.5,61.5,0],"indexes":[0,1,2,2,1,3],"uv":[0,123,169,123,0,0,169,0],"nuv":[0,0,0.9941176470588236,0,0,1,0.9941176470588236,1],"minPos":{"x":-84.5,"y":-61.5,"z":0},"maxPos":{"x":84.5,"y":61.5,"z":0}},"packable":true,"pixelsToUnit":100,"pivot":{"x":0.5,"y":0.5},"meshType":0}],[2],0,[0],[1],[2]],[[[8,"tip_common"],[9,"tip_common",[-4],[[7,-2,[0,"c3J+QfzTBGH4M9d/0j/tJQ"]],[13,-3,[0,"acONKM2s5G7KEqmenyiFNq"]]],[1,"c46/YsCPVOJYA4mWEpNYRx",null,null,null,-1,0]],[5,"Node_content_space",[-7,-8,-9,-10],[[2,-5,[0,"b285ch8HhHyqMjluPUjyxi"],[5,734,404.5]],[14,45,100,100,-6,[0,"bc+RX9nm1Lw6kT7gQ3OUBB"]]],[1,"e6sDjNsBlB25+RreHhatPj",null,null,null,1,0],[1,0,202.25,0]],[5,"Sprite_title_bg",[-14,-15],[[2,-11,[0,"93YIVa2OJOUqiDBCPZbotN"],[5,391.99999999999994,72]],[4,1,0,-12,[0,"03haA5CfFMppg7VO4r9zBH"],1],[15,41,-13.113999999999976,355.11400000000003,-43.735000000000014,384,40,96,0,-13,[0,"d8lEUPiKZAOa+PJHwYjNjM"]]],[1,"21sXmNi0FGT7xq68UUsgRv",null,null,null,1,0],[1,-184.114,412.235,0]],[6,"Sprite_bg",1,[3,2],[[12,-16,[0,"2c+Vu18ZdEc7n4EIlhM2op"],[5,734,404.5],[0,0.5,0]],[4,1,0,-17,[0,"ccRE41YStLKqx6HE7DK/OT"],3]],[1,"87BByKyTpNRIpUo19w8KMo",null,null,null,1,0],[1,0,-240,0]],[6,"Node_close",3,[-20],[[7,-18,[0,"8elWjkQ3pC26GDASwi7gIl"]],[16,34,-396.5370000000001,-2.61,0,-19,[0,"73tbP5prhDE6liI3uPsO1H"]]],[1,"92YNQcI1dFHrZ2ytSgKDv4",null,null,null,1,0],[1,542.537,-2.61,0]],[3,"Sprite_content_bg",2,[[2,-21,[0,"12YAVdgpVIQJshUwpJjQW1"],[5,700,279.5]],[4,1,0,-22,[0,"d1oK49t29AYpsPzF0HfEnd"],2],[17,45,17,17,33.379999999999995,91.62,700,372,-23,[0,"aakBA6n3lG5YaDS05BJn99"]]],[1,"5cmS/tZS1C8JG1ZLNxZVb4",null,null,null,1,0],[1,0,29.120000000000005,0]],[3,"Label_title",3,[[2,-24,[0,"c5QF8qiNtJyrIMCMG3tAvu"],[5,70.31,65.52]],[20,"Tip",52,52,52,-25,[0,"e3MfY7vtFLO4/uGu//tlMj"]]],[1,"0af11xL2BHUKLNLSplrgl3",null,null,null,1,0],[1,-66.216,19.615,0]],[10,"Sprite_close",5,[[2,-26,[0,"f2yVSEmo9LNadQhBEm30e2"],[5,169,123]],[19,-27,[0,"04+o65iKpI3pJy3CSwKtat"],0]],[1,"a5roV7AOtDrKPJYrKalUKz",null,null,null,1,0],[1,0.666,0.666,1]],[3,"Node_constent",2,[[2,-28,[0,"86d8iT1HFDP4yNzd09nDAY"],[5,700,279.5]],[18,45,17,17,33.379999999999995,91.62,1.75,100,100,-29,[0,"32Poe+zmdE6INpqJMYYa28"]]],[1,"d6Z/kGh4ZMaKc9VZu0Kc87",null,null,null,1,0],[1,0,29.120000000000005,0]],[3,"Layout_btns",2,[[2,-30,[0,"05oqJ7jzZNL5z0GpJznwj8"],[5,-101,80]],[21,1,1,101,true,true,-31,[0,"94OEi6XopKvYx0sL2KAYGE"]]],[1,"9e10F9hyJN9b4SS4tuTuhc",null,null,null,1,0],[1,0,-152.46,0]],[11,"Label_content",2,[[2,-32,[0,"67aMTi8d5BYZnS5xswQt/b"],[5,650,50.4]],[22,"",1,1,32,650,-33,[0,"7egWHbmDBPgLJcwVSXjvyt"]]],[1,"3bf/qAtJ5Psa+YDm2CbWRE",null,null,null,1,0]]],0,[0,4,1,0,0,1,0,0,1,0,-1,4,0,0,2,0,0,2,0,-1,6,0,-2,9,0,-3,10,0,-4,11,0,0,3,0,0,3,0,0,3,0,-1,7,0,-2,5,0,0,4,0,0,4,0,0,5,0,0,5,0,-1,8,0,0,6,0,0,6,0,0,6,0,0,7,0,0,7,0,0,8,0,0,8,0,0,9,0,0,9,0,0,10,0,0,10,0,0,11,0,0,11,0,5,1,2,3,4,3,3,4,33],[0,0,0,0],[2,2,2,2],[3,4,5,6]],[[{"name":"tc_di_x","rect":{"x":0,"y":0,"width":1163,"height":659},"offset":{"x":0,"y":0},"originalSize":{"width":1163,"height":659},"rotated":false,"capInsets":[0,0,0,0],"vertices":{"rawPosition":[-581.5,-329.5,0,581.5,-329.5,0,-581.5,329.5,0,581.5,329.5,0],"indexes":[0,1,2,2,1,3],"uv":[0,659,1163,659,0,0,1163,0],"nuv":[0,0,1,0,0,1,1,1],"minPos":{"x":-581.5,"y":-329.5,"z":0},"maxPos":{"x":581.5,"y":329.5,"z":0}},"packable":true,"pixelsToUnit":100,"pivot":{"x":0.5,"y":0.5},"meshType":0}],[2],0,[0],[1],[7]]]]
