{"version":1,"document":[{"__type__":"cc.AnimationClip","_name":"node_settlement_fail","_objFlags":0,"__editorExtras__":{"embeddedPlayerGroups":[]},"_native":"","sample":60,"speed":1,"wrapMode":1,"enableTrsBlending":false,"_duration":0.9333333333333333,"_hash":500763545,"_tracks":[{"__id__":1},{"__id__":7},{"__id__":13},{"__id__":24},{"__id__":35},{"__id__":41},{"__id__":52},{"__id__":63},{"__id__":68},{"__id__":73},{"__id__":79},{"__id__":85},{"__id__":91},{"__id__":102},{"__id__":113},{"__id__":119},{"__id__":130},{"__id__":141},{"__id__":147},{"__id__":153},{"__id__":164},{"__id__":175},{"__id__":186},{"__id__":197},{"__id__":208},{"__id__":214},{"__id__":220},{"__id__":231}],"_exoticAnimation":null,"_events":[],"_embeddedPlayers":[]},{"__type__":"cc.animation.RealTrack","_binding":{"__type__":"cc.animation.TrackBinding","path":{"__id__":2},"proxy":null},"_channel":{"__id__":5}},{"__type__":"cc.animation.TrackPath","_paths":[{"__id__":3},{"__id__":4},"opacity"]},{"__type__":"cc.animation.HierarchyPath","path":"Layout/LayoutMask"},{"__type__":"cc.animation.ComponentPath","component":"cc.UIOpacity"},{"__type__":"cc.animation.Channel","_curve":{"__id__":6}},{"__type__":"cc.RealCurve","bytes":{"__type__":"TypedArrayRef","ctor":"Uint8Array","offset":0,"length":30},"keyframeValueEditorExtras":[null,null]},{"__type__":"cc.animation.RealTrack","_binding":{"__type__":"cc.animation.TrackBinding","path":{"__id__":8},"proxy":null},"_channel":{"__id__":11}},{"__type__":"cc.animation.TrackPath","_paths":[{"__id__":9},{"__id__":10},"opacity"]},{"__type__":"cc.animation.HierarchyPath","path":"Layout/Layout_close"},{"__type__":"cc.animation.ComponentPath","component":"cc.UIOpacity"},{"__type__":"cc.animation.Channel","_curve":{"__id__":12}},{"__type__":"cc.RealCurve","bytes":{"__type__":"TypedArrayRef","ctor":"Uint8Array","offset":30,"length":30},"keyframeValueEditorExtras":[null,null]},{"__type__":"cc.animation.VectorTrack","_binding":{"__type__":"cc.animation.TrackBinding","path":{"__id__":14},"proxy":null},"_channels":[{"__id__":16},{"__id__":18},{"__id__":20},{"__id__":22}],"_nComponents":3},{"__type__":"cc.animation.TrackPath","_paths":[{"__id__":15},"position"]},{"__type__":"cc.animation.HierarchyPath","path":"Layout/node_middle/BG_parent/Sprite_SettlementBG"},{"__type__":"cc.animation.Channel","_curve":{"__id__":17}},{"__type__":"cc.RealCurve","bytes":{"__type__":"TypedArrayRef","ctor":"Uint8Array","offset":60,"length":54},"keyframeValueEditorExtras":[null,null,null,null]},{"__type__":"cc.animation.Channel","_curve":{"__id__":19}},{"__type__":"cc.RealCurve","bytes":{"__type__":"TypedArrayRef","ctor":"Uint8Array","offset":114,"length":54},"keyframeValueEditorExtras":[null,null,null,null]},{"__type__":"cc.animation.Channel","_curve":{"__id__":21}},{"__type__":"cc.RealCurve","bytes":{"__type__":"TypedArrayRef","ctor":"Uint8Array","offset":168,"length":54},"keyframeValueEditorExtras":[null,null,null,null]},{"__type__":"cc.animation.Channel","_curve":{"__id__":23}},{"__type__":"cc.RealCurve","bytes":{"__type__":"TypedArrayRef","ctor":"Uint8Array","offset":222,"length":6}},{"__type__":"cc.animation.VectorTrack","_binding":{"__type__":"cc.animation.TrackBinding","path":{"__id__":25},"proxy":null},"_channels":[{"__id__":27},{"__id__":29},{"__id__":31},{"__id__":33}],"_nComponents":3},{"__type__":"cc.animation.TrackPath","_paths":[{"__id__":26},"eulerAngles"]},{"__type__":"cc.animation.HierarchyPath","path":"Layout/node_middle/BG_parent/Sprite_SettlementBG"},{"__type__":"cc.animation.Channel","_curve":{"__id__":28}},{"__type__":"cc.RealCurve","bytes":{"__type__":"TypedArrayRef","ctor":"Uint8Array","offset":228,"length":54},"keyframeValueEditorExtras":[null,null,null,null]},{"__type__":"cc.animation.Channel","_curve":{"__id__":30}},{"__type__":"cc.RealCurve","bytes":{"__type__":"TypedArrayRef","ctor":"Uint8Array","offset":282,"length":54},"keyframeValueEditorExtras":[null,null,null,null]},{"__type__":"cc.animation.Channel","_curve":{"__id__":32}},{"__type__":"cc.RealCurve","bytes":{"__type__":"TypedArrayRef","ctor":"Uint8Array","offset":336,"length":54},"keyframeValueEditorExtras":[null,null,null,null]},{"__type__":"cc.animation.Channel","_curve":{"__id__":34}},{"__type__":"cc.RealCurve","bytes":{"__type__":"TypedArrayRef","ctor":"Uint8Array","offset":390,"length":6}},{"__type__":"cc.animation.RealTrack","_binding":{"__type__":"cc.animation.TrackBinding","path":{"__id__":36},"proxy":null},"_channel":{"__id__":39}},{"__type__":"cc.animation.TrackPath","_paths":[{"__id__":37},{"__id__":38},"opacity"]},{"__type__":"cc.animation.HierarchyPath","path":"Layout/node_middle/BG_parent/Sprite_SettlementBG"},{"__type__":"cc.animation.ComponentPath","component":"cc.UIOpacity"},{"__type__":"cc.animation.Channel","_curve":{"__id__":40}},{"__type__":"cc.RealCurve","bytes":{"__type__":"TypedArrayRef","ctor":"Uint8Array","offset":396,"length":54},"keyframeValueEditorExtras":[null,null,null,null]},{"__type__":"cc.animation.VectorTrack","_binding":{"__type__":"cc.animation.TrackBinding","path":{"__id__":42},"proxy":null},"_channels":[{"__id__":44},{"__id__":46},{"__id__":48},{"__id__":50}],"_nComponents":3},{"__type__":"cc.animation.TrackPath","_paths":[{"__id__":43},"position"]},{"__type__":"cc.animation.HierarchyPath","path":"Layout/node_middle/JS_zhongduandb01_1"},{"__type__":"cc.animation.Channel","_curve":{"__id__":45}},{"__type__":"cc.RealCurve","bytes":{"__type__":"TypedArrayRef","ctor":"Uint8Array","offset":450,"length":30},"keyframeValueEditorExtras":[null,null]},{"__type__":"cc.animation.Channel","_curve":{"__id__":47}},{"__type__":"cc.RealCurve","bytes":{"__type__":"TypedArrayRef","ctor":"Uint8Array","offset":480,"length":30},"keyframeValueEditorExtras":[null,null]},{"__type__":"cc.animation.Channel","_curve":{"__id__":49}},{"__type__":"cc.RealCurve","bytes":{"__type__":"TypedArrayRef","ctor":"Uint8Array","offset":510,"length":30},"keyframeValueEditorExtras":[null,null]},{"__type__":"cc.animation.Channel","_curve":{"__id__":51}},{"__type__":"cc.RealCurve","bytes":{"__type__":"TypedArrayRef","ctor":"Uint8Array","offset":540,"length":6}},{"__type__":"cc.animation.VectorTrack","_binding":{"__type__":"cc.animation.TrackBinding","path":{"__id__":53},"proxy":null},"_channels":[{"__id__":55},{"__id__":57},{"__id__":59},{"__id__":61}],"_nComponents":3},{"__type__":"cc.animation.TrackPath","_paths":[{"__id__":54},"eulerAngles"]},{"__type__":"cc.animation.HierarchyPath","path":"Layout/node_middle/JS_zhongduandb01_1"},{"__type__":"cc.animation.Channel","_curve":{"__id__":56}},{"__type__":"cc.RealCurve","bytes":{"__type__":"TypedArrayRef","ctor":"Uint8Array","offset":546,"length":18},"keyframeValueEditorExtras":[null]},{"__type__":"cc.animation.Channel","_curve":{"__id__":58}},{"__type__":"cc.RealCurve","bytes":{"__type__":"TypedArrayRef","ctor":"Uint8Array","offset":564,"length":18},"keyframeValueEditorExtras":[null]},{"__type__":"cc.animation.Channel","_curve":{"__id__":60}},{"__type__":"cc.RealCurve","bytes":{"__type__":"TypedArrayRef","ctor":"Uint8Array","offset":582,"length":18},"keyframeValueEditorExtras":[null]},{"__type__":"cc.animation.Channel","_curve":{"__id__":62}},{"__type__":"cc.RealCurve","bytes":{"__type__":"TypedArrayRef","ctor":"Uint8Array","offset":600,"length":6}},{"__type__":"cc.animation.RealTrack","_binding":{"__type__":"cc.animation.TrackBinding","path":{"__id__":64},"proxy":null},"_channel":{"__id__":66}},{"__type__":"cc.animation.TrackPath","_paths":[{"__id__":65},"anchorX"]},{"__type__":"cc.animation.HierarchyPath","path":"Layout/node_middle/JS_zhongduandb01_1"},{"__type__":"cc.animation.Channel","_curve":{"__id__":67}},{"__type__":"cc.RealCurve","bytes":{"__type__":"TypedArrayRef","ctor":"Uint8Array","offset":606,"length":18},"keyframeValueEditorExtras":[null]},{"__type__":"cc.animation.RealTrack","_binding":{"__type__":"cc.animation.TrackBinding","path":{"__id__":69},"proxy":null},"_channel":{"__id__":71}},{"__type__":"cc.animation.TrackPath","_paths":[{"__id__":70},"anchorY"]},{"__type__":"cc.animation.HierarchyPath","path":"Layout/node_middle/JS_zhongduandb01_1"},{"__type__":"cc.animation.Channel","_curve":{"__id__":72}},{"__type__":"cc.RealCurve","bytes":{"__type__":"TypedArrayRef","ctor":"Uint8Array","offset":624,"length":18},"keyframeValueEditorExtras":[null]},{"__type__":"cc.animation.RealTrack","_binding":{"__type__":"cc.animation.TrackBinding","path":{"__id__":74},"proxy":null},"_channel":{"__id__":77}},{"__type__":"cc.animation.TrackPath","_paths":[{"__id__":75},{"__id__":76},"opacity"]},{"__type__":"cc.animation.HierarchyPath","path":"Layout/node_middle/JS_zhongduandb01_1"},{"__type__":"cc.animation.ComponentPath","component":"cc.UIOpacity"},{"__type__":"cc.animation.Channel","_curve":{"__id__":78}},{"__type__":"cc.RealCurve","bytes":{"__type__":"TypedArrayRef","ctor":"Uint8Array","offset":642,"length":30},"keyframeValueEditorExtras":[null,null]},{"__type__":"cc.animation.ObjectTrack","_binding":{"__type__":"cc.animation.TrackBinding","path":{"__id__":80},"proxy":null},"_channel":{"__id__":83}},{"__type__":"cc.animation.TrackPath","_paths":[{"__id__":81},{"__id__":82},"spriteFrame"]},{"__type__":"cc.animation.HierarchyPath","path":"Layout/node_middle/JS_zhongduandb01_1"},{"__type__":"cc.animation.ComponentPath","component":"cc.Sprite"},{"__type__":"cc.animation.Channel","_curve":{"__id__":84}},{"__type__":"cc.ObjectCurve","_times":[0],"_values":[{"__uuid__":"59Xc0CzWBKcKVL0ikkRCaH@77436","__expectedType__":"cc.Asset"}]},{"__type__":"cc.animation.RealTrack","_binding":{"__type__":"cc.animation.TrackBinding","path":{"__id__":86},"proxy":null},"_channel":{"__id__":89}},{"__type__":"cc.animation.TrackPath","_paths":[{"__id__":87},{"__id__":88},"opacity"]},{"__type__":"cc.animation.HierarchyPath","path":"Layout/node_middle/img_jumpBtn"},{"__type__":"cc.animation.ComponentPath","component":"cc.UIOpacity"},{"__type__":"cc.animation.Channel","_curve":{"__id__":90}},{"__type__":"cc.RealCurve","bytes":{"__type__":"TypedArrayRef","ctor":"Uint8Array","offset":672,"length":30},"keyframeValueEditorExtras":[null,null]},{"__type__":"cc.animation.VectorTrack","_binding":{"__type__":"cc.animation.TrackBinding","path":{"__id__":92},"proxy":null},"_channels":[{"__id__":94},{"__id__":96},{"__id__":98},{"__id__":100}],"_nComponents":3},{"__type__":"cc.animation.TrackPath","_paths":[{"__id__":93},"position"]},{"__type__":"cc.animation.HierarchyPath","path":"Layout/node_middle/node_see_video_recordCard"},{"__type__":"cc.animation.Channel","_curve":{"__id__":95}},{"__type__":"cc.RealCurve","bytes":{"__type__":"TypedArrayRef","ctor":"Uint8Array","offset":702,"length":18},"keyframeValueEditorExtras":[null]},{"__type__":"cc.animation.Channel","_curve":{"__id__":97}},{"__type__":"cc.RealCurve","bytes":{"__type__":"TypedArrayRef","ctor":"Uint8Array","offset":720,"length":18},"keyframeValueEditorExtras":[null]},{"__type__":"cc.animation.Channel","_curve":{"__id__":99}},{"__type__":"cc.RealCurve","bytes":{"__type__":"TypedArrayRef","ctor":"Uint8Array","offset":738,"length":18},"keyframeValueEditorExtras":[null]},{"__type__":"cc.animation.Channel","_curve":{"__id__":101}},{"__type__":"cc.RealCurve","bytes":{"__type__":"TypedArrayRef","ctor":"Uint8Array","offset":756,"length":6}},{"__type__":"cc.animation.VectorTrack","_binding":{"__type__":"cc.animation.TrackBinding","path":{"__id__":103},"proxy":null},"_channels":[{"__id__":105},{"__id__":107},{"__id__":109},{"__id__":111}],"_nComponents":3},{"__type__":"cc.animation.TrackPath","_paths":[{"__id__":104},"eulerAngles"]},{"__type__":"cc.animation.HierarchyPath","path":"Layout/node_middle/node_see_video_recordCard"},{"__type__":"cc.animation.Channel","_curve":{"__id__":106}},{"__type__":"cc.RealCurve","bytes":{"__type__":"TypedArrayRef","ctor":"Uint8Array","offset":762,"length":18},"keyframeValueEditorExtras":[null]},{"__type__":"cc.animation.Channel","_curve":{"__id__":108}},{"__type__":"cc.RealCurve","bytes":{"__type__":"TypedArrayRef","ctor":"Uint8Array","offset":780,"length":18},"keyframeValueEditorExtras":[null]},{"__type__":"cc.animation.Channel","_curve":{"__id__":110}},{"__type__":"cc.RealCurve","bytes":{"__type__":"TypedArrayRef","ctor":"Uint8Array","offset":798,"length":18},"keyframeValueEditorExtras":[null]},{"__type__":"cc.animation.Channel","_curve":{"__id__":112}},{"__type__":"cc.RealCurve","bytes":{"__type__":"TypedArrayRef","ctor":"Uint8Array","offset":816,"length":6}},{"__type__":"cc.animation.RealTrack","_binding":{"__type__":"cc.animation.TrackBinding","path":{"__id__":114},"proxy":null},"_channel":{"__id__":117}},{"__type__":"cc.animation.TrackPath","_paths":[{"__id__":115},{"__id__":116},"opacity"]},{"__type__":"cc.animation.HierarchyPath","path":"Layout/node_middle/node_see_video_recordCard"},{"__type__":"cc.animation.ComponentPath","component":"cc.UIOpacity"},{"__type__":"cc.animation.Channel","_curve":{"__id__":118}},{"__type__":"cc.RealCurve","bytes":{"__type__":"TypedArrayRef","ctor":"Uint8Array","offset":822,"length":30},"keyframeValueEditorExtras":[null,null]},{"__type__":"cc.animation.VectorTrack","_binding":{"__type__":"cc.animation.TrackBinding","path":{"__id__":120},"proxy":null},"_channels":[{"__id__":122},{"__id__":124},{"__id__":126},{"__id__":128}],"_nComponents":3},{"__type__":"cc.animation.TrackPath","_paths":[{"__id__":121},"position"]},{"__type__":"cc.animation.HierarchyPath","path":"Layout/node_middle/node_see_video_lookCard"},{"__type__":"cc.animation.Channel","_curve":{"__id__":123}},{"__type__":"cc.RealCurve","bytes":{"__type__":"TypedArrayRef","ctor":"Uint8Array","offset":852,"length":18},"keyframeValueEditorExtras":[null]},{"__type__":"cc.animation.Channel","_curve":{"__id__":125}},{"__type__":"cc.RealCurve","bytes":{"__type__":"TypedArrayRef","ctor":"Uint8Array","offset":870,"length":18},"keyframeValueEditorExtras":[null]},{"__type__":"cc.animation.Channel","_curve":{"__id__":127}},{"__type__":"cc.RealCurve","bytes":{"__type__":"TypedArrayRef","ctor":"Uint8Array","offset":888,"length":18},"keyframeValueEditorExtras":[null]},{"__type__":"cc.animation.Channel","_curve":{"__id__":129}},{"__type__":"cc.RealCurve","bytes":{"__type__":"TypedArrayRef","ctor":"Uint8Array","offset":906,"length":6}},{"__type__":"cc.animation.VectorTrack","_binding":{"__type__":"cc.animation.TrackBinding","path":{"__id__":131},"proxy":null},"_channels":[{"__id__":133},{"__id__":135},{"__id__":137},{"__id__":139}],"_nComponents":3},{"__type__":"cc.animation.TrackPath","_paths":[{"__id__":132},"eulerAngles"]},{"__type__":"cc.animation.HierarchyPath","path":"Layout/node_middle/node_see_video_lookCard"},{"__type__":"cc.animation.Channel","_curve":{"__id__":134}},{"__type__":"cc.RealCurve","bytes":{"__type__":"TypedArrayRef","ctor":"Uint8Array","offset":912,"length":18},"keyframeValueEditorExtras":[null]},{"__type__":"cc.animation.Channel","_curve":{"__id__":136}},{"__type__":"cc.RealCurve","bytes":{"__type__":"TypedArrayRef","ctor":"Uint8Array","offset":930,"length":18},"keyframeValueEditorExtras":[null]},{"__type__":"cc.animation.Channel","_curve":{"__id__":138}},{"__type__":"cc.RealCurve","bytes":{"__type__":"TypedArrayRef","ctor":"Uint8Array","offset":948,"length":18},"keyframeValueEditorExtras":[null]},{"__type__":"cc.animation.Channel","_curve":{"__id__":140}},{"__type__":"cc.RealCurve","bytes":{"__type__":"TypedArrayRef","ctor":"Uint8Array","offset":966,"length":6}},{"__type__":"cc.animation.RealTrack","_binding":{"__type__":"cc.animation.TrackBinding","path":{"__id__":142},"proxy":null},"_channel":{"__id__":145}},{"__type__":"cc.animation.TrackPath","_paths":[{"__id__":143},{"__id__":144},"opacity"]},{"__type__":"cc.animation.HierarchyPath","path":"Layout/node_middle/node_see_video_lookCard"},{"__type__":"cc.animation.ComponentPath","component":"cc.UIOpacity"},{"__type__":"cc.animation.Channel","_curve":{"__id__":146}},{"__type__":"cc.RealCurve","bytes":{"__type__":"TypedArrayRef","ctor":"Uint8Array","offset":972,"length":30},"keyframeValueEditorExtras":[null,null]},{"__type__":"cc.animation.RealTrack","_binding":{"__type__":"cc.animation.TrackBinding","path":{"__id__":148},"proxy":null},"_channel":{"__id__":151}},{"__type__":"cc.animation.TrackPath","_paths":[{"__id__":149},{"__id__":150},"opacity"]},{"__type__":"cc.animation.HierarchyPath","path":"Layout/node_middle/Layout_ButtonGroup_For_Happy"},{"__type__":"cc.animation.ComponentPath","component":"cc.UIOpacity"},{"__type__":"cc.animation.Channel","_curve":{"__id__":152}},{"__type__":"cc.RealCurve","bytes":{"__type__":"TypedArrayRef","ctor":"Uint8Array","offset":1002,"length":30},"keyframeValueEditorExtras":[null,null]},{"__type__":"cc.animation.VectorTrack","_binding":{"__type__":"cc.animation.TrackBinding","path":{"__id__":154},"proxy":null},"_channels":[{"__id__":156},{"__id__":158},{"__id__":160},{"__id__":162}],"_nComponents":3},{"__type__":"cc.animation.TrackPath","_paths":[{"__id__":155},"scale"]},{"__type__":"cc.animation.HierarchyPath","path":"Layout/node_middle/BG_parent/Sprite_SettlementBG"},{"__type__":"cc.animation.Channel","_curve":{"__id__":157}},{"__type__":"cc.RealCurve","bytes":{"__type__":"TypedArrayRef","ctor":"Uint8Array","offset":1032,"length":54},"keyframeValueEditorExtras":[null,null,null,null]},{"__type__":"cc.animation.Channel","_curve":{"__id__":159}},{"__type__":"cc.RealCurve","bytes":{"__type__":"TypedArrayRef","ctor":"Uint8Array","offset":1086,"length":54},"keyframeValueEditorExtras":[null,null,null,null]},{"__type__":"cc.animation.Channel","_curve":{"__id__":161}},{"__type__":"cc.RealCurve","bytes":{"__type__":"TypedArrayRef","ctor":"Uint8Array","offset":1140,"length":6}},{"__type__":"cc.animation.Channel","_curve":{"__id__":163}},{"__type__":"cc.RealCurve","bytes":{"__type__":"TypedArrayRef","ctor":"Uint8Array","offset":1146,"length":6}},{"__type__":"cc.animation.VectorTrack","_binding":{"__type__":"cc.animation.TrackBinding","path":{"__id__":165},"proxy":null},"_channels":[{"__id__":167},{"__id__":169},{"__id__":171},{"__id__":173}],"_nComponents":3},{"__type__":"cc.animation.TrackPath","_paths":[{"__id__":166},"scale"]},{"__type__":"cc.animation.HierarchyPath","path":"Layout/node_middle/JS_zhongduandb01_1"},{"__type__":"cc.animation.Channel","_curve":{"__id__":168}},{"__type__":"cc.RealCurve","bytes":{"__type__":"TypedArrayRef","ctor":"Uint8Array","offset":1152,"length":42},"keyframeValueEditorExtras":[null,null,null]},{"__type__":"cc.animation.Channel","_curve":{"__id__":170}},{"__type__":"cc.RealCurve","bytes":{"__type__":"TypedArrayRef","ctor":"Uint8Array","offset":1194,"length":42},"keyframeValueEditorExtras":[null,null,null]},{"__type__":"cc.animation.Channel","_curve":{"__id__":172}},{"__type__":"cc.RealCurve","bytes":{"__type__":"TypedArrayRef","ctor":"Uint8Array","offset":1236,"length":6}},{"__type__":"cc.animation.Channel","_curve":{"__id__":174}},{"__type__":"cc.RealCurve","bytes":{"__type__":"TypedArrayRef","ctor":"Uint8Array","offset":1242,"length":6}},{"__type__":"cc.animation.VectorTrack","_binding":{"__type__":"cc.animation.TrackBinding","path":{"__id__":176},"proxy":null},"_channels":[{"__id__":178},{"__id__":180},{"__id__":182},{"__id__":184}],"_nComponents":3},{"__type__":"cc.animation.TrackPath","_paths":[{"__id__":177},"scale"]},{"__type__":"cc.animation.HierarchyPath","path":"Layout/node_middle/node_see_video_recordCard"},{"__type__":"cc.animation.Channel","_curve":{"__id__":179}},{"__type__":"cc.RealCurve","bytes":{"__type__":"TypedArrayRef","ctor":"Uint8Array","offset":1248,"length":18},"keyframeValueEditorExtras":[null]},{"__type__":"cc.animation.Channel","_curve":{"__id__":181}},{"__type__":"cc.RealCurve","bytes":{"__type__":"TypedArrayRef","ctor":"Uint8Array","offset":1266,"length":18},"keyframeValueEditorExtras":[null]},{"__type__":"cc.animation.Channel","_curve":{"__id__":183}},{"__type__":"cc.RealCurve","bytes":{"__type__":"TypedArrayRef","ctor":"Uint8Array","offset":1284,"length":6}},{"__type__":"cc.animation.Channel","_curve":{"__id__":185}},{"__type__":"cc.RealCurve","bytes":{"__type__":"TypedArrayRef","ctor":"Uint8Array","offset":1290,"length":6}},{"__type__":"cc.animation.VectorTrack","_binding":{"__type__":"cc.animation.TrackBinding","path":{"__id__":187},"proxy":null},"_channels":[{"__id__":189},{"__id__":191},{"__id__":193},{"__id__":195}],"_nComponents":3},{"__type__":"cc.animation.TrackPath","_paths":[{"__id__":188},"scale"]},{"__type__":"cc.animation.HierarchyPath","path":"Layout/node_middle/node_see_video_lookCard"},{"__type__":"cc.animation.Channel","_curve":{"__id__":190}},{"__type__":"cc.RealCurve","bytes":{"__type__":"TypedArrayRef","ctor":"Uint8Array","offset":1296,"length":18},"keyframeValueEditorExtras":[null]},{"__type__":"cc.animation.Channel","_curve":{"__id__":192}},{"__type__":"cc.RealCurve","bytes":{"__type__":"TypedArrayRef","ctor":"Uint8Array","offset":1314,"length":18},"keyframeValueEditorExtras":[null]},{"__type__":"cc.animation.Channel","_curve":{"__id__":194}},{"__type__":"cc.RealCurve","bytes":{"__type__":"TypedArrayRef","ctor":"Uint8Array","offset":1332,"length":6}},{"__type__":"cc.animation.Channel","_curve":{"__id__":196}},{"__type__":"cc.RealCurve","bytes":{"__type__":"TypedArrayRef","ctor":"Uint8Array","offset":1338,"length":6}},{"__type__":"cc.animation.VectorTrack","_binding":{"__type__":"cc.animation.TrackBinding","path":{"__id__":198},"proxy":null},"_channels":[{"__id__":200},{"__id__":202},{"__id__":204},{"__id__":206}],"_nComponents":3},{"__type__":"cc.animation.TrackPath","_paths":[{"__id__":199},"position"]},{"__type__":"cc.animation.HierarchyPath","path":"Layout/node_middle/js_sb_1_5"},{"__type__":"cc.animation.Channel","_curve":{"__id__":201}},{"__type__":"cc.RealCurve","bytes":{"__type__":"TypedArrayRef","ctor":"Uint8Array","offset":1344,"length":86},"keyframeValueEditorExtras":[null,null,null,null]},{"__type__":"cc.animation.Channel","_curve":{"__id__":203}},{"__type__":"cc.RealCurve","bytes":{"__type__":"TypedArrayRef","ctor":"Uint8Array","offset":1430,"length":86},"keyframeValueEditorExtras":[null,null,null,null]},{"__type__":"cc.animation.Channel","_curve":{"__id__":205}},{"__type__":"cc.RealCurve","bytes":{"__type__":"TypedArrayRef","ctor":"Uint8Array","offset":1516,"length":86},"keyframeValueEditorExtras":[null,null,null,null]},{"__type__":"cc.animation.Channel","_curve":{"__id__":207}},{"__type__":"cc.RealCurve","bytes":{"__type__":"TypedArrayRef","ctor":"Uint8Array","offset":1602,"length":6}},{"__type__":"cc.animation.RealTrack","_binding":{"__type__":"cc.animation.TrackBinding","path":{"__id__":209},"proxy":null},"_channel":{"__id__":212}},{"__type__":"cc.animation.TrackPath","_paths":[{"__id__":210},{"__id__":211},"opacity"]},{"__type__":"cc.animation.HierarchyPath","path":"Layout/node_middle/js_sb_1_5"},{"__type__":"cc.animation.ComponentPath","component":"cc.UIOpacity"},{"__type__":"cc.animation.Channel","_curve":{"__id__":213}},{"__type__":"cc.RealCurve","bytes":{"__type__":"TypedArrayRef","ctor":"Uint8Array","offset":1608,"length":86},"keyframeValueEditorExtras":[{"tangentMode":0},{"tangentMode":0},{"tangentMode":0},{"tangentMode":0}]},{"__type__":"cc.animation.RealTrack","_binding":{"__type__":"cc.animation.TrackBinding","path":{"__id__":215},"proxy":null},"_channel":{"__id__":218}},{"__type__":"cc.animation.TrackPath","_paths":[{"__id__":216},{"__id__":217},"opacity"]},{"__type__":"cc.animation.HierarchyPath","path":"Layout/node_middle/js_sb_2_6"},{"__type__":"cc.animation.ComponentPath","component":"cc.UIOpacity"},{"__type__":"cc.animation.Channel","_curve":{"__id__":219}},{"__type__":"cc.RealCurve","bytes":{"__type__":"TypedArrayRef","ctor":"Uint8Array","offset":1694,"length":66},"keyframeValueEditorExtras":[{"tangentMode":0},{"tangentMode":0},{"tangentMode":0}]},{"__type__":"cc.animation.VectorTrack","_binding":{"__type__":"cc.animation.TrackBinding","path":{"__id__":221},"proxy":null},"_channels":[{"__id__":223},{"__id__":225},{"__id__":227},{"__id__":229}],"_nComponents":3},{"__type__":"cc.animation.TrackPath","_paths":[{"__id__":222},"position"]},{"__type__":"cc.animation.HierarchyPath","path":"Layout/node_middle/js_sb_2_6"},{"__type__":"cc.animation.Channel","_curve":{"__id__":224}},{"__type__":"cc.RealCurve","bytes":{"__type__":"TypedArrayRef","ctor":"Uint8Array","offset":1760,"length":86},"keyframeValueEditorExtras":[null,null,null,null]},{"__type__":"cc.animation.Channel","_curve":{"__id__":226}},{"__type__":"cc.RealCurve","bytes":{"__type__":"TypedArrayRef","ctor":"Uint8Array","offset":1846,"length":86},"keyframeValueEditorExtras":[null,null,null,null]},{"__type__":"cc.animation.Channel","_curve":{"__id__":228}},{"__type__":"cc.RealCurve","bytes":{"__type__":"TypedArrayRef","ctor":"Uint8Array","offset":1932,"length":86},"keyframeValueEditorExtras":[null,null,null,null]},{"__type__":"cc.animation.Channel","_curve":{"__id__":230}},{"__type__":"cc.RealCurve","bytes":{"__type__":"TypedArrayRef","ctor":"Uint8Array","offset":2018,"length":6}},{"__type__":"cc.animation.RealTrack","_binding":{"__type__":"cc.animation.TrackBinding","path":{"__id__":232},"proxy":null},"_channel":{"__id__":235}},{"__type__":"cc.animation.TrackPath","_paths":[{"__id__":233},{"__id__":234},"opacity"]},{"__type__":"cc.animation.HierarchyPath","path":"Layout/node_middle/node_player_list"},{"__type__":"cc.animation.ComponentPath","component":"cc.UIOpacity"},{"__type__":"cc.animation.Channel","_curve":{"__id__":236}},{"__type__":"cc.RealCurve","bytes":{"__type__":"TypedArrayRef","ctor":"Uint8Array","offset":2024,"length":66},"keyframeValueEditorExtras":[{"tangentMode":0},{"tangentMode":0},{"tangentMode":0}]}],"chunks":[".bin"]}
