[1,["a9mqKSkXdBzJryFW/fWf4X@6c48a","a9mqKSkXdBzJryFW/fWf4X@f9941"],["_textureSource","spriteFrame"],["cc.SpriteFrame",["cc.BitmapFont",["_name","fontSize","fntConfig"],0]],[[1,0,1,2,4]],[[[{"name":"yxc_img_bsz-export","rect":{"x":0,"y":0,"width":86,"height":124},"offset":{"x":-21,"y":2},"originalSize":{"width":128,"height":128},"rotated":false,"capInsets":[0,0,0,0],"vertices":{"rawPosition":[-43,-62,0,43,-62,0,-43,62,0,43,62,0],"indexes":[0,1,2,2,1,3],"uv":[0,128,86,128,0,4,86,4],"nuv":[0,0.03125,0.671875,0.03125,0,1,0.671875,1],"minPos":{"x":-43,"y":-62,"z":0},"maxPos":{"x":43,"y":62,"z":0}},"packable":true,"pixelsToUnit":100,"pivot":{"x":0.5,"y":0.5},"meshType":0}],[0],0,[0],[0],[0]],[[[0,"yxc_img_bsz-export",32,{"commonHeight":34,"fontSize":32,"atlasName":"yxc_img_bsz-export.png","fontDefDictionary":{"9":{"xOffset":0,"yOffset":0,"xAdvance":160,"rect":{"x":0,"y":0,"width":0,"height":0}},"32":{"xOffset":0,"yOffset":0,"xAdvance":20,"rect":{"x":0,"y":0,"width":0,"height":0}},"43":{"xOffset":0,"yOffset":9,"xAdvance":20,"rect":{"x":54,"y":0,"width":20,"height":21}},"44":{"xOffset":0,"yOffset":26,"xAdvance":8,"rect":{"x":20,"y":111,"width":8,"height":13}},"45":{"xOffset":0,"yOffset":17,"xAdvance":19,"rect":{"x":0,"y":118,"width":19,"height":5}},"46":{"xOffset":0,"yOffset":26,"xAdvance":7,"rect":{"x":0,"y":110,"width":7,"height":7}},"48":{"xOffset":0,"yOffset":5,"xAdvance":21,"rect":{"x":45,"y":30,"width":21,"height":29}},"49":{"xOffset":0,"yOffset":5,"xAdvance":15,"rect":{"x":67,"y":22,"width":15,"height":28}},"50":{"xOffset":0,"yOffset":5,"xAdvance":20,"rect":{"x":45,"y":88,"width":20,"height":28}},"51":{"xOffset":0,"yOffset":5,"xAdvance":20,"rect":{"x":66,"y":88,"width":20,"height":29}},"52":{"xOffset":0,"yOffset":5,"xAdvance":22,"rect":{"x":0,"y":81,"width":22,"height":28}},"53":{"xOffset":0,"yOffset":5,"xAdvance":21,"rect":{"x":23,"y":81,"width":21,"height":29}},"54":{"xOffset":0,"yOffset":5,"xAdvance":21,"rect":{"x":23,"y":51,"width":21,"height":29}},"55":{"xOffset":0,"yOffset":6,"xAdvance":21,"rect":{"x":45,"y":60,"width":21,"height":27}},"56":{"xOffset":0,"yOffset":5,"xAdvance":22,"rect":{"x":0,"y":51,"width":22,"height":29}},"57":{"xOffset":0,"yOffset":5,"xAdvance":21,"rect":{"x":32,"y":0,"width":21,"height":29}},"120":{"xOffset":0,"yOffset":13,"xAdvance":23,"rect":{"x":0,"y":30,"width":23,"height":20}},"20493":{"xOffset":0,"yOffset":5,"xAdvance":31,"rect":{"x":0,"y":0,"width":31,"height":29}}},"kerningDict":{}}]],0,0,[0],[1],[1]]]]
