[1,["5aY1EnWINIIKtP7V4Ku7er","eekR47cn9Abb0BhQpVrlZu@6c48a","efjJL5M39NfotUqzbmOqN1@86089","babZKmr3lO3YPDY43pI9AB@8353e","babZKmr3lO3YPDY43pI9AB@1ed8c","babZKmr3lO3YPDY43pI9AB@c3d75","babZKmr3lO3YPDY43pI9AB@df02d","babZKmr3lO3YPDY43pI9AB@6933b","babZKmr3lO3YPDY43pI9AB@5b6e9","babZKmr3lO3YPDY43pI9AB@af23b","babZKmr3lO3YPDY43pI9AB@bba48","babZKmr3lO3YPDY43pI9AB@66388","babZKmr3lO3YPDY43pI9AB@eb3b9","babZKmr3lO3YPDY43pI9AB@8bf78","abzmB4FbdFtoRKE8/qW0ul@7c779","babZKmr3lO3YPDY43pI9AB@5575f","babZKmr3lO3YPDY43pI9AB@b0122","babZKmr3lO3YPDY43pI9AB@8c19b","babZKmr3lO3YPDY43pI9AB@2d654","babZKmr3lO3YPDY43pI9AB@d87c3","2fWRXo55RKcaFAHb3se+IN@3a484","ccXtnC949IbZ7XvMqR9lLj"],["node","_customMaterial","_spriteFrame","_textureSource","root","data"],["cc.SpriteFrame",["cc.Node",["_name","_layer","_components","_prefab","_parent","_lpos","_children","_lscale","_lrot","_euler"],1,9,4,1,5,2,5,5,5],["cc.UIOpacity",["_opacity","node","__prefab"],2,1,4],["cc.UITransform",["node","__prefab","_contentSize","_anchorPoint"],3,1,4,5,5],["cc.Sprite",["_sizeMode","_isTrimmedMode","_dstBlendFactor","node","__prefab","_customMaterial","_spriteFrame"],0,1,4,6,6],"cc.SpriteAtlas",["cc.Prefab",["_name"],2],["cc.Animation",["node","__prefab","_clips"],3,1,4,3],["cc.CompPrefabInfo",["fileId"],2],["cc.PrefabInfo",["fileId","instance","targetOverrides","nestedPrefabInstanceRoots","root","asset"],-1,1,1]],[[8,0,2],[9,0,1,2,3,4,5,5],[2,0,1,2,2],[4,0,1,3,4,5,6,3],[3,0,1,2,3,1],[3,0,1,2,1],[1,0,1,4,2,3,5,7,3],[1,0,1,4,2,3,5,3],[2,1,2,1],[1,0,1,4,6,2,3,5,7,3],[4,2,0,1,3,4,5,6,4],[1,0,1,4,2,3,5,8,9,3],[6,0,2],[1,0,1,6,2,3,3],[1,0,1,4,6,2,3,5,3],[1,0,1,4,2,3,3],[7,0,1,2,1]],[[[{"name":"2022fancun_1","spriteFrames":["ct_fc_00001","abzmB4FbdFtoRKE8/qW0ul@7c779","ct_fc_00002","abzmB4FbdFtoRKE8/qW0ul@8bf78","ct_fc_00003","abzmB4FbdFtoRKE8/qW0ul@9c9e6","ct_fc_00004","abzmB4FbdFtoRKE8/qW0ul@d2d02","ct_fc_00005","abzmB4FbdFtoRKE8/qW0ul@0fb3b","ct_fc_00006","abzmB4FbdFtoRKE8/qW0ul@302ef","ct_fc_00007","abzmB4FbdFtoRKE8/qW0ul@d39dd","ct_fc_00008","abzmB4FbdFtoRKE8/qW0ul@8d348","ct_fc_00009","abzmB4FbdFtoRKE8/qW0ul@4209d","ct_fc_00010","abzmB4FbdFtoRKE8/qW0ul@94fef","ct_fc_00011","abzmB4FbdFtoRKE8/qW0ul@37a42","ct_fc_00012","abzmB4FbdFtoRKE8/qW0ul@1b66e","ct_fc_00013","abzmB4FbdFtoRKE8/qW0ul@100c0","ct_fc_00014","abzmB4FbdFtoRKE8/qW0ul@c636b","ct_fc_00015","abzmB4FbdFtoRKE8/qW0ul@3efb0","ct_fc_00016","abzmB4FbdFtoRKE8/qW0ul@91bf6","ct_fc_00017","abzmB4FbdFtoRKE8/qW0ul@24835","ct_fc_00018","abzmB4FbdFtoRKE8/qW0ul@f1dfa","ct_fc_00019","abzmB4FbdFtoRKE8/qW0ul@fde66"]}],[5],0,[],[],[]],[[{"name":"ct_fc_00005","rect":{"x":2,"y":454,"width":366,"height":86},"offset":{"x":-15,"y":57},"originalSize":{"width":450,"height":200},"rotated":false,"capInsets":[0,0,0,0],"vertices":{"rawPosition":[],"indexes":[],"uv":[],"nuv":[],"minPos":{"x":0,"y":0,"z":0},"maxPos":{"x":0,"y":0,"z":0}},"packable":true,"pixelsToUnit":100,"pivot":{"x":0.5,"y":0.5},"meshType":0}],[0],0,[0],[3],[1]],[[{"name":"ct_fc_00013","rect":{"x":1168,"y":2,"width":438,"height":166},"offset":{"x":6,"y":17},"originalSize":{"width":450,"height":200},"rotated":true,"capInsets":[0,0,0,0],"vertices":{"rawPosition":[],"indexes":[],"uv":[],"nuv":[],"minPos":{"x":0,"y":0,"z":0},"maxPos":{"x":0,"y":0,"z":0}},"packable":true,"pixelsToUnit":100,"pivot":{"x":0.5,"y":0.5},"meshType":0}],[0],0,[0],[3],[1]],[[{"name":"ct_fc_00012","rect":{"x":1336,"y":2,"width":434,"height":156},"offset":{"x":8,"y":22},"originalSize":{"width":450,"height":200},"rotated":true,"capInsets":[0,0,0,0],"vertices":{"rawPosition":[],"indexes":[],"uv":[],"nuv":[],"minPos":{"x":0,"y":0,"z":0},"maxPos":{"x":0,"y":0,"z":0}},"packable":true,"pixelsToUnit":100,"pivot":{"x":0.5,"y":0.5},"meshType":0}],[0],0,[0],[3],[1]],[[{"name":"ct_fc_00017","rect":{"x":2,"y":2,"width":450,"height":200},"offset":{"x":0,"y":0},"originalSize":{"width":450,"height":200},"rotated":true,"capInsets":[0,0,0,0],"vertices":{"rawPosition":[],"indexes":[],"uv":[],"nuv":[],"minPos":{"x":0,"y":0,"z":0},"maxPos":{"x":0,"y":0,"z":0}},"packable":true,"pixelsToUnit":100,"pivot":{"x":0.5,"y":0.5},"meshType":0}],[0],0,[0],[3],[1]],[[{"name":"ct_fc_00006","rect":{"x":992,"y":444,"width":372,"height":96},"offset":{"x":-15,"y":52},"originalSize":{"width":450,"height":200},"rotated":false,"capInsets":[0,0,0,0],"vertices":{"rawPosition":[],"indexes":[],"uv":[],"nuv":[],"minPos":{"x":0,"y":0,"z":0},"maxPos":{"x":0,"y":0,"z":0}},"packable":true,"pixelsToUnit":100,"pivot":{"x":0.5,"y":0.5},"meshType":0}],[0],0,[0],[3],[1]],[[{"name":"ct_fc_00011","rect":{"x":1494,"y":2,"width":430,"height":146},"offset":{"x":10,"y":27},"originalSize":{"width":450,"height":200},"rotated":false,"capInsets":[0,0,0,0],"vertices":{"rawPosition":[],"indexes":[],"uv":[],"nuv":[],"minPos":{"x":0,"y":0,"z":0},"maxPos":{"x":0,"y":0,"z":0}},"packable":true,"pixelsToUnit":100,"pivot":{"x":0.5,"y":0.5},"meshType":0}],[0],0,[0],[3],[1]],[[{"name":"ct_fc_00015","rect":{"x":804,"y":2,"width":450,"height":186},"offset":{"x":0,"y":7},"originalSize":{"width":450,"height":200},"rotated":true,"capInsets":[0,0,0,0],"vertices":{"rawPosition":[],"indexes":[],"uv":[],"nuv":[],"minPos":{"x":0,"y":0,"z":0},"maxPos":{"x":0,"y":0,"z":0}},"packable":true,"pixelsToUnit":100,"pivot":{"x":0.5,"y":0.5},"meshType":0}],[0],0,[0],[3],[1]],[[{"name":"ct_fc_00009","rect":{"x":1494,"y":412,"width":426,"height":126},"offset":{"x":11,"y":37},"originalSize":{"width":450,"height":200},"rotated":false,"capInsets":[0,0,0,0],"vertices":{"rawPosition":[],"indexes":[],"uv":[],"nuv":[],"minPos":{"x":0,"y":0,"z":0},"maxPos":{"x":0,"y":0,"z":0}},"packable":true,"pixelsToUnit":100,"pivot":{"x":0.5,"y":0.5},"meshType":0}],[0],0,[0],[3],[1]],[[{"name":"ct_fc_00001","rect":{"x":370,"y":532,"width":4,"height":4},"offset":{"x":-17,"y":79},"originalSize":{"width":450,"height":200},"rotated":false,"capInsets":[0,0,0,0],"vertices":{"rawPosition":[],"indexes":[],"uv":[],"nuv":[],"minPos":{"x":0,"y":0,"z":0},"maxPos":{"x":0,"y":0,"z":0}},"packable":true,"pixelsToUnit":100,"pivot":{"x":0.5,"y":0.5},"meshType":0}],[0],0,[0],[3],[1]],[[{"name":"ct_fc_00002","rect":{"x":884,"y":454,"width":54,"height":52},"offset":{"x":-15,"y":74},"originalSize":{"width":450,"height":200},"rotated":true,"capInsets":[0,0,0,0],"vertices":{"rawPosition":[],"indexes":[],"uv":[],"nuv":[],"minPos":{"x":0,"y":0,"z":0},"maxPos":{"x":0,"y":0,"z":0}},"packable":true,"pixelsToUnit":100,"pivot":{"x":0.5,"y":0.5},"meshType":0}],[0],0,[0],[3],[1]],[[{"name":"ct_fc_00008","rect":{"x":1494,"y":288,"width":420,"height":120},"offset":{"x":9,"y":40},"originalSize":{"width":450,"height":200},"rotated":false,"capInsets":[0,0,0,0],"vertices":{"rawPosition":[],"indexes":[],"uv":[],"nuv":[],"minPos":{"x":0,"y":0,"z":0},"maxPos":{"x":0,"y":0,"z":0}},"packable":true,"pixelsToUnit":100,"pivot":{"x":0.5,"y":0.5},"meshType":0}],[0],0,[0],[3],[1]],[[{"name":"ct_fc_00016","rect":{"x":608,"y":2,"width":450,"height":194},"offset":{"x":0,"y":3},"originalSize":{"width":450,"height":200},"rotated":true,"capInsets":[0,0,0,0],"vertices":{"rawPosition":[],"indexes":[],"uv":[],"nuv":[],"minPos":{"x":0,"y":0,"z":0},"maxPos":{"x":0,"y":0,"z":0}},"packable":true,"pixelsToUnit":100,"pivot":{"x":0.5,"y":0.5},"meshType":0}],[0],0,[0],[3],[1]],[[{"name":"ct_fc_00010","rect":{"x":1494,"y":150,"width":426,"height":136},"offset":{"x":12,"y":32},"originalSize":{"width":450,"height":200},"rotated":false,"capInsets":[0,0,0,0],"vertices":{"rawPosition":[],"indexes":[],"uv":[],"nuv":[],"minPos":{"x":0,"y":0,"z":0},"maxPos":{"x":0,"y":0,"z":0}},"packable":true,"pixelsToUnit":100,"pivot":{"x":0.5,"y":0.5},"meshType":0}],[0],0,[0],[3],[1]],[[{"name":"ct_fc_00003","rect":{"x":692,"y":454,"width":190,"height":66},"offset":{"x":-69,"y":67},"originalSize":{"width":450,"height":200},"rotated":false,"capInsets":[0,0,0,0],"vertices":{"rawPosition":[],"indexes":[],"uv":[],"nuv":[],"minPos":{"x":0,"y":0,"z":0},"maxPos":{"x":0,"y":0,"z":0}},"packable":true,"pixelsToUnit":100,"pivot":{"x":0.5,"y":0.5},"meshType":0}],[0],0,[0],[3],[1]],[[{"name":"ct_fc_00014","rect":{"x":992,"y":2,"width":440,"height":174},"offset":{"x":5,"y":13},"originalSize":{"width":450,"height":200},"rotated":true,"capInsets":[0,0,0,0],"vertices":{"rawPosition":[],"indexes":[],"uv":[],"nuv":[],"minPos":{"x":0,"y":0,"z":0},"maxPos":{"x":0,"y":0,"z":0}},"packable":true,"pixelsToUnit":100,"pivot":{"x":0.5,"y":0.5},"meshType":0}],[0],0,[0],[3],[1]],[[{"name":"ct_fc_00004","rect":{"x":370,"y":454,"width":320,"height":76},"offset":{"x":-30,"y":62},"originalSize":{"width":450,"height":200},"rotated":false,"capInsets":[0,0,0,0],"vertices":{"rawPosition":[],"indexes":[],"uv":[],"nuv":[],"minPos":{"x":0,"y":0,"z":0},"maxPos":{"x":0,"y":0,"z":0}},"packable":true,"pixelsToUnit":100,"pivot":{"x":0.5,"y":0.5},"meshType":0}],[0],0,[0],[3],[1]],[[{"name":"ct_fc_00007","rect":{"x":1926,"y":2,"width":408,"height":108},"offset":{"x":3,"y":46},"originalSize":{"width":450,"height":200},"rotated":true,"capInsets":[0,0,0,0],"vertices":{"rawPosition":[],"indexes":[],"uv":[],"nuv":[],"minPos":{"x":0,"y":0,"z":0},"maxPos":{"x":0,"y":0,"z":0}},"packable":true,"pixelsToUnit":100,"pivot":{"x":0.5,"y":0.5},"meshType":0}],[0],0,[0],[3],[1]],[[{"name":"ct_fc_00018","rect":{"x":204,"y":2,"width":450,"height":200},"offset":{"x":0,"y":0},"originalSize":{"width":450,"height":200},"rotated":true,"capInsets":[0,0,0,0],"vertices":{"rawPosition":[],"indexes":[],"uv":[],"nuv":[],"minPos":{"x":0,"y":0,"z":0},"maxPos":{"x":0,"y":0,"z":0}},"packable":true,"pixelsToUnit":100,"pivot":{"x":0.5,"y":0.5},"meshType":0}],[0],0,[0],[3],[1]],[[{"name":"ct_fc_00019","rect":{"x":406,"y":2,"width":450,"height":200},"offset":{"x":0,"y":0},"originalSize":{"width":450,"height":200},"rotated":true,"capInsets":[0,0,0,0],"vertices":{"rawPosition":[],"indexes":[],"uv":[],"nuv":[],"minPos":{"x":0,"y":0,"z":0},"maxPos":{"x":0,"y":0,"z":0}},"packable":true,"pixelsToUnit":100,"pivot":{"x":0.5,"y":0.5},"meshType":0}],[0],0,[0],[3],[1]],[[[12,"effect_spring_pposite"],[13,"effect_spring_pposite",33554432,[-5],[[16,-2,[0,"c8yftuf3lNc4gkVyobEHAG"],[44]],[8,-3,[0,"03Ao+xxHJNVaSU7QNdhTfo"]],[5,-4,[0,"c5eTfjV9xByKKRa/np1i2z"],[5,0,0]]],[1,"25rpDZGYJNobaHwv6T5Yoz",null,null,null,-1,0]],[14,"Node_1",33554432,1,[-8,-9,-10,-11,-12,-13,-14,-15,-16,-17,-18,-19,-20,-21,-22,-23,-24,-25,-26,-27,-28,-29],[[8,-6,[0,"c9PeXAQzRAb6xqY6us9Fpa"]],[4,-7,[0,"6bMckpW6FCvLVGTw//AwNR"],[5,0,0],[0,0,0]]],[1,"afN1HeWXRB+bXfWz+9vGwT",null,null,null,1,0],[1,-0.2707,-101.1581,0]],[7,"ct_14_13",33554432,2,[[3,2,false,-30,[0,"9961s3vCxOiLLYrzZMG0al"],0,1],[2,0,-31,[0,"1faGDAhAdB8L00du+bmTLH"]],[5,-32,[0,"7acorO2kFKRJIOY1cZbSPa"],[5,1049,1008]]],[1,"30kcgzzrNMqJzF6obHRZia",null,null,null,1,0],[1,-0.191,-82.6392,0]],[6,"ct_3_3",33554432,2,[[3,2,false,-33,[0,"55BMLp++xJy6LMd8U+sfHE"],2,3],[2,0,-34,[0,"d58AlGDYlCvJtgwpurDFa6"]],[5,-35,[0,"5cUbVdhRtBIaWSIVwvba7S"],[5,1259,375]]],[1,"25D3VIgb1N3L4c9wfTebI0",null,null,null,1,0],[1,-1.4589,-188.9805,0],[1,0.4351,1,1]],[11,"ct_1_1",33554432,2,[[3,2,false,-36,[0,"c6crI8KQlGToXhZCwUmmRH"],4,5],[2,0,-37,[0,"15n+P/7AZL1rjofPF7nEwQ"]],[5,-38,[0,"c1hAF05jBMJYlP93x9RTpA"],[5,346,320]]],[1,"b3A5nzkvJLMI/R6ilmpsuc",null,null,null,1,0],[1,-163.461,-189.1383,0],[3,0,0,-0.3548679245380096,0.9349164433969944],[1,0,0,-41.5707]],[11,"ct_2_2",33554432,2,[[3,2,false,-39,[0,"20ceTVtlpBhIV+oYJT1ReK"],6,7],[2,0,-40,[0,"97zczVTMZMJL6C7c2pNFJf"]],[5,-41,[0,"d47tI/V7RGOKk+jAKKAOLB"],[5,348,328]]],[1,"30rNAITndCVZ4GrbH4lER2",null,null,null,1,0],[1,123.2371,-184.0733,0],[3,0,0,0.3164206755556854,0.9486189730765897],[1,0,0,36.8932]],[7,"ct_4_4",33554432,2,[[3,2,false,-42,[0,"370dFiAIJOfqJDkc8j3ETY"],8,9],[2,0,-43,[0,"aaTaP1L35HQ5T4F3cz7nkk"]],[5,-44,[0,"14fqLZ7cRF8Y8dW8Ar5y7F"],[5,1132,312]]],[1,"f2QLjz4XtHvYSh/m3p5Aqa",null,null,null,1,0],[1,48.3427,-173.181,0]],[6,"ct_13_12",33554432,2,[[3,2,false,-45,[0,"72+sQawO9IbbH5LpUTx1b9"],10,11],[2,0,-46,[0,"b7IWlqtzZL3bew2lCOvnl+"]],[4,-47,[0,"4fZ0hui7JEmIHZe6J7bizH"],[5,222,193],[0,0.4947,0.1044]]],[1,"55xg+xwadBW7wl24mfskRL",null,null,null,1,0],[1,-100.6873,-106.0137,0],[1,1,0.2638,1]],[6,"ct_6_9",33554432,2,[[3,2,false,-48,[0,"065ydlnrFBvK8PkgjVNw1G"],12,13],[2,0,-49,[0,"c7I2h8cyBJaKh+JwtDa+Kn"]],[4,-50,[0,"b5nh1yHtZIcppd5ENIwz4y"],[5,363,310],[0,0.4131,0]]],[1,"0dYm7zSUtOFbSLjil1vggv",null,null,null,1,0],[1,-339.1628,-128.5331,0],[1,1,0.3219,1]],[6,"ct_7_10",33554432,2,[[3,2,false,-51,[0,"d8ae9Fv8pMuaxx5KBrnG5S"],14,15],[2,0,-52,[0,"fcsZGBN5BMGZJc69uqcHSA"]],[4,-53,[0,"ccFvmvDMNCY7amPCaeSXCH"],[5,292,256],[0,0.6363,0.1421]]],[1,"a6ULEwUAJKLYjG3Xvgft4D",null,null,null,1,0],[1,363.5183,-87.2654,0],[1,1,0.2861,1]],[6,"ct_5_11",33554432,2,[[3,2,false,-54,[0,"0eGirN4FdAzIv0gZLD88h4"],16,17],[2,0,-55,[0,"0bDuNSYNFOMLNt8hY7Hpo1"]],[4,-56,[0,"e9nvIJhnJFqJIf04f/BEZB"],[5,342,98],[0,0.5358,0]]],[1,"b1DKMzsqpJ/pqfKEtSMivr",null,null,null,1,0],[1,141.5405,-87.6877,0],[1,1,0.2296,1]],[6,"ct_9_8",33554432,2,[[3,2,false,-57,[0,"5cCWrCFmVGdbYxpjYIjZ1H"],18,19],[2,0,-58,[0,"c0oGXagJFLfrElRl3EaEH1"]],[4,-59,[0,"07rTon8rRMK7szzJXYa0h4"],[5,451,203],[0,0.3783,0]]],[1,"0bg8ZmDOBFvJH/7kikqucd",null,null,null,1,0],[1,-383.4099,-161.016,0],[1,1,0.1522,1]],[7,"ct1_9",33554432,2,[[3,2,false,-60,[0,"1bf0GHNKJB07p4k4eG4MjH"],20,21],[2,0,-61,[0,"c1nqv5d5ZMOKOyG+DYg6NH"]],[5,-62,[0,"f0G5Yoa01DSb/JY2lq3iB2"],[5,832,320]]],[1,"0dSWP4bN5IdpO+n5Tptnk6",null,null,null,1,0],[1,6.7834,-49.5421,0]],[9,"Node_4",33554432,2,[-65],[[8,-63,[0,"2cK63MqqtDUoQA4waSZmwj"]],[4,-64,[0,"b1FVLksvVHjbxlfIjkkcWj"],[5,0,0],[0,0,0]]],[1,"ddcchUSOdH17sT8TQM9n2H",null,null,null,1,0],[1,3.8527,-48.658,0],[1,2,2,1]],[15,"ct_fc_00001_3",33554432,14,[[10,1,2,false,-66,[0,"58naYa+zxE6IEp4oGsU2IR"],22,23],[2,0,-67,[0,"24XON3BapCBbwg/yJN06Zu"]],[5,-68,[0,"c2Aaky/4ZE56z/K9qxqee9"],[5,450,200]]],[1,"fdGLLyWDZIz6Udp6XvMz/v",null,null,null,1,0]],[6,"ct1_1_3",33554432,2,[[3,2,false,-69,[0,"12kEMnZIBM57peVx9jF3By"],24,25],[2,0,-70,[0,"79M7wNBcBDvpDCD3uv0dH9"]],[4,-71,[0,"0bteUn7jJBZrD0f9EdqEyz"],[5,838,191],[0,0.5,1]]],[1,"e96i3jQpNBA7giAVz3JMBP",null,null,null,1,0],[1,12.8092,-147.0875,0],[1,1,0.8,1]],[9,"Node_2_0_0",33554432,2,[-74],[[8,-72,[0,"1b4TFNz4lLWIDU72l1mb/t"]],[4,-73,[0,"e97UKYI+ZNLo9f/PpFH3Wa"],[5,0,0],[0,0,0]]],[1,"9auLK0qF9BDJH2ibX5RLE+",null,null,null,1,0],[1,10.2261,-34.4323,0],[1,2.3,2.3,1]],[7,"ct_cx1_00035_3",33554432,17,[[3,2,false,-75,[0,"33QrDjS9lL76VU6WIF6pBB"],26,27],[2,0,-76,[0,"37INqIxMFOr4pebQEPbNQt"]],[5,-77,[0,"de7bFYRhlFjJ9eqJKpkug7"],[5,400,260]]],[1,"24A1Tv9DFKAZ71/dmmZM+N",null,null,null,1,0],[1,0.6238,-1.2904,0]],[9,"Node_2_0",33554432,2,[-80],[[8,-78,[0,"7f9UAwEDVA0pT7YeDC5Dz+"]],[4,-79,[0,"85zmerUqJOeYZSrxXaC7Fg"],[5,0,0],[0,0,0]]],[1,"adJOW7kodD4Lyn4RFIrshd",null,null,null,1,0],[1,4.7777,-30.3458,0],[1,2.3,2.3,1]],[7,"ct_cx1_00035_3",33554432,19,[[10,1,2,false,-81,[0,"5euXKwu8dHQJTlP1dvnU37"],28,29],[2,0,-82,[0,"c7O8EuNZRCirsCVFa/b2g/"]],[5,-83,[0,"1dzDb/6cRH4r25kfMEJz80"],[5,400,260]]],[1,"565O915Z9GO5YbXSSOvdXP",null,null,null,1,0],[1,0.6238,-1.2904,0]],[9,"Node_2_0_0_0",33554432,2,[-86],[[8,-84,[0,"07U3vVMItEDK+6Y+NMDgUO"]],[4,-85,[0,"19oJbiz/JDXZQKq3vrTFyd"],[5,0,0],[0,0,0]]],[1,"39YqIIpc9OcY5laAnneAMW",null,null,null,1,0],[1,-168.2153,-24.8967,0],[1,2,2,1]],[7,"ct_cx1_00035_3",33554432,21,[[3,2,false,-87,[0,"edZR7GaSNGlYzJa2sVza00"],30,31],[2,0,-88,[0,"d5KQRlDWFCrJNJnhwta4Me"]],[5,-89,[0,"8eFpE43E9CP4+6oNiOrPgS"],[5,400,260]]],[1,"ceDZ2bKCZL5pR0CAjADs76",null,null,null,1,0],[1,0.6238,-1.2904,0]],[9,"Node_2_0_1",33554432,2,[-92],[[8,-90,[0,"5c7NDqJrdGXaybBVfVXVD9"]],[4,-91,[0,"6aqM7tRgpJr4zrSDC7AetG"],[5,0,0],[0,0,0]]],[1,"f3jt9k2B9OTo4sDDau5mXB",null,null,null,1,0],[1,-167.7686,-24.5175,0],[1,2,2,1]],[7,"ct_cx1_00035_3",33554432,23,[[10,8,2,false,-93,[0,"31uELsyUxORYxYzPadctgq"],32,33],[2,0,-94,[0,"4cE6sorMdFY76k+kU7HimI"]],[5,-95,[0,"d9P2smKDtEuL7kNGRdcRCx"],[5,400,260]]],[1,"ee/fWdcFVOOqCUF+px6h81",null,null,null,1,0],[1,0.6238,-1.2904,0]],[6,"ct_8_7",33554432,2,[[3,2,false,-96,[0,"88syGBxkFOapIoq9TdIQF0"],34,35],[2,0,-97,[0,"7eM7ggAKRLVaZOxOXvPvQm"]],[4,-98,[0,"72yNaGHRtFgYyVW1Y/h/D/"],[5,654,197],[0,0.6169,0]]],[1,"39QqxGG6dPlJ1Yh+eRLzjx",null,null,null,1,0],[1,404.014,-222.9964,0],[1,1,0.2325,1]],[6,"ct_10_5",33554432,2,[[3,2,false,-99,[0,"7dzFgUcqRG6oOO9tXX1hn3"],36,37],[2,0,-100,[0,"06hJwPJJBAg5xAEoQMipsc"]],[4,-101,[0,"744Ana7vlIX5IUCYzxoHiz"],[5,144,85],[0,0.5055,0.2158]]],[1,"5amoYmv8hP7oeCdlfjujze",null,null,null,1,0],[1,-177.8101,-211.4434,0],[1,1,0.3134,1]],[7,"ct_11_1",33554432,2,[[3,2,false,-102,[0,"06wOCFfDhGhrfMQxCDeZ2J"],38,39],[2,0,-103,[0,"3eIoJq8qVJAb353IeiGty3"]],[5,-104,[0,"98lrYKRGpK5L2CavvhiiLI"],[5,185,74]]],[1,"35HgP1OSVEgK5RTdQOUKjn",null,null,null,1,0],[1,129.8756,-242.8533,0]],[6,"ct_12_6",33554432,2,[[3,2,false,-105,[0,"d5n+Rlv9xMpqz+gR9fusvA"],40,41],[2,0,-106,[0,"a4BgyxnJ1D0qT1UT2jUpY5"]],[4,-107,[0,"a1Z6FmKD9Hd5V455/LVmXo"],[5,385,135],[0,0.5253,0.1692]]],[1,"78UrfuDVtPx4b3eaUOQ6gr",null,null,null,1,0],[1,286.0258,-223.2044,0],[1,1,0.1287,1]],[6,"light_11_00000_18",33554432,2,[[10,1,2,false,-108,[0,"032wKJ/TdNpLtOBY/DuXrM"],42,43],[2,0,-109,[0,"e9CSsu7JhBtZypQgt6xqRC"]],[5,-110,[0,"06oS41fhdPCqTVust46ROd"],[5,232,232]]],[1,"f1npCqegpFUr/Md45cVzSo",null,null,null,1,0],[1,-13.7979,-41.6712,0],[1,6.169,4.6601,1]]],0,[0,4,1,0,0,1,0,0,1,0,0,1,0,-1,2,0,0,2,0,0,2,0,-1,3,0,-2,4,0,-3,5,0,-4,6,0,-5,7,0,-6,8,0,-7,9,0,-8,10,0,-9,11,0,-10,12,0,-11,13,0,-12,14,0,-13,16,0,-14,17,0,-15,19,0,-16,21,0,-17,23,0,-18,25,0,-19,26,0,-20,27,0,-21,28,0,-22,29,0,0,3,0,0,3,0,0,3,0,0,4,0,0,4,0,0,4,0,0,5,0,0,5,0,0,5,0,0,6,0,0,6,0,0,6,0,0,7,0,0,7,0,0,7,0,0,8,0,0,8,0,0,8,0,0,9,0,0,9,0,0,9,0,0,10,0,0,10,0,0,10,0,0,11,0,0,11,0,0,11,0,0,12,0,0,12,0,0,12,0,0,13,0,0,13,0,0,13,0,0,14,0,0,14,0,-1,15,0,0,15,0,0,15,0,0,15,0,0,16,0,0,16,0,0,16,0,0,17,0,0,17,0,-1,18,0,0,18,0,0,18,0,0,18,0,0,19,0,0,19,0,-1,20,0,0,20,0,0,20,0,0,20,0,0,21,0,0,21,0,-1,22,0,0,22,0,0,22,0,0,22,0,0,23,0,0,23,0,-1,24,0,0,24,0,0,24,0,0,24,0,0,25,0,0,25,0,0,25,0,0,26,0,0,26,0,0,26,0,0,27,0,0,27,0,0,27,0,0,28,0,0,28,0,0,28,0,0,29,0,0,29,0,0,29,0,5,1,110],[0,0,0,0,0,0,0,0,0,0,0,0,0,0,0,0,0,0,0,0,0,0,0,0,0,0,0,0,0,0,0,0,0,0,0,0,0,0,0,0,0,0,0,0,0],[1,2,1,2,1,2,1,2,1,2,1,2,1,2,1,2,1,2,1,2,1,2,1,2,1,2,1,2,1,2,1,2,1,2,1,2,1,2,1,2,1,2,1,2,-1],[0,3,0,4,0,5,0,6,0,7,0,8,0,9,0,10,0,11,0,12,0,13,0,14,0,15,0,2,0,2,0,2,0,2,0,16,0,17,0,18,0,19,0,20,21]]]]
