[1,["24pwTaKGdEbY0aXpIMdeCd@6c48a","9f2QDdIhtPiY8s+6NCQ8g1@f9941","24pwTaKGdEbY0aXpIMdeCd@f9941","9f2QDdIhtPiY8s+6NCQ8g1@6c48a"],["node","_textureSource","_spriteFrame","root","_barSprite","data"],[["cc.Node",["_name","_components","_prefab","_children","_parent","_lpos"],2,9,4,2,1,5],"cc.SpriteFrame",["cc.UITransform",["node","__prefab","_contentSize","_anchorPoint"],3,1,4,5,5],["cc.Sprite",["_type","_sizeMode","node","__prefab","_spriteFrame"],1,1,4,6],["cc.Prefab",["_name"],2],["cc.Node",["_name","_layer","_parent","_components","_prefab","_lpos"],1,1,12,4,5],["cc.CompPrefabInfo",["fileId"],2],["cc.Widget",["_alignFlags","_originalWidth","_originalHeight","node","__prefab"],0,1,4],["cc.BlockInputEvents",["node","__prefab"],3,1,4],["56201OyZI9HpYXEM17u5AR/",["node","__prefab"],3,1,4],["cc.PrefabInfo",["fileId","instance","targetOverrides","nestedPrefabInstanceRoots","root","asset"],-1,1,1],["cc.ProgressBar",["_totalLength","_progress","node","__prefab","_barSprite"],1,1,4,1],["cc.Label",["_string","_actualFontSize","_fontSize","_lineHeight","node","__prefab"],-1,1,4],["cc.LabelOutline",["node","__prefab","_color"],3,1,4,5]],[[6,0,2],[10,0,1,2,3,4,5,5],[2,0,1,2,1],[4,0,2],[0,0,3,1,2,2],[0,0,4,3,1,2,5,2],[0,0,4,1,2,5,2],[5,0,1,2,3,4,5,3],[2,0,1,2,3,1],[7,0,1,2,3,4,4],[8,0,1,1],[9,0,1,1],[3,0,1,2,3,4,3],[3,0,1,2,3,3],[11,0,1,2,3,4,3],[12,0,1,2,3,4,5,5],[13,0,1,2,1]],[[[{"name":"default_progressbar","rect":{"x":0,"y":0,"width":30,"height":15},"offset":{"x":0,"y":0},"originalSize":{"width":30,"height":15},"rotated":false,"capInsets":[10,4,10,4],"vertices":{"rawPosition":[-15,-7.5,0,15,-7.5,0,-15,7.5,0,15,7.5,0],"indexes":[0,1,2,2,1,3],"uv":[0,15,30,15,0,0,30,0],"nuv":[0,0,1,0,0,1,1,1],"minPos":{"x":-15,"y":-7.5,"z":0},"maxPos":{"x":15,"y":7.5,"z":0}},"packable":true,"pixelsToUnit":100,"pivot":{"x":0.5,"y":0.5},"meshType":0}],[1],0,[0],[1],[0]],[[[3,"loadBar"],[4,"loadBar",[-6,-7],[[2,-2,[0,"06m0lbOTxD37I0QYPoW/sh"],[5,1280,720]],[9,45,100,100,-3,[0,"b9Petv/h9OhaHZNLU2mkg4"]],[10,-4,[0,"c2UaqZ3nxAJbqoTVx9z3K1"]],[11,-5,[0,"60DvHpSPZATJ9k9G1Nqs3R"]]],[1,"c46/YsCPVOJYA4mWEpNYRx",null,null,null,-1,0]],[5,"ProgressBar",1,[-12],[[2,-8,[0,"f38rRMnkRE27KP/kjHKZKt"],[5,800,15]],[12,1,0,-9,[0,"6abGLgGjBLtKVHGLbkSvbU"],0],[14,800,0,-11,[0,"732TZUPKBKgJkEQPJlfk9T"],-10]],[1,"2d6hwRmKBEJrEqVqo8k1EE",null,null,null,1,0],[1,-9.668,-263.618,0]],[6,"Label",1,[[2,-13,[0,"6dXDb2fNxGSaonlKRS+y0a"],[5,144.56,44.32]],[15,"Loading...",32,32,32,-14,[0,"12mXp4rCtMRpVBtycTzKO1"]],[16,-15,[0,"f4weYppVBKfI4gI6Is3OnP"],[4,4283716692]]],[1,"fawMLqROVGhYtmkFf0iODy",null,null,null,1,0],[1,-7.337,-219.581,0]],[7,"Bar",33554432,2,[[[8,-16,[0,"8fZUZicUBDAaVuDB92AGVC"],[5,0,15],[0,0,0.5]],-17],4,1],[1,"f5NTIo79dJfYqbXLOgn153",null,null,null,1,0],[1,-400,0,0]],[13,1,0,4,[0,"59o2jcyE9N/Kt9eOKb/qLE"]]],0,[0,3,1,0,0,1,0,0,1,0,0,1,0,0,1,0,-1,3,0,-2,2,0,0,2,0,0,2,0,4,5,0,0,2,0,-1,4,0,0,3,0,0,3,0,0,3,0,0,4,0,-2,5,0,5,1,17],[0,5],[2,2],[1,2]],[[{"name":"default_progressbar_bg","rect":{"x":0,"y":0,"width":60,"height":15},"offset":{"x":0,"y":0},"originalSize":{"width":60,"height":15},"rotated":false,"capInsets":[10,4,10,4],"vertices":{"rawPosition":[-30,-7.5,0,30,-7.5,0,-30,7.5,0,30,7.5,0],"indexes":[0,1,2,2,1,3],"uv":[0,15,60,15,0,0,60,0],"nuv":[0,0,1,0,0,1,1,1],"minPos":{"x":-30,"y":-7.5,"z":0},"maxPos":{"x":30,"y":7.5,"z":0}},"packable":true,"pixelsToUnit":100,"pivot":{"x":0.5,"y":0.5},"meshType":0}],[1],0,[0],[1],[3]]]]
