[1,["8eN3e5lZZNJaf0iylKNxa3@6c48a"],["_textureSource"],["cc.SpriteFrame"],0,[{"name":"kongbai","rect":{"x":31,"y":31,"width":1,"height":1},"offset":{"x":15.5,"y":-15.5},"originalSize":{"width":32,"height":32},"rotated":false,"capInsets":[0,0,0,0],"vertices":{"rawPosition":[-0.5,-0.5,0,0.5,-0.5,0,-0.5,0.5,0,0.5,0.5,0],"indexes":[0,1,2,2,1,3],"uv":[31,1,32,1,31,0,32,0],"nuv":[0.96875,0,1,0,0.96875,0.03125,1,0.03125],"minPos":{"x":-0.5,"y":-0.5,"z":0},"maxPos":{"x":0.5,"y":0.5,"z":0}},"packable":true,"pixelsToUnit":100,"pivot":{"x":0.5,"y":0.5},"meshType":0}],[0],0,[0],[0],[0]]
