[1,["b5dzpO9W1Ptr7tU9wkcyM/@f9941","18PTMFmh5DRLkqz72uuCP8@f9941","d9UpcxUcVMx6Dv69gmM0wj@f9941","18PTMFmh5DRLkqz72uuCP8@6c48a","b5dzpO9W1Ptr7tU9wkcyM/@6c48a","d9UpcxUcVMx6Dv69gmM0wj@6c48a","61W27PAtlA1qcGRM0Qbltc@f9941","3fedFMDQ9Jzb6jMyBkYZIJ@f9941","ad+uQ/gyFAr4nObB2FuC6j@f9941"],["node","_spriteFrame","_textureSource","_parent","_handle","_target","_normalSprite","root","data"],[["cc.Node",["_name","_components","_prefab","_children","_lpos","_parent","_lscale"],2,9,4,2,5,1,5],"cc.SpriteFrame",["cc.UITransform",["node","__prefab","_contentSize","_anchorPoint"],3,1,4,5,5],["cc.Sprite",["_sizeMode","_type","node","__prefab","_spriteFrame"],1,1,4,6],["cc.Widget",["_alignFlags","_right","_alignMode","_left","_top","_bottom","_originalWidth","_originalHeight","_verticalCenter","node","__prefab"],-6,1,4],["cc.Label",["_string","_actualFontSize","_fontSize","_lineHeight","node","__prefab","_color"],-1,1,4,5],["cc.Prefab",["_name"],2],["cc.Node",["_name","_parent","_components","_prefab","_lpos"],2,1,12,4,5],["cc.CompPrefabInfo",["fileId"],2],["86f87UKJ15O+a33Tb0llClc",["node","__prefab"],3,1,4],["cc.PrefabInfo",["fileId","instance","targetOverrides","nestedPrefabInstanceRoots","root","asset"],-1,1,1],["cc.Slider",["_progress","node","__prefab","_handle"],2,1,4,1],["cc.Button",["node","__prefab","_normalColor","_target","_normalSprite"],3,1,4,5,1,6]],[[8,0,2],[10,0,1,2,3,4,5,5],[2,0,1,2,1],[0,0,5,1,2,4,2],[3,1,0,2,3,4,3],[0,0,5,3,1,2,4,2],[2,0,1,1],[0,0,3,1,2,4,2],[2,0,1,2,3,1],[7,0,1,2,3,4,2],[3,0,2,3,2],[4,0,9,10,2],[11,0,1,2,3,2],[12,0,1,2,3,4,1],[5,0,1,4,5,6,3],[6,0,2],[0,0,3,1,2,2],[0,0,5,1,2,6,2],[9,0,1,1],[3,2,3,4,1],[4,0,3,1,4,5,6,7,2,9,10,9],[4,0,1,8,2,9,10,5],[5,0,1,2,3,4,5,5],[5,0,1,2,3,4,5,6,5]],[[[{"name":"tc_jdt","rect":{"x":0,"y":0,"width":608,"height":17},"offset":{"x":0,"y":0},"originalSize":{"width":608,"height":17},"rotated":false,"capInsets":[0,0,0,0],"vertices":{"rawPosition":[-304,-8.5,0,304,-8.5,0,-304,8.5,0,304,8.5,0],"indexes":[0,1,2,2,1,3],"uv":[0,17,608,17,0,0,608,0],"nuv":[0,0,1,0,0,1,1,1],"minPos":{"x":-304,"y":-8.5,"z":0},"maxPos":{"x":304,"y":8.5,"z":0}},"packable":true,"pixelsToUnit":100,"pivot":{"x":0.5,"y":0.5},"meshType":0}],[1],0,[0],[2],[3]],[[{"name":"tc_an","rect":{"x":0,"y":0,"width":36,"height":36},"offset":{"x":0,"y":0},"originalSize":{"width":36,"height":36},"rotated":false,"capInsets":[0,0,0,0],"vertices":{"rawPosition":[-18,-18,0,18,-18,0,-18,18,0,18,18,0],"indexes":[0,1,2,2,1,3],"uv":[0,36,36,36,0,0,36,0],"nuv":[0,0,1,0,0,1,1,1],"minPos":{"x":-18,"y":-18,"z":0},"maxPos":{"x":18,"y":18,"z":0}},"packable":true,"pixelsToUnit":100,"pivot":{"x":0.5,"y":0.5},"meshType":0}],[1],0,[0],[2],[4]],[[{"name":"tc_jdt2","rect":{"x":0,"y":0,"width":608,"height":16},"offset":{"x":0,"y":0},"originalSize":{"width":608,"height":16},"rotated":false,"capInsets":[0,0,0,0],"vertices":{"rawPosition":[-304,-8,0,304,-8,0,-304,8,0,304,8,0],"indexes":[0,1,2,2,1,3],"uv":[0,16,608,16,0,0,608,0],"nuv":[0,0,1,0,0,1,1,1],"minPos":{"x":-304,"y":-8,"z":0},"maxPos":{"x":304,"y":8,"z":0}},"packable":true,"pixelsToUnit":100,"pivot":{"x":0.5,"y":0.5},"meshType":0}],[1],0,[0],[2],[5]],[[[15,"setting"],[16,"setting",[-4],[[6,-2,[0,"fe9z0lhexNmY7gABE70zD7"]],[18,-3,[0,"abUgjabZ1IIqNZy5I2Q4ET"]]],[1,"c46/YsCPVOJYA4mWEpNYRx",null,null,null,-1,0]],[7,"Sprite_title_bg",[-8,-9],[[2,-5,[0,"40i24+fbZAS6Tta5tUELjR"],[5,391.99999999999994,72]],[4,1,0,-6,[0,"6cU3Rsk7tOM4c2g7w0YWKe"],1],[20,41,-13.113999999999976,355.11400000000003,-43.735000000000014,384,40,96,0,-7,[0,"3dNznCfzpISpc4W7fXpIqP"]]],[1,"94psz/Ny5LjqBWFb2hxkwR",null,null,null,1,0],[1,-184.114,412.235,0]],[7,"Slider",[-14,-15],[[2,-10,[0,"5drM0KNH1MFpeLHLrVsKpp"],[5,360,20]],[4,1,0,-11,[0,"2cZOitYcVNAYSyG0sT09To"],4],[12,0,-13,[0,"76+XXfU/JJt4eneovxXtWW"],-12]],[1,"48a1696o9PGaoa/SV6OCWH",null,null,null,1,0],[1,116,0,0]],[7,"Slider",[-20,-21],[[2,-16,[0,"cdVEBf7+NJ6KuCoKbGUM76"],[5,360,20]],[4,1,0,-17,[0,"70oMFCKcZJEKFXa3xId1fN"],7],[12,0,-19,[0,"aazVRPUtJAvL36mV63YeGL"],-18]],[1,"765mLT2txFQrDGZqyTjGbz",null,null,null,1,0],[1,116,0,0]],[5,"Sprite_bg",1,[2,-24],[[8,-22,[0,"5693DtYrpIMrg7hFlOsuxR"],[5,734,404.5],[0,0.5,0]],[4,1,0,-23,[0,"fcCZj3krNEEpsfjoSLLKff"],8]],[1,"05dgCPM8FIEaotzsadOv9o",null,null,null,1,0],[1,0,-240,0]],[5,"Node",5,[-26,-27,-28],[[6,-25,[0,"80WLo2Ql5BfK53NTAmjkLm"]]],[1,"a2zt0EBWlAMoVmm/iLcDbn",null,null,null,1,0],[1,0,240,0]],[9,"Handle",3,[[[2,-29,[0,"17gX7/eMFGVJUAjVgK2YUS"],[5,43,44]],-30,[13,-32,[0,"5dibo2r59KMZriJD/af/VH"],[4,4292269782],-31,3]],4,1,4],[1,"b0COh+70dNuY7KJivXVZKe",null,null,null,1,0],[1,-180,0,0]],[9,"Handle",4,[[[2,-33,[0,"70CJqOBZBGaYwAlmsAGBmK"],[5,43,44]],-34,[13,-36,[0,"2f/Mb182ZMKYwzkEhsOgc/"],[4,4292269782],-35,6]],4,1,4],[1,"4dYMoqOTFMHJVyl9HLHTvd",null,null,null,1,0],[1,-180,0,0]],[5,"Node_close",2,[-39],[[6,-37,[0,"44ERg0tQdErZ1reYOH1JW6"]],[21,34,-396.5370000000001,-2.61,0,-38,[0,"38bBhtV4NKOb843/RAzIO0"]]],[1,"9fU+Oe44BJCYz/Mjqy04Sh",null,null,null,1,0],[1,542.537,-2.61,0]],[5,"Node_sound",6,[-41,3],[[6,-40,[0,"23v4lq5xpJrL043laBwACY"]]],[1,"1272uwfw5DloHDIuW88y5D",null,null,null,1,0],[1,-57.244,37.068,0]],[3,"Label",10,[[2,-42,[0,"97DKQoqPlNIZc39HmHztsM"],[5,80,50.4]],[14,"音效",40,-43,[0,"01xas0QVNK4YFSIvVcGLnX"],[4,4283475430]],[11,2,-44,[0,"8eDbqUDttMcLUgUDCFAMn7"]]],[1,"76PdjRCLND47evG4EkV9Up",null,null,null,1,0],[1,-151,0,0]],[5,"Node_music",6,[-46,4],[[6,-45,[0,"24xEJQCOZNTIa7Jb1VWOko"]]],[1,"fa7OLmx1xAb4fCjFzLcQXq",null,null,null,1,0],[1,-57.244,-62.932,0]],[3,"Label",12,[[2,-47,[0,"f10sWq6DZHe4blNmnUiWC0"],[5,80,50.4]],[14,"音乐",40,-48,[0,"534Iecx0FNga4DPGiTd5A4"],[4,4283475430]],[11,2,-49,[0,"9arN8fCkFBxIVzl4U3F7H9"]]],[1,"c5Mb+oCkJCmJvbf9C4aW76",null,null,null,1,0],[1,-151,0,0]],[3,"Label_title",2,[[2,-50,[0,"59vzWtgzZHrreukyPbxKj2"],[5,104,65.52]],[22,"设置",52,52,52,-51,[0,"09a9xo+FdN7LXOo/eW8Q8V"]]],[1,"00Ibn6qktNiYyJ/srGF7HU",null,null,null,1,0],[1,-66.216,19.615,0]],[17,"Sprite_close",9,[[2,-52,[0,"ecHb6Ca65EgotMXaRrwL+E"],[5,169,123]],[19,-53,[0,"e91FS9nQtBmbSHwlSZdxoe"],0]],[1,"93s1tmn65NfZ2yxL6t6XKP",null,null,null,1,0],[1,0.666,0.666,1]],[3,"Sprite_light",3,[[8,-54,[0,"f0fnQNfjVEk59R0uTec59+"],[5,354,16],[0,0,0.5]],[4,1,0,-55,[0,"d0daLKM0tAEbglzQ0C0UEe"],2]],[1,"a722dnEGNJv5ZXVjcRwaaU",null,null,null,1,0],[1,-177,0,0]],[3,"Sprite_light",4,[[8,-56,[0,"70IAAZEi5GFbKZf6f+yH1E"],[5,354,16],[0,0,0.5]],[4,2,0,-57,[0,"88TV1WEbdKoYIAzJf0Po15"],5]],[1,"f8/2QdLTVKh5geC62cuBWz",null,null,null,1,0],[1,-177,0,0]],[3,"Label_version",6,[[2,-58,[0,"f2oePrVXZHyL1p63iGyHnz"],[5,173.47,30.24]],[23,"Version: 100001",24,24,24,-59,[0,"22ad9ROrtI5b8Ug3ZU0J4/"],[4,4283475430]]],[1,"d5vOBlyO9DVJEiRA+kKZK5",null,null,null,1,0],[1,0,-208,0]],[10,0,7,[0,"20C1sSxxFLV73yH0hphMDl"]],[10,0,8,[0,"22fC1Jdj9HsIXEzQmMU8bJ"]]],0,[0,7,1,0,0,1,0,0,1,0,-1,5,0,0,2,0,0,2,0,0,2,0,-1,14,0,-2,9,0,0,3,0,0,3,0,4,19,0,0,3,0,-1,16,0,-2,7,0,0,4,0,0,4,0,4,20,0,0,4,0,-1,17,0,-2,8,0,0,5,0,0,5,0,-2,6,0,0,6,0,-1,10,0,-2,12,0,-3,18,0,0,7,0,-2,19,0,5,7,0,0,7,0,0,8,0,-2,20,0,5,8,0,0,8,0,0,9,0,0,9,0,-1,15,0,0,10,0,-1,11,0,0,11,0,0,11,0,0,11,0,0,12,0,-1,13,0,0,13,0,0,13,0,0,13,0,0,14,0,0,14,0,0,15,0,0,15,0,0,16,0,0,16,0,0,17,0,0,17,0,0,18,0,0,18,0,8,1,2,3,5,3,3,10,4,3,12,59],[0,0,0,0,0,0,0,0,0,19,20],[1,1,1,6,1,1,6,1,1,1,1],[6,7,1,0,2,1,0,2,8,0,0]]]]
