{"version":1,"document":[{"__type__":"cc.AnimationClip","_name":"tx_ddz_settlement_fail_bg","_objFlags":0,"_native":"","sample":60,"speed":0.5,"wrapMode":1,"enableTrsBlending":false,"_duration":13,"_hash":500763545,"_tracks":[{"__id__":1},{"__id__":8},{"__id__":15},{"__id__":26},{"__id__":37},{"__id__":43},{"__id__":49},{"__id__":60},{"__id__":71},{"__id__":77}],"_exoticAnimation":null,"_events":[],"_embeddedPlayers":[]},{"__type__":"cc.animation.UntypedTrack","_binding":{"__type__":"cc.animation.TrackBinding","path":{"__id__":2},"proxy":null},"_channels":[{"__id__":4},{"__id__":6}]},{"__type__":"cc.animation.TrackPath","_paths":[{"__id__":3},"scale"]},{"__type__":"cc.animation.HierarchyPath","path":"Sprite_TitleBarBG"},{"__type__":"cc.animation.UntypedTrackChannel","_curve":{"__id__":5},"property":"x"},{"__type__":"cc.RealCurve","bytes":{"__type__":"TypedArrayRef","ctor":"Uint8Array","offset":0,"length":42},"keyframeValueEditorExtras":[null,null,null]},{"__type__":"cc.animation.UntypedTrackChannel","_curve":{"__id__":7},"property":"y"},{"__type__":"cc.RealCurve","bytes":{"__type__":"TypedArrayRef","ctor":"Uint8Array","offset":42,"length":42},"keyframeValueEditorExtras":[null,null,null]},{"__type__":"cc.animation.UntypedTrack","_binding":{"__type__":"cc.animation.TrackBinding","path":{"__id__":9},"proxy":null},"_channels":[{"__id__":11},{"__id__":13}]},{"__type__":"cc.animation.TrackPath","_paths":[{"__id__":10},"scale"]},{"__type__":"cc.animation.HierarchyPath","path":"js_sz_di3_4"},{"__type__":"cc.animation.UntypedTrackChannel","_curve":{"__id__":12},"property":"x"},{"__type__":"cc.RealCurve","bytes":{"__type__":"TypedArrayRef","ctor":"Uint8Array","offset":84,"length":30},"keyframeValueEditorExtras":[null,null]},{"__type__":"cc.animation.UntypedTrackChannel","_curve":{"__id__":14},"property":"y"},{"__type__":"cc.RealCurve","bytes":{"__type__":"TypedArrayRef","ctor":"Uint8Array","offset":114,"length":30},"keyframeValueEditorExtras":[null,null]},{"__type__":"cc.animation.VectorTrack","_binding":{"__type__":"cc.animation.TrackBinding","path":{"__id__":16},"proxy":null},"_channels":[{"__id__":18},{"__id__":20},{"__id__":22},{"__id__":24}],"_nComponents":3},{"__type__":"cc.animation.TrackPath","_paths":[{"__id__":17},"position"]},{"__type__":"cc.animation.HierarchyPath","path":"Sprite_TitleBarBG"},{"__type__":"cc.animation.Channel","_curve":{"__id__":19}},{"__type__":"cc.RealCurve","bytes":{"__type__":"TypedArrayRef","ctor":"Uint8Array","offset":144,"length":54},"keyframeValueEditorExtras":[null,null,null,null]},{"__type__":"cc.animation.Channel","_curve":{"__id__":21}},{"__type__":"cc.RealCurve","bytes":{"__type__":"TypedArrayRef","ctor":"Uint8Array","offset":198,"length":54},"keyframeValueEditorExtras":[null,null,null,null]},{"__type__":"cc.animation.Channel","_curve":{"__id__":23}},{"__type__":"cc.RealCurve","bytes":{"__type__":"TypedArrayRef","ctor":"Uint8Array","offset":252,"length":54},"keyframeValueEditorExtras":[null,null,null,null]},{"__type__":"cc.animation.Channel","_curve":{"__id__":25}},{"__type__":"cc.RealCurve","bytes":{"__type__":"TypedArrayRef","ctor":"Uint8Array","offset":306,"length":6}},{"__type__":"cc.animation.VectorTrack","_binding":{"__type__":"cc.animation.TrackBinding","path":{"__id__":27},"proxy":null},"_channels":[{"__id__":29},{"__id__":31},{"__id__":33},{"__id__":35}],"_nComponents":3},{"__type__":"cc.animation.TrackPath","_paths":[{"__id__":28},"eulerAngles"]},{"__type__":"cc.animation.HierarchyPath","path":"Sprite_TitleBarBG"},{"__type__":"cc.animation.Channel","_curve":{"__id__":30}},{"__type__":"cc.RealCurve","bytes":{"__type__":"TypedArrayRef","ctor":"Uint8Array","offset":312,"length":66},"keyframeValueEditorExtras":[null,null,null,null,null]},{"__type__":"cc.animation.Channel","_curve":{"__id__":32}},{"__type__":"cc.RealCurve","bytes":{"__type__":"TypedArrayRef","ctor":"Uint8Array","offset":378,"length":66},"keyframeValueEditorExtras":[null,null,null,null,null]},{"__type__":"cc.animation.Channel","_curve":{"__id__":34}},{"__type__":"cc.RealCurve","bytes":{"__type__":"TypedArrayRef","ctor":"Uint8Array","offset":444,"length":66},"keyframeValueEditorExtras":[null,null,null,null,null]},{"__type__":"cc.animation.Channel","_curve":{"__id__":36}},{"__type__":"cc.RealCurve","bytes":{"__type__":"TypedArrayRef","ctor":"Uint8Array","offset":510,"length":6}},{"__type__":"cc.animation.RealTrack","_binding":{"__type__":"cc.animation.TrackBinding","path":{"__id__":38},"proxy":null},"_channel":{"__id__":41}},{"__type__":"cc.animation.TrackPath","_paths":[{"__id__":39},{"__id__":40},"opacity"]},{"__type__":"cc.animation.HierarchyPath","path":"Sprite_TitleBarBG"},{"__type__":"cc.animation.ComponentPath","component":"cc.UIOpacity"},{"__type__":"cc.animation.Channel","_curve":{"__id__":42}},{"__type__":"cc.RealCurve","bytes":{"__type__":"TypedArrayRef","ctor":"Uint8Array","offset":516,"length":30},"keyframeValueEditorExtras":[null,null]},{"__type__":"cc.animation.ObjectTrack","_binding":{"__type__":"cc.animation.TrackBinding","path":{"__id__":44},"proxy":null},"_channel":{"__id__":47}},{"__type__":"cc.animation.TrackPath","_paths":[{"__id__":45},{"__id__":46},"spriteFrame"]},{"__type__":"cc.animation.HierarchyPath","path":"Sprite_TitleBarBG"},{"__type__":"cc.animation.ComponentPath","component":"cc.Sprite"},{"__type__":"cc.animation.Channel","_curve":{"__id__":48}},{"__type__":"cc.ObjectCurve","_times":[0],"_values":[{"__uuid__":"59Xc0CzWBKcKVL0ikkRCaH@096e0","__expectedType__":"cc.Asset"}]},{"__type__":"cc.animation.VectorTrack","_binding":{"__type__":"cc.animation.TrackBinding","path":{"__id__":50},"proxy":null},"_channels":[{"__id__":52},{"__id__":54},{"__id__":56},{"__id__":58}],"_nComponents":3},{"__type__":"cc.animation.TrackPath","_paths":[{"__id__":51},"position"]},{"__type__":"cc.animation.HierarchyPath","path":"js_sz_di3_4"},{"__type__":"cc.animation.Channel","_curve":{"__id__":53}},{"__type__":"cc.RealCurve","bytes":{"__type__":"TypedArrayRef","ctor":"Uint8Array","offset":546,"length":66},"keyframeValueEditorExtras":[null,null,null,null,null]},{"__type__":"cc.animation.Channel","_curve":{"__id__":55}},{"__type__":"cc.RealCurve","bytes":{"__type__":"TypedArrayRef","ctor":"Uint8Array","offset":612,"length":66},"keyframeValueEditorExtras":[null,null,null,null,null]},{"__type__":"cc.animation.Channel","_curve":{"__id__":57}},{"__type__":"cc.RealCurve","bytes":{"__type__":"TypedArrayRef","ctor":"Uint8Array","offset":678,"length":66},"keyframeValueEditorExtras":[null,null,null,null,null]},{"__type__":"cc.animation.Channel","_curve":{"__id__":59}},{"__type__":"cc.RealCurve","bytes":{"__type__":"TypedArrayRef","ctor":"Uint8Array","offset":744,"length":6}},{"__type__":"cc.animation.VectorTrack","_binding":{"__type__":"cc.animation.TrackBinding","path":{"__id__":61},"proxy":null},"_channels":[{"__id__":63},{"__id__":65},{"__id__":67},{"__id__":69}],"_nComponents":3},{"__type__":"cc.animation.TrackPath","_paths":[{"__id__":62},"eulerAngles"]},{"__type__":"cc.animation.HierarchyPath","path":"js_sz_di3_4"},{"__type__":"cc.animation.Channel","_curve":{"__id__":64}},{"__type__":"cc.RealCurve","bytes":{"__type__":"TypedArrayRef","ctor":"Uint8Array","offset":750,"length":66},"keyframeValueEditorExtras":[null,null,null,null,null]},{"__type__":"cc.animation.Channel","_curve":{"__id__":66}},{"__type__":"cc.RealCurve","bytes":{"__type__":"TypedArrayRef","ctor":"Uint8Array","offset":816,"length":66},"keyframeValueEditorExtras":[null,null,null,null,null]},{"__type__":"cc.animation.Channel","_curve":{"__id__":68}},{"__type__":"cc.RealCurve","bytes":{"__type__":"TypedArrayRef","ctor":"Uint8Array","offset":882,"length":66},"keyframeValueEditorExtras":[null,null,null,null,null]},{"__type__":"cc.animation.Channel","_curve":{"__id__":70}},{"__type__":"cc.RealCurve","bytes":{"__type__":"TypedArrayRef","ctor":"Uint8Array","offset":948,"length":6}},{"__type__":"cc.animation.RealTrack","_binding":{"__type__":"cc.animation.TrackBinding","path":{"__id__":72},"proxy":null},"_channel":{"__id__":75}},{"__type__":"cc.animation.TrackPath","_paths":[{"__id__":73},{"__id__":74},"opacity"]},{"__type__":"cc.animation.HierarchyPath","path":"js_sz_di3_4"},{"__type__":"cc.animation.ComponentPath","component":"cc.UIOpacity"},{"__type__":"cc.animation.Channel","_curve":{"__id__":76}},{"__type__":"cc.RealCurve","bytes":{"__type__":"TypedArrayRef","ctor":"Uint8Array","offset":954,"length":42},"keyframeValueEditorExtras":[null,null,null]},{"__type__":"cc.animation.ObjectTrack","_binding":{"__type__":"cc.animation.TrackBinding","path":{"__id__":78},"proxy":null},"_channel":{"__id__":81}},{"__type__":"cc.animation.TrackPath","_paths":[{"__id__":79},{"__id__":80},"spriteFrame"]},{"__type__":"cc.animation.HierarchyPath","path":"js_sz_di3_4"},{"__type__":"cc.animation.ComponentPath","component":"cc.Sprite"},{"__type__":"cc.animation.Channel","_curve":{"__id__":82}},{"__type__":"cc.ObjectCurve","_times":[0],"_values":[{"__uuid__":"59Xc0CzWBKcKVL0ikkRCaH@f2d44","__expectedType__":"cc.Asset"}]}],"chunks":[".bin"]}
