[1,["185a39c58@6c48a"],["_textureSource"],["cc.SpriteFrame"],0,[[[{"name":"yxc_an_gz","rect":{"x":303,"y":132,"width":85,"height":99},"offset":{"x":-0.5,"y":0.5},"originalSize":{"width":120,"height":120},"rotated":true,"capInsets":[0,0,0,0],"packable":true,"pixelsToUnit":100,"pivot":{"x":0.5,"y":0.5},"meshType":0}],[0],0,[0],[0],[0]],[[{"name":"yxc_img_dldk","rect":{"x":274,"y":23,"width":40,"height":33},"offset":{"x":0,"y":0},"originalSize":{"width":40,"height":33},"rotated":false,"capInsets":[20,0,20,0],"packable":true,"pixelsToUnit":100,"pivot":{"x":0.5,"y":0.5},"meshType":0}],[0],0,[0],[0],[0]],[[{"name":"yxc_img_lz","rect":{"x":822,"y":163,"width":92,"height":89},"offset":{"x":-0.5,"y":0.5},"originalSize":{"width":93,"height":90},"rotated":false,"capInsets":[0,0,0,0],"packable":true,"pixelsToUnit":100,"pivot":{"x":0.5,"y":0.5},"meshType":0}],[0],0,[0],[0],[0]],[[{"name":"DDZ_tuoguan_heibi","rect":{"x":187,"y":3,"width":14,"height":626},"offset":{"x":0,"y":0},"originalSize":{"width":14,"height":626},"rotated":true,"capInsets":[0,0,0,0],"packable":true,"pixelsToUnit":100,"pivot":{"x":0.5,"y":0.5},"meshType":0}],[0],0,[0],[0],[0]],[[{"name":"DDZ_naozhong","rect":{"x":287,"y":223,"width":100,"height":111},"offset":{"x":0,"y":0.5},"originalSize":{"width":100,"height":112},"rotated":true,"capInsets":[0,0,0,0],"packable":true,"pixelsToUnit":100,"pivot":{"x":0.5,"y":0.5},"meshType":0}],[0],0,[0],[0],[0]],[[{"name":"yxc_fh","rect":{"x":408,"y":132,"width":93,"height":85},"offset":{"x":-0.5,"y":0.5},"originalSize":{"width":94,"height":86},"rotated":false,"capInsets":[0,0,0,0],"packable":true,"pixelsToUnit":100,"pivot":{"x":0.5,"y":0.5},"meshType":0}],[0],0,[0],[0],[0]],[[{"name":"DDZ_wifi","rect":{"x":862,"y":3,"width":32,"height":26},"offset":{"x":0,"y":0},"originalSize":{"width":32,"height":26},"rotated":false,"capInsets":[0,0,0,0],"packable":true,"pixelsToUnit":100,"pivot":{"x":0.5,"y":0.5},"meshType":0}],[0],0,[0],[0],[0]],[[{"name":"yxc_img_txdb","rect":{"x":649,"y":381,"width":130,"height":189},"offset":{"x":0,"y":0.5},"originalSize":{"width":130,"height":190},"rotated":true,"capInsets":[0,0,0,0],"packable":true,"pixelsToUnit":100,"pivot":{"x":0.5,"y":0.5},"meshType":0}],[0],0,[0],[0],[0]],[[{"name":"yxc_img_xdb","rect":{"x":86,"y":3,"width":10,"height":60},"offset":{"x":0,"y":0},"originalSize":{"width":10,"height":60},"rotated":true,"capInsets":[5,0,5,0],"packable":true,"pixelsToUnit":100,"pivot":{"x":0.5,"y":0.5},"meshType":0}],[0],0,[0],[0],[0]],[[{"name":"yxc_img_jpq","rect":{"x":316,"y":62,"width":59,"height":59},"offset":{"x":0,"y":0},"originalSize":{"width":59,"height":59},"rotated":false,"capInsets":[0,0,0,0],"packable":true,"pixelsToUnit":100,"pivot":{"x":0.5,"y":0.5},"meshType":0}],[0],0,[0],[0],[0]],[[{"name":"yxc_img_bsdb","rect":{"x":234,"y":23,"width":34,"height":32},"offset":{"x":0,"y":0},"originalSize":{"width":34,"height":32},"rotated":false,"capInsets":[14,0,14,15],"packable":true,"pixelsToUnit":100,"pivot":{"x":0.5,"y":0.5},"meshType":0}],[0],0,[0],[0],[0]],[[{"name":"yxc_img_tx","rect":{"x":920,"y":163,"width":98,"height":98},"offset":{"x":0,"y":0},"originalSize":{"width":98,"height":98},"rotated":false,"capInsets":[0,0,0,0],"packable":true,"pixelsToUnit":100,"pivot":{"x":0.5,"y":0.5},"meshType":0}],[0],0,[0],[0],[0]],[[{"name":"yxc_an_sz","rect":{"x":507,"y":145,"width":85,"height":99},"offset":{"x":-0.5,"y":0.5},"originalSize":{"width":120,"height":120},"rotated":true,"capInsets":[0,0,0,0],"packable":true,"pixelsToUnit":100,"pivot":{"x":0.5,"y":0.5},"meshType":0}],[0],0,[0],[0],[0]],[[{"name":"yxc_fhbg","rect":{"x":724,"y":581,"width":213,"height":137},"offset":{"x":-0.5,"y":0.5},"originalSize":{"width":214,"height":138},"rotated":false,"capInsets":[0,0,0,0],"packable":true,"pixelsToUnit":100,"pivot":{"x":0.5,"y":0.5},"meshType":0}],[0],0,[0],[0],[0]],[[{"name":"yxc_img_syps","rect":{"x":749,"y":23,"width":45,"height":62},"offset":{"x":0,"y":0},"originalSize":{"width":45,"height":62},"rotated":true,"capInsets":[0,0,0,0],"packable":true,"pixelsToUnit":100,"pivot":{"x":0.5,"y":0.5},"meshType":0}],[0],0,[0],[0],[0]],[[{"name":"yxc_yp_bjx","rect":{"x":3,"y":3,"width":2,"height":77},"offset":{"x":0,"y":0},"originalSize":{"width":2,"height":77},"rotated":true,"capInsets":[0,0,0,0],"packable":true,"pixelsToUnit":100,"pivot":{"x":0.5,"y":0.5},"meshType":0}],[0],0,[0],[0],[0]],[[{"name":"DDZ_dizhupai_paibei","rect":{"x":561,"y":69,"width":70,"height":92},"offset":{"x":0,"y":0},"originalSize":{"width":70,"height":92},"rotated":true,"capInsets":[0,0,0,0],"packable":true,"pixelsToUnit":100,"pivot":{"x":0.5,"y":0.5},"meshType":0}],[0],0,[0],[0],[0]],[[{"name":"yxc_img_wibz3","rect":{"x":381,"y":69,"width":174,"height":57},"offset":{"x":0,"y":0},"originalSize":{"width":174,"height":57},"rotated":false,"capInsets":[0,0,0,0],"packable":true,"pixelsToUnit":100,"pivot":{"x":0.5,"y":0.5},"meshType":0}],[0],0,[0],[0],[0]],[[{"name":"yxc_btn_sz","rect":{"x":659,"y":74,"width":70,"height":94},"offset":{"x":0,"y":0},"originalSize":{"width":70,"height":94},"rotated":true,"capInsets":[0,0,0,0],"packable":true,"pixelsToUnit":100,"pivot":{"x":0.5,"y":0.5},"meshType":0}],[0],0,[0],[0],[0]],[[{"name":"DDZ_xinhao4","rect":{"x":36,"y":11,"width":29,"height":32},"offset":{"x":0.5,"y":0},"originalSize":{"width":30,"height":32},"rotated":true,"capInsets":[0,0,0,0],"packable":true,"pixelsToUnit":100,"pivot":{"x":0.5,"y":0.5},"meshType":0}],[0],0,[0],[0],[0]],[[{"name":"yxc_btn_tg","rect":{"x":759,"y":87,"width":70,"height":94},"offset":{"x":0,"y":0},"originalSize":{"width":70,"height":94},"rotated":true,"capInsets":[0,0,0,0],"packable":true,"pixelsToUnit":100,"pivot":{"x":0.5,"y":0.5},"meshType":0}],[0],0,[0],[0],[0]],[[{"name":"yxc_hp_yp_zjls","rect":{"x":3,"y":296,"width":224,"height":98},"offset":{"x":0,"y":0},"originalSize":{"width":224,"height":98},"rotated":false,"capInsets":[112,0,112,0],"packable":true,"pixelsToUnit":100,"pivot":{"x":0.5,"y":0.5},"meshType":0}],[0],0,[0],[0],[0]],[[{"name":"yxc_img_gddb","rect":{"x":3,"y":537,"width":110,"height":715},"offset":{"x":0,"y":2.5},"originalSize":{"width":110,"height":720},"rotated":true,"capInsets":[0,0,0,0],"packable":true,"pixelsToUnit":100,"pivot":{"x":0.5,"y":0.5},"meshType":0}],[0],0,[0],[0],[0]],[[{"name":"DDZ_wifi2","rect":{"x":900,"y":3,"width":32,"height":26},"offset":{"x":0,"y":0},"originalSize":{"width":32,"height":26},"rotated":false,"capInsets":[0,0,0,0],"packable":true,"pixelsToUnit":100,"pivot":{"x":0.5,"y":0.5},"meshType":0}],[0],0,[0],[0],[0]],[[{"name":"an_dh_huang","rect":{"x":404,"y":241,"width":286,"height":97},"offset":{"x":0,"y":0.5},"originalSize":{"width":286,"height":98},"rotated":false,"capInsets":[0,0,0,0],"packable":true,"pixelsToUnit":100,"pivot":{"x":0.5,"y":0.5},"meshType":0}],[0],0,[0],[0],[0]],[[{"name":"DDZ_xinhao3","rect":{"x":74,"y":19,"width":29,"height":32},"offset":{"x":0.5,"y":0},"originalSize":{"width":30,"height":32},"rotated":true,"capInsets":[0,0,0,0],"packable":true,"pixelsToUnit":100,"pivot":{"x":0.5,"y":0.5},"meshType":0}],[0],0,[0],[0],[0]],[[{"name":"yxc_btn_gdzk","rect":{"x":859,"y":87,"width":70,"height":94},"offset":{"x":0,"y":0},"originalSize":{"width":70,"height":94},"rotated":true,"capInsets":[0,0,0,0],"packable":true,"pixelsToUnit":100,"pivot":{"x":0.5,"y":0.5},"meshType":0}],[0],0,[0],[0],[0]],[[{"name":"yxc_img_dzbz","rect":{"x":125,"y":58,"width":53,"height":57},"offset":{"x":0,"y":0},"originalSize":{"width":53,"height":57},"rotated":true,"capInsets":[0,0,0,0],"packable":true,"pixelsToUnit":100,"pivot":{"x":0.5,"y":0.5},"meshType":0}],[0],0,[0],[0],[0]],[[{"name":"yxc_img_dl","rect":{"x":152,"y":3,"width":29,"height":13},"offset":{"x":0,"y":0},"originalSize":{"width":29,"height":13},"rotated":false,"capInsets":[15,0,14,0],"packable":true,"pixelsToUnit":100,"pivot":{"x":0.5,"y":0.5},"meshType":0}],[0],0,[0],[0],[0]],[[{"name":"yxc_img_txk","rect":{"x":525,"y":344,"width":118,"height":118},"offset":{"x":0,"y":0},"originalSize":{"width":118,"height":118},"rotated":false,"capInsets":[0,0,0,0],"packable":true,"pixelsToUnit":100,"pivot":{"x":0.5,"y":0.5},"meshType":0}],[0],0,[0],[0],[0]],[[{"name":"DDZ_wifi3","rect":{"x":938,"y":3,"width":32,"height":26},"offset":{"x":0,"y":0},"originalSize":{"width":32,"height":26},"rotated":false,"capInsets":[0,0,0,0],"packable":true,"pixelsToUnit":100,"pivot":{"x":0.5,"y":0.5},"meshType":0}],[0],0,[0],[0],[0]],[[{"name":"yxc_img_jd","rect":{"x":69,"y":54,"width":50,"height":49},"offset":{"x":0,"y":0},"originalSize":{"width":50,"height":49},"rotated":false,"capInsets":[0,0,0,0],"packable":true,"pixelsToUnit":100,"pivot":{"x":0.5,"y":0.5},"meshType":0}],[0],0,[0],[0],[0]],[[{"name":"yxc_an_gdu","rect":{"x":612,"y":150,"width":85,"height":99},"offset":{"x":-0.5,"y":0.5},"originalSize":{"width":120,"height":120},"rotated":true,"capInsets":[0,0,0,0],"packable":true,"pixelsToUnit":100,"pivot":{"x":0.5,"y":0.5},"meshType":0}],[0],0,[0],[0],[0]],[[{"name":"yxc_yp_bs","rect":{"x":320,"y":23,"width":69,"height":33},"offset":{"x":-0.5,"y":0.5},"originalSize":{"width":76,"height":38},"rotated":false,"capInsets":[0,0,0,0],"packable":true,"pixelsToUnit":100,"pivot":{"x":0.5,"y":0.5},"meshType":0}],[0],0,[0],[0],[0]],[[{"name":"yxc_img_zjjddk","rect":{"x":473,"y":23,"width":50,"height":40},"offset":{"x":0,"y":0},"originalSize":{"width":50,"height":40},"rotated":false,"capInsets":[20,0,20,0],"packable":true,"pixelsToUnit":100,"pivot":{"x":0.5,"y":0.5},"meshType":0}],[0],0,[0],[0],[0]],[[{"name":"yxc_an_gd","rect":{"x":3,"y":447,"width":84,"height":516},"offset":{"x":0,"y":0},"originalSize":{"width":84,"height":516},"rotated":true,"capInsets":[0,0,0,0],"packable":true,"pixelsToUnit":100,"pivot":{"x":0.5,"y":0.5},"meshType":0}],[0],0,[0],[0],[0]],[[{"name":"yxc_btn_tc","rect":{"x":3,"y":109,"width":70,"height":94},"offset":{"x":0,"y":0},"originalSize":{"width":70,"height":94},"rotated":true,"capInsets":[0,0,0,0],"packable":true,"pixelsToUnit":100,"pivot":{"x":0.5,"y":0.5},"meshType":0}],[0],0,[0],[0],[0]],[[{"name":"DDZ_hongdian","rect":{"x":529,"y":23,"width":40,"height":40},"offset":{"x":0,"y":0},"originalSize":{"width":40,"height":40},"rotated":false,"capInsets":[0,0,0,0],"packable":true,"pixelsToUnit":100,"pivot":{"x":0.5,"y":0.5},"meshType":0}],[0],0,[0],[0],[0]],[[{"name":"yxc_img_wjjddk","rect":{"x":188,"y":23,"width":40,"height":30},"offset":{"x":0,"y":0},"originalSize":{"width":40,"height":30},"rotated":false,"capInsets":[15,0,15,0],"packable":true,"pixelsToUnit":100,"pivot":{"x":0.5,"y":0.5},"meshType":0}],[0],0,[0],[0],[0]],[[{"name":"DDZ_xinhao1","rect":{"x":112,"y":19,"width":29,"height":32},"offset":{"x":0.5,"y":0},"originalSize":{"width":30,"height":32},"rotated":true,"capInsets":[0,0,0,0],"packable":true,"pixelsToUnit":100,"pivot":{"x":0.5,"y":0.5},"meshType":0}],[0],0,[0],[0],[0]],[[{"name":"yxc_an_tg","rect":{"x":717,"y":163,"width":85,"height":99},"offset":{"x":-0.5,"y":0.5},"originalSize":{"width":120,"height":120},"rotated":true,"capInsets":[0,0,0,0],"packable":true,"pixelsToUnit":100,"pivot":{"x":0.5,"y":0.5},"meshType":0}],[0],0,[0],[0],[0]],[[{"name":"an_dh","rect":{"x":3,"y":200,"width":278,"height":90},"offset":{"x":0,"y":0},"originalSize":{"width":278,"height":90},"rotated":false,"capInsets":[0,0,0,0],"packable":true,"pixelsToUnit":100,"pivot":{"x":0.5,"y":0.5},"meshType":0}],[0],0,[0],[0],[0]],[[{"name":"yxc_img_dlk","rect":{"x":819,"y":3,"width":37,"height":19},"offset":{"x":0,"y":0},"originalSize":{"width":37,"height":19},"rotated":false,"capInsets":[0,0,0,0],"packable":true,"pixelsToUnit":100,"pivot":{"x":0.5,"y":0.5},"meshType":0}],[0],0,[0],[0],[0]],[[{"name":"DDZ_ok_shouzhi","rect":{"x":188,"y":62,"width":122,"height":56},"offset":{"x":0,"y":0},"originalSize":{"width":122,"height":56},"rotated":false,"capInsets":[0,0,0,0],"packable":true,"pixelsToUnit":100,"pivot":{"x":0.5,"y":0.5},"meshType":0}],[0],0,[0],[0],[0]],[[{"name":"yxc_bq_bs","rect":{"x":659,"y":23,"width":84,"height":41},"offset":{"x":0,"y":0.5},"originalSize":{"width":84,"height":42},"rotated":false,"capInsets":[0,0,0,0],"packable":true,"pixelsToUnit":100,"pivot":{"x":0.5,"y":0.5},"meshType":0}],[0],0,[0],[0],[0]],[[{"name":"yxc_btn_gz","rect":{"x":103,"y":124,"width":70,"height":94},"offset":{"x":0,"y":0},"originalSize":{"width":70,"height":94},"rotated":true,"capInsets":[0,0,0,0],"packable":true,"pixelsToUnit":100,"pivot":{"x":0.5,"y":0.5},"meshType":0}],[0],0,[0],[0],[0]],[[{"name":"an_dh_lan","rect":{"x":233,"y":344,"width":286,"height":97},"offset":{"x":0,"y":0.5},"originalSize":{"width":286,"height":98},"rotated":false,"capInsets":[0,0,0,0],"packable":true,"pixelsToUnit":100,"pivot":{"x":0.5,"y":0.5},"meshType":0}],[0],0,[0],[0],[0]],[[{"name":"yxc_an_jipaiqi","rect":{"x":696,"y":254,"width":107,"height":109},"offset":{"x":-0.5,"y":0.5},"originalSize":{"width":120,"height":120},"rotated":true,"capInsets":[0,0,0,0],"packable":true,"pixelsToUnit":100,"pivot":{"x":0.5,"y":0.5},"meshType":0}],[0],0,[0],[0],[0]],[[{"name":"yxc_btn_gd","rect":{"x":203,"y":124,"width":70,"height":94},"offset":{"x":0,"y":0},"originalSize":{"width":70,"height":94},"rotated":true,"capInsets":[0,0,0,0],"packable":true,"pixelsToUnit":100,"pivot":{"x":0.5,"y":0.5},"meshType":0}],[0],0,[0],[0],[0]],[[{"name":"DDZ_xinhao2","rect":{"x":150,"y":23,"width":29,"height":32},"offset":{"x":0.5,"y":0},"originalSize":{"width":30,"height":32},"rotated":true,"capInsets":[0,0,0,0],"packable":true,"pixelsToUnit":100,"pivot":{"x":0.5,"y":0.5},"meshType":0}],[0],0,[0],[0],[0]],[[{"name":"yxc_tips","rect":{"x":575,"y":23,"width":78,"height":40},"offset":{"x":0,"y":0},"originalSize":{"width":78,"height":40},"rotated":false,"capInsets":[8,13,70,13],"packable":true,"pixelsToUnit":100,"pivot":{"x":0.5,"y":0.5},"meshType":0}],[0],0,[0],[0],[0]],[[{"name":"DDZ_ximhaodiban","rect":{"x":817,"y":35,"width":174,"height":46},"offset":{"x":0,"y":0},"originalSize":{"width":174,"height":46},"rotated":false,"capInsets":[0,0,0,0],"packable":true,"pixelsToUnit":100,"pivot":{"x":0.5,"y":0.5},"meshType":0}],[0],0,[0],[0],[0]],[[{"name":"yxc_btn_j","rect":{"x":3,"y":11,"width":27,"height":27},"offset":{"x":-0.5,"y":0.5},"originalSize":{"width":50,"height":50},"rotated":false,"capInsets":[0,0,0,0],"packable":true,"pixelsToUnit":100,"pivot":{"x":0.5,"y":0.5},"meshType":0}],[0],0,[0],[0],[0]],[[{"name":"yxc_img_bs","rect":{"x":395,"y":23,"width":72,"height":33},"offset":{"x":0,"y":0},"originalSize":{"width":72,"height":33},"rotated":false,"capInsets":[0,0,0,0],"packable":true,"pixelsToUnit":100,"pivot":{"x":0.5,"y":0.5},"meshType":0}],[0],0,[0],[0],[0]],[[{"name":"SHOP_kanpaiqi2","rect":{"x":844,"y":381,"width":194,"height":176},"offset":{"x":-3.5,"y":-7.5},"originalSize":{"width":219,"height":219},"rotated":true,"capInsets":[0,0,0,0],"packable":true,"pixelsToUnit":100,"pivot":{"x":0.5,"y":0.5},"meshType":0}],[0],0,[0],[0],[0]],[[{"name":"yxc_an_lt","rect":{"x":811,"y":267,"width":108,"height":108},"offset":{"x":0,"y":0},"originalSize":{"width":120,"height":120},"rotated":false,"capInsets":[0,0,0,0],"packable":true,"pixelsToUnit":100,"pivot":{"x":0.5,"y":0.5},"meshType":0}],[0],0,[0],[0],[0]],[[{"name":"yxc_an_jipaiqidakai","rect":{"x":3,"y":724,"width":846,"height":124},"offset":{"x":0,"y":0},"originalSize":{"width":846,"height":124},"rotated":false,"capInsets":[0,0,0,0],"packable":true,"pixelsToUnit":100,"pivot":{"x":0.5,"y":0.5},"meshType":0}],[0],0,[0],[0],[0]],[[{"name":"DDZ_wifi1","rect":{"x":976,"y":3,"width":32,"height":26},"offset":{"x":0,"y":0},"originalSize":{"width":32,"height":26},"rotated":false,"capInsets":[0,0,0,0],"packable":true,"pixelsToUnit":100,"pivot":{"x":0.5,"y":0.5},"meshType":0}],[0],0,[0],[0],[0]],[[{"name":"yxc_img_jpqdk","rect":{"x":3,"y":46,"width":60,"height":46},"offset":{"x":0,"y":0},"originalSize":{"width":60,"height":46},"rotated":false,"capInsets":[25,0,25,0],"packable":true,"pixelsToUnit":100,"pivot":{"x":0.5,"y":0.5},"meshType":0}],[0],0,[0],[0],[0]]]]
