[1,["a5vhjtMW1P75N/3551gsLK@f9941","a5vhjtMW1P75N/3551gsLK@6c48a"],["spriteFrame","_textureSource"],["cc.SpriteFrame",["cc.BitmapFont",["_name","fontSize","fntConfig"],0]],[[1,0,1,2,4]],[[[[0,"js_an_z3-num",32,{"commonHeight":38,"fontSize":32,"atlasName":"js_an_z3-num.png","fontDefDictionary":{"9":{"xOffset":0,"yOffset":0,"xAdvance":8,"rect":{"x":0,"y":0,"width":0,"height":0}},"32":{"xOffset":0,"yOffset":0,"xAdvance":1,"rect":{"x":0,"y":0,"width":0,"height":0}},"48":{"xOffset":0,"yOffset":6,"xAdvance":21,"rect":{"x":41,"y":0,"width":21,"height":32}},"49":{"xOffset":0,"yOffset":6,"xAdvance":18,"rect":{"x":66,"y":223,"width":18,"height":32}},"50":{"xOffset":0,"yOffset":6,"xAdvance":21,"rect":{"x":39,"y":116,"width":21,"height":32}},"51":{"xOffset":0,"yOffset":6,"xAdvance":21,"rect":{"x":45,"y":190,"width":21,"height":32}},"52":{"xOffset":0,"yOffset":6,"xAdvance":22,"rect":{"x":0,"y":193,"width":22,"height":32}},"53":{"xOffset":0,"yOffset":7,"xAdvance":21,"rect":{"x":41,"y":33,"width":21,"height":31}},"54":{"xOffset":0,"yOffset":6,"xAdvance":21,"rect":{"x":23,"y":193,"width":21,"height":32}},"55":{"xOffset":0,"yOffset":7,"xAdvance":20,"rect":{"x":45,"y":223,"width":20,"height":31}},"56":{"xOffset":0,"yOffset":6,"xAdvance":21,"rect":{"x":40,"y":80,"width":21,"height":32}},"57":{"xOffset":0,"yOffset":6,"xAdvance":21,"rect":{"x":38,"y":156,"width":21,"height":33}},"20877":{"xOffset":0,"yOffset":6,"xAdvance":39,"rect":{"x":0,"y":80,"width":39,"height":35}},"22870":{"xOffset":0,"yOffset":2,"xAdvance":40,"rect":{"x":0,"y":0,"width":40,"height":39}},"23616":{"xOffset":0,"yOffset":5,"xAdvance":37,"rect":{"x":0,"y":156,"width":37,"height":36}},"25277":{"xOffset":0,"yOffset":2,"xAdvance":38,"rect":{"x":0,"y":116,"width":38,"height":39}},"36194":{"xOffset":0,"yOffset":2,"xAdvance":40,"rect":{"x":0,"y":40,"width":40,"height":39}}},"kerningDict":{}}]],0,0,[0],[0],[0]],[[{"name":"js_an_z3-num","rect":{"x":0,"y":0,"width":84,"height":255},"offset":{"x":-22,"y":0.5},"originalSize":{"width":128,"height":256},"rotated":false,"capInsets":[0,0,0,0],"vertices":{"rawPosition":[-42,-127.5,0,42,-127.5,0,-42,127.5,0,42,127.5,0],"indexes":[0,1,2,2,1,3],"uv":[0,256,84,256,0,1,84,1],"nuv":[0,0.00390625,0.65625,0.00390625,0,1,0.65625,1],"minPos":{"x":-42,"y":-127.5,"z":0},"maxPos":{"x":42,"y":127.5,"z":0}},"packable":true,"pixelsToUnit":100,"pivot":{"x":0.5,"y":0.5},"meshType":0}],[0],0,[0],[1],[1]]]]
