[1,["fbcnBXgmVP/IRM/bmo6DJs@f9941","3cqJjVY8dIEYCIO3jMSJgN@6c48a","ecHpqwBCBJ16mlUeOfWGse@6c48a","ecHpqwBCBJ16mlUeOfWGse@f9941","3cqJjVY8dIEYCIO3jMSJgN@f9941","fbcnBXgmVP/IRM/bmo6DJs@6c48a"],["node","_spriteFrame","_textureSource","root","data"],[["cc.Node",["_name","_layer","_components","_prefab","_parent","_children","_lpos"],1,9,4,1,2,5],"cc.SpriteFrame",["cc.UITransform",["node","__prefab","_contentSize","_anchorPoint"],3,1,4,5,5],["cc.Sprite",["_isTrimmedMode","_type","_sizeMode","node","__prefab","_spriteFrame"],0,1,4,6],["cc.Prefab",["_name"],2],["cc.UIOpacity",["node","__prefab"],3,1,4],["cc.CompPrefabInfo",["fileId"],2],["cc.PrefabInfo",["fileId","instance","targetOverrides","nestedPrefabInstanceRoots","root","asset"],-1,1,1],["cc.BlockInputEvents",["node","__prefab"],3,1,4],["cc.Widget",["_alignFlags","node","__prefab"],2,1,4]],[[6,0,2],[5,0,1,1],[7,0,1,2,3,4,5,5],[2,0,1,2,1],[0,0,1,4,2,3,6,3],[3,1,2,0,3,4,5,4],[0,0,1,4,5,2,3,6,3],[0,0,1,4,2,3,3],[2,0,1,2,3,1],[8,0,1,1],[3,0,3,4,2],[9,0,1,2,2],[4,0,2],[0,0,1,5,2,3,3]],[[[{"name":"XZPX_sidaier","rect":{"x":0,"y":0,"width":231,"height":85},"offset":{"x":-0.5,"y":0.5},"originalSize":{"width":232,"height":86},"rotated":false,"capInsets":[0,0,0,0],"vertices":{"rawPosition":[-115.5,-42.5,0,115.5,-42.5,0,-115.5,42.5,0,115.5,42.5,0],"indexes":[0,1,2,2,1,3],"uv":[0,86,231,86,0,1,231,1],"nuv":[0,0.011627906976744186,0.9956896551724138,0.011627906976744186,0,1,0.9956896551724138,1],"minPos":{"x":-115.5,"y":-42.5,"z":0},"maxPos":{"x":115.5,"y":42.5,"z":0}},"packable":true,"pixelsToUnit":100,"pivot":{"x":0.5,"y":0.5},"meshType":0}],[1],0,[0],[2],[1]],[[{"name":"XZPX_feiji","rect":{"x":0,"y":0,"width":178,"height":85},"offset":{"x":0,"y":0.5},"originalSize":{"width":178,"height":86},"rotated":false,"capInsets":[0,0,0,0],"vertices":{"rawPosition":[-89,-42.5,0,89,-42.5,0,-89,42.5,0,89,42.5,0],"indexes":[0,1,2,2,1,3],"uv":[0,86,178,86,0,1,178,1],"nuv":[0,0.011627906976744186,1,0.011627906976744186,0,1,1,1],"minPos":{"x":-89,"y":-42.5,"z":0},"maxPos":{"x":89,"y":42.5,"z":0}},"packable":true,"pixelsToUnit":100,"pivot":{"x":0.5,"y":0.5},"meshType":0}],[1],0,[0],[2],[2]],[[[12,"node_multiple_choose_card"],[13,"node_multiple_choose_card",33554432,[-4,-5],[[1,-2,[0,"faPxWi+GFG367bensKFubt"]],[3,-3,[0,"27kjdBhTlKr40hUpWosgfl"],[5,0,0]]],[2,"763s9OJvREa6R5bnzI7D48",null,null,null,-1,0]],[6,"Sequence_Of_Triplets_Layout",33554432,1,[-10,-11,-12],[[9,-6,[0,"e2/uiQq+BI8oS3pv59bJcl"]],[1,-7,[0,"77KVTlp6BJY4lrWDC9XZkK"]],[3,-8,[0,"69pypdC7xL5KAvnB8+6Gc9"],[5,1100,194]],[5,1,0,false,-9,[0,"52ZZFFI2FDjq4UB5IN79wM"],1]],[2,"27R9QxBYlC+J/uPW63AZoj",null,null,null,1,0],[1,1.0953,413.5666,0]],[6,"Quadplex_Attached_Two_Pairs_Layout",33554432,1,[-17,-18,-19],[[9,-13,[0,"d84nRl8jBFzZiFf8GDDZcz"]],[1,-14,[0,"e9FmwbYQhJlL2m60t4uWAu"]],[3,-15,[0,"10SCsNDFlO8aSYbV3iJEOy"],[5,1100,194]],[5,1,0,false,-16,[0,"62mlgYu9BB/Yf0HVpIgU/u"],3]],[2,"e1NMzYdIVHf52lDYrKOIe6",null,null,null,1,0],[1,-1.7129,185.731,0]],[7,"background",33554432,2,[[10,false,-20,[0,"70hVhsvZZN2puJqs9s7okq"]],[11,18,-21,[0,"e8FCu1eZpNPavKct/u0lub"]],[1,-22,[0,"4670YtkAxIvaN9O8ZuFzSG"]],[3,-23,[0,"31eDczMnJGfZUccur5FIyD"],[5,0,0]]],[2,"d3poOoM/1EJ4tqUsfbGFNZ",null,null,null,1,0]],[7,"background",33554432,3,[[10,false,-24,[0,"e0SxQP5ApCZ45LWyHTa27B"]],[11,18,-25,[0,"09813720pNsKxCtGiwwVOq"]],[1,-26,[0,"e3ksHlFRtGp6JgtYb+1T1K"]],[3,-27,[0,"93PoEpNQJPFoOBNt8GTQbn"],[5,0,0]]],[2,"68oGbGBV5Bn6NJDIgD6Yqf",null,null,null,1,0]],[4,"Img_Plane",33554432,2,[[5,1,0,false,-28,[0,"8aUtrLx8xFuKkS4SRTHlvu"],0],[1,-29,[0,"71h6MLjjxFyZG63ceoYkoh"]],[3,-30,[0,"dak7YzHdtFCJlKy3nYT+Ld"],[5,178,86]]],[2,"36ag5wXl5DBajlbdaI6LPf",null,null,null,1,0],[1,-421.8,-1.47,0]],[4,"Img_bomb",33554432,3,[[5,1,0,false,-31,[0,"3f1oyKzp1GqZzPxPnfUMRb"],2],[1,-32,[0,"66vr6G2MhD8KG6slNXwQDD"]],[3,-33,[0,"64Acdv26ZBN4r9e4RAZVF5"],[5,232,86]]],[2,"31hT+oEY9MR7iUwd8ddOHu",null,null,null,1,0],[1,-394.134,1.557,0]],[4,"Node_1",33554432,2,[[1,-34,[0,"70jvvRTdVNo5yihxEKBbv+"]],[8,-35,[0,"57gdrcnZBIVqiQNpuFsgxy"],[5,0,0],[0,0,0]]],[2,"e0hqHO9sRJPaenKtZJg61T",null,null,null,1,0],[1,-285.771,0,0]],[4,"Node_2",33554432,3,[[1,-36,[0,"20TTmklnVEPJQDC3kW9egT"]],[8,-37,[0,"91HRzPUstFqrlmbMJnggHN"],[5,0,0],[0,0,0]]],[2,"eam9lCcvhOyof1a4ACmpTi",null,null,null,1,0],[1,-285.771,0,0]]],0,[0,3,1,0,0,1,0,0,1,0,-1,2,0,-2,3,0,0,2,0,0,2,0,0,2,0,0,2,0,-1,4,0,-2,6,0,-3,8,0,0,3,0,0,3,0,0,3,0,0,3,0,-1,5,0,-2,7,0,-3,9,0,0,4,0,0,4,0,0,4,0,0,4,0,0,5,0,0,5,0,0,5,0,0,5,0,0,6,0,0,6,0,0,6,0,0,7,0,0,7,0,0,7,0,0,8,0,0,8,0,0,9,0,0,9,0,4,1,37],[0,0,0,0],[1,1,1,1],[3,0,4,0]],[[{"name":"XZPX_mianban","rect":{"x":0,"y":0,"width":834,"height":194},"offset":{"x":0,"y":0},"originalSize":{"width":834,"height":194},"rotated":false,"capInsets":[0,0,0,0],"vertices":{"rawPosition":[-417,-97,0,417,-97,0,-417,97,0,417,97,0],"indexes":[0,1,2,2,1,3],"uv":[0,194,834,194,0,0,834,0],"nuv":[0,0,1,0,0,1,1,1],"minPos":{"x":-417,"y":-97,"z":0},"maxPos":{"x":417,"y":97,"z":0}},"packable":true,"pixelsToUnit":100,"pivot":{"x":0.5,"y":0.5},"meshType":0}],[1],0,[0],[2],[5]]]]
