[1,["a9N5ttwDNF74tQXcLYwHlB@f9941","a9N5ttwDNF74tQXcLYwHlB@6c48a"],["spriteFrame","_textureSource"],["cc.SpriteFrame",["cc.BitmapFont",["_name","fontSize","fntConfig"],0]],[[1,0,1,2,4]],[[[[0,"yxc_hp_yp_sz-num",32,{"commonHeight":36,"fontSize":32,"atlasName":"yxc_hp_yp_sz-num.png","fontDefDictionary":{"9":{"xOffset":0,"yOffset":0,"xAdvance":0,"rect":{"x":0,"y":0,"width":0,"height":0}},"32":{"xOffset":0,"yOffset":0,"xAdvance":0,"rect":{"x":0,"y":0,"width":0,"height":0}},"46":{"xOffset":0,"yOffset":25,"xAdvance":10,"rect":{"x":0,"y":111,"width":11,"height":11}},"48":{"xOffset":0,"yOffset":4,"xAdvance":21,"rect":{"x":82,"y":0,"width":22,"height":32}},"49":{"xOffset":0,"yOffset":4,"xAdvance":20,"rect":{"x":104,"y":0,"width":21,"height":31}},"50":{"xOffset":0,"yOffset":4,"xAdvance":21,"rect":{"x":94,"y":95,"width":22,"height":31}},"51":{"xOffset":0,"yOffset":4,"xAdvance":21,"rect":{"x":94,"y":63,"width":22,"height":32}},"52":{"xOffset":0,"yOffset":4,"xAdvance":22,"rect":{"x":37,"y":32,"width":23,"height":31}},"53":{"xOffset":0,"yOffset":4,"xAdvance":22,"rect":{"x":37,"y":0,"width":23,"height":32}},"54":{"xOffset":0,"yOffset":4,"xAdvance":21,"rect":{"x":72,"y":64,"width":22,"height":32}},"55":{"xOffset":0,"yOffset":4,"xAdvance":21,"rect":{"x":82,"y":32,"width":22,"height":31}},"56":{"xOffset":0,"yOffset":4,"xAdvance":21,"rect":{"x":60,"y":0,"width":22,"height":32}},"57":{"xOffset":0,"yOffset":4,"xAdvance":21,"rect":{"x":60,"y":32,"width":22,"height":32}},"19975":{"xOffset":0,"yOffset":3,"xAdvance":35,"rect":{"x":36,"y":75,"width":36,"height":35}},"20159":{"xOffset":0,"yOffset":0,"xAdvance":36,"rect":{"x":0,"y":0,"width":37,"height":38}},"21315":{"xOffset":0,"yOffset":1,"xAdvance":36,"rect":{"x":0,"y":38,"width":37,"height":37}},"30334":{"xOffset":0,"yOffset":2,"xAdvance":35,"rect":{"x":0,"y":75,"width":36,"height":36}}},"kerningDict":{}}]],0,0,[0],[0],[0]],[[{"name":"yxc_hp_yp_sz-num","rect":{"x":0,"y":0,"width":125,"height":126},"offset":{"x":0,"y":0},"originalSize":{"width":125,"height":126},"rotated":false,"capInsets":[0,0,0,0],"vertices":{"rawPosition":[-62.5,-63,0,62.5,-63,0,-62.5,63,0,62.5,63,0],"indexes":[0,1,2,2,1,3],"uv":[0,126,125,126,0,0,125,0],"nuv":[0,0,1,0,0,1,1,1],"minPos":{"x":-62.5,"y":-63,"z":0},"maxPos":{"x":62.5,"y":63,"z":0}},"packable":true,"pixelsToUnit":100,"pivot":{"x":0.5,"y":0.5},"meshType":0}],[0],0,[0],[1],[1]]]]
