[1,["5aY1EnWINIIKtP7V4Ku7er","0aUUj28RlJeqanS8tQV5Zk@f9941","0aUUj28RlJeqanS8tQV5Zk@6c48a","a5FOKJpO9CBZnUh55RzsDa@6c48a","a5FOKJpO9CBZnUh55RzsDa@f9941","9bnpJJ51xFYYQr58Z9FUdY@fec8b","9bnpJJ51xFYYQr58Z9FUdY@9606b","2cpi794PtCSpmRpGs+Z1ry@e31b2","a6VsJIXKBBWr899Qwuhi59"],["node","_customMaterial","_spriteFrame","_textureSource","root","data"],[["cc.Node",["_name","_layer","_active","_components","_prefab","_parent","_lpos","_children","_lscale","_lrot","_euler"],0,9,4,1,5,2,5,5,5],"cc.SpriteFrame",["cc.UIOpacity",["_opacity","node","__prefab"],2,1,4],["cc.UITransform",["node","__prefab","_contentSize","_anchorPoint"],3,1,4,5,5],["cc.Sprite",["_sizeMode","_isTrimmedMode","_dstBlendFactor","node","__prefab","_customMaterial","_spriteFrame","_color"],0,1,4,6,6,5],["cc.Prefab",["_name"],2],["cc.Animation",["node","__prefab","_clips"],3,1,4,3],["cc.CompPrefabInfo",["fileId"],2],["cc.PrefabInfo",["fileId","instance","targetOverrides","nestedPrefabInstanceRoots","root","asset"],-1,1,1],["cc.Widget",["_alignFlags","_left","_bottom","_isAbsLeft","_isAbsBottom","node","__prefab"],-2,1,4],["cc.Label",["_string","_horizontalAlign","_actualFontSize","_fontSize","_lineHeight","_underlineHeight","node","__prefab"],-3,1,4]],[[7,0,2],[8,0,1,2,3,4,5,5],[3,0,1,2,1],[2,1,2,1],[2,0,1,2,2],[0,0,1,5,3,4,6,8,3],[4,0,1,3,4,5,6,3],[4,2,0,1,3,4,7,5,6,4],[0,0,2,1,5,3,4,6,4],[5,0,2],[0,0,1,7,3,4,3],[0,0,1,5,7,3,4,3],[0,0,1,5,7,3,4,6,9,8,10,3],[0,0,1,5,3,4,6,3],[6,0,1,2,1],[3,0,1,2,3,1],[9,0,1,2,3,4,5,6,6],[10,0,1,2,3,4,5,6,7,7]],[[[{"name":"DDZ_3bei","rect":{"x":1,"y":1,"width":127,"height":74},"offset":{"x":0,"y":0.5},"originalSize":{"width":129,"height":77},"rotated":false,"capInsets":[0,0,0,0],"vertices":{"rawPosition":[-63.5,-37,0,63.5,-37,0,-63.5,37,0,63.5,37,0],"indexes":[0,1,2,2,1,3],"uv":[1,76,128,76,1,2,128,2],"nuv":[0.007751937984496124,0.025974025974025976,0.9922480620155039,0.025974025974025976,0.007751937984496124,0.987012987012987,0.9922480620155039,0.987012987012987],"minPos":{"x":-63.5,"y":-37,"z":0},"maxPos":{"x":63.5,"y":37,"z":0}},"packable":true,"pixelsToUnit":100,"pivot":{"x":0.5,"y":0.5},"meshType":0}],[1],0,[0],[3],[2]],[[{"name":"yxc_bq_bs","rect":{"x":0,"y":0,"width":84,"height":41},"offset":{"x":0,"y":0.5},"originalSize":{"width":84,"height":42},"rotated":false,"capInsets":[0,0,0,0],"vertices":{"rawPosition":[-42,-20.5,0,42,-20.5,0,-42,20.5,0,42,20.5,0],"indexes":[0,1,2,2,1,3],"uv":[0,42,84,42,0,1,84,1],"nuv":[0,0.023809523809523808,1,0.023809523809523808,0,1,1,1],"minPos":{"x":-42,"y":-20.5,"z":0},"maxPos":{"x":42,"y":20.5,"z":0}},"packable":true,"pixelsToUnit":100,"pivot":{"x":0.5,"y":0.5},"meshType":0}],[1],0,[0],[3],[3]],[[[9,"ani_beishubianhua_1"],[10,"ani_beishubianhua_1",33554432,[-5],[[14,-2,[0,"c5skgEmXpBw78/zQJ5uxTz"],[12]],[3,-3,[0,"c3IfpeJohCXLo1j8cCCMyA"]],[2,-4,[0,"428GLnentIjbAvspZ4XJhb"],[5,0,0]]],[1,"23jgWYNg5PlYb0Mf2YSmoY",null,null,null,-1,0]],[11,"Node_fanbei",33554432,1,[-8,-9,-10,-11,-12,-13],[[3,-6,[0,"70uuH7acNAl5qpSqZigoPj"]],[15,-7,[0,"3cCAs2QIZMnpYeVadefImf"],[5,0,0],[0,0,0]]],[1,"a4trVqdO5Ol78DyfyhFi1A",null,null,null,1,0]],[12,"DDZ_2bei_1",33554432,2,[-17],[[6,2,false,-14,[0,"6ay7DOsrtAxqfIWapplNyk"],0,1],[4,0,-15,[0,"d92HBKTKxO2L8984SNMg3V"]],[2,-16,[0,"efk0dHpG9KopUSa7z9m723"],[5,84,42]]],[1,"760QZqzr9MXJejmxvqjM7e",null,null,null,1,0],[1,-0.1332,-2.1518,0],[3,0,0,-0.13052619222005157,0.9914448613738104],[1,0.2,0.2,1],[1,0,0,-15]],[13,"Text_dipaibeishu",33554432,3,[[16,12,0.24066666666666667,0.07997619047619046,false,false,-18,[0,"2e4sbpxd5NprhiTsPiz+Rq"]],[17,"3倍",0,28,28,0,0,-19,[0,"28x4HH3ZZHxoFS17hjornG"]],[3,-20,[0,"e0V1BAs25IRKebh71YI8xU"]],[2,-21,[0,"00jJLET/9ItLAALSyr1rCP"],[5,43.57,35.28]]],[1,"cbpNofQZRNTLDdgXZX1yTC",null,null,null,1,0],[1,0.0010000000000012221,-0.0010000000000012221,0]],[8,"DDZ_3bei_2",false,33554432,2,[[6,2,false,-22,[0,"99XWGNFUFMAqIfMS+PQ+nY"],2,3],[3,-23,[0,"e2pMyzxVxDP4SBM0HsdBQO"]],[2,-24,[0,"e3Yb9LFZ9BFZRRKFRZ0jGf"],[5,129,77]]],[1,"06sUVymfBLh4gKA0vPVXXS",null,null,null,1,0],[1,-0.1328,-2.1518,0]],[8,"DDZ_4bei_3",false,33554432,2,[[6,2,false,-25,[0,"9cmkfP2wRIbqp/tl8CG5/b"],4,5],[3,-26,[0,"b4GiU52wpOo697fH+1Szn7"]],[2,-27,[0,"adYYUGHQ9GJb+BsbBWEuRV"],[5,129,77]]],[1,"f1mtXoB7ZKGpEYbPvXYa7W",null,null,null,1,0],[1,-0.1328,-2.1518,0]],[5,"tx_youxichang_liandui_light_01_2",33554432,2,[[7,1,2,false,-28,[0,"78136ZxFBMTaXGLxeJmDbm"],[4,4278232575],6,7],[4,0,-29,[0,"31yruQcCNKkrFPWpHf1SbE"]],[2,-30,[0,"77HzZWZ6xAv6ePTpJ8+kKW"],[5,661,335]]],[1,"5dTr0Tp4ZIMZChBK1S/M9G",null,null,null,1,0],[1,-0.3079,-0.1035,0],[1,0.8,0.8,1]],[5,"tx_youxichang_liandui_light_yuan_3",33554432,2,[[7,1,2,false,-31,[0,"3fOna6oKRFabaiAbN7uqI8"],[4,4278232575],8,9],[4,0,-32,[0,"61W3LR8p5HKp1anqww/0Nl"]],[2,-33,[0,"b40Pb6IU1Fxrcs6qpuZDPc"],[5,425,425]]],[1,"2dqVHhmL1ADpaEmAjYjjY9",null,null,null,1,0],[1,-5.2586,-1.5682,0],[1,0.25,0.25,1]],[5,"tx_youxichang_wangzha_light03_20",33554432,2,[[7,1,2,false,-34,[0,"2eZfyMpmdDcYrdoJ5oilN7"],[4,4278232575],10,11],[4,0,-35,[0,"d4DGfqw6lEj7LOja4bkEjW"]],[2,-36,[0,"b3PmRfdu1EM7aN7nxnaRPY"],[5,428,445]]],[1,"e6fH1Gv1FJPotJWMfS10Vv",null,null,null,1,0],[1,-6.1817,-3.3937,0],[1,0.5,0.5,1]]],0,[0,4,1,0,0,1,0,0,1,0,0,1,0,-1,2,0,0,2,0,0,2,0,-1,3,0,-2,5,0,-3,6,0,-4,7,0,-5,8,0,-6,9,0,0,3,0,0,3,0,0,3,0,-1,4,0,0,4,0,0,4,0,0,4,0,0,4,0,0,5,0,0,5,0,0,5,0,0,6,0,0,6,0,0,6,0,0,7,0,0,7,0,0,7,0,0,8,0,0,8,0,0,8,0,0,9,0,0,9,0,0,9,0,5,1,36],[0,0,0,0,0,0,0,0,0,0,0,0,0],[1,2,1,2,1,2,1,2,1,2,1,2,-1],[0,4,0,1,0,1,0,5,0,6,0,7,8]]]]
