[1,["d8PcmsPxtF+pqr2tq24Jz1@6c48a","41OjMzpU9Hbr9AjapxrOMP@6c48a","7dj5uJT9FMn6OrOOx83tfK@f9941","44Ek1pSIRCiIrbKMZi7sFH","18/HkNG9BH9qsB2Wiy82hE@c6737","18/HkNG9BH9qsB2Wiy82hE@05c30","30st5JeURDSoLottONqy0H@3854f","46XTzkZW5Jk51Wu+8QHYLr@f9941","f0g5dHnqNJP5CyJi857xto@f9941","8aYo7YmkhPyp1NCDYgoAma@f9941","e8t33aOv9EQ4F02wEbGYJU","16jutpjINGI5l9WED9qU9k@6c48a","12JAF7EBxOUI5qkpKgMnia@f9941","52SGNLLr1Lr7vXUCTakcoj@f9941","18/HkNG9BH9qsB2Wiy82hE@97582","16jutpjINGI5l9WED9qU9k@f9941","28mlXrEO5K5rA4YOy/PnwP","18/HkNG9BH9qsB2Wiy82hE@6e817","18/HkNG9BH9qsB2Wiy82hE@41902","18/HkNG9BH9qsB2Wiy82hE@27d50","18/HkNG9BH9qsB2Wiy82hE@7f866","18/HkNG9BH9qsB2Wiy82hE@a2a0a","18/HkNG9BH9qsB2Wiy82hE@9539a","18/HkNG9BH9qsB2Wiy82hE@990ef","18/HkNG9BH9qsB2Wiy82hE@9ce2a","b0QhBTUclLcZWLK0J+kJz1@f9941","7as46pH1VCpJsknjRJVIeW@f9941","e6bKTF9ahJT4ztWyDtMjjK"],["node","_textureSource","_spriteFrame","root","asset","_parent","data","_defaultClip"],["cc.SpriteFrame",["cc.Node",["_name","_layer","_active","_objFlags","__editorExtras__","_prefab","_components","_parent","_lpos","_children","_lscale","_lrot","_euler"],-2,4,9,1,5,2,5,5,5],["cc.Widget",["_alignFlags","_isAbsLeft","_isAbsBottom","_enabled","_right","_top","_isAbsRight","_isAbsTop","_originalWidth","_originalHeight","_alignMode","_left","_bottom","node","__prefab"],-10,1,4],["cc.Sprite",["_sizeMode","_isTrimmedMode","_dstBlendFactor","node","__prefab","_spriteFrame","_color"],0,1,4,6,5],["cc.UITransform",["node","__prefab","_contentSize","_anchorPoint"],3,1,4,5,5],"cc.SpriteAtlas",["cc.Animation",["node","__prefab","_clips","_defaultClip"],3,1,4,3,6],["cc.UIOpacity",["_opacity","node","__prefab"],2,1,4],["cc.Prefab",["_name"],2],["cc.CompPrefabInfo",["fileId"],2],["cc.PrefabInfo",["fileId","instance","targetOverrides","root","asset","nestedPrefabInstanceRoots"],0,1,1,2],["cc.PrefabInfo",["fileId","instance","targetOverrides","nestedPrefabInstanceRoots","root","asset"],-1,1,1],["cc.PrefabInfo",["fileId","targetOverrides","nestedPrefabInstanceRoots","root","instance","asset"],0,1,4,6],["cc.BlockInputEvents",["node","__prefab"],3,1,4],["cc.TargetInfo",["localID"],2],["cc.Label",["_string","_actualFontSize","_fontSize","_isBold","node","__prefab","_color"],-1,1,4,5],["cc.PrefabInstance",["fileId","prefabRootNode","propertyOverrides"],2,1,9],["CCPropertyOverrideInfo",["value","propertyPath","targetInfo"],1,1],["CCPropertyOverrideInfo",["propertyPath","targetInfo","value"],2,1,8],["CCPropertyOverrideInfo",["propertyPath","targetInfo","value"],2,4,8]],[[9,0,2],[11,0,1,2,3,4,5,5],[4,0,1,2,1],[14,0,2],[7,0,1,2,2],[19,0,1,2,2],[3,0,1,3,4,5,3],[7,1,2,1],[18,0,1,2,2],[4,0,1,2,3,1],[1,0,1,7,6,5,8,3],[1,0,1,7,9,6,5,8,3],[3,2,0,1,3,4,5,4],[1,0,1,7,6,5,8,10,3],[2,0,13,14,2],[1,0,1,7,9,6,5,3],[1,0,1,7,6,5,3],[1,0,1,7,6,5,8,11,10,12,3],[1,3,4,7,5,3],[12,0,1,2,3,4,5,4],[13,0,1,1],[3,0,1,3,4,6,5,3],[16,0,1,2,2],[17,0,1,2,3],[15,0,1,2,3,4,5,6,5],[1,0,1,9,6,5,8,3],[1,0,1,7,6,5,11,12,3],[1,0,2,1,7,6,5,8,4],[2,0,11,12,1,2,13,14,6],[8,0,2],[1,0,1,9,6,5,3],[1,0,1,9,6,5,10,3],[1,0,1,7,9,6,5,8,10,3],[1,0,1,7,6,5,10,3],[1,0,1,7,6,5,11,10,12,3],[6,0,1,2,3,1],[6,0,1,2,1],[4,0,1,1],[10,0,1,2,3,4,5,4],[2,3,4,5,1,6,7,2,8,9,13,14,10],[2,0,10,13,14,3],[3,3,4,5,1]],[[[{"name":"js_sz_di6","rect":{"x":0,"y":0,"width":132,"height":445},"offset":{"x":0,"y":0},"originalSize":{"width":132,"height":445},"rotated":false,"capInsets":[0,0,0,0],"vertices":{"rawPosition":[-66,-222.5,0,66,-222.5,0,-66,222.5,0,66,222.5,0],"indexes":[0,1,2,2,1,3],"uv":[0,445,132,445,0,0,132,0],"nuv":[0,0,1,0,0,1,1,1],"minPos":{"x":-66,"y":-222.5,"z":0},"maxPos":{"x":66,"y":222.5,"z":0}},"packable":true,"pixelsToUnit":100,"pivot":{"x":0.5,"y":0.5},"meshType":0}],[0],0,[0],[1],[11]],[[{"name":"2022js_sl","spriteFrames":["2022jiesuan_sl1_00000","18/HkNG9BH9qsB2Wiy82hE@a2a0a","2022jiesuan_sl2_00000","18/HkNG9BH9qsB2Wiy82hE@9539a","2022jiesuan_sl3_00000","18/HkNG9BH9qsB2Wiy82hE@990ef","js_chk","18/HkNG9BH9qsB2Wiy82hE@5ca1e","js_dft_s","18/HkNG9BH9qsB2Wiy82hE@f9ea2","js_jdt","18/HkNG9BH9qsB2Wiy82hE@7073b","js_sz_1","18/HkNG9BH9qsB2Wiy82hE@27d50","js_sz_2","18/HkNG9BH9qsB2Wiy82hE@7f866","js_sz_di","18/HkNG9BH9qsB2Wiy82hE@97582","js_sz_di2","18/HkNG9BH9qsB2Wiy82hE@c6737","js_sz_di3","18/HkNG9BH9qsB2Wiy82hE@05c30","js_sz_di4","18/HkNG9BH9qsB2Wiy82hE@41902","js_sz_di5","18/HkNG9BH9qsB2Wiy82hE@6e817","js_sz_dwd","18/HkNG9BH9qsB2Wiy82hE@92df9","js_sz_lshdd","18/HkNG9BH9qsB2Wiy82hE@951a2","js_sz_sx","18/HkNG9BH9qsB2Wiy82hE@88275","js_sz_t","18/HkNG9BH9qsB2Wiy82hE@9ce2a"]}],[5],0,[],[],[]],[[{"name":"js_sz_di3","rect":{"x":3065,"y":2,"width":687,"height":686},"offset":{"x":0,"y":0},"originalSize":{"width":687,"height":686},"rotated":true,"capInsets":[0,0,0,0],"vertices":{"rawPosition":[],"indexes":[],"uv":[],"nuv":[],"minPos":{"x":0,"y":0,"z":0},"maxPos":{"x":0,"y":0,"z":0}},"packable":true,"pixelsToUnit":100,"pivot":{"x":0.5,"y":0.5},"meshType":0}],[0],0,[0],[1],[0]],[[{"name":"js_sz_1","rect":{"x":3391,"y":691,"width":326,"height":299},"offset":{"x":0,"y":0},"originalSize":{"width":326,"height":299},"rotated":false,"capInsets":[0,0,0,0],"vertices":{"rawPosition":[],"indexes":[],"uv":[],"nuv":[],"minPos":{"x":0,"y":0,"z":0},"maxPos":{"x":0,"y":0,"z":0}},"packable":true,"pixelsToUnit":100,"pivot":{"x":0.5,"y":0.5},"meshType":0}],[0],0,[0],[1],[0]],[[{"name":"js_sz_di4","rect":{"x":380,"y":666,"width":407,"height":208},"offset":{"x":0,"y":0},"originalSize":{"width":407,"height":208},"rotated":false,"capInsets":[0,0,0,0],"vertices":{"rawPosition":[],"indexes":[],"uv":[],"nuv":[],"minPos":{"x":0,"y":0,"z":0},"maxPos":{"x":0,"y":0,"z":0}},"packable":true,"pixelsToUnit":100,"pivot":{"x":0.5,"y":0.5},"meshType":0}],[0],0,[0],[1],[0]],[[{"name":"js_chk","rect":{"x":1637,"y":714,"width":180,"height":44},"offset":{"x":0,"y":0},"originalSize":{"width":180,"height":44},"rotated":true,"capInsets":[0,0,0,0],"vertices":{"rawPosition":[],"indexes":[],"uv":[],"nuv":[],"minPos":{"x":0,"y":0,"z":0},"maxPos":{"x":0,"y":0,"z":0}},"packable":true,"pixelsToUnit":100,"pivot":{"x":0.5,"y":0.5},"meshType":0}],[0],0,[0],[1],[0]],[[{"name":"js_sz_di5","rect":{"x":1984,"y":666,"width":339,"height":119},"offset":{"x":0,"y":0},"originalSize":{"width":339,"height":119},"rotated":true,"capInsets":[0,0,0,0],"vertices":{"rawPosition":[],"indexes":[],"uv":[],"nuv":[],"minPos":{"x":0,"y":0,"z":0},"maxPos":{"x":0,"y":0,"z":0}},"packable":true,"pixelsToUnit":100,"pivot":{"x":0.5,"y":0.5},"meshType":0}],[0],0,[0],[1],[0]],[[{"name":"js_jdt","rect":{"x":943,"y":940,"width":692,"height":23},"offset":{"x":0,"y":0},"originalSize":{"width":692,"height":23},"rotated":false,"capInsets":[0,0,0,0],"vertices":{"rawPosition":[],"indexes":[],"uv":[],"nuv":[],"minPos":{"x":0,"y":0,"z":0},"maxPos":{"x":0,"y":0,"z":0}},"packable":true,"pixelsToUnit":100,"pivot":{"x":0.5,"y":0.5},"meshType":0}],[0],0,[0],[1],[0]],[[{"name":"js_sz_2","rect":{"x":1727,"y":666,"width":272,"height":255},"offset":{"x":0,"y":0},"originalSize":{"width":272,"height":255},"rotated":true,"capInsets":[0,0,0,0],"vertices":{"rawPosition":[],"indexes":[],"uv":[],"nuv":[],"minPos":{"x":0,"y":0,"z":0},"maxPos":{"x":0,"y":0,"z":0}},"packable":true,"pixelsToUnit":100,"pivot":{"x":0.5,"y":0.5},"meshType":0}],[0],0,[0],[1],[0]],[[{"name":"js_sz_sx","rect":{"x":1637,"y":896,"width":66,"height":66},"offset":{"x":0,"y":0},"originalSize":{"width":66,"height":66},"rotated":false,"capInsets":[0,0,0,0],"vertices":{"rawPosition":[],"indexes":[],"uv":[],"nuv":[],"minPos":{"x":0,"y":0,"z":0},"maxPos":{"x":0,"y":0,"z":0}},"packable":true,"pixelsToUnit":100,"pivot":{"x":0.5,"y":0.5},"meshType":0}],[0],0,[0],[1],[0]],[[{"name":"js_sz_dwd","rect":{"x":789,"y":714,"width":112,"height":118},"offset":{"x":0,"y":0},"originalSize":{"width":112,"height":118},"rotated":false,"capInsets":[0,0,0,0],"vertices":{"rawPosition":[],"indexes":[],"uv":[],"nuv":[],"minPos":{"x":0,"y":0,"z":0},"maxPos":{"x":0,"y":0,"z":0}},"packable":true,"pixelsToUnit":100,"pivot":{"x":0.5,"y":0.5},"meshType":0}],[0],0,[0],[1],[0]],[[{"name":"js_sz_lshdd","rect":{"x":380,"y":876,"width":561,"height":88},"offset":{"x":0,"y":0},"originalSize":{"width":561,"height":88},"rotated":false,"capInsets":[0,0,0,0],"vertices":{"rawPosition":[],"indexes":[],"uv":[],"nuv":[],"minPos":{"x":0,"y":0,"z":0},"maxPos":{"x":0,"y":0,"z":0}},"packable":true,"pixelsToUnit":100,"pivot":{"x":0.5,"y":0.5},"meshType":0}],[0],0,[0],[1],[0]],[[{"name":"2022jiesuan_sl2_00000","rect":{"x":2,"y":666,"width":376,"height":348},"offset":{"x":3,"y":1},"originalSize":{"width":400,"height":350},"rotated":false,"capInsets":[0,0,0,0],"vertices":{"rawPosition":[],"indexes":[],"uv":[],"nuv":[],"minPos":{"x":0,"y":0,"z":0},"maxPos":{"x":0,"y":0,"z":0}},"packable":true,"pixelsToUnit":100,"pivot":{"x":0.5,"y":0.5},"meshType":0}],[0],0,[0],[1],[0]],[[{"name":"js_sz_di","rect":{"x":2,"y":2,"width":2340,"height":662},"offset":{"x":0,"y":0},"originalSize":{"width":2340,"height":662},"rotated":false,"capInsets":[0,0,0,0],"vertices":{"rawPosition":[],"indexes":[],"uv":[],"nuv":[],"minPos":{"x":0,"y":0,"z":0},"maxPos":{"x":0,"y":0,"z":0}},"packable":true,"pixelsToUnit":100,"pivot":{"x":0.5,"y":0.5},"meshType":0}],[0],0,[0],[1],[0]],[[{"name":"2022jiesuan_sl3_00000","rect":{"x":3065,"y":691,"width":324,"height":304},"offset":{"x":4,"y":4},"originalSize":{"width":400,"height":350},"rotated":false,"capInsets":[0,0,0,0],"vertices":{"rawPosition":[],"indexes":[],"uv":[],"nuv":[],"minPos":{"x":0,"y":0,"z":0},"maxPos":{"x":0,"y":0,"z":0}},"packable":true,"pixelsToUnit":100,"pivot":{"x":0.5,"y":0.5},"meshType":0}],[0],0,[0],[1],[0]],[[{"name":"js_sz_t","rect":{"x":380,"y":966,"width":936,"height":47},"offset":{"x":0,"y":0},"originalSize":{"width":936,"height":47},"rotated":false,"capInsets":[0,0,0,0],"vertices":{"rawPosition":[],"indexes":[],"uv":[],"nuv":[],"minPos":{"x":0,"y":0,"z":0},"maxPos":{"x":0,"y":0,"z":0}},"packable":true,"pixelsToUnit":100,"pivot":{"x":0.5,"y":0.5},"meshType":0}],[0],0,[0],[1],[0]],[[{"name":"2022jiesuan_sl1_00000","rect":{"x":2105,"y":666,"width":192,"height":178},"offset":{"x":0,"y":-7},"originalSize":{"width":232,"height":232},"rotated":false,"capInsets":[0,0,0,0],"vertices":{"rawPosition":[],"indexes":[],"uv":[],"nuv":[],"minPos":{"x":0,"y":0,"z":0},"maxPos":{"x":0,"y":0,"z":0}},"packable":true,"pixelsToUnit":100,"pivot":{"x":0.5,"y":0.5},"meshType":0}],[0],0,[0],[1],[0]],[[{"name":"js_sz_di2","rect":{"x":2344,"y":2,"width":719,"height":720},"offset":{"x":0,"y":0},"originalSize":{"width":719,"height":720},"rotated":false,"capInsets":[0,0,0,0],"vertices":{"rawPosition":[],"indexes":[],"uv":[],"nuv":[],"minPos":{"x":0,"y":0,"z":0},"maxPos":{"x":0,"y":0,"z":0}},"packable":true,"pixelsToUnit":100,"pivot":{"x":0.5,"y":0.5},"meshType":0}],[0],0,[0],[1],[0]],[[{"name":"js_dft_s","rect":{"x":789,"y":666,"width":936,"height":46},"offset":{"x":0,"y":0},"originalSize":{"width":936,"height":46},"rotated":false,"capInsets":[0,0,0,0],"vertices":{"rawPosition":[],"indexes":[],"uv":[],"nuv":[],"minPos":{"x":0,"y":0,"z":0},"maxPos":{"x":0,"y":0,"z":0}},"packable":true,"pixelsToUnit":100,"pivot":{"x":0.5,"y":0.5},"meshType":0}],[0],0,[0],[1],[0]],[[[29,"node_settlement_win"],[30,"node_settlement_win",33554432,[-9],[[35,-6,[0,"e9Bo1HQOtCuZzENCELeSKX"],[35],36],[7,-7,[0,"33ScdeiqVASIgtJ19gr5YK"]],[2,-8,[0,"f2H3mejQZC0ZftZ4daVu3W"],[5,0,0]]],[38,"a0B2BpEipNMY5p5kHDkMgQ",null,null,-5,0,[-1,-2,-3,-4]]],[31,"node_middle",33554432,[-13,-14,-15,-16,-17,-18,-19,-20,-21,-22,-23,-24,-25,-26,-27,-28],[[14,45,-10,[0,"e46W3okadP8Z1IjTnkQcqN"]],[7,-11,[0,"f9uj1KXJNFeonGb/37CbF5"]],[9,-12,[0,"7ci/WNg4pGc7WqvUl/ItB6"],[5,0,0],[0,0,0]]],[1,"59H+YAkHtI5ptPkSxWMCyL",null,null,null,1,0],[1,0.666,0.666,1]],[15,"Layout",33554432,1,[-32,-33,-34,-35,2],[[20,-29,[0,"59Q6cJK8NPjotVSowNJiOQ"]],[7,-30,[0,"6dvaLbHFBGF7aCV+GGlECO"]],[2,-31,[0,"f7wsHC32RJwJSJx0SRwfJ3"],[5,0,0]]],[1,"63hj/rOThKDKOvVHOQtn7O",null,null,null,1,0]],[11,"FileNode_TitleBarBG",33554432,2,[-39,-40,-41,-42],[[36,-36,[0,"b7tfR2K+JP8ISY5BU2dGu6"],[11]],[7,-37,[0,"99YX64VD1MfbVQWkS7G4YX"]],[9,-38,[0,"58aiBHwQxCW6lVJWGVfVmb"],[5,0,0],[0,0,0]]],[1,"9aqBzN0AtOy5qXhUbcgrEN",null,null,null,1,0],[1,-571.92,16.78,0]],[15,"Layout_close",33554432,3,[-47,-48],[[20,-43,[0,"6aPM3aN/BJV5nmxwzotEmA"]],[39,false,1,1,false,false,false,false,1920,1080,-44,[0,"83KTJ34yxAPaqhHdFLiDnb"]],[4,51,-45,[0,"390khsly1Oe4viZd/uqweN"]],[2,-46,[0,"98yHd27EdGGqSlrshVGAVM"],[5,1280,720]]],[1,"5295VjBrtExarc6ba2gCt2",null,null,null,1,0]],[11,"node_player_list",33554432,2,[-51,-52,-53,-54],[[37,-49,[0,"cfAg+Di01DzI7bCwysErkr"]],[4,0,-50,[0,"34MQmpAGJBSKp3gJ78D1kg"]]],[1,"8b3m9Dw+FFo4UlV+Gat7Pg",null,null,null,1,0],[1,203.51,60.819,0]],[32,"Sprite_CloseBtn",33554432,5,[-59],[[6,0,false,-55,[0,"ff0RW5l1pMfZZexqkv3nsN"],4],[7,-56,[0,"3bx6eLtzJCQL7rg1NP0XN9"]],[9,-57,[0,"5aEI6+eLNKRoyELwi7CgdN"],[5,214,138],[0,0,0.5]],[40,9,1,-58,[0,"71cvWiliJK1pZokpimx/tb"]]],[1,"70iLoMDMFGPoaEbAYJee3E",null,null,null,1,0],[1,-640,314.46,0],[1,0.666,0.66,1]],[11,"Layout_ListItemTitle",33554432,6,[-62,-63,-64],[[2,-60,[0,"03he+ex4ZK6YVbnoGKpEl6"],[5,936,47]],[41,-61,[0,"9b60TE6qVMUKfcuXr1azUH"],21]],[1,"67GEmmLUpKzbTD0AWyNvSo",null,null,null,1,0],[1,30.135,79.642,0]],[25,"Image_bg",33554432,[-68,-69],[[6,0,false,-65,[0,"acbd/p4jtFBJUjMq/iDmnV"],28],[7,-66,[0,"79oTp8rXhBerlusyUlMNwz"]],[2,-67,[0,"d6wsftSC1FRLYznAtPw5Ht"],[5,112,112]]],[1,"92gaFVoPZNU5LoRdYb/J21",null,null,null,1,0],[1,0,19.1118,0]],[11,"Image_seeVideo",33554432,9,[-74],[[28,12,0.022299999999999986,0.12054999999999999,false,false,-70,[0,"0btwtLXxxO2Zuu/dEfTdxr"]],[6,0,false,-71,[0,"59AllPXyFCyaw6OT58HfEv"],26],[7,-72,[0,"dfF8i0IX5LxbNSC2NY4Lqa"]],[2,-73,[0,"7e3HrXoZFFyqid2mLkCZ9m"],[5,107,85]]],[1,"36QPJ5xM1NcpnXzlxGN4ea",null,null,null,1,0],[1,-0.002400000000001512,0.001599999999996271,0]],[25,"Image_bg",33554432,[-78,-79],[[6,0,false,-75,[0,"69mqi0MJhGubBnU/4Ar4rf"],32],[7,-76,[0,"59wZuzwWpDFKTHXjGW2ybA"]],[2,-77,[0,"99V9UD5/hPA4FTTCEJPHrd"],[5,112,112]]],[1,"31uceZ6XhCSoQ4q86zF1rE",null,null,null,1,0],[1,0,19.1118,0]],[11,"Image_seeVideo",33554432,11,[-84],[[28,12,0.053549999999999986,0.09820000000000001,false,false,-80,[0,"fd2LWpne9CjLr0fvZeQPA0"]],[6,0,false,-81,[0,"f71RTEZsRLOqpHObKyrBvI"],30],[7,-82,[0,"75yZ1gqOVElagdAGvKDmza"]],[2,-83,[0,"513eJaca1BDpjyw6hvg4Iq"],[5,100,90]]],[1,"f37mlHBuFNVImn+z04V9FG",null,null,null,1,0],[1,-0.002400000000001512,-0.001599999999996271,0]],[11,"Layout_ButtonGroup_For_Happy",33554432,2,[-88,-89],[[20,-85,[0,"8aRICgpMtHfKPiLGGju3gm"]],[4,28,-86,[0,"b5YpbXl/BOLI3PNg7NArQo"]],[2,-87,[0,"c6XL/b1CpHoIFKG1+Egf3l"],[5,660,144.1733]]],[1,"66bNedYJdCAZo6zqzNQ26w",null,null,null,1,0],[1,176.3005,-299.7329,0]],[16,"background",33554432,3,[[21,0,false,-90,[0,"83WHlutAJF/rUZjZBNz2Q0"],[4,4294953110],0],[14,18,-91,[0,"e1wvOX+W1IW7LHXJocYwK/"]],[4,0,-92,[0,"94CdGp/LJPuJgF2V6fmxit"]],[2,-93,[0,"4btD+2TPVDtqYUqlUTiItw"],[5,0,0]]],[1,"5fKbeOWbtDW5y0aM5wBHqA",null,null,null,1,0]],[15,"LayoutMask",33554432,3,[-97],[[20,-94,[0,"fdTrKd1+FKyLsiHuiO8gdY"]],[4,0,-95,[0,"67oHtg3RhNR5/+89wXL/mP"]],[2,-96,[0,"928BLxSR5Jc6i77+t6bflr"],[5,1280,720]]],[1,"9fKeyJ7kVF14EyrRizUBrR",null,null,null,1,0]],[16,"background",33554432,15,[[21,0,false,-98,[0,"e0zCrRTQhHyIEay3s+ewG2"],[4,4278190080],1],[14,18,-99,[0,"07Zw0n8J9NAoo8fn7P91mL"]],[4,102,-100,[0,"53NM+BZC5M8q7srQHf7xR3"]],[2,-101,[0,"c9fA1khfVFaqk0IZ+bMutB"],[5,1920,1080]]],[1,"d8TIBlwYxG9I0L/jSFFM39",null,null,null,1,0]],[16,"background",33554432,5,[[21,0,false,-102,[0,"9eCLwVqexH8quGofZ6Z/L5"],[4,4278190080],2],[14,18,-103,[0,"0bal+XnM5JfIg54I3BaPgX"]],[4,0,-104,[0,"0ay+X86zBMBbmTQMlZ7HZ+"]],[2,-105,[0,"72YqCdF0RA1ZxYiAjI5A38"],[5,1920,1080]]],[1,"f440XYE6dHmKHZZ/HpIG05",null,null,null,1,0]],[16,"background",33554432,13,[[21,0,false,-106,[0,"40mKmZHmRHCoPS5GhV/Es3"],[4,4294953110],33],[14,18,-107,[0,"a4Gh5AxdZGqYLYo5GypZhM"]],[4,0,-108,[0,"d6Cg9SE3dMFIw5XDQI3vPG"]],[2,-109,[0,"f9OpNWc5pMnbp1FsPfN6uf"],[5,660,144.1733]]],[1,"16N0IrpRxDHY5ScKzmssMA",null,null,null,1,0]],[13,"Image_1",33554432,7,[[6,0,false,-110,[0,"93NB2jYh9HrprXWE/1n9RS"],3],[7,-111,[0,"ceKHg+LOJKObBIqSPiyE+h"]],[2,-112,[0,"a8wq9LS8lMx4V4ipTwSqwp"],[5,94,86]]],[1,"2cnArrcSZPXJn9tCpM2krm",null,null,null,1,0],[1,79.84,-15.469999999999999,0],[1,1,1.0514,1]],[15,"BG_parent",33554432,2,[-115],[[7,-113,[0,"f17f1nhz5I5ZsheXo+c416"]],[9,-114,[0,"det6hxriFOd5bXuhQp180P"],[5,0,0],[0,0,0]]],[1,"86vykANiVLUp4jTM9fiEVb",null,null,null,1,0]],[13,"Sprite_SettlementBG",33554432,20,[[6,0,false,-116,[0,"b67RJtoOhER4n/OUg8CZv5"],5],[4,0,-117,[0,"15T+kRuwxA+pW70gvblUGV"]],[9,-118,[0,"f4MJ4bfspFFpSqQeT44tSV"],[5,2340,662],[0,0,0.5]]],[1,"435g1tvM1E/6Da7hvWeYJh",null,null,null,1,0],[1,-1170.1099853515625,18.950000762939453,0],[1,0.27559998631477356,1,1]],[10,"img_btn_bg",33554432,2,[[6,0,false,-119,[0,"2eLIxFb21Aurvd0cSUCHec"],6],[7,-120,[0,"25hBBqq9NFSbbFnnqkOVHO"]],[2,-121,[0,"8aTRutttBHKqWm7KeqzxKD"],[5,132,445]]],[1,"14PbyGSvdMLq99cWtpUwux",null,null,null,1,0],[1,868.8346,-74.9776,0]],[33,"Sprite_TitleBarBG",33554432,4,[[6,2,false,-122,[0,"6aub1JkyJIuJnBD24cj0+s"],7],[4,0,-123,[0,"b7zIacJH1PyrpXP6DGrxfE"]],[2,-124,[0,"37u4uk6TdM1oJ6WxOuvCp0"],[5,719,720]]],[1,"b4ndjYyxhN/JK0VuUHlueA",null,null,null,1,0],[1,0.7434,0.7434,1]],[26,"js_sz_di2_2_0",33554432,4,[[12,1,2,false,-125,[0,"a2nH2W0TlNqaDuurnMlKd4"],8],[4,0,-126,[0,"e7x9ngxG9Fc4Dv8xBoVSR9"]],[2,-127,[0,"1fCxnUd9dJZJD3WDb6mVmI"],[5,719,720]]],[1,"1fQ6q84c5G36nKEEVzQnma",null,null,null,1,0],[3,0.2858761948431739,0.285843033587392,-0.08977532840375718,0.9102246710464085],[1,34.8721,34.8683,0]],[34,"js_sz_di3_4",33554432,4,[[6,2,false,-128,[0,"d55ALGpXNCh4lCIolOQBtm"],9],[4,0,-129,[0,"d5g/ZotiFLSKvbLRNDk0n1"]],[2,-130,[0,"a9RolaPeRFiaRZ6CG2creT"],[5,687,686]]],[1,"7cY8+/oRRL37xgn41T5kDw",null,null,null,1,0],[3,0.15428620203249319,0.15424605945970812,-0.02439306009286439,0.9756069391014225],[1,1.7683,1.7683,1],[1,17.9731,17.9685,0]],[26,"js_sz_di3_4_0",33554432,4,[[12,1,2,false,-131,[0,"2aTvaO9wFIRqjLX9fgON2A"],10],[4,0,-132,[0,"deNkUoZ41GlIGNHafFvzW4"]],[2,-133,[0,"6favNTC21A8KBYgRjaEAcw"],[5,687,686]]],[1,"ecsb5KjfBKUrSqyIpS3UMG",null,null,null,1,0],[3,0,0,-0.06755123019085557,0.997715806880748],[1,0,0,-7.7467]],[17,"js_sz_di5_6",33554432,2,[[6,2,false,-134,[0,"8fRFi8xe9GeJ8b+Cmw8sLb"],12],[4,0,-135,[0,"8aUHTpPAFLjoL5pUZ5Cz4X"]],[9,-136,[0,"08sHpXJDtODI336E/A8D2c"],[5,339,119],[0,0.8586999773979187,0.10350000113248825]]],[1,"b5YreETn5Dc4HFeooGL1nz",null,null,null,1,0],[1,-282.7406005859375,-263.9993896484375,0],[3,0,0,0.06460284770631641,0.997911054186812],[1,0.5239999890327454,0.5239999890327454,1],[1,0,0,7.408100128173828]],[17,"js_sz_di4_7",33554432,2,[[6,2,false,-137,[0,"b6mcMmbY9GuKBAeeV1sP8D"],13],[4,0,-138,[0,"43Wh79ZT5L4KLWSbeoQcCh"]],[9,-139,[0,"992QO8gKBDxLEmDhhVVOgc"],[5,407,208],[0,0.21529999375343323,0.17339999973773956]]],[1,"dd1Anw7oFKD4JriM/8a5kN",null,null,null,1,0],[1,-929.027587890625,74.1343002319336,0],[3,0,0,0.10028530737836958,0.9949587213166313],[1,0.5047000050544739,0.5047000050544739,1],[1,0,0,11.511199951171875]],[13,"js_sz_1_8",33554432,2,[[6,2,false,-140,[0,"6dYpvKXhlME7GpbEeRJqJT"],14],[4,0,-141,[0,"98oOs0Kh9Dxa/Z9xhw2gkW"]],[2,-142,[0,"d6OP7wvfxIKobJSDPKVQKc"],[5,326,299]]],[1,"e3nA/3JrFDhr3tE5F6PASf",null,null,null,1,0],[1,-676.9124145507812,37.94889831542969,0],[1,2.5,2.5,1]],[13,"js_sz_2_9",33554432,2,[[6,2,false,-143,[0,"95WFDVt9pC7Kel9BBKxTfD"],15],[4,0,-144,[0,"c218mbrEVBBqyiWCFmbGeN"]],[2,-145,[0,"c1/CHB8KZDHLuHhVzSVdXW"],[5,272,255]]],[1,"59lp8aWoVDTK0KFozjKMse",null,null,null,1,0],[1,-436.84368896484375,-25.47319984436035,0],[1,2.5,2.5,1]],[13,"Sprite_10",33554432,2,[[12,1,2,false,-146,[0,"dce+6pB/RNuYXlba3XpN0y"],16],[4,0,-147,[0,"960ADxfVVMr7O5C8HBPmW5"]],[2,-148,[0,"5a10eWHqdE47nUaDGkIj9b"],[5,400,400]]],[1,"115Ax9PrZLAYzef1vPs5rk",null,null,null,1,0],[1,-570.9622192382812,17.973600387573242,0],[1,2.152899980545044,2.152899980545044,1]],[17,"Sprite_10_0",33554432,2,[[12,1,2,false,-149,[0,"3d7RTCtRVEYpE/SLV0Zh5L"],17],[4,0,-150,[0,"c7GfTZO/lB35T4ZpeHQiYP"]],[2,-151,[0,"6dg4nTaCtLjpCe5as4hLeQ"],[5,400,400]]],[1,"8cw2XYaJtE85gPqSdRWzNx",null,null,null,1,0],[1,-570.9617919921875,17.974700927734375,0],[3,0,0,-0.3829970241474763,0.9237495761807837],[1,2,2,1],[1,0,0,-45.03889846801758]],[17,"Sprite_15",33554432,2,[[12,1,2,false,-152,[0,"c9tKXIB3FMvYHoa+22BA9n"],18],[4,0,-153,[0,"b4/w6MUHNA6qAKwhLizwMa"]],[2,-154,[0,"b01PK3tclEYpBXNzG0WXUo"],[5,232,232]]],[1,"47x4AZZPVD0LN9XFaicMiW",null,null,null,1,0],[1,-574.855224609375,9.761699676513672,0],[3,0,0,-0.6181347264368988,0.7860721722416971],[1,4.184500217437744,4.184500217437744,1],[1,0,0,-76.36009979248047]],[10,"Sprite_16",33554432,2,[[12,1,2,false,-155,[0,"8dx8+RrppI47RrSmEPL1GP"],19],[4,0,-156,[0,"e1ZYyQWGlLBa23krNeqXPw"]],[2,-157,[0,"ff4PoOCfVLQqBTkz9ONe7A"],[5,400,350]]],[1,"ebH94MB7FBZoDst2gwvBXz",null,null,null,1,0],[1,-677.01171875,38.77619934082031,0]],[10,"Sprite_17",33554432,2,[[12,1,2,false,-158,[0,"e5ugDPbl9C/Zw02amtOqZi"],20],[4,0,-159,[0,"8ajDjyRL5Fyrr00t4a1XaY"]],[2,-160,[0,"011k9QSOxE8IOHfBaHki9u"],[5,400,350]]],[1,"b2RwXY89JEK4qR6DssoO7b",null,null,null,1,0],[1,-436.6191101074219,-26.9237003326416,0]],[3,["c6j9ll9e1HpIOnzyD73Aen"]],[3,["c6j9ll9e1HpIOnzyD73Aen"]],[3,["c6j9ll9e1HpIOnzyD73Aen"]],[11,"node_see_video_recordCard",33554432,2,[9],[[4,0,-161,[0,"b4yH28Q1ZHjZue0LG1sv6K"]],[9,-162,[0,"dagyC+w8xDBa4LTVFPgH/Z"],[5,0,0],[0,0,0]]],[1,"d2gPDJbdJGiINOWT8jqQr2",null,null,null,1,0],[1,872.8574829101562,41.16059875488281,0]],[10,"Image_342",33554432,10,[[6,0,false,-163,[0,"9bKw+IXklKqJUQqrPw7YY4"],25],[7,-164,[0,"6c2I011S9K1JUTwucc5NQ1"]],[2,-165,[0,"90xdPp38hB4LmDgBd7jTTc"],[5,90,35]]],[1,"f7JbM7SlhDh6Ae+27gnm3B",null,null,null,1,0],[1,-3.0020999999999987,-42.5,0]],[27,"Image_close",false,33554432,9,[[6,0,false,-166,[0,"1dpOZuUwxNtaz3m5HqH3oW"],27],[7,-167,[0,"34OelhZOFKBbdYNv4EK17r"]],[2,-168,[0,"25hsGtg6BFUoo9SFGNSnqI"],[5,60,60]]],[1,"38iAg4E3dMBK/m7qeuueiw",null,null,null,1,0],[1,232.78699999999998,-14.744700000000002,0]],[11,"node_see_video_lookCard",33554432,2,[11],[[4,0,-169,[0,"e6drfWsL9Ph4OAMJGef4fT"]],[9,-170,[0,"41oXAn0s1FlIsHukb30zoB"],[5,0,0],[0,0,0]]],[1,"b3dcDtScpDI6KDNjnL1nPq",null,null,null,1,0],[1,872.861083984375,41.15999984741211,0]],[10,"Image_342",33554432,12,[[6,0,false,-171,[0,"55CNujDyFAmpysUMbTJEzF"],29],[7,-172,[0,"b1J5AQy5dHIYrlYZ2a1Y3o"]],[2,-173,[0,"632LMoSqNIOrQ/HRI8070M"],[5,90,35]]],[1,"4b1i6plPtH5IXQWliLcJ6O",null,null,null,1,0],[1,0.49790000000000134,-45,0]],[27,"Image_close",false,33554432,11,[[6,0,false,-174,[0,"ffl8UGG5dDbr//PoGV9J3Z"],31],[7,-175,[0,"a0CBsI01ZEZJKSnIcBXu42"]],[2,-176,[0,"8bOTyKeFpPVqLix19M6WOO"],[5,60,60]]],[1,"46ZD9/jB1FW4H67MevECmE",null,null,null,1,0],[1,232.78699999999998,-14.744700000000002,0]],[3,["efhyXF44NLk70+86enJ/nq"]],[10,"node_bottom_right",33554432,3,[[7,-177,[0,"91qbuQnDpHCLnv3bzMvyha"]],[9,-178,[0,"ca2Q0C7XhJOIFOyhF7e3jf"],[5,0,0],[0,0,0]]],[1,"47/2cUrO9K1ZjH2pbIUomT",null,null,null,1,0],[1,1920,0,0]],[10,"Text_Nick",33554432,8,[[2,-179,[0,"e50YHhiSlIVKELJ0H38Phy"],[5,60,50.4]],[24,"昵称",30,30,true,-180,[0,"e25NzoxW9J6oxkgtlwlQme"],[4,4285522683]]],[1,"c9jzZnn3NE+YGJww0ZiomY",null,null,null,1,0],[1,-236.124,1.543,0]],[10,"Text_beishu",33554432,8,[[2,-181,[0,"44qSpxuQFER5Bi5zCVM68H"],[5,60,50.4]],[24,"倍数",30,30,true,-182,[0,"22vJWRZ19DVJAdskz/Q8fJ"],[4,4285522683]]],[1,"73YLGpAyVMOKA8SAr+B/3S",null,null,null,1,0],[1,26.236,1.543,0]],[10,"Text_WinOrLose",33554432,8,[[2,-183,[0,"3eA8mYsM9M6bKuUDGTslBF"],[5,60,50.4]],[24,"金币",30,30,true,-184,[0,"c57zwY/ZNDcJn2H2vabYRh"],[4,4285522683]]],[1,"a1Ndegk1ROoo90ilrgcPLY",null,null,null,1,0],[1,265.446,1.543,0]],[18,0,null,6,[19,"c6j9ll9e1HpIOnzyD73Aen",null,null,-185,[22,"6eTiFf5jVDqKFK5shVNJzj",1,[[23,"node_cell_0",["_name"],36],[8,["_lpos"],36,[1,0,0,0]],[8,["_lrot"],36,[3,0,0,0,1]],[8,["_euler"],36,[1,0,0,0]],[5,["_lpos"],[3,["6aprf10zxHp4sSWzCgMxv3"]],[1,57.76099999999996,1,0]],[5,["_lpos"],[3,["71udANU+hIZoVmZ1p1hRmw"]],[1,-202.765,0.5,0]],[5,["_lpos"],[3,["9aHCNkG5lFtYyVFomRmg92"]],[1,180.83700000000005,0,0]],[5,["_contentSize"],[3,["f0nPlEuFRBqaAIxnHtidDP"]],[5,185.7,50.4]],[5,["_contentSize"],[3,["eeAMO79g5J4JmCTc3eRiGc"]],[5,111.23,50.4]],[5,["_contentSize"],[3,["6bW+Orwn5LXLUs5VnUsST6"]],[5,200,50.4]],[5,["_contentSize"],[3,["682LJMkUtOepPd090POCQu"]],[5,182,32.76]],[5,["_contentSize"],[3,["69qBzijTVIE5kA/RIW68lP"]],[5,104.98,40.32]]]],22]],[18,0,null,6,[19,"c6j9ll9e1HpIOnzyD73Aen",null,null,-186,[22,"beNAra5yBAdZ/K2H6KEBoH",1,[[23,"node_cell_1",["_name"],37],[8,["_lpos"],37,[1,0,-88.252,0]],[8,["_lrot"],37,[3,0,0,0,1]],[8,["_euler"],37,[1,0,0,0]],[5,["_lpos"],[3,["6aprf10zxHp4sSWzCgMxv3"]],[1,57.76099999999996,1,0]],[5,["_lpos"],[3,["71udANU+hIZoVmZ1p1hRmw"]],[1,-202.765,0.5,0]],[5,["_lpos"],[3,["9aHCNkG5lFtYyVFomRmg92"]],[1,180.83700000000005,0,0]],[5,["_contentSize"],[3,["f0nPlEuFRBqaAIxnHtidDP"]],[5,185.7,50.4]],[5,["_contentSize"],[3,["eeAMO79g5J4JmCTc3eRiGc"]],[5,111.23,50.4]],[5,["_contentSize"],[3,["6bW+Orwn5LXLUs5VnUsST6"]],[5,200,50.4]],[5,["_contentSize"],[3,["682LJMkUtOepPd090POCQu"]],[5,182,32.76]],[5,["_contentSize"],[3,["69qBzijTVIE5kA/RIW68lP"]],[5,104.98,40.32]]]],23]],[18,0,null,6,[19,"c6j9ll9e1HpIOnzyD73Aen",null,null,-187,[22,"95VEUxtN5EBb8TWtQCaKe8",1,[[23,"node_cell_2",["_name"],38],[8,["_lpos"],38,[1,0,-176.505,0]],[8,["_lrot"],38,[3,0,0,0,1]],[8,["_euler"],38,[1,0,0,0]],[5,["_lpos"],[3,["6aprf10zxHp4sSWzCgMxv3"]],[1,57.76099999999996,1,0]],[5,["_lpos"],[3,["71udANU+hIZoVmZ1p1hRmw"]],[1,-202.765,0.5,0]],[5,["_lpos"],[3,["9aHCNkG5lFtYyVFomRmg92"]],[1,180.83700000000005,0,0]],[5,["_contentSize"],[3,["f0nPlEuFRBqaAIxnHtidDP"]],[5,185.7,50.4]],[5,["_contentSize"],[3,["eeAMO79g5J4JmCTc3eRiGc"]],[5,111.23,50.4]],[5,["_contentSize"],[3,["6bW+Orwn5LXLUs5VnUsST6"]],[5,200,50.4]],[5,["_contentSize"],[3,["682LJMkUtOepPd090POCQu"]],[5,182,32.76]],[5,["_contentSize"],[3,["69qBzijTVIE5kA/RIW68lP"]],[5,104.98,40.32]]]],24]],[18,0,{},13,[19,"efhyXF44NLk70+86enJ/nq",null,null,-188,[22,"82xye478NFb78QI97ga97N",1,[[23,"btn_settle_start",["_name"],45],[8,["_lpos"],45,[1,0,-114.509,0]],[8,["_lrot"],45,[3,0,0,0,1]],[8,["_euler"],45,[1,0,0,0]]]],34]]],0,[0,-1,53,0,-2,52,0,-3,51,0,-4,50,0,3,1,0,0,1,0,0,1,0,0,1,0,-1,3,0,0,2,0,0,2,0,0,2,0,-1,20,0,-2,22,0,-3,4,0,-4,27,0,-5,28,0,-6,29,0,-7,30,0,-8,31,0,-9,32,0,-10,33,0,-11,34,0,-12,35,0,-13,6,0,-14,39,0,-15,42,0,-16,13,0,0,3,0,0,3,0,0,3,0,-1,14,0,-2,15,0,-3,5,0,-4,46,0,0,4,0,0,4,0,0,4,0,-1,23,0,-2,24,0,-3,25,0,-4,26,0,0,5,0,0,5,0,0,5,0,0,5,0,-1,17,0,-2,7,0,0,6,0,0,6,0,-1,8,0,-2,50,0,-3,51,0,-4,52,0,0,7,0,0,7,0,0,7,0,0,7,0,-1,19,0,0,8,0,0,8,0,-1,47,0,-2,48,0,-3,49,0,0,9,0,0,9,0,0,9,0,-1,10,0,-2,41,0,0,10,0,0,10,0,0,10,0,0,10,0,-1,40,0,0,11,0,0,11,0,0,11,0,-1,12,0,-2,44,0,0,12,0,0,12,0,0,12,0,0,12,0,-1,43,0,0,13,0,0,13,0,0,13,0,-1,18,0,-2,53,0,0,14,0,0,14,0,0,14,0,0,14,0,0,15,0,0,15,0,0,15,0,-1,16,0,0,16,0,0,16,0,0,16,0,0,16,0,0,17,0,0,17,0,0,17,0,0,17,0,0,18,0,0,18,0,0,18,0,0,18,0,0,19,0,0,19,0,0,19,0,0,20,0,0,20,0,-1,21,0,0,21,0,0,21,0,0,21,0,0,22,0,0,22,0,0,22,0,0,23,0,0,23,0,0,23,0,0,24,0,0,24,0,0,24,0,0,25,0,0,25,0,0,25,0,0,26,0,0,26,0,0,26,0,0,27,0,0,27,0,0,27,0,0,28,0,0,28,0,0,28,0,0,29,0,0,29,0,0,29,0,0,30,0,0,30,0,0,30,0,0,31,0,0,31,0,0,31,0,0,32,0,0,32,0,0,32,0,0,33,0,0,33,0,0,33,0,0,34,0,0,34,0,0,34,0,0,35,0,0,35,0,0,35,0,0,39,0,0,39,0,0,40,0,0,40,0,0,40,0,0,41,0,0,41,0,0,41,0,0,42,0,0,42,0,0,43,0,0,43,0,0,43,0,0,44,0,0,44,0,0,44,0,0,46,0,0,46,0,0,47,0,0,47,0,0,48,0,0,48,0,0,49,0,0,49,0,3,50,0,3,51,0,3,52,0,3,53,0,6,1,2,5,3,9,5,39,11,5,42,188],[0,0,0,0,0,0,0,0,0,0,0,0,0,0,0,0,0,0,0,0,0,0,0,0,0,0,0,0,0,0,0,0,0,0,0,0,0],[2,2,2,2,2,2,2,2,2,2,2,-1,2,2,2,2,2,2,2,2,2,2,4,4,4,2,2,2,2,2,2,2,2,2,4,-1,7],[2,2,2,12,13,14,15,4,4,5,5,16,17,18,19,20,6,6,21,22,23,24,3,3,3,7,25,8,9,7,26,8,9,2,27,10,10]],[[{"name":"new99gui1_2","spriteFrames":["99gui1_guangxiao2_00001","30st5JeURDSoLottONqy0H@3854f","99gui1_guangxiao2_00002","30st5JeURDSoLottONqy0H@d60dc","99gui1_guangxiao2_00003","30st5JeURDSoLottONqy0H@18c98","99gui1_guangxiao2_00004","30st5JeURDSoLottONqy0H@847df","99gui1_guangxiao2_00005","30st5JeURDSoLottONqy0H@54793","99gui1_guangxiao2_00006","30st5JeURDSoLottONqy0H@ad0c3","99gui1_guangxiao2_00007","30st5JeURDSoLottONqy0H@61b57","99gui1_guangxiao2_00008","30st5JeURDSoLottONqy0H@4c50d","99gui1_guangxiao2_00009","30st5JeURDSoLottONqy0H@749ad","99gui1_guangxiao2_00010","30st5JeURDSoLottONqy0H@c2a8a","99gui1_guangxiao2_00011","30st5JeURDSoLottONqy0H@4aa0c","99gui1_guangxiao2_00012","30st5JeURDSoLottONqy0H@1a754","99gui1_guangxiao2_00013","30st5JeURDSoLottONqy0H@835bc","99gui1_guangxiao2_00014","30st5JeURDSoLottONqy0H@553d2","99gui1_guangxiao2_00015","30st5JeURDSoLottONqy0H@c3725","99gui1_guangxiao2_00016","30st5JeURDSoLottONqy0H@d9d0f"]}],[5],0,[],[],[]],[[{"name":"99gui1_guangxiao2_00003","rect":{"x":2,"y":404,"width":390,"height":396},"offset":{"x":4,"y":-2},"originalSize":{"width":400,"height":400},"rotated":false,"capInsets":[0,0,0,0],"vertices":{"rawPosition":[],"indexes":[],"uv":[],"nuv":[],"minPos":{"x":0,"y":0,"z":0},"maxPos":{"x":0,"y":0,"z":0}},"packable":true,"pixelsToUnit":100,"pivot":{"x":0.5,"y":0.5},"meshType":0}],[0],0,[0],[1],[1]],[[{"name":"99gui1_guangxiao2_00012","rect":{"x":394,"y":404,"width":344,"height":380},"offset":{"x":0,"y":2},"originalSize":{"width":400,"height":400},"rotated":false,"capInsets":[0,0,0,0],"vertices":{"rawPosition":[],"indexes":[],"uv":[],"nuv":[],"minPos":{"x":0,"y":0,"z":0},"maxPos":{"x":0,"y":0,"z":0}},"packable":true,"pixelsToUnit":100,"pivot":{"x":0.5,"y":0.5},"meshType":0}],[0],0,[0],[1],[1]],[[{"name":"99gui1_guangxiao2_00001","rect":{"x":1424,"y":1034,"width":294,"height":290},"offset":{"x":-1,"y":-2},"originalSize":{"width":400,"height":400},"rotated":false,"capInsets":[0,0,0,0],"vertices":{"rawPosition":[],"indexes":[],"uv":[],"nuv":[],"minPos":{"x":0,"y":0,"z":0},"maxPos":{"x":0,"y":0,"z":0}},"packable":true,"pixelsToUnit":100,"pivot":{"x":0.5,"y":0.5},"meshType":0}],[0],0,[0],[1],[1]],[[{"name":"99gui1_guangxiao2_00011","rect":{"x":404,"y":2,"width":342,"height":378},"offset":{"x":-7,"y":9},"originalSize":{"width":400,"height":400},"rotated":false,"capInsets":[0,0,0,0],"vertices":{"rawPosition":[],"indexes":[],"uv":[],"nuv":[],"minPos":{"x":0,"y":0,"z":0},"maxPos":{"x":0,"y":0,"z":0}},"packable":true,"pixelsToUnit":100,"pivot":{"x":0.5,"y":0.5},"meshType":0}],[0],0,[0],[1],[1]],[[{"name":"99gui1_guangxiao2_00008","rect":{"x":706,"y":786,"width":350,"height":374},"offset":{"x":6,"y":-5},"originalSize":{"width":400,"height":400},"rotated":false,"capInsets":[0,0,0,0],"vertices":{"rawPosition":[],"indexes":[],"uv":[],"nuv":[],"minPos":{"x":0,"y":0,"z":0},"maxPos":{"x":0,"y":0,"z":0}},"packable":true,"pixelsToUnit":100,"pivot":{"x":0.5,"y":0.5},"meshType":0}],[0],0,[0],[1],[1]],[[{"name":"99gui1_guangxiao2_00005","rect":{"x":2,"y":802,"width":362,"height":394},"offset":{"x":17,"y":-3},"originalSize":{"width":400,"height":400},"rotated":false,"capInsets":[0,0,0,0],"vertices":{"rawPosition":[],"indexes":[],"uv":[],"nuv":[],"minPos":{"x":0,"y":0,"z":0},"maxPos":{"x":0,"y":0,"z":0}},"packable":true,"pixelsToUnit":100,"pivot":{"x":0.5,"y":0.5},"meshType":0}],[0],0,[0],[1],[1]],[[{"name":"99gui1_guangxiao2_00014","rect":{"x":1424,"y":692,"width":340,"height":340},"offset":{"x":-9,"y":14},"originalSize":{"width":400,"height":400},"rotated":false,"capInsets":[0,0,0,0],"vertices":{"rawPosition":[],"indexes":[],"uv":[],"nuv":[],"minPos":{"x":0,"y":0,"z":0},"maxPos":{"x":0,"y":0,"z":0}},"packable":true,"pixelsToUnit":100,"pivot":{"x":0.5,"y":0.5},"meshType":0}],[0],0,[0],[1],[1]],[[{"name":"99gui1_guangxiao2_00007","rect":{"x":1424,"y":348,"width":342,"height":354},"offset":{"x":-3,"y":-3},"originalSize":{"width":400,"height":400},"rotated":true,"capInsets":[0,0,0,0],"vertices":{"rawPosition":[],"indexes":[],"uv":[],"nuv":[],"minPos":{"x":0,"y":0,"z":0},"maxPos":{"x":0,"y":0,"z":0}},"packable":true,"pixelsToUnit":100,"pivot":{"x":0.5,"y":0.5},"meshType":0}],[0],0,[0],[1],[1]],[[{"name":"99gui1_guangxiao2_00009","rect":{"x":740,"y":382,"width":348,"height":372},"offset":{"x":6,"y":5},"originalSize":{"width":400,"height":400},"rotated":false,"capInsets":[0,0,0,0],"vertices":{"rawPosition":[],"indexes":[],"uv":[],"nuv":[],"minPos":{"x":0,"y":0,"z":0},"maxPos":{"x":0,"y":0,"z":0}},"packable":true,"pixelsToUnit":100,"pivot":{"x":0.5,"y":0.5},"meshType":0}],[0],0,[0],[1],[1]],[[{"name":"99gui1_guangxiao2_00013","rect":{"x":1100,"y":2,"width":318,"height":344},"offset":{"x":-11,"y":20},"originalSize":{"width":400,"height":400},"rotated":false,"capInsets":[0,0,0,0],"vertices":{"rawPosition":[],"indexes":[],"uv":[],"nuv":[],"minPos":{"x":0,"y":0,"z":0},"maxPos":{"x":0,"y":0,"z":0}},"packable":true,"pixelsToUnit":100,"pivot":{"x":0.5,"y":0.5},"meshType":0}],[0],0,[0],[1],[1]],[[{"name":"99gui1_guangxiao2_00004","rect":{"x":2,"y":2,"width":400,"height":400},"offset":{"x":0,"y":0},"originalSize":{"width":400,"height":400},"rotated":false,"capInsets":[0,0,0,0],"vertices":{"rawPosition":[],"indexes":[],"uv":[],"nuv":[],"minPos":{"x":0,"y":0,"z":0},"maxPos":{"x":0,"y":0,"z":0}},"packable":true,"pixelsToUnit":100,"pivot":{"x":0.5,"y":0.5},"meshType":0}],[0],0,[0],[1],[1]],[[{"name":"99gui1_guangxiao2_00006","rect":{"x":1090,"y":370,"width":330,"height":342},"offset":{"x":-2,"y":-2},"originalSize":{"width":400,"height":400},"rotated":false,"capInsets":[0,0,0,0],"vertices":{"rawPosition":[],"indexes":[],"uv":[],"nuv":[],"minPos":{"x":0,"y":0,"z":0},"maxPos":{"x":0,"y":0,"z":0}},"packable":true,"pixelsToUnit":100,"pivot":{"x":0.5,"y":0.5},"meshType":0}],[0],0,[0],[1],[1]],[[{"name":"99gui1_guangxiao2_00010","rect":{"x":1424,"y":2,"width":344,"height":360},"offset":{"x":0,"y":9},"originalSize":{"width":400,"height":400},"rotated":true,"capInsets":[0,0,0,0],"vertices":{"rawPosition":[],"indexes":[],"uv":[],"nuv":[],"minPos":{"x":0,"y":0,"z":0},"maxPos":{"x":0,"y":0,"z":0}},"packable":true,"pixelsToUnit":100,"pivot":{"x":0.5,"y":0.5},"meshType":0}],[0],0,[0],[1],[1]],[[{"name":"99gui1_guangxiao2_00015","rect":{"x":748,"y":2,"width":366,"height":350},"offset":{"x":-4,"y":17},"originalSize":{"width":400,"height":400},"rotated":true,"capInsets":[0,0,0,0],"vertices":{"rawPosition":[],"indexes":[],"uv":[],"nuv":[],"minPos":{"x":0,"y":0,"z":0},"maxPos":{"x":0,"y":0,"z":0}},"packable":true,"pixelsToUnit":100,"pivot":{"x":0.5,"y":0.5},"meshType":0}],[0],0,[0],[1],[1]],[[{"name":"99gui1_guangxiao2_00002","rect":{"x":1058,"y":756,"width":364,"height":364},"offset":{"x":1,"y":-4},"originalSize":{"width":400,"height":400},"rotated":false,"capInsets":[0,0,0,0],"vertices":{"rawPosition":[],"indexes":[],"uv":[],"nuv":[],"minPos":{"x":0,"y":0,"z":0},"maxPos":{"x":0,"y":0,"z":0}},"packable":true,"pixelsToUnit":100,"pivot":{"x":0.5,"y":0.5},"meshType":0}],[0],0,[0],[1],[1]],[[{"name":"99gui1_guangxiao2_00016","rect":{"x":366,"y":802,"width":382,"height":338},"offset":{"x":-5,"y":16},"originalSize":{"width":400,"height":400},"rotated":true,"capInsets":[0,0,0,0],"vertices":{"rawPosition":[],"indexes":[],"uv":[],"nuv":[],"minPos":{"x":0,"y":0,"z":0},"maxPos":{"x":0,"y":0,"z":0}},"packable":true,"pixelsToUnit":100,"pivot":{"x":0.5,"y":0.5},"meshType":0}],[0],0,[0],[1],[1]]]]
