[1,["b7MFJ8MjNBwqr3fNq1j5dJ@f9941","b7MFJ8MjNBwqr3fNq1j5dJ@6c48a"],["node","_parent","root","data","_spriteFrame","_textureSource"],[["cc.Node",["_name","_components","_prefab","_children","_lpos","_parent"],2,9,4,2,5,1],["cc.Widget",["_alignFlags","_originalWidth","_originalHeight","_top","_bottom","node","__prefab"],-2,1,4],["cc.UITransform",["node","__prefab","_contentSize","_anchorPoint"],3,1,4,5,5],["cc.Sprite",["_type","_sizeMode","node","__prefab","_color","_spriteFrame"],1,1,4,5,6],"cc.SpriteFrame",["cc.Prefab",["_name"],2],["cc.CompPrefabInfo",["fileId"],2],["a86065vzUhBQJIVrtOgojmp",["node","__prefab"],3,1,4],["cc.PrefabInfo",["fileId","instance","targetOverrides","nestedPrefabInstanceRoots","root","asset"],-1,1,1],["cc.Layout",["_resizeMode","_layoutType","node","__prefab"],1,1,4],["cc.Mask",["node","__prefab"],3,1,4],["cc.Graphics",["node","__prefab","_fillColor"],3,1,4,5],["cc.ScrollView",["bounceDuration","brake","horizontal","node","__prefab","_content"],0,1,4,1],["cc.Label",["_actualFontSize","_fontSize","_lineHeight","_cacheMode","node","__prefab","_color"],-1,1,4,5]],[[6,0,2],[8,0,1,2,3,4,5,5],[2,0,1,2,1],[0,0,3,1,2,2],[0,0,5,3,1,2,4,2],[0,0,5,1,2,4,2],[13,0,1,2,3,4,5,6,5],[5,0,2],[0,0,3,1,2,4,2],[2,0,1,2,3,1],[1,0,1,2,5,6,4],[1,0,1,5,6,3],[1,0,3,4,1,2,5,6,6],[7,0,1,1],[9,0,1,2,3,3],[3,0,1,2,3,3],[3,0,1,2,3,4,5,3],[10,0,1,1],[11,0,1,2,1],[12,0,1,2,3,4,5,4]],[[[[7,"selectServer"],[3,"selectServer",[-5],[[2,-2,[0,"669KTxHl1IToPvZTcyu1uA"],[5,1280,720]],[10,45,100,100,-3,[0,"90Siui0w5JI7BSu58pM/Ed"]],[13,-4,[0,"50q22T/iJMspPuIukwkRRD"]]],[1,"c46/YsCPVOJYA4mWEpNYRx",null,null,null,-1,0]],[8,"content",[-10],[[9,-6,[0,"d2SgiDuFxEQ4bI01bzn8Rs"],[5,300,80],[0,0.5,1]],[14,1,2,-7,[0,"69JAQDoU5Em5Xz0ZjZ/MPz"]],[15,1,0,-8,[0,"37r711yxlAUahmTPkVM3lZ"]],[11,40,240,-9,[0,"97cZIWm4FNBacDR7Pzb9kq"]]],[1,"a3hrt5zchLKbWx1YmCjips",null,null,null,1,0],[1,0,125,0]],[3,"view",[2],[[2,-11,[0,"13oCLY4WtIDpQwlLlP71U4"],[5,300,480]],[17,-12,[0,"feI6d4SKhJXqd7/QAxNkzH"]],[18,-13,[0,"397ln/Yz9HWqpzmkWkSwwk"],[4,16777215]],[12,45,-40,-40,240,250,-14,[0,"0fr+f41h1EuazPqRv+z2J4"]]],[1,"43EV/It4FHS4NXle0lnFrW",null,null,null,1,0]],[4,"Node_item",2,[-17,-18],[[2,-15,[0,"f9GvxKKohPpoWes1SyJOSL"],[5,300,80]],[16,1,0,-16,[0,"eaqririPRLuaNSjDWCh/zm"],[4,4281180255],0]],[1,"19D6XlpoZBmrVJmMT3JgJX",null,null,null,1,0],[1,0,-40,0]],[4,"ScrollView",1,[3],[[2,-19,[0,"e10CbB/dJLuqxBNT2slhOs"],[5,300,400]],[19,0.23,0.75,false,-20,[0,"15aPi0sFdIV6aQbbmhtGnC"],2]],[1,"3av0X89KxPMZz02jO13AFF",null,null,null,1,0],[1,-151,0,0]],[5,"Label_ip",4,[[2,-21,[0,"c65NdXnjtHt49xFW6/7ymL"],[5,42.26,25.2]],[6,20,20,20,1,-22,[0,"b0K3e2uQpJxLbAHDuOVmrH"],[4,4278190080]]],[1,"55IHxW0cFAS4SGGA9F3Ra7",null,null,null,1,0],[1,0,-15,0]],[5,"Label_name",4,[[2,-23,[0,"6bBEo4sMFGHK4a8hirQze5"],[5,42.26,25.2]],[6,20,20,20,1,-24,[0,"7cgtIgYXNNYIo+psrLOSLl"],[4,4278190080]]],[1,"7cL1ZU41tBeKEgfQdgiTFq",null,null,null,1,0],[1,0,15,0]]],0,[0,2,1,0,0,1,0,0,1,0,0,1,0,-1,5,0,0,2,0,0,2,0,0,2,0,0,2,0,-1,4,0,0,3,0,0,3,0,0,3,0,0,3,0,0,4,0,0,4,0,-1,6,0,-2,7,0,0,5,0,0,5,0,0,6,0,0,6,0,0,7,0,0,7,0,3,1,2,1,3,3,1,5,24],[0],[4],[0]],[[{"name":"default_panel","rect":{"x":0,"y":0,"width":20,"height":20},"offset":{"x":0,"y":0},"originalSize":{"width":20,"height":20},"rotated":false,"capInsets":[8,8,8,8],"vertices":{"rawPosition":[-10,-10,0,10,-10,0,-10,10,0,10,10,0],"indexes":[0,1,2,2,1,3],"uv":[0,20,20,20,0,0,20,0],"nuv":[0,0,1,0,0,1,1,1],"minPos":{"x":-10,"y":-10,"z":0},"maxPos":{"x":10,"y":10,"z":0}},"packable":true,"pixelsToUnit":100,"pivot":{"x":0.5,"y":0.5},"meshType":0}],[4],0,[0],[5],[1]]]]
