[1,["74NA1Gv1NIE54fYRtwBudj@6c48a"],["_textureSource"],["cc.SpriteFrame"],0,[{"name":"DDZ_paizhuo","rect":{"x":0,"y":52,"width":1900,"height":658},"offset":{"x":0,"y":-26},"originalSize":{"width":1900,"height":710},"rotated":false,"capInsets":[0,0,0,0],"vertices":{"rawPosition":[-950,-329,0,950,-329,0,-950,329,0,950,329,0],"indexes":[0,1,2,2,1,3],"uv":[0,658,1900,658,0,0,1900,0],"nuv":[0,0,1,0,0,0.9267605633802817,1,0.9267605633802817],"minPos":{"x":-950,"y":-329,"z":0},"maxPos":{"x":950,"y":329,"z":0}},"packable":true,"pixelsToUnit":100,"pivot":{"x":0.5,"y":0.5},"meshType":0}],[0],0,[0],[0],[0]]
