{"version":1,"document":[{"__type__":"cc.AnimationClip","_name":"animation1","_objFlags":0,"__editorExtras__":{"embeddedPlayerGroups":[]},"_native":"","sample":30,"speed":1,"wrapMode":1,"enableTrsBlending":false,"_duration":0.5,"_hash":500763545,"_tracks":[{"__id__":1},{"__id__":7},{"__id__":13}],"_exoticAnimation":null,"_events":[],"_embeddedPlayers":[]},{"__type__":"cc.animation.RealTrack","_binding":{"__type__":"cc.animation.TrackBinding","path":{"__id__":2},"proxy":null},"_channel":{"__id__":5}},{"__type__":"cc.animation.TrackPath","_paths":[{"__id__":3},{"__id__":4},"opacity"]},{"__type__":"cc.animation.HierarchyPath","path":"Sprite_3"},{"__type__":"cc.animation.ComponentPath","component":"cc.UIOpacity"},{"__type__":"cc.animation.Channel","_curve":{"__id__":6}},{"__type__":"cc.RealCurve","bytes":{"__type__":"TypedArrayRef","ctor":"Uint8Array","offset":0,"length":66},"keyframeValueEditorExtras":[{"tangentMode":0},{"tangentMode":0},{"tangentMode":0}]},{"__type__":"cc.animation.RealTrack","_binding":{"__type__":"cc.animation.TrackBinding","path":{"__id__":8},"proxy":null},"_channel":{"__id__":11}},{"__type__":"cc.animation.TrackPath","_paths":[{"__id__":9},{"__id__":10},"opacity"]},{"__type__":"cc.animation.HierarchyPath","path":"Sprite_2"},{"__type__":"cc.animation.ComponentPath","component":"cc.UIOpacity"},{"__type__":"cc.animation.Channel","_curve":{"__id__":12}},{"__type__":"cc.RealCurve","bytes":{"__type__":"TypedArrayRef","ctor":"Uint8Array","offset":66,"length":66},"keyframeValueEditorExtras":[{"tangentMode":0},{"tangentMode":0},{"tangentMode":0}]},{"__type__":"cc.animation.RealTrack","_binding":{"__type__":"cc.animation.TrackBinding","path":{"__id__":14},"proxy":null},"_channel":{"__id__":17}},{"__type__":"cc.animation.TrackPath","_paths":[{"__id__":15},{"__id__":16},"opacity"]},{"__type__":"cc.animation.HierarchyPath","path":"Sprite_1"},{"__type__":"cc.animation.ComponentPath","component":"cc.UIOpacity"},{"__type__":"cc.animation.Channel","_curve":{"__id__":18}},{"__type__":"cc.RealCurve","bytes":{"__type__":"TypedArrayRef","ctor":"Uint8Array","offset":132,"length":66},"keyframeValueEditorExtras":[{"tangentMode":0},{"tangentMode":0},{"tangentMode":0}]}],"chunks":[".bin"]}
