[1,["aaUbWHsRJDJK9fmyszbAnE@f9941","8dyLu8gVZLYpztxJVFA/n5@f9941","8dyLu8gVZLYpztxJVFA/n5@6c48a","aaUbWHsRJDJK9fmyszbAnE@6c48a"],["node","_spriteFrame","_textureSource","root","data"],[["cc.Node",["_name","_components","_prefab","_parent","_children","_lpos"],2,9,4,1,2,5],"cc.SpriteFrame",["cc.Prefab",["_name"],2],["cc.UITransform",["node","__prefab","_contentSize"],3,1,4,5],["cc.CompPrefabInfo",["fileId"],2],["cc.Widget",["_alignFlags","_originalWidth","_originalHeight","node","__prefab"],0,1,4],["cc.BlockInputEvents",["node","__prefab"],3,1,4],["d205dG6RppDr5uYiDux73Zb",["node","__prefab"],3,1,4],["cc.PrefabInfo",["fileId","instance","targetOverrides","nestedPrefabInstanceRoots","root","asset"],-1,1,1],["cc.Sprite",["node","__prefab","_spriteFrame"],3,1,4,6],["cc.Label",["_string","_actualFontSize","_fontSize","_lineHeight","node","__prefab"],-1,1,4],["cc.LabelOutline",["node","__prefab","_color"],3,1,4,5],["f52bb4Td+9B7I/o680h6mHq",["_preCacheMode","_premultipliedAlpha","defaultSkin","defaultAnimation","node","__prefab"],-1,1,4]],[[4,0,2],[3,0,1,2,1],[8,0,1,2,3,4,5,5],[0,0,3,1,2,5,2],[9,0,1,2,1],[2,0,2],[0,0,4,1,2,2],[0,0,3,4,1,2,2],[0,0,3,1,2,2],[5,0,1,2,3,4,4],[6,0,1,1],[7,0,1,1],[10,0,1,2,3,4,5,5],[11,0,1,2,1],[12,0,1,2,3,4,5,5]],[[[[5,"load"],[6,"load",[-6,-7,-8],[[1,-2,[0,"06m0lbOTxD37I0QYPoW/sh"],[5,1280,719.9999999999999]],[9,45,100,100,-3,[0,"b9Petv/h9OhaHZNLU2mkg4"]],[10,-4,[0,"c2UaqZ3nxAJbqoTVx9z3K1"]],[11,-5,[0,"4byP0AVglIsoGcsqdthNra"]]],[2,"c46/YsCPVOJYA4mWEpNYRx",null,null,null,-1,0]],[7,"Sprite_bg",1,[-11],[[1,-9,[0,"7a444+tnlKqbOD78M/Ho4V"],[5,212,205]],[4,-10,[0,"11mL4INNJHr7cxN8xglCPZ"],1]],[2,"8aU1AJsyFMC7YpEAHKv1qs",null,null,null,1,0]],[3,"Label",1,[[1,-12,[0,"6dXDb2fNxGSaonlKRS+y0a"],[5,144.56,44.32]],[12,"Loading...",32,32,32,-13,[0,"12mXp4rCtMRpVBtycTzKO1"]],[13,-14,[0,"f4weYppVBKfI4gI6Is3OnP"],[4,4283716692]]],[2,"fawMLqROVGhYtmkFf0iODy",null,null,null,1,0],[1,-0.944,-136.427,0]],[8,"jz_m",2,[[1,-15,[0,"77KSvLJURG/Z58XnFXHtmA"],[5,212,205]],[4,-16,[0,"2cD3LINnZASpnToqKRwDtQ"],0]],[2,"24CTLxByBObKDoLh/aQVuR",null,null,null,1,0]],[3,"Spine_anim",1,[[1,-17,[0,"74Ike2dfRH8Y+EuivCJ+Z0"],[5,366,366]],[14,0,false,"default","animation",-18,[0,"3cv8fXicZFeIB9iZ5Up2iw"]]],[2,"b9DNHrjV9P94rPQ9XyJyqc",null,null,null,1,0],[1,0,25,0]]],0,[0,3,1,0,0,1,0,0,1,0,0,1,0,0,1,0,-1,2,0,-2,5,0,-3,3,0,0,2,0,0,2,0,-1,4,0,0,3,0,0,3,0,0,3,0,0,4,0,0,4,0,0,5,0,0,5,0,4,1,18],[0,0],[1,1],[0,1]],[[{"name":"jz_hs","rect":{"x":0,"y":0,"width":212,"height":205},"offset":{"x":0,"y":0.5},"originalSize":{"width":212,"height":206},"rotated":false,"capInsets":[0,0,0,0],"vertices":{"rawPosition":[-106,-102.5,0,106,-102.5,0,-106,102.5,0,106,102.5,0],"indexes":[0,1,2,2,1,3],"uv":[0,206,212,206,0,1,212,1],"nuv":[0,0.0048543689320388345,1,0.0048543689320388345,0,1,1,1],"minPos":{"x":-106,"y":-102.5,"z":0},"maxPos":{"x":106,"y":102.5,"z":0}},"packable":true,"pixelsToUnit":100,"pivot":{"x":0.5,"y":0.5},"meshType":0}],[1],0,[0],[2],[2]],[[{"name":"jz_m","rect":{"x":0,"y":1,"width":212,"height":205},"offset":{"x":0,"y":-0.5},"originalSize":{"width":212,"height":206},"rotated":false,"capInsets":[0,0,0,0],"vertices":{"rawPosition":[-106,-102.5,0,106,-102.5,0,-106,102.5,0,106,102.5,0],"indexes":[0,1,2,2,1,3],"uv":[0,205,212,205,0,0,212,0],"nuv":[0,0,1,0,0,0.9951456310679612,1,0.9951456310679612],"minPos":{"x":-106,"y":-102.5,"z":0},"maxPos":{"x":106,"y":102.5,"z":0}},"packable":true,"pixelsToUnit":100,"pivot":{"x":0.5,"y":0.5},"meshType":0}],[1],0,[0],[2],[3]]]]
