{"imports":{"virtual:///prerequisite-imports/internal":"chunks:///_virtual/internal","virtual:///prerequisite-imports/resources":"chunks:///_virtual/resources","virtual:///prerequisite-imports/main":"chunks:///_virtual/main","virtual:///prerequisite-imports/login":"chunks:///_virtual/login","virtual:///prerequisite-imports/plaza":"chunks:///_virtual/plaza","virtual:///prerequisite-imports/GameBase":"chunks:///_virtual/GameBase","virtual:///prerequisite-imports/AB":"chunks:///_virtual/AB","virtual:///prerequisite-imports/Landlord":"chunks:///_virtual/Landlord","virtual:///prerequisite-imports/secondary":"chunks:///_virtual/secondary","virtual:///prerequisite-imports/setting":"chunks:///_virtual/setting","cc":"./cocos-js/cc.5c7be.js"}}