{"version":1,"document":[{"__type__":"cc.AnimationClip","_name":"ani_beishubianhua","_objFlags":0,"__editorExtras__":{"embeddedPlayerGroups":[]},"_native":"","sample":60,"speed":0.3333,"wrapMode":1,"enableTrsBlending":false,"_duration":0.5,"_hash":500763545,"_tracks":[{"__id__":1},{"__id__":7},{"__id__":13},{"__id__":19},{"__id__":25},{"__id__":31},{"__id__":37},{"__id__":48},{"__id__":59}],"_exoticAnimation":null,"_events":[],"_embeddedPlayers":[]},{"__type__":"cc.animation.RealTrack","_binding":{"__type__":"cc.animation.TrackBinding","path":{"__id__":2},"proxy":null},"_channel":{"__id__":5}},{"__type__":"cc.animation.TrackPath","_paths":[{"__id__":3},{"__id__":4},"opacity"]},{"__type__":"cc.animation.HierarchyPath","path":"Node_1/BitmapFontLabel_1"},{"__type__":"cc.animation.ComponentPath","component":"cc.UIOpacity"},{"__type__":"cc.animation.Channel","_curve":{"__id__":6}},{"__type__":"cc.RealCurve","bytes":{"__type__":"TypedArrayRef","ctor":"Uint8Array","offset":0,"length":30},"keyframeValueEditorExtras":[null,null]},{"__type__":"cc.animation.RealTrack","_binding":{"__type__":"cc.animation.TrackBinding","path":{"__id__":8},"proxy":null},"_channel":{"__id__":11}},{"__type__":"cc.animation.TrackPath","_paths":[{"__id__":9},{"__id__":10},"opacity"]},{"__type__":"cc.animation.HierarchyPath","path":"Node_1/tx_youxichang_liandui_light_yuan_2"},{"__type__":"cc.animation.ComponentPath","component":"cc.UIOpacity"},{"__type__":"cc.animation.Channel","_curve":{"__id__":12}},{"__type__":"cc.RealCurve","bytes":{"__type__":"TypedArrayRef","ctor":"Uint8Array","offset":30,"length":42},"keyframeValueEditorExtras":[null,null,null]},{"__type__":"cc.animation.RealTrack","_binding":{"__type__":"cc.animation.TrackBinding","path":{"__id__":14},"proxy":null},"_channel":{"__id__":17}},{"__type__":"cc.animation.TrackPath","_paths":[{"__id__":15},{"__id__":16},"opacity"]},{"__type__":"cc.animation.HierarchyPath","path":"Node_1/tx_youxichang_jiesuan_guangxiao_light01_3"},{"__type__":"cc.animation.ComponentPath","component":"cc.UIOpacity"},{"__type__":"cc.animation.Channel","_curve":{"__id__":18}},{"__type__":"cc.RealCurve","bytes":{"__type__":"TypedArrayRef","ctor":"Uint8Array","offset":72,"length":42},"keyframeValueEditorExtras":[null,null,null]},{"__type__":"cc.animation.RealTrack","_binding":{"__type__":"cc.animation.TrackBinding","path":{"__id__":20},"proxy":null},"_channel":{"__id__":23}},{"__type__":"cc.animation.TrackPath","_paths":[{"__id__":21},{"__id__":22},"opacity"]},{"__type__":"cc.animation.HierarchyPath","path":"Node_1/tx_youxichang_wangzha_light03_4"},{"__type__":"cc.animation.ComponentPath","component":"cc.UIOpacity"},{"__type__":"cc.animation.Channel","_curve":{"__id__":24}},{"__type__":"cc.RealCurve","bytes":{"__type__":"TypedArrayRef","ctor":"Uint8Array","offset":114,"length":42},"keyframeValueEditorExtras":[null,null,null]},{"__type__":"cc.animation.RealTrack","_binding":{"__type__":"cc.animation.TrackBinding","path":{"__id__":26},"proxy":null},"_channel":{"__id__":29}},{"__type__":"cc.animation.TrackPath","_paths":[{"__id__":27},{"__id__":28},"opacity"]},{"__type__":"cc.animation.HierarchyPath","path":"Node_1/settlement_img_xingxing_light_62"},{"__type__":"cc.animation.ComponentPath","component":"cc.UIOpacity"},{"__type__":"cc.animation.Channel","_curve":{"__id__":30}},{"__type__":"cc.RealCurve","bytes":{"__type__":"TypedArrayRef","ctor":"Uint8Array","offset":156,"length":42},"keyframeValueEditorExtras":[null,null,null]},{"__type__":"cc.animation.RealTrack","_binding":{"__type__":"cc.animation.TrackBinding","path":{"__id__":32},"proxy":null},"_channel":{"__id__":35}},{"__type__":"cc.animation.TrackPath","_paths":[{"__id__":33},{"__id__":34},"opacity"]},{"__type__":"cc.animation.HierarchyPath","path":"Node_1/tx_youxichang_jiesuan_guangxiao_light01_63"},{"__type__":"cc.animation.ComponentPath","component":"cc.UIOpacity"},{"__type__":"cc.animation.Channel","_curve":{"__id__":36}},{"__type__":"cc.RealCurve","bytes":{"__type__":"TypedArrayRef","ctor":"Uint8Array","offset":198,"length":42},"keyframeValueEditorExtras":[null,null,null]},{"__type__":"cc.animation.VectorTrack","_binding":{"__type__":"cc.animation.TrackBinding","path":{"__id__":38},"proxy":null},"_channels":[{"__id__":40},{"__id__":42},{"__id__":44},{"__id__":46}],"_nComponents":3},{"__type__":"cc.animation.TrackPath","_paths":[{"__id__":39},"scale"]},{"__type__":"cc.animation.HierarchyPath","path":"Node_1/BitmapFontLabel_1"},{"__type__":"cc.animation.Channel","_curve":{"__id__":41}},{"__type__":"cc.RealCurve","bytes":{"__type__":"TypedArrayRef","ctor":"Uint8Array","offset":240,"length":78},"keyframeValueEditorExtras":[null,null,null,null,null,null]},{"__type__":"cc.animation.Channel","_curve":{"__id__":43}},{"__type__":"cc.RealCurve","bytes":{"__type__":"TypedArrayRef","ctor":"Uint8Array","offset":318,"length":78},"keyframeValueEditorExtras":[null,null,null,null,null,null]},{"__type__":"cc.animation.Channel","_curve":{"__id__":45}},{"__type__":"cc.RealCurve","bytes":{"__type__":"TypedArrayRef","ctor":"Uint8Array","offset":396,"length":6}},{"__type__":"cc.animation.Channel","_curve":{"__id__":47}},{"__type__":"cc.RealCurve","bytes":{"__type__":"TypedArrayRef","ctor":"Uint8Array","offset":402,"length":6}},{"__type__":"cc.animation.VectorTrack","_binding":{"__type__":"cc.animation.TrackBinding","path":{"__id__":49},"proxy":null},"_channels":[{"__id__":51},{"__id__":53},{"__id__":55},{"__id__":57}],"_nComponents":3},{"__type__":"cc.animation.TrackPath","_paths":[{"__id__":50},"scale"]},{"__type__":"cc.animation.HierarchyPath","path":"Node_1/tx_youxichang_liandui_light_yuan_2"},{"__type__":"cc.animation.Channel","_curve":{"__id__":52}},{"__type__":"cc.RealCurve","bytes":{"__type__":"TypedArrayRef","ctor":"Uint8Array","offset":408,"length":30},"keyframeValueEditorExtras":[null,null]},{"__type__":"cc.animation.Channel","_curve":{"__id__":54}},{"__type__":"cc.RealCurve","bytes":{"__type__":"TypedArrayRef","ctor":"Uint8Array","offset":438,"length":30},"keyframeValueEditorExtras":[null,null]},{"__type__":"cc.animation.Channel","_curve":{"__id__":56}},{"__type__":"cc.RealCurve","bytes":{"__type__":"TypedArrayRef","ctor":"Uint8Array","offset":468,"length":6}},{"__type__":"cc.animation.Channel","_curve":{"__id__":58}},{"__type__":"cc.RealCurve","bytes":{"__type__":"TypedArrayRef","ctor":"Uint8Array","offset":474,"length":6}},{"__type__":"cc.animation.VectorTrack","_binding":{"__type__":"cc.animation.TrackBinding","path":{"__id__":60},"proxy":null},"_channels":[{"__id__":62},{"__id__":64},{"__id__":66},{"__id__":68}],"_nComponents":3},{"__type__":"cc.animation.TrackPath","_paths":[{"__id__":61},"scale"]},{"__type__":"cc.animation.HierarchyPath","path":"Node_1/tx_youxichang_wangzha_light03_4"},{"__type__":"cc.animation.Channel","_curve":{"__id__":63}},{"__type__":"cc.RealCurve","bytes":{"__type__":"TypedArrayRef","ctor":"Uint8Array","offset":480,"length":30},"keyframeValueEditorExtras":[null,null]},{"__type__":"cc.animation.Channel","_curve":{"__id__":65}},{"__type__":"cc.RealCurve","bytes":{"__type__":"TypedArrayRef","ctor":"Uint8Array","offset":510,"length":30},"keyframeValueEditorExtras":[null,null]},{"__type__":"cc.animation.Channel","_curve":{"__id__":67}},{"__type__":"cc.RealCurve","bytes":{"__type__":"TypedArrayRef","ctor":"Uint8Array","offset":540,"length":6}},{"__type__":"cc.animation.Channel","_curve":{"__id__":69}},{"__type__":"cc.RealCurve","bytes":{"__type__":"TypedArrayRef","ctor":"Uint8Array","offset":546,"length":6}}],"chunks":[".bin"]}
