[1,["dbVlqJkhtHeq6HycUT5jcZ","9cABAUDZ9P4pNxDj7WWJkj@f9941","65wi6cBXJFQKy0EuzMWqYa@f9941","a0zUCplmBG2KBwhJ5Hez1s@f9941","20g1ukYUVPvKWKBRznAKo+@f9941","54TknWPwVPqJqeCR+Y/Czo@f9941","95EkngnxZFbYuFpsqVTaFr@f9941","5afynGLVVFJ6mJ5Zej02LQ@f9941","0eefc/xQZORoz50r8nJFWS@6c48a","16qc9/2VxPL4cki55ixljf@6c48a","20g1ukYUVPvKWKBRznAKo+@6c48a","21N/sIFo1EvbibsBP62VqT@6c48a","21btSSX+VMmJCOfzv2x7sc@6c48a","a5xwAq37FCz6+BLsjSCO5t","42nFvQlalGeZoxhhjhuKGQ@f9941","16qc9/2VxPL4cki55ixljf@f9941","edzjWK+YFCD7cb5aKI4+Py@f9941","d12aLJMV1H3rOru3QqxXYE@f9941","da/YuN//pPvYCecgtGoQXB@f9941","a0piUUC8tI8rxd3JWNUkQ4@f9941","21N/sIFo1EvbibsBP62VqT@f9941","687DQppSxEnKVtr56SRw7L@f9941","dcQJKovKBHq7pYEaNdV6EJ@f9941","8271JH+flAVYv+0R5h83yC@f9941","a3SJwrX89ICYSApkqU1SAb@f9941","98R7DS97xGj7y84tB9MJI0@f9941","a4kI2GO6hKA7dXO+p0n1I/@f9941","b0NXzRS2RPgKGs4JxPI0Ir@f9941","b71dnE36FOjriipvUmlsZy@f9941","3cwr7WsrdEcbV9kjR5Mgrj@f9941","36zmBQLiRJ3qaTFpi0rkVM@f9941","0eefc/xQZORoz50r8nJFWS@f9941","415rl8PK5EmIX8h9746WuH@f9941","21btSSX+VMmJCOfzv2x7sc@f9941","eb+mzcPb1LiLS+hqGlVnHS@f9941","36zmBQLiRJ3qaTFpi0rkVM@6c48a","3cwr7WsrdEcbV9kjR5Mgrj@6c48a","415rl8PK5EmIX8h9746WuH@6c48a","42nFvQlalGeZoxhhjhuKGQ@6c48a","54TknWPwVPqJqeCR+Y/Czo@6c48a","5afynGLVVFJ6mJ5Zej02LQ@6c48a","65wi6cBXJFQKy0EuzMWqYa@6c48a","687DQppSxEnKVtr56SRw7L@6c48a","8271JH+flAVYv+0R5h83yC@6c48a","95EkngnxZFbYuFpsqVTaFr@6c48a","98R7DS97xGj7y84tB9MJI0@6c48a","9cABAUDZ9P4pNxDj7WWJkj@6c48a","a0piUUC8tI8rxd3JWNUkQ4@6c48a","a0zUCplmBG2KBwhJ5Hez1s@6c48a","a3SJwrX89ICYSApkqU1SAb@6c48a","a4kI2GO6hKA7dXO+p0n1I/@6c48a","b0NXzRS2RPgKGs4JxPI0Ir@6c48a","b71dnE36FOjriipvUmlsZy@6c48a","d12aLJMV1H3rOru3QqxXYE@6c48a","da/YuN//pPvYCecgtGoQXB@6c48a","dcQJKovKBHq7pYEaNdV6EJ@6c48a","eb+mzcPb1LiLS+hqGlVnHS@6c48a","edzjWK+YFCD7cb5aKI4+Py@6c48a"],["node","_textureSource","_spriteFrame","_parent","root","_target","_font","_normalSprite","_hoverSprite","_pressedSprite","_disabledSprite","data","asset"],["cc.SpriteFrame",["cc.Widget",["_alignFlags","_left","_bottom","_originalHeight","_top","_originalWidth","_right","_horizontalCenter","_alignMode","_verticalCenter","node","__prefab"],-7,1,4],["cc.Node",["_name","_objFlags","__editorExtras__","_prefab","_components","_parent","_children","_lpos","_lscale"],0,4,9,1,2,5,5],["cc.Layout",["_layoutType","_resizeMode","_spacingX","_spacingY","_isAlign","_enabled","_startAxis","_constraintNum","_paddingTop","node","__prefab"],-6,1,4],["cc.UITransform",["node","__prefab","_contentSize","_anchorPoint"],3,1,4,5,5],["cc.Sprite",["_sizeMode","_type","node","__prefab","_spriteFrame"],1,1,4,6],["cc.Label",["_actualFontSize","_fontSize","_lineHeight","_isSystemFontUsed","_string","node","__prefab","_font","_color"],-2,1,4,6,5],["cc.Prefab",["_name"],2],["cc.UIOpacity",["node","__prefab"],3,1,4],["cc.CompPrefabInfo",["fileId"],2],["4b813na+yJJFJkdfl82Cv1K",["node","__prefab"],3,1,4],["cc.PrefabInfo",["fileId","instance","targetOverrides","root","asset","nestedPrefabInstanceRoots"],0,1,1,2],["cc.PrefabInfo",["fileId","instance","targetOverrides","nestedPrefabInstanceRoots","root","asset"],-1,1,1],["cc.PrefabInfo",["fileId","targetOverrides","nestedPrefabInstanceRoots","root","instance","asset"],0,1,4,6],["cc.Mask",["node","__prefab"],3,1,4],["cc.Graphics",["node","__prefab","_fillColor"],3,1,4,5],["cc.ScrollView",["bounceDuration","brake","vertical","node","__prefab","_content"],0,1,4,1],["cc.Button",["_transition","node","__prefab","_normalColor","_target","_normalSprite","_hoverSprite","_pressedSprite","_disabledSprite"],2,1,4,5,1,6,6,6,6],["cc.TargetInfo",["localID"],2],["cc.PrefabInstance",["fileId","prefabRootNode","propertyOverrides"],2,1,9],["CCPropertyOverrideInfo",["value","propertyPath","targetInfo"],1,1],["CCPropertyOverrideInfo",["propertyPath","targetInfo","value"],2,1,8],["CCPropertyOverrideInfo",["propertyPath","targetInfo","value"],2,4,8]],[[9,0,2],[12,0,1,2,3,4,5,5],[4,0,1,2,1],[2,0,5,4,3,2],[5,0,2,3,4,2],[2,0,5,6,4,3,7,2],[2,0,5,4,3,7,2],[5,2,3,4,1],[4,0,1,2,3,1],[1,0,5,3,10,11,4],[2,0,5,4,3,8,2],[2,0,6,4,3,2],[2,0,6,4,3,7,8,2],[2,0,6,4,3,7,2],[2,0,1,5,6,4,3,3],[2,0,5,6,4,3,7,8,2],[4,0,1,1],[3,1,0,6,2,3,7,9,10,7],[5,1,0,2,3,4,3],[18,0,2],[21,0,1,2,2],[2,0,5,6,4,3,2],[2,0,1,5,4,3,3],[1,0,4,2,3,10,11,5],[1,0,1,4,10,11,4],[1,0,6,4,10,11,4],[1,0,1,6,4,2,5,3,10,11,8],[17,0,1,2,3,4,5,6,7,8,2],[22,0,1,2,2],[6,4,0,5,6,3],[7,0,2],[2,1,2,5,3,3],[2,0,5,4,3,7,8,2],[8,0,1,1],[1,0,1,2,7,10,11,5],[1,0,4,2,5,3,10,11,6],[1,0,1,10,11,3],[1,0,1,4,2,5,3,10,11,7],[1,0,3,10,11,3],[1,0,1,8,10,11,4],[1,0,1,2,10,11,4],[1,0,6,2,10,11,4],[1,0,1,9,10,11,4],[10,0,1,1],[11,0,1,2,3,4,5,4],[13,0,1,2,3,4,5,4],[3,1,0,2,4,9,10,5],[3,5,1,0,2,9,10,5],[3,0,8,3,9,10,4],[14,0,1,1],[15,0,1,2,1],[16,0,1,2,3,4,5,4],[19,0,1,2,2],[20,0,1,2,3],[6,0,1,2,3,5,6,8,7,5],[6,0,1,2,3,5,6,7,5]],[[[{"name":"ICON_haoyoufang","rect":{"x":6,"y":4,"width":521,"height":199},"offset":{"x":-7,"y":4},"originalSize":{"width":547,"height":215},"rotated":false,"capInsets":[0,0,0,0],"vertices":{"rawPosition":[-260.5,-99.5,0,260.5,-99.5,0,-260.5,99.5,0,260.5,99.5,0],"indexes":[0,1,2,2,1,3],"uv":[6,211,527,211,6,12,527,12],"nuv":[0.010968921389396709,0.05581395348837209,0.9634369287020109,0.05581395348837209,0.010968921389396709,0.9813953488372092,0.9634369287020109,0.9813953488372092],"minPos":{"x":-260.5,"y":-99.5,"z":0},"maxPos":{"x":260.5,"y":99.5,"z":0}},"packable":true,"pixelsToUnit":100,"pivot":{"x":0.5,"y":0.5},"meshType":0}],[0],0,[0],[1],[8]],[[{"name":"ICON_zhuanpan","rect":{"x":1,"y":7,"width":146,"height":135},"offset":{"x":0.5,"y":-2},"originalSize":{"width":147,"height":145},"rotated":false,"capInsets":[0,0,0,0],"vertices":{"rawPosition":[-73,-67.5,0,73,-67.5,0,-73,67.5,0,73,67.5,0],"indexes":[0,1,2,2,1,3],"uv":[1,138,147,138,1,3,147,3],"nuv":[0.006802721088435374,0.020689655172413793,1,0.020689655172413793,0.006802721088435374,0.9517241379310345,1,0.9517241379310345],"minPos":{"x":-73,"y":-67.5,"z":0},"maxPos":{"x":73,"y":67.5,"z":0}},"packable":true,"pixelsToUnit":100,"pivot":{"x":0.5,"y":0.5},"meshType":0}],[0],0,[0],[1],[9]],[[{"name":"default_btn_normal","rect":{"x":0,"y":0,"width":40,"height":40},"offset":{"x":0,"y":0},"originalSize":{"width":40,"height":40},"rotated":false,"capInsets":[12,12,12,12],"vertices":{"rawPosition":[-20,-20,0,20,-20,0,-20,20,0,20,20,0],"indexes":[0,1,2,2,1,3],"uv":[0,40,40,40,0,0,40,0],"nuv":[0,0,1,0,0,1,1,1],"minPos":{"x":-20,"y":-20,"z":0},"maxPos":{"x":20,"y":20,"z":0}},"packable":true,"pixelsToUnit":100,"pivot":{"x":0.5,"y":0.5},"meshType":0}],[0],0,[0],[1],[10]],[[{"name":"vip_tb","rect":{"x":0,"y":0,"width":199,"height":95},"offset":{"x":0,"y":0},"originalSize":{"width":199,"height":95},"rotated":false,"capInsets":[0,0,0,0],"vertices":{"rawPosition":[-99.5,-47.5,0,99.5,-47.5,0,-99.5,47.5,0,99.5,47.5,0],"indexes":[0,1,2,2,1,3],"uv":[0,95,199,95,0,0,199,0],"nuv":[0,0,1,0,0,1,1,1],"minPos":{"x":-99.5,"y":-47.5,"z":0},"maxPos":{"x":99.5,"y":47.5,"z":0}},"packable":true,"pixelsToUnit":100,"pivot":{"x":0.5,"y":0.5},"meshType":0}],[0],0,[0],[1],[11]],[[{"name":"bisaichang","rect":{"x":9,"y":4,"width":410,"height":625},"offset":{"x":1.5,"y":12.5},"originalSize":{"width":425,"height":658},"rotated":false,"capInsets":[0,0,0,0],"vertices":{"rawPosition":[-205,-312.5,0,205,-312.5,0,-205,312.5,0,205,312.5,0],"indexes":[0,1,2,2,1,3],"uv":[9,654,419,654,9,29,419,29],"nuv":[0.021176470588235293,0.044072948328267476,0.9858823529411764,0.044072948328267476,0.021176470588235293,0.993920972644377,0.9858823529411764,0.993920972644377],"minPos":{"x":-205,"y":-312.5,"z":0},"maxPos":{"x":205,"y":312.5,"z":0}},"packable":true,"pixelsToUnit":100,"pivot":{"x":0.5,"y":0.5},"meshType":0}],[0],0,[0],[1],[12]],[[[30,"plaza_main"],[11,"plaza_main",[-7,-8,-9,-10,-11,-12,-13,-14],[[33,-3,[0,"faljrSy+dJG4jXCneoX4u2"]],[2,-4,[0,"fb6CnXQDlAe74S5O7EnmpV"],[5,1280,720]],[9,45,1280,720,-5,[0,"2f4/ZXwG9NLZA1Efk/cOS2"]],[43,-6,[0,"6393w/cxtHBJiYhDTIIVm3"]]],[44,"82imxdQR1HqrKwJgMZgOFY",null,null,-2,0,[-1]]],[12,"Node_bottom_btns",[-18,-19,-20,-21,-22],[[2,-15,[0,"04/cdCjANKHJVfVLzFcEyM"],[5,660,88]],[46,1,1,40,true,-16,[0,"62rM2XTX5N8aWOJqHuJ2qy"]],[34,12,156.899,11.174999999999955,-263.321,-17,[0,"6e7evXVotApomaSvcHVhFj"]]],[1,"69se+AokBNabwAVLC1SVa9",null,null,null,1,0],[1,-263.321,-319.5210000000001,0],[1,0.666,0.666,1]],[13,"Node",[-25,-26,-27,-28,-29],[[2,-23,[0,"96tfUhuxpL5Z8w0OxkwQZ8"],[5,472,100]],[47,false,1,1,10,-24,[0,"a8yYgzAkxD6qR+Bh6bkM10"]]],[1,"f7GfrK2AxDiZxEBaOrdH1Y",null,null,null,1,0],[1,90.493,0,0]],[11,"content",[-33,-34],[[8,-30,[0,"a9QnAXwwlPbrJknJTvbxF9"],[5,0,513],[0,0,0.5]],[17,1,1,1,10,2,3,-31,[0,"d5bZVWST1HfI5BtSTR3CSl"]],[23,2,43.5,43.5,513,-32,[0,"81pivxA8VDBZTzW3GEDWRS"]]],[1,"93qxNQ3YtMypTNO4thlqVE",null,null,null,1,0]],[13,"Node_content",[-37,-38,-39,-40],[[2,-35,[0,"76Jf2c7odHx7hYp0coQOnD"],[5,100,488]],[48,2,30,20,-36,[0,"506fFpJSlObYnbhMBuKt+K"]]],[1,"6d83lOWetOCogCiCzRafNY",null,null,null,1,0],[1,0,8,0]],[13,"Node_player",[-43,-44,-45,-46],[[2,-41,[0,"86JuFIUwpENpl2gq/mgFlZ"],[5,88,88]],[24,9,52.884,17.48,-42,[0,"16VCHA3ABEKIrvwHsJJvp+"]]],[1,"40o65iwHNPF4ND39Eh9UGM",null,null,null,1,0],[1,-109.61599999999999,-20.98,0]],[12,"node_coin",[-49,-50,-51,-52],[[2,-47,[0,"803fE4CnVMYLGtFIgS224i"],[5,0,0]],[25,33,506.169,40.47399999999999,-48,[0,"05Co0FWiRNk6tMFjJnONbY"]]],[1,"90VuRGKYFE9IhYpNNm5NDf",null,null,null,1,0],[1,133.83100000000002,319.526,0],[1,0.666,0.666,1]],[12,"node_diamond",[-55,-56,-57,-58],[[2,-53,[0,"1eFl7jyHBI+pJ6HH/7J8E+"],[5,0,0]],[25,33,303.991,40.47399999999999,-54,[0,"f7gvAnR1BHTLZnK6r/Pa7c"]]],[1,"29tHW+J/dCbLg+cXG+dh9c",null,null,null,1,0],[1,336.009,319.526,0],[1,0.666,0.666,1]],[14,"Node_center",512,1,[-61,-62,-63],[[2,-59,[0,"43Y9aFLatFaqZrE1fBWoO8"],[5,1280,720]],[9,45,100,100,-60,[0,"9eQC4nx4NHlZzT2kce4rXg"]]],[1,"ddvyyGXeZEYL0LyeDEl9TG",null,null,null,1,0]],[11,"view",[4],[[8,-64,[0,"dbsKzKcaBOVpZIXw8i8t3z"],[5,880,600],[0,0,0.5]],[49,-65,[0,"4bfs2pyGhFYp0rMPb14/qJ"]],[35,42,131.5,131.5,240,250,-66,[0,"ffKCphABhLTa5/VY7UmseA"]],[50,-67,[0,"e6xeZsedVI8JgxrHrKCYBS"],[4,16777215]]],[1,"c90ro7kKtHW4xuqtOU3Tt8",null,null,null,1,0]],[14,"Node_top",512,1,[-70,7,8],[[2,-68,[0,"3aX0/Q/hNOm4ZTufdk2auL"],[5,1280,720]],[9,45,100,100,-69,[0,"52Fxag7chHQp1kUjQhHQEY"]]],[1,"177yUXoPxFJZzAbXQY29My",null,null,null,1,0]],[5,"top_bg",11,[6,-74],[[2,-71,[0,"928ytqVwlC5adoddpeMF9m"],[5,413,81]],[4,0,-72,[0,"67d/Y1vVpLSIg3N0OaktNM"],11],[36,9,-28.779999999999973,-73,[0,"edD/PvTndGYIhnyBa01BGy"]]],[1,"d2W/mSWmFHRbJDLbd589w1",null,null,null,1,0],[1,-462.28,319.5,0]],[14,"Node_bottom",512,1,[-77,2,-78],[[2,-75,[0,"60Sj9INexOe4EBgCSURuoX"],[5,1280,720]],[9,45,100,100,-76,[0,"5eu7c3VdhAqb1zClkWkorF"]]],[1,"0elYQ6YzVAJ5g7EtwaaHxk",null,null,null,1,0]],[5,"ScrollView",9,[10],[[8,-79,[0,"8cG4J5YEJAsaIg5DUFrX3B"],[5,880,513],[0,0,0.5]],[51,0.23,0.75,false,-80,[0,"5eX+U6YN5CWbTN+7klyqKS"],4],[37,45,400,103.5,103.5,700,500,-81,[0,"a48k8F1hBCAqHbXqW/e5Mf"]]],[1,"ab8G8HuUNJrpcT90t4hn/q",null,null,null,1,0],[1,-240,0,0]],[15,"Node_head",6,[-84,-85],[[2,-82,[0,"4b9DTT5exHfa0HVs0wd+e0"],[5,133.33333333333331,132.1321321321321]],[26,45,-10.261000000000001,10.261000000000001,-6.155999999999997,6.155999999999997,100,100,-83,[0,"c0HhS1DQ9OQ4/tPBIXg1cF"]]],[1,"6bhJyXoA9KAIFtsSJFZETx",null,null,null,1,0],[1,-10.261000000000003,6.155999999999999,0],[1,0.66,0.666,1]],[6,"Button_test_002",3,[[2,-86,[0,"ebAvNtET5A9qIQpKMiXADj"],[5,231,466]],[18,1,0,-87,[0,"7fi/4IhrdDkqa7x2tGiwuU"],27],[27,2,-89,[0,"49Oj2uMw5AmYH2wliOfS6U"],[4,4292269782],-88,28,29,30,31]],[1,"272il8J/9HOYxVdCNrMHgg",null,null,null,1,0],[1,-120.5,0,0]],[6,"Button_test_003",3,[[2,-90,[0,"f59jy2iHtHf6wep30W5yBR"],[5,231,466]],[18,1,0,-91,[0,"c1VOEbH7RGtY20/J/cgTHI"],32],[27,2,-93,[0,"56nHDC4tZFxY2hgJEhBu3V"],[4,4292269782],-92,33,34,35,36]],[1,"135YuNzdFEYJgVEGbOQa9U",null,null,null,1,0],[1,120.5,0,0]],[19,["94JINDs95FM7Cj3KirVaIh"]],[6,"content_big",4,[[8,-94,[0,"bcG0tX1wBHZ5x/Gklwoj40"],[5,-10,513],[0,0,0.5]],[17,1,1,1,10,2,3,-95,[0,"7apSzpB31Mqbs+0IpuWRT4"]],[23,5,-10,10,513,-96,[0,"25ezWSouJJ44pAoRmE41Uv"]]],[1,"7a57+Ug8tLOpFMb+XUslUb",null,null,null,1,0],[1,0,10,0]],[3,"content_small",4,[[8,-97,[0,"4aTBokZZNDtLv2hhnmfxd7"],[5,0,513],[0,0,0.5]],[17,1,3,1,10,2,3,-98,[0,"4eApyjAcNOvrd/yTsqQEZs"]],[38,5,513,-99,[0,"9bfRx/C/dKdadC50CAKRVC"]]],[1,"6dp1SjYx1ECrpdn7T99lWu",null,null,null,1,0]],[5,"Node_activitys",9,[5],[[16,-100,[0,"a3Ngc9P0hPRLrjQ7fZREdr"]],[39,10,15,0,-101,[0,"2fViFjTrxKz7J5Ouy8x38Y"]]],[1,"78GKRVgo9OYIedOXviDYGh",null,null,null,1,0],[1,-575,0,0]],[15,"Node_email",12,[-104],[[2,-102,[0,"3dNwn6GvFGLaMpbSe//Rs3"],[5,100,88]],[24,9,331.85299999999995,16.290999999999997,-103,[0,"1dCUNzq+9CzqCdx1GD5LuP"]]],[1,"a5fRoFVodIcYMVhH/JNjvb",null,null,null,1,0],[1,158.65299999999996,-5.094999999999999,0],[1,0.666,0.666,1]],[15,"Node_shop",13,[-107],[[2,-105,[0,"017gG4y5VCop1KYTHV9y8e"],[5,177,160]],[40,12,14.663999999999987,4.475999999999999,-106,[0,"fb59vinthGVYlUpXXgO7Oy"]]],[1,"f3iT69oZ5GH4HHBA7QRa9X",null,null,null,1,0],[1,-566.395,-302.244,0],[1,0.666,0.666,1]],[5,"node_friendRoom",13,[-110],[[2,-108,[0,"73R9P39cFH7rpGcHZF49rR"],[5,341,132]],[41,36,37.99299999999994,1.6890000000000214,-109,[0,"59Pt96EU5FVaafpo8zT2BN"]]],[1,"e5sMzfEMBFAqhSj1Pky98q",null,null,null,1,0],[1,431.50700000000006,-292.311,0]],[21,"Node",1,[3],[[2,-111,[0,"c4SXcH6QFE+obX1z7Mopv2"],[5,0,0]],[26,45,640,640,360,360,100,100,-112,[0,"01+q60If5BqoHmuX5rxyc8"]]],[1,"fc/3Epr9ZIT6zxQBUy8pPv",null,null,null,1,0]],[31,512,{},1,[45,"94JINDs95FM7Cj3KirVaIh",null,null,-113,[52,"bdI8V0JzhNpZC4gTygGRpT",1,[[53,"plaza_bg",["_name"],18],[20,["_lpos"],18,[1,0,0,0]],[20,["_lrot"],18,[3,0,0,0,1]],[20,["_euler"],18,[1,0,0,0]],[28,["_contentSize"],[19,["69jPnxYW5H5JhqrhkC2fVl"]],[5,1280,720]],[28,["_contentSize"],[19,["03UWD40SFGALo064PZSBNC"]],[5,1650,900]]]],0]],[6,"Node_special",9,[[16,-114,[0,"99ZcPd8CpKQLNcWpnNEarl"]],[42,10,210,10,-115,[0,"f0JZjWnEtH7rJyVjnxaZDe"]]],[1,"14gGdoxdtKQIZercamR/DU",null,null,null,1,0],[1,-380,10,0]],[5,"Node_mooncard",5,[-117],[[2,-116,[0,"74Yg5GjLRCfJ2muCioZGy/"],[5,100,88]]],[1,"06JCiOAJxI2o5HGU28UQSJ",null,null,null,1,0],[1,0,170,0]],[10,"Sprite_icon",28,[[2,-118,[0,"8anFHAsclGEJImNfthDnqF"],[5,126,129]],[4,0,-119,[0,"e2v5nBejxLRJ5Rzcc/7smb"],1]],[1,"0fHGAhA9hCsqKY5zNx7Fo9",null,null,null,1,0],[1,0.666,0.666,1]],[5,"Node_wheel",5,[-121],[[2,-120,[0,"d6VLH+NYNCE5TLRW5zWY2l"],[5,100,88]]],[1,"5eKfKDwh5PIphl0tbR0Nlx",null,null,null,1,0],[1,0,62,0]],[10,"Sprite_icon",30,[[2,-122,[0,"97dCpdButGT4OYYANPM4SY"],[5,146,135]],[4,0,-123,[0,"036r8wc+xOVrjg/K6m2AiZ"],2]],[1,"103lak6RhJ9LYu+YTXDJO5",null,null,null,1,0],[1,0.666,0.666,1]],[5,"Node_activity",5,[-125],[[2,-124,[0,"d1V0k3gXNEL44q2Fvx9pKu"],[5,100,88]]],[1,"762VAF7jJEQ6XIGK4dWoIO",null,null,null,1,0],[1,0,-46,0]],[10,"Sprite_icon",32,[[2,-126,[0,"57spXOOEtE6JCSWm7oD+4F"],[5,148,144]],[4,0,-127,[0,"87NHVqbvVCK51y9HehS1zW"],3]],[1,"cc6B7pZNNJa7KVSwRPxKnY",null,null,null,1,0],[1,0.666,0.666,1]],[5,"Node_yaoqing",5,[-129],[[2,-128,[0,"fdQifrnNRH5J5TAFY3UTGH"],[5,100,88]]],[1,"deP8wC+PVBC5LguGBh6MnI",null,null,null,1,0],[1,0,-154,0]],[10,"Sprite_icon",34,[[2,-130,[0,"36+EtOGAVESK/ITHGnYRed"],[5,152,127]],[4,0,-131,[0,"aeZMpbWTtICaSVg3DBNQKx"],4]],[1,"e7A6dmWsFLl5AGDCHxy5HT",null,null,null,1,0],[1,0.666,0.666,1]],[3,"Sprite_head",15,[[2,-132,[0,"8b9Ob5BSNEC5Mft9ykkibD"],[5,106,106]],[7,-133,[0,"01xSiYvrNLW4F+dYPcPAky"],5]],[1,"e9iA6MyVBN9b/HKXeGYrza",null,null,null,1,0]],[3,"Sprite_frame",15,[[2,-134,[0,"4afHELTrpN86gSPKD++4DA"],[5,110,110]],[7,-135,[0,"ae9Yy0kUxI9oRm7J+ot7VN"],6]],[1,"aaGeq6DB1FUojXA9oU5uWP",null,null,null,1,0]],[32,"Sprite_vip",6,[[2,-136,[0,"5fwfybXrpKfbqe/EqFljw1"],[5,199,95]],[7,-137,[0,"c4qyIKNGZMa5YHj48o3qmJ"],7]],[1,"597wEVimdIIKESReCCw9Nq",null,null,null,1,0],[1,393.682,14.658,0],[1,0.666,0.666,1]],[6,"Label_id",6,[[8,-138,[0,"eboDLMoQtMAJJnnAqMj52V"],[5,52.19,37.8],[0,0,0.5]],[54,20,20,30,false,-139,[0,"69nDvlu3JCeK/k9WpH/ptc"],[4,4288730367],8]],[1,"66nxK+zh1PoLX1Dm0rGXyG",null,null,null,1,0],[1,38.713,-0.557,0]],[6,"Label_name",6,[[8,-140,[0,"38mPGNwZZBsrXxavA6uMtV"],[5,52.19,37.8],[0,0,0.5]],[55,20,20,30,false,-141,[0,"686B1Q2INNhZEA1rllOobA"],9]],[1,"d8/Qoho4NF6LrjVHGPRfj2",null,null,null,1,0],[1,37.687,27.469,0]],[3,"Sprite_icon",22,[[2,-142,[0,"8brwHLZ6NG9omN1X52NsGA"],[5,77,89]],[7,-143,[0,"5arsHDj99B+r119UOJfNPp"],10]],[1,"b2SBYY6qlLh473FZWuBu4K",null,null,null,1,0]],[3,"coin_bg",7,[[2,-144,[0,"84Q0xufV1Hxo98n9wa3cbi"],[5,268,56]],[7,-145,[0,"8a2hoWt7FDA57bTYy1AxHH"],12]],[1,"68Z98t8jVMHpvN6c7xlgPD",null,null,null,1,0]],[6,"coin_icon",7,[[2,-146,[0,"d41h/6nV5NEJ0iJXRv9ycu"],[5,48,50]],[7,-147,[0,"4a6vtP/+pJ7I5A87xktDo5"],13]],[1,"df0narqPFAXpUBa/jsacuQ",null,null,null,1,0],[1,-109.361,-1.262,0]],[6,"coin_add",7,[[2,-148,[0,"189Uxmqh1N7JzEbXLl4Y+x"],[5,50,50]],[7,-149,[0,"c0yHCK/fVFxprHGOENDc+7"],14]],[1,"d20Y9iEOFHe5IzekllWa8R",null,null,null,1,0],[1,109.78,1.996,0]],[3,"coin_label",7,[[2,-150,[0,"9fT69wqzJN8IKEeShyIrp1"],[5,22.25,50.4]],[29,"0",40,-151,[0,"3cebs7B1FEe6lm7YYw4Eg7"]]],[1,"14P2BwVG5HFIrBBuzxxthu",null,null,null,1,0]],[3,"diamond_bg",8,[[2,-152,[0,"09EtREqclGHqQN2mlklxYQ"],[5,268,56]],[7,-153,[0,"4aMNC0B1RHbLSK29sE5dbt"],15]],[1,"eaAsHCccVKbZfEs7glWOyo",null,null,null,1,0]],[6,"diamond_icon",8,[[2,-154,[0,"ddbviremlNmbJIv5es8VqF"],[5,58,50]],[7,-155,[0,"1eAe/AXelO/7znt//1p1Wj"],16]],[1,"79/W/TY0xCwrHwrVHKdhYi",null,null,null,1,0],[1,-109.361,-1.262,0]],[6,"diamond_add",8,[[2,-156,[0,"1d3tjAkB1IyYXzJ2Zp2PzI"],[5,50,50]],[7,-157,[0,"23y7mOSihKaJm2BrLYcZSh"],17]],[1,"aa2rBn7kBE76p7SmcKTBIP",null,null,null,1,0],[1,109.78,1.996,0]],[3,"diamond_label",8,[[2,-158,[0,"5aMnDqcoZFloa1IDOK+HFH"],[5,22.25,50.4]],[29,"0",40,-159,[0,"90lzoQtyVC4LUCiKILx3Xq"]]],[1,"7env95XXVCm7DsZI6Omm7D",null,null,null,1,0]],[6,"Sprite_icon",23,[[2,-160,[0,"139STzoyZNO62gAa5q+Cx/"],[5,170,125]],[4,0,-161,[0,"74Ce52Tx5ET6+uN+fJMPKE"],18]],[1,"d5/4HOeI9LFag5Mb5adk6o",null,null,null,1,0],[1,0,-13.045,0]],[5,"Node_fuli",2,[-163],[[2,-162,[0,"76RcBkR/JDb4MZTFC2kADO"],[5,100,88]]],[1,"d3OCzKPE9PF5wyQvw51t4O",null,null,null,1,0],[1,-280,0,0]],[3,"Sprite_icon",51,[[2,-164,[0,"20MN+fSnZLF5GOYXge1uP6"],[5,109,124]],[4,0,-165,[0,"20ZkJZfT5DBIKXMeKBcQyH"],19]],[1,"d9uRYNzRFB5outgXZDerXQ",null,null,null,1,0]],[5,"Node_beibao",2,[-167],[[2,-166,[0,"31COIR8WhMaZqIIt/q+yCR"],[5,100,88]]],[1,"2d4tayUyVOiY7n5MSIvsxg",null,null,null,1,0],[1,-140,0,0]],[3,"Sprite_icon",53,[[2,-168,[0,"cdoLOYRmVFFLDNrBY1Nvw8"],[5,110,115]],[4,0,-169,[0,"25B9cwK3xOqo4Rh0TaDRFi"],20]],[1,"56t3tlNfFL+qxPPZgQRvPQ",null,null,null,1,0]],[21,"Node_task",2,[-171],[[2,-170,[0,"baIzwy8dlKRauJ2fTxFh2J"],[5,100,88]]],[1,"98NQvVX9hK/5YJdPH0ktSf",null,null,null,1,0]],[3,"Sprite_icon",55,[[2,-172,[0,"0ajXRyrltFZ7UMSpv9wGxB"],[5,109,117]],[4,0,-173,[0,"6c/RA+XzVO+oke3Z5OXsZQ"],21]],[1,"d4ZYGv7R5D/rrCHMND1pdw",null,null,null,1,0]],[5,"Node_kefu",2,[-175],[[2,-174,[0,"31QGapRApPl6GMwS5nOFTh"],[5,100,88]]],[1,"95v8ukIMhPFqHAK1LZXLj0",null,null,null,1,0],[1,140,0,0]],[3,"Sprite_icon",57,[[2,-176,[0,"d4r4aCXUtLaq+QCLdsE+ai"],[5,110,113]],[4,0,-177,[0,"39Ag4mIFxPEau6eNheCw5B"],22]],[1,"88GAVzaQVJKKDcIl7wWX8m",null,null,null,1,0]],[5,"Node_more",2,[-179],[[2,-178,[0,"f0d41oJr9G+I7be8zqVhM9"],[5,100,88]]],[1,"98dzRVsy5HwaqUiK9KJGSQ",null,null,null,1,0],[1,280,0,0]],[3,"Sprite_icon",59,[[2,-180,[0,"c7Ec78ZItKQr01REalZkl4"],[5,110,106]],[4,0,-181,[0,"77FH4jLv1HzpYDYIoRBLSU"],23]],[1,"dda+k72edHloV3r+iW5ejE",null,null,null,1,0]],[3,"SpriteSplash",24,[[2,-182,[0,"5devHO7UZLMJWVDML/Mobv"],[5,341,132]],[4,0,-183,[0,"b7QshwyRRO76/Vzb51y5sY"],24]],[1,"7eFluTRttNSpCQyn0E8Pcv",null,null,null,1,0]],[22,"Node_guide_secondary",512,1,[[2,-184,[0,"39d04ce9NCWJvDXrqKzhUw"],[5,1280,720]],[9,45,100,100,-185,[0,"98jziZ5rJMnYrfPR92VScO"]]],[1,"0c1zvSHPhCaJXFpUK1wtUQ",null,null,null,1,0]],[5,"node_friendRoom-001",3,[-187],[[2,-186,[0,"0d+lpugP1FNq4JafLfqG3n"],[5,240,200]]],[1,"cbrj2uh99ByaRxoHljP+66",null,null,null,1,0],[1,373.482,129.58,0]],[3,"SpriteSplash",63,[[2,-188,[0,"dftRzhQMJA1ZGc9zR4G4dM"],[5,240,200]],[4,0,-189,[0,"c289WB2/1Ciq5fwOEONR8k"],25]],[1,"84sOC7Y61Lu50EA6NIG/1E",null,null,null,1,0]],[6,"ruko_btn_gdyx_s",3,[[2,-190,[0,"a4V2OW/vRHubz7TA0kal0E"],[5,231,466]],[18,1,0,-191,[0,"dfQDutVvtOl4ctER75LB0e"],26]],[1,"acURzIUwtMk4F4m6UpyiT2",null,null,null,1,0],[1,-358.607,-2.437,0]],[6,"ruko_btn_gdyx_s",3,[[2,-192,[0,"38EKrjhHlHkJ5ACi0Jmz3R"],[5,250,250]],[4,0,-193,[0,"50ytY/I8lDPYw5N+iuI2YM"],37]],[1,"a5/oDkRkFDAYpgqraz+2h4",null,null,null,1,0],[1,373.253,-105.788,0]],[22,"Node_secondary",512,1,[[2,-194,[0,"5c25qMkMVAvooaM15ENIGD"],[5,1280,720]],[9,45,100,100,-195,[0,"f4zJFiOVxCJLc2m/NqyC7Z"]]],[1,"b21Ilpt4NFTZtFZ91HaUtd",null,null,null,1,0]],[3,"Node_guide_main",1,[[16,-196,[0,"a1De7xUr9PVZ1Z71W344XI"]]],[1,"0cMNMVgBxNPrLkL1kAEp0R",null,null,null,1,0]]],0,[0,-1,26,0,4,1,0,0,1,0,0,1,0,0,1,0,0,1,0,-1,26,0,-2,9,0,-3,11,0,-4,13,0,-5,68,0,-6,62,0,-7,25,0,-8,67,0,0,2,0,0,2,0,0,2,0,-1,51,0,-2,53,0,-3,55,0,-4,57,0,-5,59,0,0,3,0,0,3,0,-1,63,0,-2,65,0,-3,16,0,-4,17,0,-5,66,0,0,4,0,0,4,0,0,4,0,-1,19,0,-2,20,0,0,5,0,0,5,0,-1,28,0,-2,30,0,-3,32,0,-4,34,0,0,6,0,0,6,0,-1,15,0,-2,38,0,-3,39,0,-4,40,0,0,7,0,0,7,0,-1,42,0,-2,43,0,-3,44,0,-4,45,0,0,8,0,0,8,0,-1,46,0,-2,47,0,-3,48,0,-4,49,0,0,9,0,0,9,0,-1,14,0,-2,27,0,-3,21,0,0,10,0,0,10,0,0,10,0,0,10,0,0,11,0,0,11,0,-1,12,0,0,12,0,0,12,0,0,12,0,-2,22,0,0,13,0,0,13,0,-1,23,0,-3,24,0,0,14,0,0,14,0,0,14,0,0,15,0,0,15,0,-1,36,0,-2,37,0,0,16,0,0,16,0,5,16,0,0,16,0,0,17,0,0,17,0,5,17,0,0,17,0,0,19,0,0,19,0,0,19,0,0,20,0,0,20,0,0,20,0,0,21,0,0,21,0,0,22,0,0,22,0,-1,41,0,0,23,0,0,23,0,-1,50,0,0,24,0,0,24,0,-1,61,0,0,25,0,0,25,0,4,26,0,0,27,0,0,27,0,0,28,0,-1,29,0,0,29,0,0,29,0,0,30,0,-1,31,0,0,31,0,0,31,0,0,32,0,-1,33,0,0,33,0,0,33,0,0,34,0,-1,35,0,0,35,0,0,35,0,0,36,0,0,36,0,0,37,0,0,37,0,0,38,0,0,38,0,0,39,0,0,39,0,0,40,0,0,40,0,0,41,0,0,41,0,0,42,0,0,42,0,0,43,0,0,43,0,0,44,0,0,44,0,0,45,0,0,45,0,0,46,0,0,46,0,0,47,0,0,47,0,0,48,0,0,48,0,0,49,0,0,49,0,0,50,0,0,50,0,0,51,0,-1,52,0,0,52,0,0,52,0,0,53,0,-1,54,0,0,54,0,0,54,0,0,55,0,-1,56,0,0,56,0,0,56,0,0,57,0,-1,58,0,0,58,0,0,58,0,0,59,0,-1,60,0,0,60,0,0,60,0,0,61,0,0,61,0,0,62,0,0,62,0,0,63,0,-1,64,0,0,64,0,0,64,0,0,65,0,0,65,0,0,66,0,0,66,0,0,67,0,0,67,0,0,68,0,11,1,2,3,13,3,3,25,4,3,10,5,3,21,6,3,12,7,3,11,8,3,11,10,3,14,196],[0,0,0,0,0,0,0,0,0,0,0,0,0,0,0,0,0,0,0,0,0,0,0,0,0,0,0,0,0,0,0,0,0,0,0,0,0,0],[12,2,2,2,2,2,2,2,6,6,2,2,2,2,2,2,2,2,2,2,2,2,2,2,2,2,2,2,7,8,9,10,2,7,8,9,10,2],[13,14,15,16,17,18,19,20,0,0,21,22,1,23,2,1,24,2,25,26,27,28,29,30,31,32,33,3,3,4,5,6,7,7,4,5,6,34]],[[{"name":"ICON_gengduo","rect":{"x":0,"y":0,"width":110,"height":106},"offset":{"x":0,"y":0},"originalSize":{"width":110,"height":106},"rotated":false,"capInsets":[0,0,0,0],"vertices":{"rawPosition":[-55,-53,0,55,-53,0,-55,53,0,55,53,0],"indexes":[0,1,2,2,1,3],"uv":[0,106,110,106,0,0,110,0],"nuv":[0,0,1,0,0,1,1,1],"minPos":{"x":-55,"y":-53,"z":0},"maxPos":{"x":55,"y":53,"z":0}},"packable":true,"pixelsToUnit":100,"pivot":{"x":0.5,"y":0.5},"meshType":0}],[0],0,[0],[1],[35]],[[{"name":"ICON_kefu","rect":{"x":0,"y":0,"width":110,"height":113},"offset":{"x":0,"y":0},"originalSize":{"width":110,"height":113},"rotated":false,"capInsets":[0,0,0,0],"vertices":{"rawPosition":[-55,-56.5,0,55,-56.5,0,-55,56.5,0,55,56.5,0],"indexes":[0,1,2,2,1,3],"uv":[0,113,110,113,0,0,110,0],"nuv":[0,0,1,0,0,1,1,1],"minPos":{"x":-55,"y":-56.5,"z":0},"maxPos":{"x":55,"y":56.5,"z":0}},"packable":true,"pixelsToUnit":100,"pivot":{"x":0.5,"y":0.5},"meshType":0}],[0],0,[0],[1],[36]],[[{"name":"shequn","rect":{"x":1,"y":5,"width":410,"height":310},"offset":{"x":0.5,"y":0},"originalSize":{"width":411,"height":320},"rotated":false,"capInsets":[0,0,0,0],"vertices":{"rawPosition":[-205,-155,0,205,-155,0,-205,155,0,205,155,0],"indexes":[0,1,2,2,1,3],"uv":[1,315,411,315,1,5,411,5],"nuv":[0.0024330900243309003,0.015625,1,0.015625,0.0024330900243309003,0.984375,1,0.984375],"minPos":{"x":-205,"y":-155,"z":0},"maxPos":{"x":205,"y":155,"z":0}},"packable":true,"pixelsToUnit":100,"pivot":{"x":0.5,"y":0.5},"meshType":0}],[0],0,[0],[1],[37]],[[{"name":"ICON_yueka","rect":{"x":7,"y":2,"width":126,"height":129},"offset":{"x":1,"y":1},"originalSize":{"width":138,"height":135},"rotated":false,"capInsets":[0,0,0,0],"vertices":{"rawPosition":[-63,-64.5,0,63,-64.5,0,-63,64.5,0,63,64.5,0],"indexes":[0,1,2,2,1,3],"uv":[7,133,133,133,7,4,133,4],"nuv":[0.050724637681159424,0.02962962962962963,0.9637681159420289,0.02962962962962963,0.050724637681159424,0.9851851851851852,0.9637681159420289,0.9851851851851852],"minPos":{"x":-63,"y":-64.5,"z":0},"maxPos":{"x":63,"y":64.5,"z":0}},"packable":true,"pixelsToUnit":100,"pivot":{"x":0.5,"y":0.5},"meshType":0}],[0],0,[0],[1],[38]],[[{"name":"default_btn_pressed","rect":{"x":0,"y":0,"width":40,"height":40},"offset":{"x":0,"y":0},"originalSize":{"width":40,"height":40},"rotated":false,"capInsets":[12,12,12,12],"vertices":{"rawPosition":[-20,-20,0,20,-20,0,-20,20,0,20,20,0],"indexes":[0,1,2,2,1,3],"uv":[0,40,40,40,0,0,40,0],"nuv":[0,0,1,0,0,1,1,1],"minPos":{"x":-20,"y":-20,"z":0},"maxPos":{"x":20,"y":20,"z":0}},"packable":true,"pixelsToUnit":100,"pivot":{"x":0.5,"y":0.5},"meshType":0}],[0],0,[0],[1],[39]],[[{"name":"ruko_btn_hpmj_l","rect":{"x":1,"y":0,"width":347,"height":699},"offset":{"x":0.5,"y":0},"originalSize":{"width":348,"height":699},"rotated":false,"capInsets":[0,0,0,0],"vertices":{"rawPosition":[-173.5,-349.5,0,173.5,-349.5,0,-173.5,349.5,0,173.5,349.5,0],"indexes":[0,1,2,2,1,3],"uv":[1,699,348,699,1,0,348,0],"nuv":[0.0028735632183908046,0,1,0,0.0028735632183908046,1,1,1],"minPos":{"x":-173.5,"y":-349.5,"z":0},"maxPos":{"x":173.5,"y":349.5,"z":0}},"packable":true,"pixelsToUnit":100,"pivot":{"x":0.5,"y":0.5},"meshType":0}],[0],0,[0],[1],[40]],[[{"name":"dating_btn_jia","rect":{"x":0,"y":0,"width":50,"height":50},"offset":{"x":0,"y":0},"originalSize":{"width":50,"height":50},"rotated":false,"capInsets":[0,0,0,0],"vertices":{"rawPosition":[-25,-25,0,25,-25,0,-25,25,0,25,25,0],"indexes":[0,1,2,2,1,3],"uv":[0,50,50,50,0,0,50,0],"nuv":[0,0,1,0,0,1,1,1],"minPos":{"x":-25,"y":-25,"z":0},"maxPos":{"x":25,"y":25,"z":0}},"packable":true,"pixelsToUnit":100,"pivot":{"x":0.5,"y":0.5},"meshType":0}],[0],0,[0],[1],[41]],[[{"name":"dating_btn_youjian","rect":{"x":6,"y":5,"width":77,"height":89},"offset":{"x":0.5,"y":0},"originalSize":{"width":88,"height":99},"rotated":false,"capInsets":[0,0,0,0],"vertices":{"rawPosition":[-38.5,-44.5,0,38.5,-44.5,0,-38.5,44.5,0,38.5,44.5,0],"indexes":[0,1,2,2,1,3],"uv":[6,94,83,94,6,5,83,5],"nuv":[0.06818181818181818,0.050505050505050504,0.9431818181818182,0.050505050505050504,0.06818181818181818,0.9494949494949495,0.9431818181818182,0.9494949494949495],"minPos":{"x":-38.5,"y":-44.5,"z":0},"maxPos":{"x":38.5,"y":44.5,"z":0}},"packable":true,"pixelsToUnit":100,"pivot":{"x":0.5,"y":0.5},"meshType":0}],[0],0,[0],[1],[42]],[[{"name":"dating_img_jinbi","rect":{"x":0,"y":0,"width":48,"height":50},"offset":{"x":-5,"y":0},"originalSize":{"width":58,"height":50},"rotated":false,"capInsets":[0,0,0,0],"vertices":{"rawPosition":[-24,-25,0,24,-25,0,-24,25,0,24,25,0],"indexes":[0,1,2,2,1,3],"uv":[0,50,48,50,0,0,48,0],"nuv":[0,0,0.8275862068965517,0,0,1,0.8275862068965517,1],"minPos":{"x":-24,"y":-25,"z":0},"maxPos":{"x":24,"y":25,"z":0}},"packable":true,"pixelsToUnit":100,"pivot":{"x":0.5,"y":0.5},"meshType":0}],[0],0,[0],[1],[43]],[[{"name":"default_btn_disabled","rect":{"x":0,"y":0,"width":40,"height":40},"offset":{"x":0,"y":0},"originalSize":{"width":40,"height":40},"rotated":false,"capInsets":[12,12,12,12],"vertices":{"rawPosition":[-20,-20,0,20,-20,0,-20,20,0,20,20,0],"indexes":[0,1,2,2,1,3],"uv":[0,40,40,40,0,0,40,0],"nuv":[0,0,1,0,0,1,1,1],"minPos":{"x":-20,"y":-20,"z":0},"maxPos":{"x":20,"y":20,"z":0}},"packable":true,"pixelsToUnit":100,"pivot":{"x":0.5,"y":0.5},"meshType":0}],[0],0,[0],[1],[44]],[[{"name":"ICON_shangcheng","rect":{"x":0,"y":0,"width":256,"height":188},"offset":{"x":0,"y":0},"originalSize":{"width":256,"height":188},"rotated":false,"capInsets":[0,0,0,0],"vertices":{"rawPosition":[-128,-94,0,128,-94,0,-128,94,0,128,94,0],"indexes":[0,1,2,2,1,3],"uv":[0,188,256,188,0,0,256,0],"nuv":[0,0,1,0,0,1,1,1],"minPos":{"x":-128,"y":-94,"z":0},"maxPos":{"x":128,"y":94,"z":0}},"packable":true,"pixelsToUnit":100,"pivot":{"x":0.5,"y":0.5},"meshType":0}],[0],0,[0],[1],[45]],[[{"name":"dating_img_jbdb","rect":{"x":0,"y":0,"width":268,"height":56},"offset":{"x":0,"y":0},"originalSize":{"width":268,"height":56},"rotated":false,"capInsets":[0,0,0,0],"vertices":{"rawPosition":[-134,-28,0,134,-28,0,-134,28,0,134,28,0],"indexes":[0,1,2,2,1,3],"uv":[0,56,268,56,0,0,268,0],"nuv":[0,0,1,0,0,1,1,1],"minPos":{"x":-134,"y":-28,"z":0},"maxPos":{"x":134,"y":28,"z":0}},"packable":true,"pixelsToUnit":100,"pivot":{"x":0.5,"y":0.5},"meshType":0}],[0],0,[0],[1],[46]],[[{"name":"DT_tiuxiangk","rect":{"x":0,"y":0,"width":110,"height":110},"offset":{"x":0,"y":0},"originalSize":{"width":110,"height":110},"rotated":false,"capInsets":[0,0,0,0],"vertices":{"rawPosition":[-55,-55,0,55,-55,0,-55,55,0,55,55,0],"indexes":[0,1,2,2,1,3],"uv":[0,110,110,110,0,0,110,0],"nuv":[0,0,1,0,0,1,1,1],"minPos":{"x":-55,"y":-55,"z":0},"maxPos":{"x":55,"y":55,"z":0}},"packable":true,"pixelsToUnit":100,"pivot":{"x":0.5,"y":0.5},"meshType":0}],[0],0,[0],[1],[47]],[[{"name":"ruko_btn_doudizhu_l","rect":{"x":1,"y":0,"width":347,"height":699},"offset":{"x":0.5,"y":0},"originalSize":{"width":348,"height":699},"rotated":false,"capInsets":[0,0,0,0],"vertices":{"rawPosition":[-173.5,-349.5,0,173.5,-349.5,0,-173.5,349.5,0,173.5,349.5,0],"indexes":[0,1,2,2,1,3],"uv":[1,699,348,699,1,0,348,0],"nuv":[0.0028735632183908046,0,1,0,0.0028735632183908046,1,1,1],"minPos":{"x":-173.5,"y":-349.5,"z":0},"maxPos":{"x":173.5,"y":349.5,"z":0}},"packable":true,"pixelsToUnit":100,"pivot":{"x":0.5,"y":0.5},"meshType":0}],[0],0,[0],[1],[48]],[[{"name":"dating_img_zuansi","rect":{"x":0,"y":0,"width":58,"height":50},"offset":{"x":0,"y":0},"originalSize":{"width":58,"height":50},"rotated":false,"capInsets":[0,0,0,0],"vertices":{"rawPosition":[-29,-25,0,29,-25,0,-29,25,0,29,25,0],"indexes":[0,1,2,2,1,3],"uv":[0,50,58,50,0,0,58,0],"nuv":[0,0,1,0,0,1,1,1],"minPos":{"x":-29,"y":-25,"z":0},"maxPos":{"x":29,"y":25,"z":0}},"packable":true,"pixelsToUnit":100,"pivot":{"x":0.5,"y":0.5},"meshType":0}],[0],0,[0],[1],[49]],[[{"name":"ICON_fuli","rect":{"x":0,"y":0,"width":109,"height":124},"offset":{"x":0,"y":0},"originalSize":{"width":109,"height":124},"rotated":false,"capInsets":[0,0,0,0],"vertices":{"rawPosition":[-54.5,-62,0,54.5,-62,0,-54.5,62,0,54.5,62,0],"indexes":[0,1,2,2,1,3],"uv":[0,124,109,124,0,0,109,0],"nuv":[0,0,1,0,0,1,1,1],"minPos":{"x":-54.5,"y":-62,"z":0},"maxPos":{"x":54.5,"y":62,"z":0}},"packable":true,"pixelsToUnit":100,"pivot":{"x":0.5,"y":0.5},"meshType":0}],[0],0,[0],[1],[50]],[[{"name":"ICON_beibao","rect":{"x":0,"y":0,"width":110,"height":115},"offset":{"x":0,"y":0},"originalSize":{"width":110,"height":115},"rotated":false,"capInsets":[0,0,0,0],"vertices":{"rawPosition":[-55,-57.5,0,55,-57.5,0,-55,57.5,0,55,57.5,0],"indexes":[0,1,2,2,1,3],"uv":[0,115,110,115,0,0,110,0],"nuv":[0,0,1,0,0,1,1,1],"minPos":{"x":-55,"y":-57.5,"z":0},"maxPos":{"x":55,"y":57.5,"z":0}},"packable":true,"pixelsToUnit":100,"pivot":{"x":0.5,"y":0.5},"meshType":0}],[0],0,[0],[1],[51]],[[{"name":"ICON_renwu","rect":{"x":0,"y":0,"width":109,"height":117},"offset":{"x":0,"y":0},"originalSize":{"width":109,"height":117},"rotated":false,"capInsets":[0,0,0,0],"vertices":{"rawPosition":[-54.5,-58.5,0,54.5,-58.5,0,-54.5,58.5,0,54.5,58.5,0],"indexes":[0,1,2,2,1,3],"uv":[0,117,109,117,0,0,109,0],"nuv":[0,0,1,0,0,1,1,1],"minPos":{"x":-54.5,"y":-58.5,"z":0},"maxPos":{"x":54.5,"y":58.5,"z":0}},"packable":true,"pixelsToUnit":100,"pivot":{"x":0.5,"y":0.5},"meshType":0}],[0],0,[0],[1],[52]],[[{"name":"ICON_yaoqinghaoyou","rect":{"x":3,"y":4,"width":152,"height":127},"offset":{"x":0,"y":-1},"originalSize":{"width":158,"height":133},"rotated":false,"capInsets":[0,0,0,0],"vertices":{"rawPosition":[-76,-63.5,0,76,-63.5,0,-76,63.5,0,76,63.5,0],"indexes":[0,1,2,2,1,3],"uv":[3,129,155,129,3,2,155,2],"nuv":[0.0189873417721519,0.015037593984962405,0.9810126582278481,0.015037593984962405,0.0189873417721519,0.9699248120300752,0.9810126582278481,0.9699248120300752],"minPos":{"x":-76,"y":-63.5,"z":0},"maxPos":{"x":76,"y":63.5,"z":0}},"packable":true,"pixelsToUnit":100,"pivot":{"x":0.5,"y":0.5},"meshType":0}],[0],0,[0],[1],[53]],[[{"name":"DT_tiuxiangd","rect":{"x":0,"y":0,"width":106,"height":106},"offset":{"x":0,"y":0},"originalSize":{"width":106,"height":106},"rotated":false,"capInsets":[0,0,0,0],"vertices":{"rawPosition":[-53,-53,0,53,-53,0,-53,53,0,53,53,0],"indexes":[0,1,2,2,1,3],"uv":[0,106,106,106,0,0,106,0],"nuv":[0,0,1,0,0,1,1,1],"minPos":{"x":-53,"y":-53,"z":0},"maxPos":{"x":53,"y":53,"z":0}},"packable":true,"pixelsToUnit":100,"pivot":{"x":0.5,"y":0.5},"meshType":0}],[0],0,[0],[1],[54]],[[{"name":"dating_img_xxdb","rect":{"x":0,"y":0,"width":620,"height":122},"offset":{"x":-0.5,"y":0},"originalSize":{"width":621,"height":122},"rotated":false,"capInsets":[0,0,0,0],"vertices":{"rawPosition":[-310,-61,0,310,-61,0,-310,61,0,310,61,0],"indexes":[0,1,2,2,1,3],"uv":[0,122,620,122,0,0,620,0],"nuv":[0,0,0.998389694041868,0,0,1,0.998389694041868,1],"minPos":{"x":-310,"y":-61,"z":0},"maxPos":{"x":310,"y":61,"z":0}},"packable":true,"pixelsToUnit":100,"pivot":{"x":0.5,"y":0.5},"meshType":0}],[0],0,[0],[1],[55]],[[{"name":"ruko_btn_gdyx_s","rect":{"x":0,"y":0,"width":338,"height":349},"offset":{"x":0,"y":0},"originalSize":{"width":338,"height":349},"rotated":false,"capInsets":[0,0,0,0],"vertices":{"rawPosition":[-169,-174.5,0,169,-174.5,0,-169,174.5,0,169,174.5,0],"indexes":[0,1,2,2,1,3],"uv":[0,349,338,349,0,0,338,0],"nuv":[0,0,1,0,0,1,1,1],"minPos":{"x":-169,"y":-174.5,"z":0},"maxPos":{"x":169,"y":174.5,"z":0}},"packable":true,"pixelsToUnit":100,"pivot":{"x":0.5,"y":0.5},"meshType":0}],[0],0,[0],[1],[56]],[[{"name":"ICON_huodong","rect":{"x":0,"y":3,"width":148,"height":144},"offset":{"x":-0.5,"y":-1},"originalSize":{"width":149,"height":148},"rotated":false,"capInsets":[0,0,0,0],"vertices":{"rawPosition":[-74,-72,0,74,-72,0,-74,72,0,74,72,0],"indexes":[0,1,2,2,1,3],"uv":[0,145,148,145,0,1,148,1],"nuv":[0,0.006756756756756757,0.9932885906040269,0.006756756756756757,0,0.9797297297297297,0.9932885906040269,0.9797297297297297],"minPos":{"x":-74,"y":-72,"z":0},"maxPos":{"x":74,"y":72,"z":0}},"packable":true,"pixelsToUnit":100,"pivot":{"x":0.5,"y":0.5},"meshType":0}],[0],0,[0],[1],[57]]]]
