[1,["0cAoFsXOVB1JMWdPuX8GAo@6c48a","0cAoFsXOVB1JMWdPuX8GAo@f9941"],["node","_textureSource","root","data","_spriteFrame"],[["cc.Node",["_name","_components","_prefab","_children","_parent"],2,9,4,2,1],"cc.SpriteFrame",["cc.Prefab",["_name"],2],["cc.UITransform",["node","__prefab","_contentSize"],3,1,4,5],["cc.CompPrefabInfo",["fileId"],2],["cc.Widget",["_alignFlags","_originalWidth","_originalHeight","node","__prefab"],0,1,4],["cc.PrefabInfo",["fileId","instance","targetOverrides","nestedPrefabInstanceRoots","root","asset"],-1,1,1],["cc.Sprite",["_sizeMode","_isTrimmedMode","node","__prefab","_spriteFrame"],1,1,4,6]],[[4,0,2],[3,0,1,2,1],[6,0,1,2,3,4,5,5],[2,0,2],[0,0,3,1,2,2],[0,0,4,1,2,2],[5,0,1,2,3,4,4],[7,0,1,2,3,4,3]],[[[{"name":"DT_pic_beijing","rect":{"x":0,"y":0,"width":2340,"height":1755},"offset":{"x":0,"y":0},"originalSize":{"width":2340,"height":1755},"rotated":false,"capInsets":[0,0,0,0],"vertices":{"rawPosition":[-1170,-877.5,0,1170,-877.5,0,-1170,877.5,0,1170,877.5,0],"indexes":[0,1,2,2,1,3],"uv":[0,1755,2340,1755,0,0,2340,0],"nuv":[0,0,1,0,0,1,1,1],"minPos":{"x":-1170,"y":-877.5,"z":0},"maxPos":{"x":1170,"y":877.5,"z":0}},"packable":true,"pixelsToUnit":100,"pivot":{"x":0.5,"y":0.5},"meshType":0}],[1],0,[0],[1],[0]],[[[3,"plaza_bg"],[4,"plaza_bg",[-4],[[1,-2,[0,"69jPnxYW5H5JhqrhkC2fVl"],[5,1280,720]],[6,45,1280,720,-3,[0,"95cHiH2/FGLpuawb/sP02t"]]],[2,"94JINDs95FM7Cj3KirVaIh",null,null,null,-1,0]],[5,"Sprite_bg",1,[[7,0,false,-5,[0,"efEhKzYe9E/55FglP8I4Cs"],0],[1,-6,[0,"03UWD40SFGALo064PZSBNC"],[5,1650,720]]],[2,"42g5tHTqtPL6og/O4LaYoY",null,null,null,1,0]]],0,[0,2,1,0,0,1,0,0,1,0,-1,2,0,0,2,0,0,2,0,3,1,6],[0],[4],[1]]]]
