{"importBase":"import","nativeBase":"native","name":"setting","deps":["resources"],"uuids":["18PTMFmh5DRLkqz72uuCP8","b5dzpO9W1Ptr7tU9wkcyM/","d9UpcxUcVMx6Dv69gmM0wj","18PTMFmh5DRLkqz72uuCP8@6c48a","18PTMFmh5DRLkqz72uuCP8@f9941","b5dzpO9W1Ptr7tU9wkcyM/@6c48a","b5dzpO9W1Ptr7tU9wkcyM/@f9941","d9UpcxUcVMx6Dv69gmM0wj@6c48a","d9UpcxUcVMx6Dv69gmM0wj@f9941","ecyt+/qG9PsaWymD+IZghm","060ea84c3","066ad3947","0e4fd5dab","3fedFMDQ9Jzb6jMyBkYZIJ@f9941","61W27PAtlA1qcGRM0Qbltc@f9941","ad+uQ/gyFAr4nObB2FuC6j@f9941"],"paths":{"0":["tc_jdt",1],"1":["tc_an",1],"2":["tc_jdt2",1],"3":["tc_jdt/texture",2,1],"4":["tc_jdt/spriteFrame",3,1],"5":["tc_an/texture",2,1],"6":["tc_an/spriteFrame",3,1],"7":["tc_jdt2/texture",2,1],"8":["tc_jdt2/spriteFrame",3,1],"9":["setting",0]},"scenes":{},"packs":{"060ea84c3":["0","1","2"],"066ad3947":["4","6","8","9"],"0e4fd5dab":["3","5","7"]},"versions":{"import":[10,"8ebdd",11,"a7d49",12,"9d162"],"native":[0,"06fac",1,"73e43",2,"cc959"]},"redirect":[13,"0",14,"0",15,"0"],"debug":false,"extensionMap":{},"hasPreloadScript":true,"types":["cc.Prefab","cc.ImageAsset","cc.Texture2D","cc.SpriteFrame"],"encrypted":true}
