[1,["ef1Ja3kgFMqKZK6o7v6vSB@f9941","dbVlqJkhtHeq6HycUT5jcZ","2aws+0ykNA+Z8AwSTOjKDu@6c48a","49Dtq8y3pJlqBIYlBKtnxw@6c48a","a5xwAq37FCz6+BLsjSCO5t","a1qKVfAgtJf4DAjlhPN3o9@f9941","2aws+0ykNA+Z8AwSTOjKDu@f9941","c2bh4gqSRHEZsF0g2mb1+2@f9941","ffuIqPr2JI9I8dPLYGRDpD@f9941","ae/AF/NjhNJ7StjZ79aLDZ@f9941","84XRG/u9NMi5P3+8A4COys","bbotEFQ29HJ6lQNnCVFH3A@f9941","49Dtq8y3pJlqBIYlBKtnxw@f9941","3d9N1e/qtPnoiDiG3XMEMb","60vWLXORVGnZSEveMuVI9l","c4mfinQn5GwK1WotV34lrY","f4MSI6FYpEF6nF8efmt7KP","e5usMI0XZGWLe9ddxPMcxj","bdcfX+tcRER7y4VDbgP5KU","0eefc/xQZORoz50r8nJFWS@f9941","afxHkx8GZGsJC+n+YfITQo@f9941","a1qKVfAgtJf4DAjlhPN3o9@6c48a","ae/AF/NjhNJ7StjZ79aLDZ@6c48a","bbotEFQ29HJ6lQNnCVFH3A@6c48a","c2bh4gqSRHEZsF0g2mb1+2@6c48a","ef1Ja3kgFMqKZK6o7v6vSB@6c48a","ffuIqPr2JI9I8dPLYGRDpD@6c48a"],["node","_spriteFrame","_textureSource","root","asset","targetInfo","_font","_parent","data","_scrollView","value"],[["cc.Widget",["_alignFlags","_originalWidth","_originalHeight","_left","_right","_bottom","_alignMode","_top","node","__prefab"],-5,1,4],["cc.Node",["_name","_layer","_active","_objFlags","__editorExtras__","_prefab","_components","_parent","_children","_lpos"],-2,4,9,1,2,5],"cc.SpriteFrame",["cc.Sprite",["_sizeMode","_type","_isTrimmedMode","node","__prefab","_spriteFrame"],0,1,4,6],["cc.Node",["_name","_layer","_active","_parent","_components","_prefab","_lpos","_children"],0,1,12,4,5,2],["cc.UITransform",["node","__prefab","_contentSize","_anchorPoint"],3,1,4,5,5],["cc.Layout",["_resizeMode","_layoutType","_spacingX","_spacingY","_constraint","_constraintNum","node","__prefab"],-3,1,4],["cc.PrefabInstance",["fileId","prefabRootNode","propertyOverrides","mountedComponents"],2,1,9,9],["cc.Label",["_string","_actualFontSize","_fontSize","_isSystemFontUsed","node","__prefab","_font","_color"],-1,1,4,6,5],["cc.Prefab",["_name"],2],["cc.UIOpacity",["node","__prefab"],3,1,4],["cc.CompPrefabInfo",["fileId"],2],["7f3ed97GFxLraKll8MEY81q",["node","__prefab"],3,1,4],["cc.PrefabInfo",["fileId","instance","targetOverrides","root","asset","nestedPrefabInstanceRoots"],0,1,1,2],["cc.PrefabInfo",["fileId","instance","targetOverrides","nestedPrefabInstanceRoots","root","asset"],-1,1,1],["cc.PrefabInfo",["fileId","targetOverrides","nestedPrefabInstanceRoots","root","instance","asset"],0,1,4,6],["cc.Mask",["node","__prefab"],3,1,4],["cc.Graphics",["node","__prefab","_fillColor"],3,1,4,5],["cc.TargetInfo",["localID"],2],["cc.MountedComponentsInfo",["targetInfo","components"],3,4,2],["CCPropertyOverrideInfo",["value","propertyPath","targetInfo"],1,1],["CCPropertyOverrideInfo",["propertyPath","targetInfo","value"],2,1,8],["CCPropertyOverrideInfo",["propertyPath","targetInfo","value"],2,4,8],["CCPropertyOverrideInfo",["propertyPath","targetInfo","value"],2,1,6],["cc.ScrollBar",["_direction","node","__prefab","_handle"],2,1,4,1],["cc.ScrollView",["bounceDuration","brake","horizontal","node","__prefab","_content","_verticalScrollBar"],0,1,4,1,1]],[[11,0,2],[14,0,1,2,3,4,5,5],[21,0,1,2,2],[5,0,1,2,1],[18,0,2],[20,0,1,2,3],[1,0,7,8,6,5,9,2],[1,3,4,7,5,3],[15,0,1,2,3,4,5,4],[1,0,7,6,5,9,2],[5,0,1,2,3,1],[7,0,1,2,2],[3,0,3,4,5,2],[1,0,8,6,5,9,2],[1,0,7,6,5,2],[0,0,3,8,9,3],[6,0,1,6,7,3],[3,3,4,5,1],[22,0,1,2,2],[8,0,1,2,3,4,5,7,6,5],[9,0,2],[1,0,8,6,5,2],[1,0,1,7,8,6,5,9,3],[1,0,1,7,6,5,9,3],[1,0,2,7,8,6,5,3],[4,0,3,7,4,5,6,2],[4,0,2,1,3,7,4,5,6,4],[4,0,3,4,5,2],[4,0,1,3,4,5,6,3],[10,0,1,1],[0,0,1,2,8,9,4],[0,0,3,5,8,9,4],[0,0,3,1,2,8,9,5],[0,0,2,6,8,9,4],[0,0,4,1,2,8,9,5],[0,0,5,1,2,8,9,5],[0,0,4,1,8,9,4],[0,0,8,9,2],[0,0,1,8,9,3],[0,0,3,7,1,2,8,9,6],[0,0,4,5,8,9,4],[0,0,3,4,1,2,8,9,6],[12,0,1,1],[13,0,1,2,3,4,5,4],[6,0,1,2,3,4,5,6,7,7],[3,1,0,3,4,5,3],[3,0,2,3,4,5,3],[3,1,0,3,4,3],[16,0,1,1],[17,0,1,2,1],[7,0,1,3,2,2],[19,0,1,1],[23,0,1,2,2],[8,0,1,2,3,4,5,6,5],[24,0,1,2,3,2],[25,0,1,2,3,4,5,6,4]],[[[{"name":"selectedscenes_btn_return","rect":{"x":0,"y":0,"width":56,"height":43},"offset":{"x":0,"y":0},"originalSize":{"width":56,"height":43},"rotated":false,"capInsets":[0,0,0,0],"vertices":{"rawPosition":[-28,-21.5,0,28,-21.5,0,-28,21.5,0,28,21.5,0],"indexes":[0,1,2,2,1,3],"uv":[0,43,56,43,0,0,56,0],"nuv":[0,0,1,0,0,1,1,1],"minPos":{"x":-28,"y":-21.5,"z":0},"maxPos":{"x":28,"y":21.5,"z":0}},"packable":true,"pixelsToUnit":100,"pivot":{"x":0.5,"y":0.5},"meshType":0}],[2],0,[0],[2],[2]],[[{"name":"selectedscenes_img_floor","rect":{"x":0,"y":0,"width":313,"height":651},"offset":{"x":0,"y":0},"originalSize":{"width":313,"height":651},"rotated":false,"capInsets":[0,0,0,0],"vertices":{"rawPosition":[-156.5,-325.5,0,156.5,-325.5,0,-156.5,325.5,0,156.5,325.5,0],"indexes":[0,1,2,2,1,3],"uv":[0,651,313,651,0,0,313,0],"nuv":[0,0,1,0,0,1,1,1],"minPos":{"x":-156.5,"y":-325.5,"z":0},"maxPos":{"x":156.5,"y":325.5,"z":0}},"packable":true,"pixelsToUnit":100,"pivot":{"x":0.5,"y":0.5},"meshType":0}],[2],0,[0],[2],[3]],[[[20,"plaza_secondary"],[21,"plaza_secondary",[-13,-14,-15,-16,-17,-18],[[29,-9,[0,"faljrSy+dJG4jXCneoX4u2"]],[3,-10,[0,"fb6CnXQDlAe74S5O7EnmpV"],[5,1280,720]],[30,45,1280,720,-11,[0,"2f4/ZXwG9NLZA1Efk/cOS2"]],[42,-12,[0,"a4W2sxi31Dl7yX0jqoz/kk"]]],[43,"82imxdQR1HqrKwJgMZgOFY",null,null,-8,0,[-1,-2,-3,-4,-5,-6,-7]]],[13,"room_layout",[-21,-22,-23,-24,-25,-26],[[3,-19,[0,"f99gGId2REsaLUZ2Luo2H6"],[5,1000,429]],[44,1,3,5,5,2,3,-20,[0,"eaIRWxo/hGw4qyZvlAlSME"]]],[1,"d51ywFFilAqJ0ctD6PufFG",null,null,null,1,0],[1,10,39.271,0]],[13,"Layout_top",[-30,-31],[[10,-27,[0,"25OeMCQjpLsILG01SeoI6X"],[5,200,72],[0,0,0.5]],[16,1,1,-28,[0,"2b6rQ6FPtJo7Jen85Nr7DG"]],[15,8,191.933,-29,[0,"64jk4JD9tDALIpeT8hvkkw"]]],[1,"413AVVv/pNtb9baOswq60H",null,null,null,1,0],[1,-448.067,-4,0]],[6,"left_bg",1,[-35,-36],[[3,-32,[0,"a4WAfFD/NL/4WjIV7QT7LW"],[5,313,651]],[17,-33,[0,"7bQbOxlHBFr5L+LRXVoTIy"],12],[31,12,-43,-0.5,-34,[0,"bbBn6/DmNA47JZQkdUzxKA"]]],[1,"eeXAKqcihAmbzMiOxWhIsF",null,null,null,1,0],[1,-526.5,-35,0]],[25,"gameListScrollView",4,[-40,-41],[[[3,-37,[0,"2bMTXe2iNP35YvcQJb4FpK"],[5,270,651]],-38,[32,5,36.5,240,250,-39,[0,"4fy/LBA4hPb5Kvt1Dl/AEV"]]],4,1,4],[1,"71xAsp7XlJlLx+Vx9xKzht",null,null,null,1,0],[1,21.5,0,0]],[26,"scrollBar",false,33554432,5,[-46],[[[10,-42,[0,"f7HU5hlmtMlZHhM062Ws6K"],[5,12,250],[0,1,0.5]],[45,1,0,-43,[0,"606GVuseRAeZWdF/msywQh"],7],[33,37,250,1,-44,[0,"89eJQYgJdBmbD1qyCGZM2f"]],-45],4,4,4,1],[1,"f5pfbY0qFOmqJYaRZWUwHg",null,null,null,1,0],[1,120,0,0]],[22,"view",33554432,5,[-51],[[3,-47,[0,"4eAczQVQ1Ca6K9hyDdaxgd"],[5,295,651]],[48,-48,[0,"b821ywsXxMnp5t0gh8qas8"]],[49,-49,[0,"4cLp+amxVHkLyoAGF52sKs"],[4,16777215]],[34,13,15,240,250,-50,[0,"09ZXVoDydFJ60TbQKoG41A"]]],[1,"f0WcwA5s1H0oW/fiYTyB2T",null,null,null,1,0],[1,12.5,0,0]],[6,"top_content",1,[-54,3],[[3,-52,[0,"fcRlwJdF9HPLPdk3vS/lRN"],[5,1280,72]],[35,41,310,100,100,-53,[0,"093QnFzjlOTJroKUw2TK7s"]]],[1,"fd0w3skHtPdKieo9QKZmZZ",null,null,null,1,0],[1,0,324,0]],[23,"content",33554432,7,[[10,-55,[0,"fanhqLpSpPT7nfK5J+ePca"],[5,270,0],[0,0.5,1]],[16,1,2,-56,[0,"72xoV4Wg9Dt5Z3dliV3b6v"]],[36,9,37.5,220,-57,[0,"afCf0i/yRFYK9xCHYG8W35"]]],[1,"82/OsK/31Kgq4I+apQMUhA",null,null,null,1,0],[1,-12.5,325.5,0]],[24,"gameListItem",false,4,[-59,-60,-61],[[3,-58,[0,"3aCIpCkpFF6bU27mWnMxkb"],[5,313,114]]],[1,"0dxi+yHqNA/5NeOaat23x8",null,null,null,1,0]],[4,["c46/YsCPVOJYA4mWEpNYRx"]],[4,["c46/YsCPVOJYA4mWEpNYRx"]],[7,0,{},1,[8,"94JINDs95FM7Cj3KirVaIh",null,null,-69,[50,"bdI8V0JzhNpZC4gTygGRpT",1,[[51,[4,["42g5tHTqtPL6og/O4LaYoY"]],[-68]]],[[5,"plaza_bg",["_name"],-62],[2,["_lpos"],-63,[1,0,0,0]],[2,["_lrot"],-64,[3,0,0,0,1]],[2,["_euler"],-65,[1,0,0,0]],[18,["_contentSize"],[4,["69jPnxYW5H5JhqrhkC2fVl"]],[5,1280,720]],[18,["_contentSize"],[4,["03UWD40SFGALo064PZSBNC"]],[5,1560,720]],[52,["_spriteFrame"],-66,2],[5,0,["_sizeMode"],-67]]],0]],[4,["94JINDs95FM7Cj3KirVaIh"]],[9,"top_bg",1,[[3,-70,[0,"beYmmlThJL3KK6Hi5F5R/v"],[5,1560,72]],[12,0,-71,[0,"cfg2S1FsVGrIeX+t7SmSVt"],3],[37,17,-72,[0,"4aeGKQ/fJGv4H43KuEylZW"]]],[1,"8d9rRW53JGsp1eeDJ2Oqob",null,null,null,1,0],[1,0,324,0]],[6,"btn_close",8,[-75],[[3,-73,[0,"695hvI5khCpomgu4p4/m71"],[5,100,80]],[15,9,84.13700000000006,-74,[0,"c1VeMqTpBO0Z54rYtupy3W"]]],[1,"03cbMw8QtIiqp/yYozU+3K",null,null,null,1,0],[1,-505.86299999999994,-4,0]],[9,"line",10,[[3,-76,[0,"d2hiMMaodHC4NWFInw4jWu"],[5,313,5]],[12,0,-77,[0,"686btjcc5BIIlZ+YZOpghM"],9],[38,40,12,-78,[0,"bflOwK3PJPypKUBuejnVZf"]]],[1,"689cVJjlpNe6rkwgGvM7St",null,null,null,1,0],[1,0,-54.328,0]],[6,"spr_click",10,[-81],[[3,-79,[0,"27QK+MSj5PurtpES/HjUDF"],[5,341,122]],[17,-80,[0,"deNHSqhXhEgreHrwabcKD5"],11]],[1,"4cIG1NlXtFwIK28YP7gZXg",null,null,null,1,0],[1,13.339,0,0]],[6,"center_bg",1,[2],[[3,-82,[0,"5fGTTq4HdJhYknwQWllfez"],[5,1010,648]],[39,45,270,72,100,100,-83,[0,"6c7Y6Yr2JAcqXoVRYDTkk9"]]],[1,"9cYqPgqi1JMpzUAAzrvZgE",null,null,null,1,0],[1,135,-36,0]],[4,["c46/YsCPVOJYA4mWEpNYRx"]],[4,["c46/YsCPVOJYA4mWEpNYRx"]],[4,["c46/YsCPVOJYA4mWEpNYRx"]],[4,["c46/YsCPVOJYA4mWEpNYRx"]],[6,"node_friendRoom",1,[-86],[[3,-84,[0,"98nDsiVPxKcrcqLrqGYsis"],[5,341,132]],[40,36,37.99299999999994,1.6890000000000214,-85,[0,"57bl5Cr39JXru3ELgZOFwU"]]],[1,"b4sk/KippEBY6NAU6gp9c9",null,null,null,1,0],[1,431.50700000000006,-292.311,0]],[27,"Sprite_bg",13,[[[46,0,false,-87,[0,"efEhKzYe9E/55FglP8I4Cs"],1],[3,-88,[0,"03UWD40SFGALo064PZSBNC"],[5,1560,720]],-89],4,4,1],[1,"42g5tHTqtPL6og/O4LaYoY",null,null,null,1,0]],[9,"spr_close",16,[[3,-90,[0,"43s960BGVM5rT/wWpNl0Er"],[5,56,43]],[12,0,-91,[0,"cf4yLKQipNqI3a0cQWPe3+"],4]],[1,"93wU1rZ2dMdYGeQxClUdjd",null,null,null,1,0],[1,0,4,0]],[9,"title_game",3,[[3,-92,[0,"b02GhD7vlNFZ1JXBl3vBH6"],[5,150,50.4]],[19,"经典斗地主",30,30,false,-93,[0,"0bbR/PHQZI8Iy9mZsk/+0l"],[4,4293456892],5]],[1,"12UFyXHrRH8qUP8/AJ748C",null,null,null,1,0],[1,75,4,0]],[6,"btn_help",3,[-95],[[3,-94,[0,"26fbqRSV1GrLJQsJny4OQm"],[5,50,50]]],[1,"5ey+0+GjVEhJ1R62Az0G2v",null,null,null,1,0],[1,175,3,0]],[14,"spr",28,[[3,-96,[0,"69WFd2bdlGxoDAz6Qwy3uf"],[5,33,34]],[12,0,-97,[0,"99xYzhAmVM0p4OkuyPdQzR"],6]],[1,"d13rbWCQxA8rV0x0vk1Y50",null,null,null,1,0]],[28,"bar",33554432,6,[[[10,-98,[0,"f9BvOETmtMjbNmKJMe0I8b"],[5,10,156.25],[0,0,0]],-99],4,1],[1,"c4PNs7urlG0YNzSlveZ+cZ",null,null,null,1,0],[1,-11,-31.25,0]],[9,"lab_nolmal",10,[[10,-100,[0,"1aw+A7ASBIoKONzUdMmoyw"],[5,150,50.4],[0,1,0.5]],[19,"经典斗地主",30,30,false,-101,[0,"2fdUO+pSdEaYDhc2yPhLmd"],[4,4294702563],8]],[1,"7e05j6vONEV6ekg0z0f8BE",null,null,null,1,0],[1,142.522,0,0]],[9,"spr_click_txt",18,[[10,-102,[0,"92XKXCctVAoKL41hlZd8Qw"],[5,150,40],[0,1,0.5]],[53,"经典斗地主",32,32,false,-103,[0,"46TLhEmFlIPYL/SOOkg+Mw"],10]],[1,"20jGQs/5tC3Kl9gATQLSB5",null,null,null,1,0],[1,127.926,0,0]],[7,0,{},2,[8,"c46/YsCPVOJYA4mWEpNYRx",null,null,-104,[11,"9cpfrtvRNEsJIrJFfIeWlj",1,[[5,"room_1",["_name"],20],[2,["_lpos"],20,[1,-335.5,108.5,0]],[2,["_lrot"],20,[3,0,0,0,1]],[2,["_euler"],20,[1,0,0,0]]]],13]],[7,0,{},2,[8,"c46/YsCPVOJYA4mWEpNYRx",null,null,-105,[11,"3cdsFxuFREdJQ7mEXF7d8X",1,[[5,"room_2",["_name"],21],[2,["_lpos"],21,[1,-1.5,108.5,0]],[2,["_lrot"],21,[3,0,0,0,1]],[2,["_euler"],21,[1,0,0,0]]]],14]],[7,0,{},2,[8,"c46/YsCPVOJYA4mWEpNYRx",null,null,-106,[11,"80FR/WgBRG0pFioMP9D4Z4",1,[[5,"room_3",["_name"],22],[2,["_lpos"],22,[1,332.5,108.5,0]],[2,["_lrot"],22,[3,0,0,0,1]],[2,["_euler"],22,[1,0,0,0]]]],15]],[7,0,{},2,[8,"c46/YsCPVOJYA4mWEpNYRx",null,null,-107,[11,"ec77+o3BdAEqIGfID5iCS1",1,[[5,"room_4",["_name"],11],[2,["_lpos"],11,[1,-335.5,-108.5,0]],[2,["_lrot"],11,[3,0,0,0,1]],[2,["_euler"],11,[1,0,0,0]],[5,true,["_active"],11]]],16]],[7,0,{},2,[8,"c46/YsCPVOJYA4mWEpNYRx",null,null,-108,[11,"33Q/jPldRGArbNCaSYke3k",1,[[5,"room_5",["_name"],12],[2,["_lpos"],12,[1,-1.5,-108.5,0]],[2,["_lrot"],12,[3,0,0,0,1]],[2,["_euler"],12,[1,0,0,0]],[5,true,["_active"],12]]],17]],[7,0,{},2,[8,"c46/YsCPVOJYA4mWEpNYRx",null,null,-109,[11,"b38L9Oc2ZBBLB3mhm6Hhmd",1,[[5,"room_6",["_name"],23],[2,["_lpos"],23,[1,332.5,-108.5,0]],[2,["_lrot"],23,[3,0,0,0,1]],[2,["_euler"],23,[1,0,0,0]]]],18]],[14,"SpriteSplash",24,[[3,-110,[0,"1cCG9qFzVAB67Bv10QSEC8"],[5,341,132]],[12,0,-111,[0,"abwWOWF2tF6Z33w3uvrmzg"],19]],[1,"0bFtH6aMBAZ4/U8VR8aceL",null,null,null,1,0]],[41,45,-140,-140,1560,720,25,[0,"1bazxM4yVJ4KVConyHDFt3"]],[4,["efEhKzYe9E/55FglP8I4Cs"]],[47,1,0,30,[0,"55Bag8KOhLjLnFByW7BNaS"]],[54,1,6,[0,"5cC7lopZFBJahwD4qI4qfI"],42],[55,0.23,0.75,false,5,[0,"41JufDVnpBf6kzG4SO0obd"],9,43]],0,[0,-1,38,0,-2,37,0,-3,36,0,-4,35,0,-5,34,0,-6,33,0,-7,13,0,3,1,0,0,1,0,0,1,0,0,1,0,0,1,0,-1,13,0,-2,15,0,-3,8,0,-4,4,0,-5,19,0,-6,24,0,0,2,0,0,2,0,-1,33,0,-2,34,0,-3,35,0,-4,36,0,-5,37,0,-6,38,0,0,3,0,0,3,0,0,3,0,-1,27,0,-2,28,0,0,4,0,0,4,0,0,4,0,-1,5,0,-2,10,0,0,5,0,-2,44,0,0,5,0,-1,6,0,-2,7,0,0,6,0,0,6,0,0,6,0,-4,43,0,-1,30,0,0,7,0,0,7,0,0,7,0,0,7,0,-1,9,0,0,8,0,0,8,0,-1,16,0,0,9,0,0,9,0,0,9,0,0,10,0,-1,31,0,-2,17,0,-3,18,0,5,14,0,5,14,0,5,14,0,5,14,0,5,41,0,5,41,0,-1,40,0,3,13,0,0,15,0,0,15,0,0,15,0,0,16,0,0,16,0,-1,26,0,0,17,0,0,17,0,0,17,0,0,18,0,0,18,0,-1,32,0,0,19,0,0,19,0,0,24,0,0,24,0,-1,39,0,0,25,0,0,25,0,-3,40,0,0,26,0,0,26,0,0,27,0,0,27,0,0,28,0,-1,29,0,0,29,0,0,29,0,0,30,0,-2,42,0,0,31,0,0,31,0,0,32,0,0,32,0,3,33,0,3,34,0,3,35,0,3,36,0,3,37,0,3,38,0,0,39,0,0,39,0,8,1,2,7,19,3,7,8,43,9,44,111],[0,0,0,0,0,0,0,0,0,0,0,0,0,0,0,0,0,0,0,0,42],[4,1,10,1,1,6,1,1,6,1,6,1,1,4,4,4,4,4,4,1,1],[4,0,0,5,6,1,7,8,1,9,10,11,12,13,14,15,16,17,18,19,20]],[[{"name":"selectedscenes_img_return_bottom","rect":{"x":0,"y":0,"width":1560,"height":72},"offset":{"x":0,"y":0},"originalSize":{"width":1560,"height":72},"rotated":false,"capInsets":[0,0,0,0],"vertices":{"rawPosition":[-780,-36,0,780,-36,0,-780,36,0,780,36,0],"indexes":[0,1,2,2,1,3],"uv":[0,72,1560,72,0,0,1560,0],"nuv":[0,0,1,0,0,1,1,1],"minPos":{"x":-780,"y":-36,"z":0},"maxPos":{"x":780,"y":36,"z":0}},"packable":true,"pixelsToUnit":100,"pivot":{"x":0.5,"y":0.5},"meshType":0}],[2],0,[0],[2],[21]],[[{"name":"selectedscenes_img_divider","rect":{"x":0,"y":0,"width":11,"height":7},"offset":{"x":0,"y":0},"originalSize":{"width":11,"height":7},"rotated":false,"capInsets":[0,0,0,0],"vertices":{"rawPosition":[-5.5,-3.5,0,5.5,-3.5,0,-5.5,3.5,0,5.5,3.5,0],"indexes":[0,1,2,2,1,3],"uv":[0,7,11,7,0,0,11,0],"nuv":[0,0,1,0,0,1,1,1],"minPos":{"x":-5.5,"y":-3.5,"z":0},"maxPos":{"x":5.5,"y":3.5,"z":0}},"packable":true,"pixelsToUnit":100,"pivot":{"x":0.5,"y":0.5},"meshType":0}],[2],0,[0],[2],[22]],[[{"name":"selectedscenes_btn_huang","rect":{"x":0,"y":0,"width":341,"height":122},"offset":{"x":0,"y":0},"originalSize":{"width":341,"height":122},"rotated":false,"capInsets":[0,0,0,0],"vertices":{"rawPosition":[-170.5,-61,0,170.5,-61,0,-170.5,61,0,170.5,61,0],"indexes":[0,1,2,2,1,3],"uv":[0,122,341,122,0,0,341,0],"nuv":[0,0,1,0,0,1,1,1],"minPos":{"x":-170.5,"y":-61,"z":0},"maxPos":{"x":170.5,"y":61,"z":0}},"packable":true,"pixelsToUnit":100,"pivot":{"x":0.5,"y":0.5},"meshType":0}],[2],0,[0],[2],[23]],[[{"name":"selectedscenes_btn_help","rect":{"x":0,"y":0,"width":33,"height":34},"offset":{"x":0,"y":0},"originalSize":{"width":33,"height":34},"rotated":false,"capInsets":[0,0,0,0],"vertices":{"rawPosition":[-16.5,-17,0,16.5,-17,0,-16.5,17,0,16.5,17,0],"indexes":[0,1,2,2,1,3],"uv":[0,34,33,34,0,0,33,0],"nuv":[0,0,1,0,0,1,1,1],"minPos":{"x":-16.5,"y":-17,"z":0},"maxPos":{"x":16.5,"y":17,"z":0}},"packable":true,"pixelsToUnit":100,"pivot":{"x":0.5,"y":0.5},"meshType":0}],[2],0,[0],[2],[24]],[[{"name":"selectedscenes_bg","rect":{"x":0,"y":0,"width":1560,"height":720},"offset":{"x":0,"y":0},"originalSize":{"width":1560,"height":720},"rotated":false,"capInsets":[0,0,0,0],"vertices":{"rawPosition":[-780,-360,0,780,-360,0,-780,360,0,780,360,0],"indexes":[0,1,2,2,1,3],"uv":[0,720,1560,720,0,0,1560,0],"nuv":[0,0,1,0,0,1,1,1],"minPos":{"x":-780,"y":-360,"z":0},"maxPos":{"x":780,"y":360,"z":0}},"packable":true,"pixelsToUnit":100,"pivot":{"x":0.5,"y":0.5},"meshType":0}],[2],0,[0],[2],[25]],[[{"name":"default_scrollbar_vertical_bg","rect":{"x":0,"y":0,"width":15,"height":30},"offset":{"x":0,"y":0},"originalSize":{"width":15,"height":30},"rotated":false,"capInsets":[4,10,4,10],"vertices":{"rawPosition":[-7.5,-15,0,7.5,-15,0,-7.5,15,0,7.5,15,0],"indexes":[0,1,2,2,1,3],"uv":[0,30,15,30,0,0,15,0],"nuv":[0,0,1,0,0,1,1,1],"minPos":{"x":-7.5,"y":-15,"z":0},"maxPos":{"x":7.5,"y":15,"z":0}},"packable":true,"pixelsToUnit":100,"pivot":{"x":0.5,"y":0.5},"meshType":0}],[2],0,[0],[2],[26]]]]
