[1,["dbVlqJkhtHeq6HycUT5jcZ","2aTtGEGlxJopz/JQaYW0Bw@6c48a","b6gkC6FhpGh4MmQl4xCKwT@6c48a","44ZhawsnRGFb0sVVR3e3w7@f9941","2aTtGEGlxJopz/JQaYW0Bw@f9941","b6gkC6FhpGh4MmQl4xCKwT@f9941"],["node","_spriteFrame","_textureSource","_font","root","data"],[["cc.Node",["_name","_components","_prefab","_children","_parent","_lpos"],2,9,4,2,1,5],"cc.SpriteFrame",["cc.Label",["_string","_actualFontSize","_fontSize","_isSystemFontUsed","node","__prefab","_font","_color"],-1,1,4,6,5],["cc.Prefab",["_name"],2],["cc.UITransform",["node","__prefab","_contentSize"],3,1,4,5],["cc.CompPrefabInfo",["fileId"],2],["cc.PrefabInfo",["fileId","instance","targetOverrides","nestedPrefabInstanceRoots","root","asset"],-1,1,1],["cc.Sprite",["node","__prefab","_spriteFrame"],3,1,4,6],["cc.Layout",["_resizeMode","_layoutType","_spacingX","node","__prefab"],0,1,4]],[[5,0,2],[4,0,1,2,1],[6,0,1,2,3,4,5,5],[0,0,4,1,2,5,2],[7,0,1,2,1],[0,0,4,3,1,2,5,2],[8,0,1,2,3,4,4],[3,0,2],[0,0,3,1,2,2],[0,0,4,3,1,2,2],[2,0,1,2,3,4,5,6,5],[2,0,1,2,3,4,5,7,6,5]],[[[{"name":"selectedscenes_img_bottom_purple","rect":{"x":0,"y":0,"width":34,"height":34},"offset":{"x":0,"y":0},"originalSize":{"width":34,"height":34},"rotated":false,"capInsets":[0,0,0,0],"vertices":{"rawPosition":[-17,-17,0,17,-17,0,-17,17,0,17,17,0],"indexes":[0,1,2,2,1,3],"uv":[0,34,34,34,0,0,34,0],"nuv":[0,0,1,0,0,1,1,1],"minPos":{"x":-17,"y":-17,"z":0},"maxPos":{"x":17,"y":17,"z":0}},"packable":true,"pixelsToUnit":100,"pivot":{"x":0.5,"y":0.5},"meshType":0}],[1],0,[0],[2],[1]],[[{"name":"selectedscenes_btn_senior","rect":{"x":0,"y":0,"width":329,"height":215},"offset":{"x":0,"y":0},"originalSize":{"width":329,"height":215},"rotated":false,"capInsets":[0,0,0,0],"vertices":{"rawPosition":[-164.5,-107.5,0,164.5,-107.5,0,-164.5,107.5,0,164.5,107.5,0],"indexes":[0,1,2,2,1,3],"uv":[0,215,329,215,0,0,329,0],"nuv":[0,0,1,0,0,1,1,1],"minPos":{"x":-164.5,"y":-107.5,"z":0},"maxPos":{"x":164.5,"y":107.5,"z":0}},"packable":true,"pixelsToUnit":100,"pivot":{"x":0.5,"y":0.5},"meshType":0}],[1],0,[0],[2],[2]],[[[7,"room_3"],[8,"room_3",[-3],[[1,-2,[0,"d3vXnrtE9MdoF/PZcdcXWq"],[5,329,212]]],[2,"c46/YsCPVOJYA4mWEpNYRx",null,null,null,-1,0]],[9,"room_bg",1,[-6,-7],[[1,-4,[0,"c0nqSjW4pC5ryuB35VMItW"],[5,329,215]],[4,-5,[0,"d1pyPSLxxNxIdzRAfJfsud"],4]],[2,"11v659UM5IgItDEvUYK+hf",null,null,null,1,0]],[5,"top",2,[-10,-11],[[1,-8,[0,"060tKoMvlDB5Fy7OUMZryO"],[5,213.58,30]],[6,1,1,2,-9,[0,"90Q+RgY11DzZLS0B5/IQZc"]]],[2,"0dsXhq6bFN+qKkQNV9gfI1",null,null,null,1,0],[1,0,70,0]],[5,"bottom",2,[-14,-15],[[1,-12,[0,"d0kl0+SQFB0oGBNPDNrbTy"],[5,60.45,50]],[6,1,1,5,-13,[0,"87e2HU0s1IBIpm/7x9t1dw"]]],[2,"9c3ZvR0upPjYzClESO5L8Q",null,null,null,1,0],[1,0,-68.393,0]],[3,"min_icon",3,[[1,-16,[0,"4a07SmX+hLD5b5bb/dxbNt"],[5,22,21]],[4,-17,[0,"251qWnURNBl7heOUQwZ0Xb"],0]],[2,"5349/Euz9H1JFhZmIRY5lS",null,null,null,1,0],[1,-95.79,0,0]],[3,"min_coin",3,[[1,-18,[0,"11Csq5nodARafMRH7Htbz1"],[5,189.58,50.4]],[10,"准入1000-10000",22,22,false,-19,[0,"aba9Lvws1OXqGGXfqiz8El"],1]],[2,"7egqporeFB3a62NB1ql8Vj",null,null,null,1,0],[1,12,0,0]],[3,"base_bg",4,[[1,-20,[0,"9f/BRIkVhIm5gpW5wc65SH"],[5,34,34]],[4,-21,[0,"e6PkFNlzpMhIn2rLTb+X+l"],2]],[2,"8c3nJ7GJNGG6OY5paaX0vZ",null,null,null,1,0],[1,-13.225000000000001,0,0]],[3,"base_coin",4,[[1,-22,[0,"e3ZQhNDMJIzZNDCWST5xdK"],[5,21.45,50.4]],[11,"0",30,30,false,-23,[0,"416tPQQYFKGJY+fOrYoQ1f"],[4,4294920639],3]],[2,"3dQ5CdE4VJOZJ7m8CwihGN",null,null,null,1,0],[1,19.5,0,0]]],0,[0,4,1,0,0,1,0,-1,2,0,0,2,0,0,2,0,-1,3,0,-2,4,0,0,3,0,0,3,0,-1,5,0,-2,6,0,0,4,0,0,4,0,-1,7,0,-2,8,0,0,5,0,0,5,0,0,6,0,0,6,0,0,7,0,0,7,0,0,8,0,0,8,0,5,1,23],[0,0,0,0,0],[1,3,1,3,1],[3,0,4,0,5]]]]
