[1,["7ak5f8MTNGpob2f9bkFkPh@f9941","7ak5f8MTNGpob2f9bkFkPh@6c48a","4b4r55rxFF+arBMBEj/miE","39L99LAD5ITIT4ucvNQRx1"],["node","root","spriteFrame","_textureSource","data","asset","_font"],[["cc.Node",["_name","_objFlags","__editorExtras__","_prefab","_components","_parent","_children","_lscale","_lpos"],0,4,9,1,2,5,5],["cc.UITransform",["node","__prefab","_contentSize","_anchorPoint"],3,1,4,5,5],["cc.Sprite",["_sizeMode","_isTrimmedMode","node","__prefab"],1,1,4],["cc.Label",["_string","_actualFontSize","_fontSize","_lineHeight","_isSystemFontUsed","node","__prefab","_font"],-2,1,4,6],"cc.SpriteFrame",["cc.BitmapFont",["_name","fontSize","fntConfig"],0],["cc.Prefab",["_name"],2],["cc.CompPrefabInfo",["fileId"],2],["cc.Widget",["_alignFlags","_originalWidth","_originalHeight","node","__prefab"],0,1,4],["cec74EUsyFAZpk2oisIPp33",["node","__prefab"],3,1,4],["cc.PrefabInfo",["fileId","instance","targetOverrides","root","asset","nestedPrefabInstanceRoots"],0,1,1,2],["cc.PrefabInfo",["fileId","instance","targetOverrides","nestedPrefabInstanceRoots","root","asset"],-1,1,1],["cc.PrefabInfo",["fileId","targetOverrides","nestedPrefabInstanceRoots","root","instance","asset"],0,1,4,6],["cc.TargetInfo",["localID"],2],["cc.Layout",["_resizeMode","_layoutType","node","__prefab"],1,1,4],["cc.PrefabInstance",["fileId","prefabRootNode","propertyOverrides"],2,1,9],["CCPropertyOverrideInfo",["value","propertyPath","targetInfo"],1,1],["CCPropertyOverrideInfo",["propertyPath","targetInfo","value"],2,1,8],["CCPropertyOverrideInfo",["value","propertyPath","targetInfo"],1,4],["CCPropertyOverrideInfo",["propertyPath","targetInfo","value"],2,4,8]],[[7,0,2],[11,0,1,2,3,4,5,5],[1,0,1,2,1],[0,0,5,4,3,8,2],[2,2,3,1],[0,0,5,4,3,2],[13,0,2],[17,0,1,2,2],[1,0,1,2,3,1],[5,0,1,2,4],[6,0,2],[0,0,6,4,3,2],[0,0,5,6,4,3,2],[0,0,5,4,3,7,2],[0,1,2,5,3,3],[8,0,1,2,3,4,4],[9,0,1,1],[10,0,1,2,3,4,5,4],[12,0,1,2,3,4,5,4],[2,0,1,2,3,3],[14,0,1,2,3,3],[3,0,1,2,3,5,6,5],[3,0,1,2,4,5,6,7,5],[15,0,1,2,2],[16,0,1,2,3],[18,0,1,2,3],[19,0,1,2,2]],[[[[9,"reward_num_1",32,{"commonHeight":38,"fontSize":32,"atlasName":"reward_num_1.png","fontDefDictionary":{"9":{"xOffset":0,"yOffset":0,"xAdvance":104,"rect":{"x":0,"y":0,"width":0,"height":0}},"32":{"xOffset":0,"yOffset":0,"xAdvance":13,"rect":{"x":0,"y":0,"width":0,"height":0}},"46":{"xOffset":0,"yOffset":25,"xAdvance":9,"rect":{"x":0,"y":112,"width":11,"height":12}},"48":{"xOffset":0,"yOffset":1,"xAdvance":23,"rect":{"x":27,"y":74,"width":25,"height":37}},"49":{"xOffset":0,"yOffset":2,"xAdvance":18,"rect":{"x":54,"y":38,"width":20,"height":35}},"50":{"xOffset":0,"yOffset":1,"xAdvance":22,"rect":{"x":79,"y":0,"width":24,"height":36}},"51":{"xOffset":0,"yOffset":1,"xAdvance":22,"rect":{"x":54,"y":0,"width":24,"height":37}},"52":{"xOffset":0,"yOffset":2,"xAdvance":25,"rect":{"x":0,"y":0,"width":27,"height":35}},"53":{"xOffset":0,"yOffset":2,"xAdvance":21,"rect":{"x":79,"y":37,"width":23,"height":36}},"54":{"xOffset":0,"yOffset":1,"xAdvance":24,"rect":{"x":27,"y":36,"width":26,"height":37}},"55":{"xOffset":0,"yOffset":2,"xAdvance":23,"rect":{"x":53,"y":74,"width":25,"height":35}},"56":{"xOffset":0,"yOffset":1,"xAdvance":24,"rect":{"x":0,"y":74,"width":26,"height":37}},"57":{"xOffset":0,"yOffset":1,"xAdvance":24,"rect":{"x":0,"y":36,"width":26,"height":37}},"120":{"xOffset":0,"yOffset":9,"xAdvance":23,"rect":{"x":28,"y":0,"width":25,"height":28}}},"kerningDict":{}}]],0,0,[0],[2],[0]],[[{"name":"reward_num_1","rect":{"x":0,"y":0,"width":103,"height":124},"offset":{"x":-12.5,"y":2},"originalSize":{"width":128,"height":128},"rotated":false,"capInsets":[0,0,0,0],"vertices":{"rawPosition":[-51.5,-62,0,51.5,-62,0,-51.5,62,0,51.5,62,0],"indexes":[0,1,2,2,1,3],"uv":[0,128,103,128,0,4,103,4],"nuv":[0,0.03125,0.8046875,0.03125,0,1,0.8046875,1],"minPos":{"x":-51.5,"y":-62,"z":0},"maxPos":{"x":51.5,"y":62,"z":0}},"packable":true,"pixelsToUnit":100,"pivot":{"x":0.5,"y":0.5},"meshType":0}],[4],0,[0],[3],[1]],[[[10,"reward"],[11,"reward",[-6,-7,-8,-9,-10,-11,-12],[[2,-3,[0,"25wj6KmJdBEaKKxMyVDzrq"],[5,1280,720]],[15,45,100,100,-4,[0,"a6HM7b//ZJZaba2Nz7gGtY"]],[16,-5,[0,"09hHl53H1Lf7Vqa+z4I/Qe"]]],[17,"c46/YsCPVOJYA4mWEpNYRx",null,null,-2,0,[-1]]],[12,"Node_item",1,[-14,-15,-16],[[2,-13,[0,"542aMbvdVIzqWXZL0lI2Az"],[5,300,200]]],[1,"f7pr5a/P1N04e7LJZaJa2/",null,null,null,1,0]],[6,["c46/YsCPVOJYA4mWEpNYRx"]],[5,"Sprite_bg",1,[[8,-17,[0,"59oRH82clA0Y2h3E1RIOGi"],[5,639,720],[0,1,0.5]],[4,-18,[0,"86aQDmoUBNHbwihF3xov6c"]]],[1,"efmfQIM/9NN7UAG+pVJugw",null,null,null,1,0]],[13,"Sprite_bg",1,[[8,-19,[0,"fc8oh2V4ZLaK0rKU93wQ6r"],[5,639,720],[0,1,0.5]],[4,-20,[0,"ab79XwWx9Px7crd7aaupR+"]]],[1,"766LVeUi1KJqhDJScl3hxY",null,null,null,1,0],[1,-1,1,1]],[3,"Sprite_title",1,[[2,-21,[0,"80vNhGr8VIyJF8m4Id27TH"],[5,662,197]],[4,-22,[0,"70nivkYB1MSJHJedWm1opN"]]],[1,"52z2pMcHlPXYHF3RvWTlH1",null,null,null,1,0],[1,0,181,0]],[5,"Layout",1,[[2,-23,[0,"86HWnMABJOGpYmbr2wAyw7"],[5,100,200]],[20,1,1,-24,[0,"38aNd4oMhCtb846VGnXkfP"]]],[1,"f9fr+AinNM/ZWLB8HAZDA1",null,null,null,1,0]],[3,"Label_tip",1,[[2,-25,[0,"34odTo3hRDf6iaKY84I0GW"],[5,96,30.24]],[21,"提示信息",24,24,24,-26,[0,"25NH0x2yZFbrfCh7/Ez34v"]]],[1,"95NShTLNFBOb4tfRS9xd/j",null,null,null,1,0],[1,0,-128,0]],[14,0,{},1,[18,"c46/YsCPVOJYA4mWEpNYRx",null,null,-27,[23,"85JrHq+NJBE52s9uOjFQ/E",1,[[24,"Node_ok",["_name"],3],[7,["_lpos"],3,[1,0,-212,0]],[7,["_lrot"],3,[3,0,0,0,1]],[7,["_euler"],3,[1,0,0,0]],[25,"OK",["_string"],[6,["9aynbZ3PFOYLynxwW4S+lp"]]],[26,["_contentSize"],[6,["a3kORZrOJGQJtE68FARtOv"]],[5,57.79,50.4]]]],0]],[5,"Sprite_bg",2,[[2,-28,[0,"e9SFswijJAxa4tkD250tZg"],[5,325,321]],[4,-29,[0,"d1AQeCiutO+4+gHSzuuXsU"]]],[1,"017BmT+LdM+ZMPTminb2sB",null,null,null,1,0]],[3,"Sprite_icon",2,[[2,-30,[0,"7dzKen9XJMLo+fM+AZKieV"],[5,142,142]],[19,0,false,-31,[0,"54kuDvvNtKjI2kb+tOiIvU"]]],[1,"68RcceHrhIYoJNiWPWGcpm",null,null,null,1,0],[1,0,22,0]],[3,"Label_count",2,[[2,-32,[0,"eaEFFDd1JOwpOlnq3D1Mrc"],[5,89,40]],[22,"x100",32,32,false,-33,[0,"66r/7Es4lKHZOUMDrgn8bw"],1]],[1,"6fS/OUvtlDyqjSMyq96E4W",null,null,null,1,0],[1,0,-70,0]]],0,[0,-1,9,0,1,1,0,0,1,0,0,1,0,0,1,0,-1,4,0,-2,5,0,-3,6,0,-4,7,0,-5,8,0,-6,9,0,-7,2,0,0,2,0,-1,10,0,-2,11,0,-3,12,0,0,4,0,0,4,0,0,5,0,0,5,0,0,6,0,0,6,0,0,7,0,0,7,0,0,8,0,0,8,0,1,9,0,0,10,0,0,10,0,0,11,0,0,11,0,0,12,0,0,12,0,4,1,33],[0,0],[5,6],[2,3]]]]
