{"version":1,"document":[{"__type__":"cc.AnimationClip","_name":"node_landlord_lose","_objFlags":0,"_native":"","sample":60,"speed":1,"wrapMode":1,"enableTrsBlending":false,"_duration":0.8333333333333334,"_hash":500763545,"_tracks":[{"__id__":1},{"__id__":8},{"__id__":15},{"__id__":22},{"__id__":29},{"__id__":36},{"__id__":43},{"__id__":50},{"__id__":57},{"__id__":63},{"__id__":74},{"__id__":79},{"__id__":84},{"__id__":90},{"__id__":96},{"__id__":107},{"__id__":113},{"__id__":119},{"__id__":130},{"__id__":136},{"__id__":142},{"__id__":153},{"__id__":164},{"__id__":169},{"__id__":174},{"__id__":180},{"__id__":186},{"__id__":197},{"__id__":208},{"__id__":213},{"__id__":218},{"__id__":224},{"__id__":230},{"__id__":241},{"__id__":246},{"__id__":251},{"__id__":257},{"__id__":268},{"__id__":273},{"__id__":278},{"__id__":284},{"__id__":295},{"__id__":300},{"__id__":305},{"__id__":311},{"__id__":322},{"__id__":328},{"__id__":339},{"__id__":344},{"__id__":349},{"__id__":355},{"__id__":361},{"__id__":372},{"__id__":377},{"__id__":382},{"__id__":388},{"__id__":394},{"__id__":405},{"__id__":411},{"__id__":422},{"__id__":428},{"__id__":434},{"__id__":445},{"__id__":451},{"__id__":457},{"__id__":468},{"__id__":474}],"_exoticAnimation":null,"_events":[],"_embeddedPlayers":[]},{"__type__":"cc.animation.UntypedTrack","_binding":{"__type__":"cc.animation.TrackBinding","path":{"__id__":2},"proxy":null},"_channels":[{"__id__":4},{"__id__":6}]},{"__type__":"cc.animation.TrackPath","_paths":[{"__id__":3},"scale"]},{"__type__":"cc.animation.HierarchyPath","path":"Layout/node_middle/sb_yuanquan_20"},{"__type__":"cc.animation.UntypedTrackChannel","_curve":{"__id__":5},"property":"x"},{"__type__":"cc.RealCurve","bytes":{"__type__":"TypedArrayRef","ctor":"Uint8Array","offset":0,"length":42},"keyframeValueEditorExtras":[null,null,null]},{"__type__":"cc.animation.UntypedTrackChannel","_curve":{"__id__":7},"property":"y"},{"__type__":"cc.RealCurve","bytes":{"__type__":"TypedArrayRef","ctor":"Uint8Array","offset":42,"length":42},"keyframeValueEditorExtras":[null,null,null]},{"__type__":"cc.animation.UntypedTrack","_binding":{"__type__":"cc.animation.TrackBinding","path":{"__id__":9},"proxy":null},"_channels":[{"__id__":11},{"__id__":13}]},{"__type__":"cc.animation.TrackPath","_paths":[{"__id__":10},"scale"]},{"__type__":"cc.animation.HierarchyPath","path":"Layout/node_middle/sb_piaodai_L_17"},{"__type__":"cc.animation.UntypedTrackChannel","_curve":{"__id__":12},"property":"x"},{"__type__":"cc.RealCurve","bytes":{"__type__":"TypedArrayRef","ctor":"Uint8Array","offset":84,"length":42},"keyframeValueEditorExtras":[null,null,null]},{"__type__":"cc.animation.UntypedTrackChannel","_curve":{"__id__":14},"property":"y"},{"__type__":"cc.RealCurve","bytes":{"__type__":"TypedArrayRef","ctor":"Uint8Array","offset":126,"length":42},"keyframeValueEditorExtras":[null,null,null]},{"__type__":"cc.animation.UntypedTrack","_binding":{"__type__":"cc.animation.TrackBinding","path":{"__id__":16},"proxy":null},"_channels":[{"__id__":18},{"__id__":20}]},{"__type__":"cc.animation.TrackPath","_paths":[{"__id__":17},"scale"]},{"__type__":"cc.animation.HierarchyPath","path":"Layout/node_middle/sb_piaodai_R_18"},{"__type__":"cc.animation.UntypedTrackChannel","_curve":{"__id__":19},"property":"x"},{"__type__":"cc.RealCurve","bytes":{"__type__":"TypedArrayRef","ctor":"Uint8Array","offset":168,"length":42},"keyframeValueEditorExtras":[null,null,null]},{"__type__":"cc.animation.UntypedTrackChannel","_curve":{"__id__":21},"property":"y"},{"__type__":"cc.RealCurve","bytes":{"__type__":"TypedArrayRef","ctor":"Uint8Array","offset":210,"length":42},"keyframeValueEditorExtras":[null,null,null]},{"__type__":"cc.animation.UntypedTrack","_binding":{"__type__":"cc.animation.TrackBinding","path":{"__id__":23},"proxy":null},"_channels":[{"__id__":25},{"__id__":27}]},{"__type__":"cc.animation.TrackPath","_paths":[{"__id__":24},"scale"]},{"__type__":"cc.animation.HierarchyPath","path":"Layout/node_middle/sb_yun_R_22"},{"__type__":"cc.animation.UntypedTrackChannel","_curve":{"__id__":26},"property":"x"},{"__type__":"cc.RealCurve","bytes":{"__type__":"TypedArrayRef","ctor":"Uint8Array","offset":252,"length":42},"keyframeValueEditorExtras":[null,null,null]},{"__type__":"cc.animation.UntypedTrackChannel","_curve":{"__id__":28},"property":"y"},{"__type__":"cc.RealCurve","bytes":{"__type__":"TypedArrayRef","ctor":"Uint8Array","offset":294,"length":42},"keyframeValueEditorExtras":[null,null,null]},{"__type__":"cc.animation.UntypedTrack","_binding":{"__type__":"cc.animation.TrackBinding","path":{"__id__":30},"proxy":null},"_channels":[{"__id__":32},{"__id__":34}]},{"__type__":"cc.animation.TrackPath","_paths":[{"__id__":31},"scale"]},{"__type__":"cc.animation.HierarchyPath","path":"Layout/node_middle/sb_yun_L_21"},{"__type__":"cc.animation.UntypedTrackChannel","_curve":{"__id__":33},"property":"x"},{"__type__":"cc.RealCurve","bytes":{"__type__":"TypedArrayRef","ctor":"Uint8Array","offset":336,"length":42},"keyframeValueEditorExtras":[null,null,null]},{"__type__":"cc.animation.UntypedTrackChannel","_curve":{"__id__":35},"property":"y"},{"__type__":"cc.RealCurve","bytes":{"__type__":"TypedArrayRef","ctor":"Uint8Array","offset":378,"length":42},"keyframeValueEditorExtras":[null,null,null]},{"__type__":"cc.animation.UntypedTrack","_binding":{"__type__":"cc.animation.TrackBinding","path":{"__id__":37},"proxy":null},"_channels":[{"__id__":39},{"__id__":41}]},{"__type__":"cc.animation.TrackPath","_paths":[{"__id__":38},"scale"]},{"__type__":"cc.animation.HierarchyPath","path":"Layout/node_middle/Node_2/sb_dz_leihua_28"},{"__type__":"cc.animation.UntypedTrackChannel","_curve":{"__id__":40},"property":"x"},{"__type__":"cc.RealCurve","bytes":{"__type__":"TypedArrayRef","ctor":"Uint8Array","offset":420,"length":30},"keyframeValueEditorExtras":[null,null]},{"__type__":"cc.animation.UntypedTrackChannel","_curve":{"__id__":42},"property":"y"},{"__type__":"cc.RealCurve","bytes":{"__type__":"TypedArrayRef","ctor":"Uint8Array","offset":450,"length":30},"keyframeValueEditorExtras":[null,null]},{"__type__":"cc.animation.UntypedTrack","_binding":{"__type__":"cc.animation.TrackBinding","path":{"__id__":44},"proxy":null},"_channels":[{"__id__":46},{"__id__":48}]},{"__type__":"cc.animation.TrackPath","_paths":[{"__id__":45},"scale"]},{"__type__":"cc.animation.HierarchyPath","path":"Layout/node_middle/Node_2/sb_dz_leihua1_29"},{"__type__":"cc.animation.UntypedTrackChannel","_curve":{"__id__":47},"property":"x"},{"__type__":"cc.RealCurve","bytes":{"__type__":"TypedArrayRef","ctor":"Uint8Array","offset":480,"length":30},"keyframeValueEditorExtras":[null,null]},{"__type__":"cc.animation.UntypedTrackChannel","_curve":{"__id__":49},"property":"y"},{"__type__":"cc.RealCurve","bytes":{"__type__":"TypedArrayRef","ctor":"Uint8Array","offset":510,"length":30},"keyframeValueEditorExtras":[null,null]},{"__type__":"cc.animation.UntypedTrack","_binding":{"__type__":"cc.animation.TrackBinding","path":{"__id__":51},"proxy":null},"_channels":[{"__id__":53},{"__id__":55}]},{"__type__":"cc.animation.TrackPath","_paths":[{"__id__":52},"scale"]},{"__type__":"cc.animation.HierarchyPath","path":"Layout/node_middle/sb_wenziditu_23_0"},{"__type__":"cc.animation.UntypedTrackChannel","_curve":{"__id__":54},"property":"x"},{"__type__":"cc.RealCurve","bytes":{"__type__":"TypedArrayRef","ctor":"Uint8Array","offset":540,"length":30},"keyframeValueEditorExtras":[null,null]},{"__type__":"cc.animation.UntypedTrackChannel","_curve":{"__id__":56},"property":"y"},{"__type__":"cc.RealCurve","bytes":{"__type__":"TypedArrayRef","ctor":"Uint8Array","offset":570,"length":30},"keyframeValueEditorExtras":[null,null]},{"__type__":"cc.animation.RealTrack","_binding":{"__type__":"cc.animation.TrackBinding","path":{"__id__":58},"proxy":null},"_channel":{"__id__":61}},{"__type__":"cc.animation.TrackPath","_paths":[{"__id__":59},{"__id__":60},"opacity"]},{"__type__":"cc.animation.HierarchyPath","path":"Layout/LayoutMask"},{"__type__":"cc.animation.ComponentPath","component":"cc.UIOpacity"},{"__type__":"cc.animation.Channel","_curve":{"__id__":62}},{"__type__":"cc.RealCurve","bytes":{"__type__":"TypedArrayRef","ctor":"Uint8Array","offset":600,"length":30},"keyframeValueEditorExtras":[null,null]},{"__type__":"cc.animation.VectorTrack","_binding":{"__type__":"cc.animation.TrackBinding","path":{"__id__":64},"proxy":null},"_channels":[{"__id__":66},{"__id__":68},{"__id__":70},{"__id__":72}],"_nComponents":3},{"__type__":"cc.animation.TrackPath","_paths":[{"__id__":65},"position"]},{"__type__":"cc.animation.HierarchyPath","path":"Layout/node_middle/sb_yuanquan_20"},{"__type__":"cc.animation.Channel","_curve":{"__id__":67}},{"__type__":"cc.RealCurve","bytes":{"__type__":"TypedArrayRef","ctor":"Uint8Array","offset":630,"length":18},"keyframeValueEditorExtras":[null]},{"__type__":"cc.animation.Channel","_curve":{"__id__":69}},{"__type__":"cc.RealCurve","bytes":{"__type__":"TypedArrayRef","ctor":"Uint8Array","offset":648,"length":18},"keyframeValueEditorExtras":[null]},{"__type__":"cc.animation.Channel","_curve":{"__id__":71}},{"__type__":"cc.RealCurve","bytes":{"__type__":"TypedArrayRef","ctor":"Uint8Array","offset":666,"length":18},"keyframeValueEditorExtras":[null]},{"__type__":"cc.animation.Channel","_curve":{"__id__":73}},{"__type__":"cc.RealCurve","bytes":{"__type__":"TypedArrayRef","ctor":"Uint8Array","offset":684,"length":6}},{"__type__":"cc.animation.RealTrack","_binding":{"__type__":"cc.animation.TrackBinding","path":{"__id__":75},"proxy":null},"_channel":{"__id__":77}},{"__type__":"cc.animation.TrackPath","_paths":[{"__id__":76},"anchorX"]},{"__type__":"cc.animation.HierarchyPath","path":"Layout/node_middle/sb_yuanquan_20"},{"__type__":"cc.animation.Channel","_curve":{"__id__":78}},{"__type__":"cc.RealCurve","bytes":{"__type__":"TypedArrayRef","ctor":"Uint8Array","offset":690,"length":18},"keyframeValueEditorExtras":[null]},{"__type__":"cc.animation.RealTrack","_binding":{"__type__":"cc.animation.TrackBinding","path":{"__id__":80},"proxy":null},"_channel":{"__id__":82}},{"__type__":"cc.animation.TrackPath","_paths":[{"__id__":81},"anchorY"]},{"__type__":"cc.animation.HierarchyPath","path":"Layout/node_middle/sb_yuanquan_20"},{"__type__":"cc.animation.Channel","_curve":{"__id__":83}},{"__type__":"cc.RealCurve","bytes":{"__type__":"TypedArrayRef","ctor":"Uint8Array","offset":708,"length":18},"keyframeValueEditorExtras":[null]},{"__type__":"cc.animation.RealTrack","_binding":{"__type__":"cc.animation.TrackBinding","path":{"__id__":85},"proxy":null},"_channel":{"__id__":88}},{"__type__":"cc.animation.TrackPath","_paths":[{"__id__":86},{"__id__":87},"opacity"]},{"__type__":"cc.animation.HierarchyPath","path":"Layout/node_middle/sb_yuanquan_20"},{"__type__":"cc.animation.ComponentPath","component":"cc.UIOpacity"},{"__type__":"cc.animation.Channel","_curve":{"__id__":89}},{"__type__":"cc.RealCurve","bytes":{"__type__":"TypedArrayRef","ctor":"Uint8Array","offset":726,"length":30},"keyframeValueEditorExtras":[null,null]},{"__type__":"cc.animation.ObjectTrack","_binding":{"__type__":"cc.animation.TrackBinding","path":{"__id__":91},"proxy":null},"_channel":{"__id__":94}},{"__type__":"cc.animation.TrackPath","_paths":[{"__id__":92},{"__id__":93},"spriteFrame"]},{"__type__":"cc.animation.HierarchyPath","path":"Layout/node_middle/sb_yuanquan_20"},{"__type__":"cc.animation.ComponentPath","component":"cc.Sprite"},{"__type__":"cc.animation.Channel","_curve":{"__id__":95}},{"__type__":"cc.ObjectCurve","_times":[0],"_values":[{"__uuid__":"29ZzP1oIRH1L/Fpr9JjEut@d8a3d","__expectedType__":"cc.Asset"}]},{"__type__":"cc.animation.VectorTrack","_binding":{"__type__":"cc.animation.TrackBinding","path":{"__id__":97},"proxy":null},"_channels":[{"__id__":99},{"__id__":101},{"__id__":103},{"__id__":105}],"_nComponents":3},{"__type__":"cc.animation.TrackPath","_paths":[{"__id__":98},"position"]},{"__type__":"cc.animation.HierarchyPath","path":"Layout/node_middle/sb_piaodai_L_17"},{"__type__":"cc.animation.Channel","_curve":{"__id__":100}},{"__type__":"cc.RealCurve","bytes":{"__type__":"TypedArrayRef","ctor":"Uint8Array","offset":756,"length":18},"keyframeValueEditorExtras":[null]},{"__type__":"cc.animation.Channel","_curve":{"__id__":102}},{"__type__":"cc.RealCurve","bytes":{"__type__":"TypedArrayRef","ctor":"Uint8Array","offset":774,"length":18},"keyframeValueEditorExtras":[null]},{"__type__":"cc.animation.Channel","_curve":{"__id__":104}},{"__type__":"cc.RealCurve","bytes":{"__type__":"TypedArrayRef","ctor":"Uint8Array","offset":792,"length":18},"keyframeValueEditorExtras":[null]},{"__type__":"cc.animation.Channel","_curve":{"__id__":106}},{"__type__":"cc.RealCurve","bytes":{"__type__":"TypedArrayRef","ctor":"Uint8Array","offset":810,"length":6}},{"__type__":"cc.animation.RealTrack","_binding":{"__type__":"cc.animation.TrackBinding","path":{"__id__":108},"proxy":null},"_channel":{"__id__":111}},{"__type__":"cc.animation.TrackPath","_paths":[{"__id__":109},{"__id__":110},"opacity"]},{"__type__":"cc.animation.HierarchyPath","path":"Layout/node_middle/sb_piaodai_L_17"},{"__type__":"cc.animation.ComponentPath","component":"cc.UIOpacity"},{"__type__":"cc.animation.Channel","_curve":{"__id__":112}},{"__type__":"cc.RealCurve","bytes":{"__type__":"TypedArrayRef","ctor":"Uint8Array","offset":816,"length":30},"keyframeValueEditorExtras":[null,null]},{"__type__":"cc.animation.ObjectTrack","_binding":{"__type__":"cc.animation.TrackBinding","path":{"__id__":114},"proxy":null},"_channel":{"__id__":117}},{"__type__":"cc.animation.TrackPath","_paths":[{"__id__":115},{"__id__":116},"spriteFrame"]},{"__type__":"cc.animation.HierarchyPath","path":"Layout/node_middle/sb_piaodai_L_17"},{"__type__":"cc.animation.ComponentPath","component":"cc.Sprite"},{"__type__":"cc.animation.Channel","_curve":{"__id__":118}},{"__type__":"cc.ObjectCurve","_times":[0],"_values":[{"__uuid__":"29ZzP1oIRH1L/Fpr9JjEut@46d59","__expectedType__":"cc.Asset"}]},{"__type__":"cc.animation.VectorTrack","_binding":{"__type__":"cc.animation.TrackBinding","path":{"__id__":120},"proxy":null},"_channels":[{"__id__":122},{"__id__":124},{"__id__":126},{"__id__":128}],"_nComponents":3},{"__type__":"cc.animation.TrackPath","_paths":[{"__id__":121},"position"]},{"__type__":"cc.animation.HierarchyPath","path":"Layout/node_middle/sb_piaodai_R_18"},{"__type__":"cc.animation.Channel","_curve":{"__id__":123}},{"__type__":"cc.RealCurve","bytes":{"__type__":"TypedArrayRef","ctor":"Uint8Array","offset":846,"length":30},"keyframeValueEditorExtras":[null,null]},{"__type__":"cc.animation.Channel","_curve":{"__id__":125}},{"__type__":"cc.RealCurve","bytes":{"__type__":"TypedArrayRef","ctor":"Uint8Array","offset":876,"length":30},"keyframeValueEditorExtras":[null,null]},{"__type__":"cc.animation.Channel","_curve":{"__id__":127}},{"__type__":"cc.RealCurve","bytes":{"__type__":"TypedArrayRef","ctor":"Uint8Array","offset":906,"length":30},"keyframeValueEditorExtras":[null,null]},{"__type__":"cc.animation.Channel","_curve":{"__id__":129}},{"__type__":"cc.RealCurve","bytes":{"__type__":"TypedArrayRef","ctor":"Uint8Array","offset":936,"length":6}},{"__type__":"cc.animation.RealTrack","_binding":{"__type__":"cc.animation.TrackBinding","path":{"__id__":131},"proxy":null},"_channel":{"__id__":134}},{"__type__":"cc.animation.TrackPath","_paths":[{"__id__":132},{"__id__":133},"opacity"]},{"__type__":"cc.animation.HierarchyPath","path":"Layout/node_middle/sb_piaodai_R_18"},{"__type__":"cc.animation.ComponentPath","component":"cc.UIOpacity"},{"__type__":"cc.animation.Channel","_curve":{"__id__":135}},{"__type__":"cc.RealCurve","bytes":{"__type__":"TypedArrayRef","ctor":"Uint8Array","offset":942,"length":30},"keyframeValueEditorExtras":[null,null]},{"__type__":"cc.animation.ObjectTrack","_binding":{"__type__":"cc.animation.TrackBinding","path":{"__id__":137},"proxy":null},"_channel":{"__id__":140}},{"__type__":"cc.animation.TrackPath","_paths":[{"__id__":138},{"__id__":139},"spriteFrame"]},{"__type__":"cc.animation.HierarchyPath","path":"Layout/node_middle/sb_piaodai_R_18"},{"__type__":"cc.animation.ComponentPath","component":"cc.Sprite"},{"__type__":"cc.animation.Channel","_curve":{"__id__":141}},{"__type__":"cc.ObjectCurve","_times":[0],"_values":[{"__uuid__":"29ZzP1oIRH1L/Fpr9JjEut@63d59","__expectedType__":"cc.Asset"}]},{"__type__":"cc.animation.VectorTrack","_binding":{"__type__":"cc.animation.TrackBinding","path":{"__id__":143},"proxy":null},"_channels":[{"__id__":145},{"__id__":147},{"__id__":149},{"__id__":151}],"_nComponents":3},{"__type__":"cc.animation.TrackPath","_paths":[{"__id__":144},"position"]},{"__type__":"cc.animation.HierarchyPath","path":"Layout/node_middle/sb_yun_R_22"},{"__type__":"cc.animation.Channel","_curve":{"__id__":146}},{"__type__":"cc.RealCurve","bytes":{"__type__":"TypedArrayRef","ctor":"Uint8Array","offset":972,"length":18},"keyframeValueEditorExtras":[null]},{"__type__":"cc.animation.Channel","_curve":{"__id__":148}},{"__type__":"cc.RealCurve","bytes":{"__type__":"TypedArrayRef","ctor":"Uint8Array","offset":990,"length":18},"keyframeValueEditorExtras":[null]},{"__type__":"cc.animation.Channel","_curve":{"__id__":150}},{"__type__":"cc.RealCurve","bytes":{"__type__":"TypedArrayRef","ctor":"Uint8Array","offset":1008,"length":18},"keyframeValueEditorExtras":[null]},{"__type__":"cc.animation.Channel","_curve":{"__id__":152}},{"__type__":"cc.RealCurve","bytes":{"__type__":"TypedArrayRef","ctor":"Uint8Array","offset":1026,"length":6}},{"__type__":"cc.animation.VectorTrack","_binding":{"__type__":"cc.animation.TrackBinding","path":{"__id__":154},"proxy":null},"_channels":[{"__id__":156},{"__id__":158},{"__id__":160},{"__id__":162}],"_nComponents":3},{"__type__":"cc.animation.TrackPath","_paths":[{"__id__":155},"eulerAngles"]},{"__type__":"cc.animation.HierarchyPath","path":"Layout/node_middle/sb_yun_R_22"},{"__type__":"cc.animation.Channel","_curve":{"__id__":157}},{"__type__":"cc.RealCurve","bytes":{"__type__":"TypedArrayRef","ctor":"Uint8Array","offset":1032,"length":30},"keyframeValueEditorExtras":[null,null]},{"__type__":"cc.animation.Channel","_curve":{"__id__":159}},{"__type__":"cc.RealCurve","bytes":{"__type__":"TypedArrayRef","ctor":"Uint8Array","offset":1062,"length":30},"keyframeValueEditorExtras":[null,null]},{"__type__":"cc.animation.Channel","_curve":{"__id__":161}},{"__type__":"cc.RealCurve","bytes":{"__type__":"TypedArrayRef","ctor":"Uint8Array","offset":1092,"length":30},"keyframeValueEditorExtras":[null,null]},{"__type__":"cc.animation.Channel","_curve":{"__id__":163}},{"__type__":"cc.RealCurve","bytes":{"__type__":"TypedArrayRef","ctor":"Uint8Array","offset":1122,"length":6}},{"__type__":"cc.animation.RealTrack","_binding":{"__type__":"cc.animation.TrackBinding","path":{"__id__":165},"proxy":null},"_channel":{"__id__":167}},{"__type__":"cc.animation.TrackPath","_paths":[{"__id__":166},"anchorX"]},{"__type__":"cc.animation.HierarchyPath","path":"Layout/node_middle/sb_yun_R_22"},{"__type__":"cc.animation.Channel","_curve":{"__id__":168}},{"__type__":"cc.RealCurve","bytes":{"__type__":"TypedArrayRef","ctor":"Uint8Array","offset":1128,"length":18},"keyframeValueEditorExtras":[null]},{"__type__":"cc.animation.RealTrack","_binding":{"__type__":"cc.animation.TrackBinding","path":{"__id__":170},"proxy":null},"_channel":{"__id__":172}},{"__type__":"cc.animation.TrackPath","_paths":[{"__id__":171},"anchorY"]},{"__type__":"cc.animation.HierarchyPath","path":"Layout/node_middle/sb_yun_R_22"},{"__type__":"cc.animation.Channel","_curve":{"__id__":173}},{"__type__":"cc.RealCurve","bytes":{"__type__":"TypedArrayRef","ctor":"Uint8Array","offset":1146,"length":18},"keyframeValueEditorExtras":[null]},{"__type__":"cc.animation.RealTrack","_binding":{"__type__":"cc.animation.TrackBinding","path":{"__id__":175},"proxy":null},"_channel":{"__id__":178}},{"__type__":"cc.animation.TrackPath","_paths":[{"__id__":176},{"__id__":177},"opacity"]},{"__type__":"cc.animation.HierarchyPath","path":"Layout/node_middle/sb_yun_R_22"},{"__type__":"cc.animation.ComponentPath","component":"cc.UIOpacity"},{"__type__":"cc.animation.Channel","_curve":{"__id__":179}},{"__type__":"cc.RealCurve","bytes":{"__type__":"TypedArrayRef","ctor":"Uint8Array","offset":1164,"length":30},"keyframeValueEditorExtras":[null,null]},{"__type__":"cc.animation.ObjectTrack","_binding":{"__type__":"cc.animation.TrackBinding","path":{"__id__":181},"proxy":null},"_channel":{"__id__":184}},{"__type__":"cc.animation.TrackPath","_paths":[{"__id__":182},{"__id__":183},"spriteFrame"]},{"__type__":"cc.animation.HierarchyPath","path":"Layout/node_middle/sb_yun_R_22"},{"__type__":"cc.animation.ComponentPath","component":"cc.Sprite"},{"__type__":"cc.animation.Channel","_curve":{"__id__":185}},{"__type__":"cc.ObjectCurve","_times":[0],"_values":[{"__uuid__":"29ZzP1oIRH1L/Fpr9JjEut@8e75f","__expectedType__":"cc.Asset"}]},{"__type__":"cc.animation.VectorTrack","_binding":{"__type__":"cc.animation.TrackBinding","path":{"__id__":187},"proxy":null},"_channels":[{"__id__":189},{"__id__":191},{"__id__":193},{"__id__":195}],"_nComponents":3},{"__type__":"cc.animation.TrackPath","_paths":[{"__id__":188},"position"]},{"__type__":"cc.animation.HierarchyPath","path":"Layout/node_middle/sb_yun_L_21"},{"__type__":"cc.animation.Channel","_curve":{"__id__":190}},{"__type__":"cc.RealCurve","bytes":{"__type__":"TypedArrayRef","ctor":"Uint8Array","offset":1194,"length":18},"keyframeValueEditorExtras":[null]},{"__type__":"cc.animation.Channel","_curve":{"__id__":192}},{"__type__":"cc.RealCurve","bytes":{"__type__":"TypedArrayRef","ctor":"Uint8Array","offset":1212,"length":18},"keyframeValueEditorExtras":[null]},{"__type__":"cc.animation.Channel","_curve":{"__id__":194}},{"__type__":"cc.RealCurve","bytes":{"__type__":"TypedArrayRef","ctor":"Uint8Array","offset":1230,"length":18},"keyframeValueEditorExtras":[null]},{"__type__":"cc.animation.Channel","_curve":{"__id__":196}},{"__type__":"cc.RealCurve","bytes":{"__type__":"TypedArrayRef","ctor":"Uint8Array","offset":1248,"length":6}},{"__type__":"cc.animation.VectorTrack","_binding":{"__type__":"cc.animation.TrackBinding","path":{"__id__":198},"proxy":null},"_channels":[{"__id__":200},{"__id__":202},{"__id__":204},{"__id__":206}],"_nComponents":3},{"__type__":"cc.animation.TrackPath","_paths":[{"__id__":199},"eulerAngles"]},{"__type__":"cc.animation.HierarchyPath","path":"Layout/node_middle/sb_yun_L_21"},{"__type__":"cc.animation.Channel","_curve":{"__id__":201}},{"__type__":"cc.RealCurve","bytes":{"__type__":"TypedArrayRef","ctor":"Uint8Array","offset":1254,"length":30},"keyframeValueEditorExtras":[null,null]},{"__type__":"cc.animation.Channel","_curve":{"__id__":203}},{"__type__":"cc.RealCurve","bytes":{"__type__":"TypedArrayRef","ctor":"Uint8Array","offset":1284,"length":30},"keyframeValueEditorExtras":[null,null]},{"__type__":"cc.animation.Channel","_curve":{"__id__":205}},{"__type__":"cc.RealCurve","bytes":{"__type__":"TypedArrayRef","ctor":"Uint8Array","offset":1314,"length":30},"keyframeValueEditorExtras":[null,null]},{"__type__":"cc.animation.Channel","_curve":{"__id__":207}},{"__type__":"cc.RealCurve","bytes":{"__type__":"TypedArrayRef","ctor":"Uint8Array","offset":1344,"length":6}},{"__type__":"cc.animation.RealTrack","_binding":{"__type__":"cc.animation.TrackBinding","path":{"__id__":209},"proxy":null},"_channel":{"__id__":211}},{"__type__":"cc.animation.TrackPath","_paths":[{"__id__":210},"anchorX"]},{"__type__":"cc.animation.HierarchyPath","path":"Layout/node_middle/sb_yun_L_21"},{"__type__":"cc.animation.Channel","_curve":{"__id__":212}},{"__type__":"cc.RealCurve","bytes":{"__type__":"TypedArrayRef","ctor":"Uint8Array","offset":1350,"length":18},"keyframeValueEditorExtras":[null]},{"__type__":"cc.animation.RealTrack","_binding":{"__type__":"cc.animation.TrackBinding","path":{"__id__":214},"proxy":null},"_channel":{"__id__":216}},{"__type__":"cc.animation.TrackPath","_paths":[{"__id__":215},"anchorY"]},{"__type__":"cc.animation.HierarchyPath","path":"Layout/node_middle/sb_yun_L_21"},{"__type__":"cc.animation.Channel","_curve":{"__id__":217}},{"__type__":"cc.RealCurve","bytes":{"__type__":"TypedArrayRef","ctor":"Uint8Array","offset":1368,"length":18},"keyframeValueEditorExtras":[null]},{"__type__":"cc.animation.RealTrack","_binding":{"__type__":"cc.animation.TrackBinding","path":{"__id__":219},"proxy":null},"_channel":{"__id__":222}},{"__type__":"cc.animation.TrackPath","_paths":[{"__id__":220},{"__id__":221},"opacity"]},{"__type__":"cc.animation.HierarchyPath","path":"Layout/node_middle/sb_yun_L_21"},{"__type__":"cc.animation.ComponentPath","component":"cc.UIOpacity"},{"__type__":"cc.animation.Channel","_curve":{"__id__":223}},{"__type__":"cc.RealCurve","bytes":{"__type__":"TypedArrayRef","ctor":"Uint8Array","offset":1386,"length":30},"keyframeValueEditorExtras":[null,null]},{"__type__":"cc.animation.ObjectTrack","_binding":{"__type__":"cc.animation.TrackBinding","path":{"__id__":225},"proxy":null},"_channel":{"__id__":228}},{"__type__":"cc.animation.TrackPath","_paths":[{"__id__":226},{"__id__":227},"spriteFrame"]},{"__type__":"cc.animation.HierarchyPath","path":"Layout/node_middle/sb_yun_L_21"},{"__type__":"cc.animation.ComponentPath","component":"cc.Sprite"},{"__type__":"cc.animation.Channel","_curve":{"__id__":229}},{"__type__":"cc.ObjectCurve","_times":[0],"_values":[{"__uuid__":"29ZzP1oIRH1L/Fpr9JjEut@35323","__expectedType__":"cc.Asset"}]},{"__type__":"cc.animation.VectorTrack","_binding":{"__type__":"cc.animation.TrackBinding","path":{"__id__":231},"proxy":null},"_channels":[{"__id__":233},{"__id__":235},{"__id__":237},{"__id__":239}],"_nComponents":3},{"__type__":"cc.animation.TrackPath","_paths":[{"__id__":232},"position"]},{"__type__":"cc.animation.HierarchyPath","path":"Layout/node_middle/Node_2/sb_dz_zuoshou_26"},{"__type__":"cc.animation.Channel","_curve":{"__id__":234}},{"__type__":"cc.RealCurve","bytes":{"__type__":"TypedArrayRef","ctor":"Uint8Array","offset":1416,"length":18},"keyframeValueEditorExtras":[null]},{"__type__":"cc.animation.Channel","_curve":{"__id__":236}},{"__type__":"cc.RealCurve","bytes":{"__type__":"TypedArrayRef","ctor":"Uint8Array","offset":1434,"length":18},"keyframeValueEditorExtras":[null]},{"__type__":"cc.animation.Channel","_curve":{"__id__":238}},{"__type__":"cc.RealCurve","bytes":{"__type__":"TypedArrayRef","ctor":"Uint8Array","offset":1452,"length":18},"keyframeValueEditorExtras":[null]},{"__type__":"cc.animation.Channel","_curve":{"__id__":240}},{"__type__":"cc.RealCurve","bytes":{"__type__":"TypedArrayRef","ctor":"Uint8Array","offset":1470,"length":6}},{"__type__":"cc.animation.RealTrack","_binding":{"__type__":"cc.animation.TrackBinding","path":{"__id__":242},"proxy":null},"_channel":{"__id__":244}},{"__type__":"cc.animation.TrackPath","_paths":[{"__id__":243},"anchorX"]},{"__type__":"cc.animation.HierarchyPath","path":"Layout/node_middle/Node_2/sb_dz_zuoshou_26"},{"__type__":"cc.animation.Channel","_curve":{"__id__":245}},{"__type__":"cc.RealCurve","bytes":{"__type__":"TypedArrayRef","ctor":"Uint8Array","offset":1476,"length":18},"keyframeValueEditorExtras":[null]},{"__type__":"cc.animation.RealTrack","_binding":{"__type__":"cc.animation.TrackBinding","path":{"__id__":247},"proxy":null},"_channel":{"__id__":249}},{"__type__":"cc.animation.TrackPath","_paths":[{"__id__":248},"anchorY"]},{"__type__":"cc.animation.HierarchyPath","path":"Layout/node_middle/Node_2/sb_dz_zuoshou_26"},{"__type__":"cc.animation.Channel","_curve":{"__id__":250}},{"__type__":"cc.RealCurve","bytes":{"__type__":"TypedArrayRef","ctor":"Uint8Array","offset":1494,"length":18},"keyframeValueEditorExtras":[null]},{"__type__":"cc.animation.ObjectTrack","_binding":{"__type__":"cc.animation.TrackBinding","path":{"__id__":252},"proxy":null},"_channel":{"__id__":255}},{"__type__":"cc.animation.TrackPath","_paths":[{"__id__":253},{"__id__":254},"spriteFrame"]},{"__type__":"cc.animation.HierarchyPath","path":"Layout/node_middle/Node_2/sb_dz_zuoshou_26"},{"__type__":"cc.animation.ComponentPath","component":"cc.Sprite"},{"__type__":"cc.animation.Channel","_curve":{"__id__":256}},{"__type__":"cc.ObjectCurve","_times":[0],"_values":[{"__uuid__":"29ZzP1oIRH1L/Fpr9JjEut@b0bf1","__expectedType__":"cc.Asset"}]},{"__type__":"cc.animation.VectorTrack","_binding":{"__type__":"cc.animation.TrackBinding","path":{"__id__":258},"proxy":null},"_channels":[{"__id__":260},{"__id__":262},{"__id__":264},{"__id__":266}],"_nComponents":3},{"__type__":"cc.animation.TrackPath","_paths":[{"__id__":259},"position"]},{"__type__":"cc.animation.HierarchyPath","path":"Layout/node_middle/Node_2/sb_dz_youtui_27"},{"__type__":"cc.animation.Channel","_curve":{"__id__":261}},{"__type__":"cc.RealCurve","bytes":{"__type__":"TypedArrayRef","ctor":"Uint8Array","offset":1512,"length":18},"keyframeValueEditorExtras":[null]},{"__type__":"cc.animation.Channel","_curve":{"__id__":263}},{"__type__":"cc.RealCurve","bytes":{"__type__":"TypedArrayRef","ctor":"Uint8Array","offset":1530,"length":18},"keyframeValueEditorExtras":[null]},{"__type__":"cc.animation.Channel","_curve":{"__id__":265}},{"__type__":"cc.RealCurve","bytes":{"__type__":"TypedArrayRef","ctor":"Uint8Array","offset":1548,"length":18},"keyframeValueEditorExtras":[null]},{"__type__":"cc.animation.Channel","_curve":{"__id__":267}},{"__type__":"cc.RealCurve","bytes":{"__type__":"TypedArrayRef","ctor":"Uint8Array","offset":1566,"length":6}},{"__type__":"cc.animation.RealTrack","_binding":{"__type__":"cc.animation.TrackBinding","path":{"__id__":269},"proxy":null},"_channel":{"__id__":271}},{"__type__":"cc.animation.TrackPath","_paths":[{"__id__":270},"anchorX"]},{"__type__":"cc.animation.HierarchyPath","path":"Layout/node_middle/Node_2/sb_dz_youtui_27"},{"__type__":"cc.animation.Channel","_curve":{"__id__":272}},{"__type__":"cc.RealCurve","bytes":{"__type__":"TypedArrayRef","ctor":"Uint8Array","offset":1572,"length":18},"keyframeValueEditorExtras":[null]},{"__type__":"cc.animation.RealTrack","_binding":{"__type__":"cc.animation.TrackBinding","path":{"__id__":274},"proxy":null},"_channel":{"__id__":276}},{"__type__":"cc.animation.TrackPath","_paths":[{"__id__":275},"anchorY"]},{"__type__":"cc.animation.HierarchyPath","path":"Layout/node_middle/Node_2/sb_dz_youtui_27"},{"__type__":"cc.animation.Channel","_curve":{"__id__":277}},{"__type__":"cc.RealCurve","bytes":{"__type__":"TypedArrayRef","ctor":"Uint8Array","offset":1590,"length":18},"keyframeValueEditorExtras":[null]},{"__type__":"cc.animation.ObjectTrack","_binding":{"__type__":"cc.animation.TrackBinding","path":{"__id__":279},"proxy":null},"_channel":{"__id__":282}},{"__type__":"cc.animation.TrackPath","_paths":[{"__id__":280},{"__id__":281},"spriteFrame"]},{"__type__":"cc.animation.HierarchyPath","path":"Layout/node_middle/Node_2/sb_dz_youtui_27"},{"__type__":"cc.animation.ComponentPath","component":"cc.Sprite"},{"__type__":"cc.animation.Channel","_curve":{"__id__":283}},{"__type__":"cc.ObjectCurve","_times":[0],"_values":[{"__uuid__":"29ZzP1oIRH1L/Fpr9JjEut@9abc5","__expectedType__":"cc.Asset"}]},{"__type__":"cc.animation.VectorTrack","_binding":{"__type__":"cc.animation.TrackBinding","path":{"__id__":285},"proxy":null},"_channels":[{"__id__":287},{"__id__":289},{"__id__":291},{"__id__":293}],"_nComponents":3},{"__type__":"cc.animation.TrackPath","_paths":[{"__id__":286},"position"]},{"__type__":"cc.animation.HierarchyPath","path":"Layout/node_middle/Node_2/sb_dz_zuotui_25"},{"__type__":"cc.animation.Channel","_curve":{"__id__":288}},{"__type__":"cc.RealCurve","bytes":{"__type__":"TypedArrayRef","ctor":"Uint8Array","offset":1608,"length":18},"keyframeValueEditorExtras":[null]},{"__type__":"cc.animation.Channel","_curve":{"__id__":290}},{"__type__":"cc.RealCurve","bytes":{"__type__":"TypedArrayRef","ctor":"Uint8Array","offset":1626,"length":18},"keyframeValueEditorExtras":[null]},{"__type__":"cc.animation.Channel","_curve":{"__id__":292}},{"__type__":"cc.RealCurve","bytes":{"__type__":"TypedArrayRef","ctor":"Uint8Array","offset":1644,"length":18},"keyframeValueEditorExtras":[null]},{"__type__":"cc.animation.Channel","_curve":{"__id__":294}},{"__type__":"cc.RealCurve","bytes":{"__type__":"TypedArrayRef","ctor":"Uint8Array","offset":1662,"length":6}},{"__type__":"cc.animation.RealTrack","_binding":{"__type__":"cc.animation.TrackBinding","path":{"__id__":296},"proxy":null},"_channel":{"__id__":298}},{"__type__":"cc.animation.TrackPath","_paths":[{"__id__":297},"anchorX"]},{"__type__":"cc.animation.HierarchyPath","path":"Layout/node_middle/Node_2/sb_dz_zuotui_25"},{"__type__":"cc.animation.Channel","_curve":{"__id__":299}},{"__type__":"cc.RealCurve","bytes":{"__type__":"TypedArrayRef","ctor":"Uint8Array","offset":1668,"length":18},"keyframeValueEditorExtras":[null]},{"__type__":"cc.animation.RealTrack","_binding":{"__type__":"cc.animation.TrackBinding","path":{"__id__":301},"proxy":null},"_channel":{"__id__":303}},{"__type__":"cc.animation.TrackPath","_paths":[{"__id__":302},"anchorY"]},{"__type__":"cc.animation.HierarchyPath","path":"Layout/node_middle/Node_2/sb_dz_zuotui_25"},{"__type__":"cc.animation.Channel","_curve":{"__id__":304}},{"__type__":"cc.RealCurve","bytes":{"__type__":"TypedArrayRef","ctor":"Uint8Array","offset":1686,"length":18},"keyframeValueEditorExtras":[null]},{"__type__":"cc.animation.ObjectTrack","_binding":{"__type__":"cc.animation.TrackBinding","path":{"__id__":306},"proxy":null},"_channel":{"__id__":309}},{"__type__":"cc.animation.TrackPath","_paths":[{"__id__":307},{"__id__":308},"spriteFrame"]},{"__type__":"cc.animation.HierarchyPath","path":"Layout/node_middle/Node_2/sb_dz_zuotui_25"},{"__type__":"cc.animation.ComponentPath","component":"cc.Sprite"},{"__type__":"cc.animation.Channel","_curve":{"__id__":310}},{"__type__":"cc.ObjectCurve","_times":[0],"_values":[{"__uuid__":"29ZzP1oIRH1L/Fpr9JjEut@fb122","__expectedType__":"cc.Asset"}]},{"__type__":"cc.animation.VectorTrack","_binding":{"__type__":"cc.animation.TrackBinding","path":{"__id__":312},"proxy":null},"_channels":[{"__id__":314},{"__id__":316},{"__id__":318},{"__id__":320}],"_nComponents":3},{"__type__":"cc.animation.TrackPath","_paths":[{"__id__":313},"position"]},{"__type__":"cc.animation.HierarchyPath","path":"Layout/node_middle/Node_2/sb_dz_shenti_24"},{"__type__":"cc.animation.Channel","_curve":{"__id__":315}},{"__type__":"cc.RealCurve","bytes":{"__type__":"TypedArrayRef","ctor":"Uint8Array","offset":1704,"length":18},"keyframeValueEditorExtras":[null]},{"__type__":"cc.animation.Channel","_curve":{"__id__":317}},{"__type__":"cc.RealCurve","bytes":{"__type__":"TypedArrayRef","ctor":"Uint8Array","offset":1722,"length":18},"keyframeValueEditorExtras":[null]},{"__type__":"cc.animation.Channel","_curve":{"__id__":319}},{"__type__":"cc.RealCurve","bytes":{"__type__":"TypedArrayRef","ctor":"Uint8Array","offset":1740,"length":18},"keyframeValueEditorExtras":[null]},{"__type__":"cc.animation.Channel","_curve":{"__id__":321}},{"__type__":"cc.RealCurve","bytes":{"__type__":"TypedArrayRef","ctor":"Uint8Array","offset":1758,"length":6}},{"__type__":"cc.animation.ObjectTrack","_binding":{"__type__":"cc.animation.TrackBinding","path":{"__id__":323},"proxy":null},"_channel":{"__id__":326}},{"__type__":"cc.animation.TrackPath","_paths":[{"__id__":324},{"__id__":325},"spriteFrame"]},{"__type__":"cc.animation.HierarchyPath","path":"Layout/node_middle/Node_2/sb_dz_shenti_24"},{"__type__":"cc.animation.ComponentPath","component":"cc.Sprite"},{"__type__":"cc.animation.Channel","_curve":{"__id__":327}},{"__type__":"cc.ObjectCurve","_times":[0],"_values":[{"__uuid__":"29ZzP1oIRH1L/Fpr9JjEut@53691","__expectedType__":"cc.Asset"}]},{"__type__":"cc.animation.VectorTrack","_binding":{"__type__":"cc.animation.TrackBinding","path":{"__id__":329},"proxy":null},"_channels":[{"__id__":331},{"__id__":333},{"__id__":335},{"__id__":337}],"_nComponents":3},{"__type__":"cc.animation.TrackPath","_paths":[{"__id__":330},"position"]},{"__type__":"cc.animation.HierarchyPath","path":"Layout/node_middle/Node_2/sb_dz_leihua_28"},{"__type__":"cc.animation.Channel","_curve":{"__id__":332}},{"__type__":"cc.RealCurve","bytes":{"__type__":"TypedArrayRef","ctor":"Uint8Array","offset":1764,"length":18},"keyframeValueEditorExtras":[null]},{"__type__":"cc.animation.Channel","_curve":{"__id__":334}},{"__type__":"cc.RealCurve","bytes":{"__type__":"TypedArrayRef","ctor":"Uint8Array","offset":1782,"length":18},"keyframeValueEditorExtras":[null]},{"__type__":"cc.animation.Channel","_curve":{"__id__":336}},{"__type__":"cc.RealCurve","bytes":{"__type__":"TypedArrayRef","ctor":"Uint8Array","offset":1800,"length":18},"keyframeValueEditorExtras":[null]},{"__type__":"cc.animation.Channel","_curve":{"__id__":338}},{"__type__":"cc.RealCurve","bytes":{"__type__":"TypedArrayRef","ctor":"Uint8Array","offset":1818,"length":6}},{"__type__":"cc.animation.RealTrack","_binding":{"__type__":"cc.animation.TrackBinding","path":{"__id__":340},"proxy":null},"_channel":{"__id__":342}},{"__type__":"cc.animation.TrackPath","_paths":[{"__id__":341},"anchorX"]},{"__type__":"cc.animation.HierarchyPath","path":"Layout/node_middle/Node_2/sb_dz_leihua_28"},{"__type__":"cc.animation.Channel","_curve":{"__id__":343}},{"__type__":"cc.RealCurve","bytes":{"__type__":"TypedArrayRef","ctor":"Uint8Array","offset":1824,"length":18},"keyframeValueEditorExtras":[null]},{"__type__":"cc.animation.RealTrack","_binding":{"__type__":"cc.animation.TrackBinding","path":{"__id__":345},"proxy":null},"_channel":{"__id__":347}},{"__type__":"cc.animation.TrackPath","_paths":[{"__id__":346},"anchorY"]},{"__type__":"cc.animation.HierarchyPath","path":"Layout/node_middle/Node_2/sb_dz_leihua_28"},{"__type__":"cc.animation.Channel","_curve":{"__id__":348}},{"__type__":"cc.RealCurve","bytes":{"__type__":"TypedArrayRef","ctor":"Uint8Array","offset":1842,"length":18},"keyframeValueEditorExtras":[null]},{"__type__":"cc.animation.RealTrack","_binding":{"__type__":"cc.animation.TrackBinding","path":{"__id__":350},"proxy":null},"_channel":{"__id__":353}},{"__type__":"cc.animation.TrackPath","_paths":[{"__id__":351},{"__id__":352},"opacity"]},{"__type__":"cc.animation.HierarchyPath","path":"Layout/node_middle/Node_2/sb_dz_leihua_28"},{"__type__":"cc.animation.ComponentPath","component":"cc.UIOpacity"},{"__type__":"cc.animation.Channel","_curve":{"__id__":354}},{"__type__":"cc.RealCurve","bytes":{"__type__":"TypedArrayRef","ctor":"Uint8Array","offset":1860,"length":30},"keyframeValueEditorExtras":[null,null]},{"__type__":"cc.animation.ObjectTrack","_binding":{"__type__":"cc.animation.TrackBinding","path":{"__id__":356},"proxy":null},"_channel":{"__id__":359}},{"__type__":"cc.animation.TrackPath","_paths":[{"__id__":357},{"__id__":358},"spriteFrame"]},{"__type__":"cc.animation.HierarchyPath","path":"Layout/node_middle/Node_2/sb_dz_leihua_28"},{"__type__":"cc.animation.ComponentPath","component":"cc.Sprite"},{"__type__":"cc.animation.Channel","_curve":{"__id__":360}},{"__type__":"cc.ObjectCurve","_times":[0],"_values":[{"__uuid__":"29ZzP1oIRH1L/Fpr9JjEut@1a913","__expectedType__":"cc.Asset"}]},{"__type__":"cc.animation.VectorTrack","_binding":{"__type__":"cc.animation.TrackBinding","path":{"__id__":362},"proxy":null},"_channels":[{"__id__":364},{"__id__":366},{"__id__":368},{"__id__":370}],"_nComponents":3},{"__type__":"cc.animation.TrackPath","_paths":[{"__id__":363},"position"]},{"__type__":"cc.animation.HierarchyPath","path":"Layout/node_middle/Node_2/sb_dz_leihua1_29"},{"__type__":"cc.animation.Channel","_curve":{"__id__":365}},{"__type__":"cc.RealCurve","bytes":{"__type__":"TypedArrayRef","ctor":"Uint8Array","offset":1890,"length":18},"keyframeValueEditorExtras":[null]},{"__type__":"cc.animation.Channel","_curve":{"__id__":367}},{"__type__":"cc.RealCurve","bytes":{"__type__":"TypedArrayRef","ctor":"Uint8Array","offset":1908,"length":18},"keyframeValueEditorExtras":[null]},{"__type__":"cc.animation.Channel","_curve":{"__id__":369}},{"__type__":"cc.RealCurve","bytes":{"__type__":"TypedArrayRef","ctor":"Uint8Array","offset":1926,"length":18},"keyframeValueEditorExtras":[null]},{"__type__":"cc.animation.Channel","_curve":{"__id__":371}},{"__type__":"cc.RealCurve","bytes":{"__type__":"TypedArrayRef","ctor":"Uint8Array","offset":1944,"length":6}},{"__type__":"cc.animation.RealTrack","_binding":{"__type__":"cc.animation.TrackBinding","path":{"__id__":373},"proxy":null},"_channel":{"__id__":375}},{"__type__":"cc.animation.TrackPath","_paths":[{"__id__":374},"anchorX"]},{"__type__":"cc.animation.HierarchyPath","path":"Layout/node_middle/Node_2/sb_dz_leihua1_29"},{"__type__":"cc.animation.Channel","_curve":{"__id__":376}},{"__type__":"cc.RealCurve","bytes":{"__type__":"TypedArrayRef","ctor":"Uint8Array","offset":1950,"length":18},"keyframeValueEditorExtras":[null]},{"__type__":"cc.animation.RealTrack","_binding":{"__type__":"cc.animation.TrackBinding","path":{"__id__":378},"proxy":null},"_channel":{"__id__":380}},{"__type__":"cc.animation.TrackPath","_paths":[{"__id__":379},"anchorY"]},{"__type__":"cc.animation.HierarchyPath","path":"Layout/node_middle/Node_2/sb_dz_leihua1_29"},{"__type__":"cc.animation.Channel","_curve":{"__id__":381}},{"__type__":"cc.RealCurve","bytes":{"__type__":"TypedArrayRef","ctor":"Uint8Array","offset":1968,"length":18},"keyframeValueEditorExtras":[null]},{"__type__":"cc.animation.RealTrack","_binding":{"__type__":"cc.animation.TrackBinding","path":{"__id__":383},"proxy":null},"_channel":{"__id__":386}},{"__type__":"cc.animation.TrackPath","_paths":[{"__id__":384},{"__id__":385},"opacity"]},{"__type__":"cc.animation.HierarchyPath","path":"Layout/node_middle/Node_2/sb_dz_leihua1_29"},{"__type__":"cc.animation.ComponentPath","component":"cc.UIOpacity"},{"__type__":"cc.animation.Channel","_curve":{"__id__":387}},{"__type__":"cc.RealCurve","bytes":{"__type__":"TypedArrayRef","ctor":"Uint8Array","offset":1986,"length":30},"keyframeValueEditorExtras":[null,null]},{"__type__":"cc.animation.ObjectTrack","_binding":{"__type__":"cc.animation.TrackBinding","path":{"__id__":389},"proxy":null},"_channel":{"__id__":392}},{"__type__":"cc.animation.TrackPath","_paths":[{"__id__":390},{"__id__":391},"spriteFrame"]},{"__type__":"cc.animation.HierarchyPath","path":"Layout/node_middle/Node_2/sb_dz_leihua1_29"},{"__type__":"cc.animation.ComponentPath","component":"cc.Sprite"},{"__type__":"cc.animation.Channel","_curve":{"__id__":393}},{"__type__":"cc.ObjectCurve","_times":[0],"_values":[{"__uuid__":"29ZzP1oIRH1L/Fpr9JjEut@1a508","__expectedType__":"cc.Asset"}]},{"__type__":"cc.animation.VectorTrack","_binding":{"__type__":"cc.animation.TrackBinding","path":{"__id__":395},"proxy":null},"_channels":[{"__id__":397},{"__id__":399},{"__id__":401},{"__id__":403}],"_nComponents":3},{"__type__":"cc.animation.TrackPath","_paths":[{"__id__":396},"position"]},{"__type__":"cc.animation.HierarchyPath","path":"Layout/node_middle/Node_2"},{"__type__":"cc.animation.Channel","_curve":{"__id__":398}},{"__type__":"cc.RealCurve","bytes":{"__type__":"TypedArrayRef","ctor":"Uint8Array","offset":2016,"length":30},"keyframeValueEditorExtras":[null,null]},{"__type__":"cc.animation.Channel","_curve":{"__id__":400}},{"__type__":"cc.RealCurve","bytes":{"__type__":"TypedArrayRef","ctor":"Uint8Array","offset":2046,"length":30},"keyframeValueEditorExtras":[null,null]},{"__type__":"cc.animation.Channel","_curve":{"__id__":402}},{"__type__":"cc.RealCurve","bytes":{"__type__":"TypedArrayRef","ctor":"Uint8Array","offset":2076,"length":30},"keyframeValueEditorExtras":[null,null]},{"__type__":"cc.animation.Channel","_curve":{"__id__":404}},{"__type__":"cc.RealCurve","bytes":{"__type__":"TypedArrayRef","ctor":"Uint8Array","offset":2106,"length":6}},{"__type__":"cc.animation.RealTrack","_binding":{"__type__":"cc.animation.TrackBinding","path":{"__id__":406},"proxy":null},"_channel":{"__id__":409}},{"__type__":"cc.animation.TrackPath","_paths":[{"__id__":407},{"__id__":408},"opacity"]},{"__type__":"cc.animation.HierarchyPath","path":"Layout/node_middle/Node_2"},{"__type__":"cc.animation.ComponentPath","component":"cc.UIOpacity"},{"__type__":"cc.animation.Channel","_curve":{"__id__":410}},{"__type__":"cc.RealCurve","bytes":{"__type__":"TypedArrayRef","ctor":"Uint8Array","offset":2112,"length":30},"keyframeValueEditorExtras":[null,null]},{"__type__":"cc.animation.VectorTrack","_binding":{"__type__":"cc.animation.TrackBinding","path":{"__id__":412},"proxy":null},"_channels":[{"__id__":414},{"__id__":416},{"__id__":418},{"__id__":420}],"_nComponents":3},{"__type__":"cc.animation.TrackPath","_paths":[{"__id__":413},"position"]},{"__type__":"cc.animation.HierarchyPath","path":"Layout/node_middle/sb_wenziditu_23"},{"__type__":"cc.animation.Channel","_curve":{"__id__":415}},{"__type__":"cc.RealCurve","bytes":{"__type__":"TypedArrayRef","ctor":"Uint8Array","offset":2142,"length":18},"keyframeValueEditorExtras":[null]},{"__type__":"cc.animation.Channel","_curve":{"__id__":417}},{"__type__":"cc.RealCurve","bytes":{"__type__":"TypedArrayRef","ctor":"Uint8Array","offset":2160,"length":18},"keyframeValueEditorExtras":[null]},{"__type__":"cc.animation.Channel","_curve":{"__id__":419}},{"__type__":"cc.RealCurve","bytes":{"__type__":"TypedArrayRef","ctor":"Uint8Array","offset":2178,"length":18},"keyframeValueEditorExtras":[null]},{"__type__":"cc.animation.Channel","_curve":{"__id__":421}},{"__type__":"cc.RealCurve","bytes":{"__type__":"TypedArrayRef","ctor":"Uint8Array","offset":2196,"length":6}},{"__type__":"cc.animation.RealTrack","_binding":{"__type__":"cc.animation.TrackBinding","path":{"__id__":423},"proxy":null},"_channel":{"__id__":426}},{"__type__":"cc.animation.TrackPath","_paths":[{"__id__":424},{"__id__":425},"opacity"]},{"__type__":"cc.animation.HierarchyPath","path":"Layout/node_middle/sb_wenziditu_23"},{"__type__":"cc.animation.ComponentPath","component":"cc.UIOpacity"},{"__type__":"cc.animation.Channel","_curve":{"__id__":427}},{"__type__":"cc.RealCurve","bytes":{"__type__":"TypedArrayRef","ctor":"Uint8Array","offset":2202,"length":30},"keyframeValueEditorExtras":[null,null]},{"__type__":"cc.animation.ObjectTrack","_binding":{"__type__":"cc.animation.TrackBinding","path":{"__id__":429},"proxy":null},"_channel":{"__id__":432}},{"__type__":"cc.animation.TrackPath","_paths":[{"__id__":430},{"__id__":431},"spriteFrame"]},{"__type__":"cc.animation.HierarchyPath","path":"Layout/node_middle/sb_wenziditu_23"},{"__type__":"cc.animation.ComponentPath","component":"cc.Sprite"},{"__type__":"cc.animation.Channel","_curve":{"__id__":433}},{"__type__":"cc.ObjectCurve","_times":[0],"_values":[{"__uuid__":"29ZzP1oIRH1L/Fpr9JjEut@00090","__expectedType__":"cc.Asset"}]},{"__type__":"cc.animation.VectorTrack","_binding":{"__type__":"cc.animation.TrackBinding","path":{"__id__":435},"proxy":null},"_channels":[{"__id__":437},{"__id__":439},{"__id__":441},{"__id__":443}],"_nComponents":3},{"__type__":"cc.animation.TrackPath","_paths":[{"__id__":436},"position"]},{"__type__":"cc.animation.HierarchyPath","path":"Layout/node_middle/sb_dzsb_19"},{"__type__":"cc.animation.Channel","_curve":{"__id__":438}},{"__type__":"cc.RealCurve","bytes":{"__type__":"TypedArrayRef","ctor":"Uint8Array","offset":2232,"length":30},"keyframeValueEditorExtras":[null,null]},{"__type__":"cc.animation.Channel","_curve":{"__id__":440}},{"__type__":"cc.RealCurve","bytes":{"__type__":"TypedArrayRef","ctor":"Uint8Array","offset":2262,"length":30},"keyframeValueEditorExtras":[null,null]},{"__type__":"cc.animation.Channel","_curve":{"__id__":442}},{"__type__":"cc.RealCurve","bytes":{"__type__":"TypedArrayRef","ctor":"Uint8Array","offset":2292,"length":30},"keyframeValueEditorExtras":[null,null]},{"__type__":"cc.animation.Channel","_curve":{"__id__":444}},{"__type__":"cc.RealCurve","bytes":{"__type__":"TypedArrayRef","ctor":"Uint8Array","offset":2322,"length":6}},{"__type__":"cc.animation.RealTrack","_binding":{"__type__":"cc.animation.TrackBinding","path":{"__id__":446},"proxy":null},"_channel":{"__id__":449}},{"__type__":"cc.animation.TrackPath","_paths":[{"__id__":447},{"__id__":448},"opacity"]},{"__type__":"cc.animation.HierarchyPath","path":"Layout/node_middle/sb_dzsb_19"},{"__type__":"cc.animation.ComponentPath","component":"cc.UIOpacity"},{"__type__":"cc.animation.Channel","_curve":{"__id__":450}},{"__type__":"cc.RealCurve","bytes":{"__type__":"TypedArrayRef","ctor":"Uint8Array","offset":2328,"length":30},"keyframeValueEditorExtras":[null,null]},{"__type__":"cc.animation.ObjectTrack","_binding":{"__type__":"cc.animation.TrackBinding","path":{"__id__":452},"proxy":null},"_channel":{"__id__":455}},{"__type__":"cc.animation.TrackPath","_paths":[{"__id__":453},{"__id__":454},"spriteFrame"]},{"__type__":"cc.animation.HierarchyPath","path":"Layout/node_middle/sb_dzsb_19"},{"__type__":"cc.animation.ComponentPath","component":"cc.Sprite"},{"__type__":"cc.animation.Channel","_curve":{"__id__":456}},{"__type__":"cc.ObjectCurve","_times":[0],"_values":[{"__uuid__":"29ZzP1oIRH1L/Fpr9JjEut@fe9cd","__expectedType__":"cc.Asset"}]},{"__type__":"cc.animation.VectorTrack","_binding":{"__type__":"cc.animation.TrackBinding","path":{"__id__":458},"proxy":null},"_channels":[{"__id__":460},{"__id__":462},{"__id__":464},{"__id__":466}],"_nComponents":3},{"__type__":"cc.animation.TrackPath","_paths":[{"__id__":459},"position"]},{"__type__":"cc.animation.HierarchyPath","path":"Layout/node_middle/sb_wenziditu_23_0"},{"__type__":"cc.animation.Channel","_curve":{"__id__":461}},{"__type__":"cc.RealCurve","bytes":{"__type__":"TypedArrayRef","ctor":"Uint8Array","offset":2358,"length":30},"keyframeValueEditorExtras":[null,null]},{"__type__":"cc.animation.Channel","_curve":{"__id__":463}},{"__type__":"cc.RealCurve","bytes":{"__type__":"TypedArrayRef","ctor":"Uint8Array","offset":2388,"length":30},"keyframeValueEditorExtras":[null,null]},{"__type__":"cc.animation.Channel","_curve":{"__id__":465}},{"__type__":"cc.RealCurve","bytes":{"__type__":"TypedArrayRef","ctor":"Uint8Array","offset":2418,"length":30},"keyframeValueEditorExtras":[null,null]},{"__type__":"cc.animation.Channel","_curve":{"__id__":467}},{"__type__":"cc.RealCurve","bytes":{"__type__":"TypedArrayRef","ctor":"Uint8Array","offset":2448,"length":6}},{"__type__":"cc.animation.RealTrack","_binding":{"__type__":"cc.animation.TrackBinding","path":{"__id__":469},"proxy":null},"_channel":{"__id__":472}},{"__type__":"cc.animation.TrackPath","_paths":[{"__id__":470},{"__id__":471},"opacity"]},{"__type__":"cc.animation.HierarchyPath","path":"Layout/node_middle/sb_wenziditu_23_0"},{"__type__":"cc.animation.ComponentPath","component":"cc.UIOpacity"},{"__type__":"cc.animation.Channel","_curve":{"__id__":473}},{"__type__":"cc.RealCurve","bytes":{"__type__":"TypedArrayRef","ctor":"Uint8Array","offset":2454,"length":42},"keyframeValueEditorExtras":[null,null,null]},{"__type__":"cc.animation.ObjectTrack","_binding":{"__type__":"cc.animation.TrackBinding","path":{"__id__":475},"proxy":null},"_channel":{"__id__":478}},{"__type__":"cc.animation.TrackPath","_paths":[{"__id__":476},{"__id__":477},"spriteFrame"]},{"__type__":"cc.animation.HierarchyPath","path":"Layout/node_middle/sb_wenziditu_23_0"},{"__type__":"cc.animation.ComponentPath","component":"cc.Sprite"},{"__type__":"cc.animation.Channel","_curve":{"__id__":479}},{"__type__":"cc.ObjectCurve","_times":[0],"_values":[{"__uuid__":"29ZzP1oIRH1L/Fpr9JjEut@00090","__expectedType__":"cc.Asset"}]}],"chunks":[".bin"]}
