[1,["a7wrJP4ZFO9oFOZke3Viug@f9941","a7wrJP4ZFO9oFOZke3Viug@6c48a"],["node","root","data","_spriteFrame","_textureSource"],[["cc.Node",["_name","_components","_prefab","_children","_parent","_lscale","_lpos"],2,9,4,2,1,5,5],"cc.SpriteFrame",["cc.Prefab",["_name"],2],["cc.UITransform",["node","__prefab","_contentSize"],3,1,4,5],["cc.CompPrefabInfo",["fileId"],2],["cc.Layout",["_resizeMode","_layoutType","_affectedByScale","_isAlign","node","__prefab"],-1,1,4],["6eba5ZI6NpEIIMuWVrmisLL",["node","__prefab"],3,1,4],["cc.PrefabInfo",["fileId","instance","targetOverrides","nestedPrefabInstanceRoots","root","asset"],-1,1,1],["cc.Sprite",["_sizeMode","node","__prefab","_spriteFrame"],2,1,4,6],["cc.Label",["_string","_actualFontSize","_fontSize","_overflow","node","__prefab"],-1,1,4],["cc.Widget",["_alignFlags","_top","_bottom","_originalWidth","_originalHeight","node","__prefab"],-2,1,4]],[[4,0,2],[3,0,1,2,1],[7,0,1,2,3,4,5,5],[2,0,2],[0,0,3,1,2,5,2],[0,0,4,3,1,2,2],[0,0,4,1,2,6,2],[5,0,1,2,3,4,5,5],[6,0,1,1],[8,0,1,2,3,2],[9,0,1,2,3,4,5,5],[10,0,1,2,3,4,5,6,6]],[[[[3,"btn_common"],[4,"btn_common",[-5],[[1,-2,[0,"92/jArPC9IpobbI517qL1B"],[5,243,86]],[7,1,1,true,true,-3,[0,"ceKXsJwFtNIao4FfMpN41r"]],[8,-4,[0,"6e1NheZ2FDaJU7cYbrdo2u"]]],[2,"c46/YsCPVOJYA4mWEpNYRx",null,null,null,-1,0],[1,0.666,0.666,1]],[5,"Sprite_bg",1,[-8],[[1,-6,[0,"54RspeYFJAE513N5rPbXrS"],[5,243,86]],[9,0,-7,[0,"e6seXEIhBAgKCR0nytval+"],0]],[2,"3fQ7epIaBKZ4shXHopeYdm",null,null,null,1,0]],[6,"Label_content",2,[[1,-9,[0,"a3kORZrOJGQJtE68FARtOv"],[5,243,86]],[10,"温馨提示",33,32,2,-10,[0,"9aynbZ3PFOYLynxwW4S+lp"]],[11,45,-0.7,0.7,220,50.4,-11,[0,"3f4zUaTLpFWYDuJEnbhgLe"]]],[2,"e1zhz3UvlHdZ3vjmnRl83t",null,null,null,1,0],[1,0,0.7000000000000028,0]]],0,[0,1,1,0,0,1,0,0,1,0,0,1,0,-1,2,0,0,2,0,0,2,0,-1,3,0,0,3,0,0,3,0,0,3,0,2,1,11],[0],[3],[0]],[[{"name":"an_hong","rect":{"x":0,"y":0,"width":278,"height":90},"offset":{"x":0,"y":0},"originalSize":{"width":278,"height":90},"rotated":false,"capInsets":[0,0,0,0],"vertices":{"rawPosition":[-139,-45,0,139,-45,0,-139,45,0,139,45,0],"indexes":[0,1,2,2,1,3],"uv":[0,90,278,90,0,0,278,0],"nuv":[0,0,1,0,0,1,1,1],"minPos":{"x":-139,"y":-45,"z":0},"maxPos":{"x":139,"y":45,"z":0}},"packable":true,"pixelsToUnit":100,"pivot":{"x":0.5,"y":0.5},"meshType":0}],[1],0,[0],[4],[1]]]]
