{"importBase":"import","nativeBase":"native","name":"resources","deps":[],"uuids":["17KX3G+vBP+5YETP87f/6W","23CZKvpnhMY4//4bAwy0CO","3fedFMDQ9Jzb6jMyBkYZIJ","5dGw+2r7BJDaiFc8SdwT76","61W27PAtlA1qcGRM0Qbltc","7ak5f8MTNGpob2f9bkFkPh","82AfABEt1JEYUf122NwoTx","84XxI0aoFOtLoSwoA2WJ9n","8dyLu8gVZLYpztxJVFA/n5","8eN3e5lZZNJaf0iylKNxa3","a3+pcddvpPLpVZbeRmu1Ma","a7wrJP4ZFO9oFOZke3Viug","aaUbWHsRJDJK9fmyszbAnE","ad+uQ/gyFAr4nObB2FuC6j","dbVlqJkhtHeq6HycUT5jcZ","e63qGYO7lMsqx3fajahbQJ","16yazTdahL8rbaLdI8A0bJ","17KX3G+vBP+5YETP87f/6W@6c48a","17KX3G+vBP+5YETP87f/6W@f9941","18V6zZ6UFNb7aYrFMBjGon","23CZKvpnhMY4//4bAwy0CO@6c48a","23CZKvpnhMY4//4bAwy0CO@f9941","24pwTaKGdEbY0aXpIMdeCd","39L99LAD5ITIT4ucvNQRx1","3djv4fib9OioJYqBk5C3YT","3d/LD5xwFNK7bDWKiWR08u","3fedFMDQ9Jzb6jMyBkYZIJ@6c48a","3fedFMDQ9Jzb6jMyBkYZIJ@f9941","4b4r55rxFF+arBMBEj/miE","4dthqjeylI0rBxqyKmfR6T","55pwYj9URJ56YbDepVBVYQ","5dGw+2r7BJDaiFc8SdwT76@6c48a","5dGw+2r7BJDaiFc8SdwT76@f9941","61W27PAtlA1qcGRM0Qbltc@6c48a","61W27PAtlA1qcGRM0Qbltc@f9941","7ak5f8MTNGpob2f9bkFkPh@6c48a","7ak5f8MTNGpob2f9bkFkPh@f9941","82AfABEt1JEYUf122NwoTx@6c48a","82AfABEt1JEYUf122NwoTx@f9941","84XxI0aoFOtLoSwoA2WJ9n@6c48a","84XxI0aoFOtLoSwoA2WJ9n@f9941","8dyLu8gVZLYpztxJVFA/n5@6c48a","8dyLu8gVZLYpztxJVFA/n5@f9941","8eN3e5lZZNJaf0iylKNxa3@6c48a","8eN3e5lZZNJaf0iylKNxa3@f9941","8fLQTdvopL/ozgRCw1SNOA","9f2QDdIhtPiY8s+6NCQ8g1","a3+pcddvpPLpVZbeRmu1Ma@6c48a","a3+pcddvpPLpVZbeRmu1Ma@f9941","a7wrJP4ZFO9oFOZke3Viug@6c48a","a7wrJP4ZFO9oFOZke3Viug@f9941","a9e2EPFfVKSJF8H50n54ys","aaUbWHsRJDJK9fmyszbAnE@6c48a","aaUbWHsRJDJK9fmyszbAnE@f9941","ad+uQ/gyFAr4nObB2FuC6j@6c48a","ad+uQ/gyFAr4nObB2FuC6j@f9941","bavnUYdAFNcofSbrQ8cFzp","c1hlHVVrVFRZI3/Ad9gHeN","d2ayWTtvJEqq1MkN15vrh+","ecn/Taj0hIfo47HPzirSCm","016f9cb0a","01ddd9f66","02ebf3dc4","053092360","061f63499","09d245c64","0a19d973d","0a96443ff","0b5e7e217","0d174f1b2","24pwTaKGdEbY0aXpIMdeCd@6c48a","24pwTaKGdEbY0aXpIMdeCd@f9941","9f2QDdIhtPiY8s+6NCQ8g1@6c48a","9f2QDdIhtPiY8s+6NCQ8g1@f9941"],"paths":{"0":["ui/bg/DL_bg_xxl",6],"1":["ui/tip/tc_dikuang",6],"2":["ui/tip/tc_btdt",6],"3":["ui/common/img/black",6],"4":["ui/tip/tc_gb",6],"5":["ui/reward/font/reward_num_1",6],"6":["ui/btn/an_dlv",6],"7":["ui/btn/an_dh",6],"8":["ui/load/jz_hs",6],"9":["ui/common/img/kongbai",6],"10":["ui/toast/yxc_img_tips",6],"11":["ui/btn/an_hong",6],"12":["ui/load/jz_m",6],"13":["ui/tip/tc_di_x",6],"14":["fonts/fangzheng",3],"15":["audio/button_click_1",2],"16":["androidEMUJudgeConfig",1],"17":["ui/bg/DL_bg_xxl/texture",7,1],"18":["ui/bg/DL_bg_xxl/spriteFrame",8,1],"19":["shader/head/head-sprite-material-circular",4],"20":["ui/tip/tc_dikuang/texture",7,1],"21":["ui/tip/tc_dikuang/spriteFrame",8,1],"23":["ui/reward/font/reward_num_1",9],"24":["shader/sprite/custom-sprite-effect",0],"25":["ui/load/load",5],"26":["ui/tip/tc_btdt/texture",7,1],"27":["ui/tip/tc_btdt/spriteFrame",8,1],"28":["ui/btn/btn_common",5],"29":["ui/load/loadBar",5],"30":["ui/bg/bg_common",5],"31":["ui/common/img/black/texture",7,1],"32":["ui/common/img/black/spriteFrame",8,1],"33":["ui/tip/tc_gb/texture",7,1],"34":["ui/tip/tc_gb/spriteFrame",8,1],"35":["ui/reward/font/reward_num_1/texture",7,1],"36":["ui/reward/font/reward_num_1/spriteFrame",8,1],"37":["ui/btn/an_dlv/texture",7,1],"38":["ui/btn/an_dlv/spriteFrame",8,1],"39":["ui/btn/an_dh/texture",7,1],"40":["ui/btn/an_dh/spriteFrame",8,1],"41":["ui/load/jz_hs/texture",7,1],"42":["ui/load/jz_hs/spriteFrame",8,1],"43":["ui/common/img/kongbai/texture",7,1],"44":["ui/common/img/kongbai/spriteFrame",8,1],"45":["ui/loading/loading_common",5],"47":["ui/toast/yxc_img_tips/texture",7,1],"48":["ui/toast/yxc_img_tips/spriteFrame",8,1],"49":["ui/btn/an_hong/texture",7,1],"50":["ui/btn/an_hong/spriteFrame",8,1],"51":["ui/tip/tip_common",5],"52":["ui/load/jz_m/texture",7,1],"53":["ui/load/jz_m/spriteFrame",8,1],"54":["ui/tip/tc_di_x/texture",7,1],"55":["ui/tip/tc_di_x/spriteFrame",8,1],"56":["shader/head/head-sprite-material-rect",4],"57":["ui/toast/toast_common",5],"58":["ui/bubble/bubble",5],"59":["ui/reward/reward",5]},"scenes":{},"packs":{"016f9cb0a":["25","42","53"],"01ddd9f66":["19","24"],"02ebf3dc4":["23","36","59"],"053092360":["71","29","73"],"061f63499":["26","31","35","41","43","72","70","33","39","37","17","20","47","49","52","54"],"09d245c64":["48","57"],"0a19d973d":["28","50"],"0a96443ff":["2","3","5","8","9","46","22","4","7","6","0","1","10","11","12","13"],"0b5e7e217":["21","27","34","51","55"],"0d174f1b2":["18","30"]},"versions":{"import":[60,"49e3e",61,"f84b9",62,"e9897",63,"57b6a",64,"4e419",65,"21d7b",66,"f7489",67,"641a6",68,"92970",69,"83574",16,"362c6",32,"6d710",38,"4bc83",40,"ee12d",44,"28689",45,"affbe",56,"0e362",58,"fce60",14,"bc204",15,"80ada"],"native":[0,"7f74c",1,"0edad",22,"a4b59",2,"a11be",3,"57608",4,"9f45c",5,"19bff",6,"05284",7,"8f0bf",8,"54ed2",9,"59dc2",46,"d1118",10,"89bb5",11,"d7369",12,"e2673",13,"0c4a6",15,"ed0e5",14,"72b10"]},"redirect":[],"debug":false,"extensionMap":{},"hasPreloadScript":true,"types":["cc.EffectAsset","cc.JsonAsset","cc.AudioClip","cc.TTFFont","cc.Material","cc.Prefab","cc.ImageAsset","cc.Texture2D","cc.SpriteFrame","cc.BitmapFont"],"encrypted":true}
