[1,["caFsFO2QpHWKG8JaPDgMJN@6c48a","e6K+injCFLequ19A2PPZ/U@6c48a","a60zNiZatJvbMIXJ2lYIS0@6c48a","5aY1EnWINIIKtP7V4Ku7er","d7lZr+Ca5E5JVQdO5kPZl+@6c48a","13jgqsv8FGAaU66gxq6Lq7@6c48a","eeAtjrh95AL4KQyQCHonu1@f4451","efjJL5M39NfotUqzbmOqN1@86089","babZKmr3lO3YPDY43pI9AB@8353e","babZKmr3lO3YPDY43pI9AB@1ed8c","babZKmr3lO3YPDY43pI9AB@c3d75","babZKmr3lO3YPDY43pI9AB@df02d","babZKmr3lO3YPDY43pI9AB@6933b","babZKmr3lO3YPDY43pI9AB@5b6e9","babZKmr3lO3YPDY43pI9AB@af23b","babZKmr3lO3YPDY43pI9AB@bba48","babZKmr3lO3YPDY43pI9AB@66388","babZKmr3lO3YPDY43pI9AB@0a8fa","babZKmr3lO3YPDY43pI9AB@2b21e","c4ZwkOVIJAgJJV/tIF7r1I@0164e","2fWRXo55RKcaFAHb3se+IN@b0ed7","2fWRXo55RKcaFAHb3se+IN@6bc77","babZKmr3lO3YPDY43pI9AB@b0122","babZKmr3lO3YPDY43pI9AB@eb3b9","babZKmr3lO3YPDY43pI9AB@8c19b","babZKmr3lO3YPDY43pI9AB@2d654","babZKmr3lO3YPDY43pI9AB@d87c3","2fWRXo55RKcaFAHb3se+IN@3a484","cc6w7fbzdIR45TeLR3JaL3"],["_textureSource","node","_customMaterial","_spriteFrame","root","data"],["cc.SpriteFrame",["cc.Node",["_name","_layer","_components","_prefab","_parent","_lpos","_children","_lscale","_lrot","_euler"],1,9,4,1,5,2,5,5,5],"cc.SpriteAtlas",["cc.UIOpacity",["_opacity","node","__prefab"],2,1,4],["cc.UITransform",["node","__prefab","_contentSize","_anchorPoint"],3,1,4,5,5],["cc.Sprite",["_sizeMode","_isTrimmedMode","_dstBlendFactor","node","__prefab","_customMaterial","_spriteFrame"],0,1,4,6,6],["cc.Prefab",["_name"],2],["cc.Animation",["node","__prefab","_clips"],3,1,4,3],["cc.CompPrefabInfo",["fileId"],2],["cc.PrefabInfo",["fileId","instance","targetOverrides","nestedPrefabInstanceRoots","root","asset"],-1,1,1]],[[8,0,2],[9,0,1,2,3,4,5,5],[3,0,1,2,2],[5,0,1,3,4,5,6,3],[4,0,1,2,1],[4,0,1,2,3,1],[1,0,1,4,2,3,5,7,3],[1,0,1,4,2,3,5,3],[3,1,2,1],[5,2,0,1,3,4,5,6,4],[1,0,1,4,6,2,3,5,3],[1,0,1,4,2,3,5,8,9,3],[1,0,1,4,2,3,3],[1,0,1,4,6,2,3,5,7,3],[6,0,2],[1,0,1,6,2,3,3],[1,0,1,4,6,2,3,3],[7,0,1,2,1]],[[[{"name":"2022cuntian_guang","spriteFrames":["ct1_2_00000","2fWRXo55RKcaFAHb3se+IN@6bc77","ct1_3_00000","2fWRXo55RKcaFAHb3se+IN@b0ed7","light_11_00000","2fWRXo55RKcaFAHb3se+IN@3a484"]}],[2],0,[],[],[]],[[{"name":"light_11_00000","rect":{"x":654,"y":564,"width":232,"height":232},"offset":{"x":0,"y":0},"originalSize":{"width":232,"height":232},"rotated":false,"capInsets":[0,0,0,0],"vertices":{"rawPosition":[],"indexes":[],"uv":[],"nuv":[],"minPos":{"x":0,"y":0,"z":0},"maxPos":{"x":0,"y":0,"z":0}},"packable":true,"pixelsToUnit":100,"pivot":{"x":0.5,"y":0.5},"meshType":0}],[0],0,[0],[0],[5]],[[{"name":"ct1_2_00000","rect":{"x":2,"y":2,"width":862,"height":560},"offset":{"x":0,"y":0},"originalSize":{"width":862,"height":560},"rotated":false,"capInsets":[0,0,0,0],"vertices":{"rawPosition":[],"indexes":[],"uv":[],"nuv":[],"minPos":{"x":0,"y":0,"z":0},"maxPos":{"x":0,"y":0,"z":0}},"packable":true,"pixelsToUnit":100,"pivot":{"x":0.5,"y":0.5},"meshType":0}],[0],0,[0],[0],[5]],[[{"name":"ct1_3_00000","rect":{"x":2,"y":564,"width":650,"height":318},"offset":{"x":0,"y":0},"originalSize":{"width":700,"height":400},"rotated":false,"capInsets":[0,0,0,0],"vertices":{"rawPosition":[],"indexes":[],"uv":[],"nuv":[],"minPos":{"x":0,"y":0,"z":0},"maxPos":{"x":0,"y":0,"z":0}},"packable":true,"pixelsToUnit":100,"pivot":{"x":0.5,"y":0.5},"meshType":0}],[0],0,[0],[0],[5]],[[[14,"effect_spring"],[15,"effect_spring",33554432,[-5],[[17,-2,[0,"59YX7LCt5HIqQ7INrZenvH"],[48]],[8,-3,[0,"48YCBBf15ALqpwTFUG1djM"]],[4,-4,[0,"2eNNA7k4ZBqJ0STMI9t1vt"],[5,0,0]]],[1,"2baunKmC9HEIuVIPCMT5Q/",null,null,null,-1,0]],[10,"Node_1",33554432,1,[-8,-9,-10,-11,-12,-13,-14,-15,-16,-17,-18,-19,-20,-21,-22,-23,-24,-25,-26,-27,-28,-29,-30,-31],[[8,-6,[0,"ddgpY9am1KBL2YYeKvPZuI"]],[5,-7,[0,"d2BNPY8qBLjK7xOoEUnCOC"],[5,0,0],[0,0,0]]],[1,"8aYJSx5oRIzoSTgOTNdDKL",null,null,null,1,0],[1,-0.2707,-101.1581,0]],[7,"ct_14_13",33554432,2,[[3,2,false,-32,[0,"67FyJY1N9CmZMl9XfSmPki"],0,1],[2,0,-33,[0,"8f5ObLy6pIp6wd2isPY41H"]],[4,-34,[0,"b73KYD7SlAGpnnjG+ZcOvw"],[5,1049,1008]]],[1,"57UwdryWJKuKDQ/cmigXPw",null,null,null,1,0],[1,-0.191,-82.6392,0]],[6,"ct_3_3",33554432,2,[[3,2,false,-35,[0,"02HFYxh9FIRI9RHBiuGPha"],2,3],[2,0,-36,[0,"fa8AqIouxPYIFRvBRKSZdz"]],[4,-37,[0,"05sekucDtOLre2A1MGQ8sW"],[5,1259,375]]],[1,"984xSpHotDp49AoQRKMvBG",null,null,null,1,0],[1,-1.4589,-188.9805,0],[1,0.4351,1,1]],[11,"ct_1_1",33554432,2,[[3,2,false,-38,[0,"d23mQz6dtI0pgLqNMSvE32"],4,5],[2,0,-39,[0,"f0rlyPDqBAqIJ5d9dQHmb1"]],[4,-40,[0,"baHVwVVAlFZLEUv7OqG/lk"],[5,346,320]]],[1,"b8FOIfafNHJa9m7oRAf+M7",null,null,null,1,0],[1,-163.461,-189.1383,0],[3,0,0,-0.3548679245380096,0.9349164433969944],[1,0,0,-41.5707]],[11,"ct_2_2",33554432,2,[[3,2,false,-41,[0,"68+n/QNL1NnapbrXaAOj43"],6,7],[2,0,-42,[0,"abA7RoqypCwp5tW2fXSAtE"]],[4,-43,[0,"18eZHM4GZFiaJNjEKMFv7X"],[5,348,328]]],[1,"9aglP2nLpF44g6U1oGgL6t",null,null,null,1,0],[1,123.2371,-184.0733,0],[3,0,0,0.3164206755556854,0.9486189730765897],[1,0,0,36.8932]],[7,"ct_4_4",33554432,2,[[3,2,false,-44,[0,"6f+svDPh1PfJa3b6jljQ6u"],8,9],[2,0,-45,[0,"60hSxvqI5LgpXvUwt42uxz"]],[4,-46,[0,"c1cyw7vJ1DjYALNW36wtOu"],[5,1132,312]]],[1,"58/ZIK22FNcbGR8jAKnNkN",null,null,null,1,0],[1,48.3427,-173.181,0]],[6,"ct_13_12",33554432,2,[[3,2,false,-47,[0,"7dy6Vm+m1NHKwOvxHpVIZq"],10,11],[2,0,-48,[0,"9e0zHIShhNDZ7QzL3mQ3Fc"]],[5,-49,[0,"a6lJkxR9RCOLYgiH8WUrMJ"],[5,222,193],[0,0.4947,0.1044]]],[1,"0dq54tqTdOB5kPuMjPwhji",null,null,null,1,0],[1,-100.6873,-106.0137,0],[1,1,0.2638,1]],[6,"ct_6_9",33554432,2,[[3,2,false,-50,[0,"79ixAl0N1PEIsbVwJtEV7k"],12,13],[2,0,-51,[0,"73g/zSYh1PvbTcKWO160v1"]],[5,-52,[0,"f7DvxVuAlPKId+c6Bvgdx+"],[5,363,310],[0,0.4131,0]]],[1,"dfiFnrXP5OMpHfIsfTsSV+",null,null,null,1,0],[1,-339.1628,-128.5331,0],[1,1,0.3219,1]],[6,"ct_7_10",33554432,2,[[3,2,false,-53,[0,"8atENpzUZLvKtEntNnNAMw"],14,15],[2,0,-54,[0,"99oriNLv9MdJGUQLfPR8Fo"]],[5,-55,[0,"ackP1RKO1FmLHU4uld0M7s"],[5,292,256],[0,0.6363,0.1421]]],[1,"70j0LgTV1P4K/Qn1zHige7",null,null,null,1,0],[1,363.5183,-87.2654,0],[1,1,0.2861,1]],[6,"ct_5_11",33554432,2,[[3,2,false,-56,[0,"8erTiIfVdE5IeiCuc2yLSS"],16,17],[2,0,-57,[0,"87ffor9ntJa7MxVnEKdTzr"]],[5,-58,[0,"caKRefR9VF8oTdNUAbc5Le"],[5,342,98],[0,0.5358,0]]],[1,"f8iBimL49HYIXAnT4GpeZT",null,null,null,1,0],[1,141.5405,-87.6877,0],[1,1,0.2296,1]],[7,"ct1_9",33554432,2,[[3,2,false,-59,[0,"e1QNHo2CdLmpZr5HTTGfTv"],18,19],[2,0,-60,[0,"c91OAQITFDGp40iznbE4zt"]],[4,-61,[0,"a5YYSYuVBI3I0sIwfPZFpB"],[5,649,317]]],[1,"2ezAJNKc1BmqO3aKwAYoIK",null,null,null,1,0],[1,6.7834,-49.5421,0]],[6,"ct1_1_3",33554432,2,[[3,2,false,-62,[0,"49cAz/rV5Oaqv4l0QI/Wmt"],20,21],[2,0,-63,[0,"08fLD4mPdB65gqKdUrvDqw"]],[5,-64,[0,"01/Rs4OJFCpZYL2hFmxGPv"],[5,602,194],[0,0.5,1]]],[1,"093iwhxU9C6KT+vjimywvy",null,null,null,1,0],[1,12.8092,-147.0875,0],[1,1,0.8,1]],[16,"Node_7",33554432,2,[-67],[[8,-65,[0,"fev1HyUQBFi7GM1FMf8iyD"]],[5,-66,[0,"25oMhRjl9De4K66EDWKiPO"],[5,0,0],[0,0,0]]],[1,"a9fVJ6TQ9DRILRq0aCuGl8",null,null,null,1,0]],[7,"ct_cx3_00033_8",33554432,14,[[3,2,false,-68,[0,"27zkzoer9DT5+lAAzPnU9O"],22,23],[2,0,-69,[0,"c029pGTT1OPqtH2X2x6LdE"]],[4,-70,[0,"efaAjDIRZIeLt3QhrFZVVi"],[5,660,350]]],[1,"77bKyPFoBEirX6JFIRXJMd",null,null,null,1,0],[1,-1.5953,-43.0731,0]],[7,"ct1_3_00000_11",33554432,2,[[9,1,2,false,-71,[0,"86uYy5Jx9DqIq60jY4ccdW"],24,25],[2,0,-72,[0,"5eTy9OzEhLq6tuRrh8JoY/"]],[4,-73,[0,"58OnLBDOxLErS0gfLW8WEM"],[5,700,400]]],[1,"9fovU6t+NBHLyRJb2E0kmA",null,null,null,1,0],[1,5.95,-50.0043,0]],[7,"ct1_2_00000_10",33554432,2,[[9,1,2,false,-74,[0,"23qrHxDt9JXJFqK0Su9Djy"],26,27],[2,0,-75,[0,"dc85GNL5RNpaxhhXV9bv4q"]],[4,-76,[0,"eausUUZkJFrL6WVLtQfbPi"],[5,862,560]]],[1,"8eKMbn1O5C+5OZR+kCxFQR",null,null,null,1,0],[1,6.0255,-47.0434,0]],[10,"Node_4",33554432,2,[-79],[[8,-77,[0,"f2WLRVTKNAp7Kz6vRSqPjA"]],[5,-78,[0,"c8mkH9TpFCEITwNZjIvX5T"],[5,0,0],[0,0,0]]],[1,"8f7C+8EntMz50WlOkHxrgA",null,null,null,1,0],[1,11.8297,-57.4533,0]],[12,"ct_cx2_00033_5",33554432,18,[[9,8,2,false,-80,[0,"1dNLCHYERNlotkRCkD+XRI"],28,29],[2,0,-81,[0,"92RK05oiJCwLGFLuHUpnpm"]],[4,-82,[0,"7fhs1Sy/9K8Ia+RbjbUqnR"],[5,660,350]]],[1,"a1nopqwUdIz4CDnRtmX7e+",null,null,null,1,0]],[10,"Node_4_0",33554432,2,[-85],[[8,-83,[0,"50qkoYOsJJsqv/750FGwYy"]],[5,-84,[0,"54pNDQdw9L5InIlw9MYdIN"],[5,0,0],[0,0,0]]],[1,"b0vX+xGd5FIKUTVUtsVpj3",null,null,null,1,0],[1,11.8297,-57.4533,0]],[12,"ct_cx2_00033_5",33554432,20,[[9,8,2,false,-86,[0,"0enzEXYr9Emql+96DHKtle"],30,31],[2,0,-87,[0,"b2zKRt2elNcLP/FZRJTpoa"]],[4,-88,[0,"252Ya+sMBJqrgCnmAkbP9A"],[5,660,350]]],[1,"fe1W3m1lZLDKaNIbDsxc64",null,null,null,1,0]],[13,"Node_2_0_0",33554432,2,[-91],[[8,-89,[0,"6cs4Xa1MNCFpL3JGJW7Ye4"]],[5,-90,[0,"3279E+PcFLcpDqUmEtwZKz"],[5,0,0],[0,0,0]]],[1,"58WxXmVUZN0Yxn3lyNMtir",null,null,null,1,0],[1,-43.6672,-20.0798,0],[1,2.3,2.3,1]],[7,"ct_cx1_00035_3",33554432,22,[[3,2,false,-92,[0,"5cUz4eC1NLrqhdMINuqdaF"],32,33],[2,0,-93,[0,"beKVAH74FHQoHtGeAwKqGq"]],[4,-94,[0,"12/irI4dJKlJINeQBh0ikX"],[5,400,260]]],[1,"d3rKKHzbdC0aT79bLiMGKK",null,null,null,1,0],[1,0.6238,-1.2904,0]],[13,"Node_2_0",33554432,2,[-97],[[8,-95,[0,"7fAxzBT4JCcLggE/jOdfeM"]],[5,-96,[0,"81m8+VZYlHLZYSzCBK1j4c"],[5,0,0],[0,0,0]]],[1,"24x15t5CpCLZN59jXOT6wV",null,null,null,1,0],[1,-43.6672,-20.0798,0],[1,2.3,2.3,1]],[7,"ct_cx1_00035_3",33554432,24,[[9,1,2,false,-98,[0,"ebz3qgUHtBQK+O0ufA/O7O"],34,35],[2,0,-99,[0,"2ageZtjPVLd4knC+kZpyLs"]],[4,-100,[0,"24R/ORDhNEOLrPnZeok0dg"],[5,400,260]]],[1,"49fR5akDBBD7GLiWBY0w41",null,null,null,1,0],[1,0.6238,-1.2904,0]],[6,"ct_8_7",33554432,2,[[3,2,false,-101,[0,"dateY58+JCRLEM3SePlplv"],36,37],[2,0,-102,[0,"41xj1FSc5BTqk/IUkFHPrj"]],[5,-103,[0,"dbb6gCt3tC5a0pwy5jg4BJ"],[5,654,197],[0,0.6169,0]]],[1,"343g470J1OxbCCKbH4gVfz",null,null,null,1,0],[1,404.014,-222.9964,0],[1,1,0.2325,1]],[6,"ct_9_8",33554432,2,[[3,2,false,-104,[0,"f9lPxNin1J+ZH4yZxdzCL6"],38,39],[2,0,-105,[0,"f7u5ax7cFCXIFoIfHQiiRC"]],[5,-106,[0,"cc4iSNhntPc4zTDSPPBwOa"],[5,451,203],[0,0.3783,0]]],[1,"b2txeXHUxKJpB+zjzER2pH",null,null,null,1,0],[1,-383.4099,-161.016,0],[1,1,0.1522,1]],[6,"ct_10_5",33554432,2,[[3,2,false,-107,[0,"1bgOJZlv1CJZlDXWsdNVn/"],40,41],[2,0,-108,[0,"68a+hWQXtNUKYZVnIqz/nU"]],[5,-109,[0,"66p1yVo6JFLJI3UyqI+GbS"],[5,144,85],[0,0.5055,0.2158]]],[1,"e7DYp8zg5F6rzzGY7Wn/Ju",null,null,null,1,0],[1,-177.8101,-211.4434,0],[1,1,0.3134,1]],[7,"ct_11_1",33554432,2,[[3,2,false,-110,[0,"16oP+YyEVLb69LvAYEivbK"],42,43],[2,0,-111,[0,"4awsEEVZpFFJpPYDich57r"]],[4,-112,[0,"16hwbtR0VPG5qxws6lsxZp"],[5,185,74]]],[1,"d5tLG6WJNFebZebgEVulI+",null,null,null,1,0],[1,129.8756,-242.8533,0]],[6,"ct_12_6",33554432,2,[[3,2,false,-113,[0,"5bjjOr2KVAZYA+ePWnUq1B"],44,45],[2,0,-114,[0,"106D5SFZhENaaI9yy7fWvc"]],[5,-115,[0,"caEJB2qPJP1ZUh+VXpF7ku"],[5,385,135],[0,0.5253,0.1692]]],[1,"b00xOC0i5FR7OkBvoXY8eH",null,null,null,1,0],[1,286.0258,-223.2044,0],[1,1,0.1287,1]],[6,"light_11_00000_18",33554432,2,[[9,1,2,false,-116,[0,"8cYvGjMn5Nc6/N1gkAd4dI"],46,47],[2,0,-117,[0,"03yzTd1ZNOWLpRMT7VcYMW"]],[4,-118,[0,"cdj+O1ZfRLyJ0m9zZHp/b/"],[5,232,232]]],[1,"c3KEyA6cdMmY17mqcQ/wuX",null,null,null,1,0],[1,15.6069,-65.5699,0],[1,4.6601,4.6601,1]]],0,[0,4,1,0,1,1,0,1,1,0,1,1,0,-1,2,0,1,2,0,1,2,0,-1,3,0,-2,4,0,-3,5,0,-4,6,0,-5,7,0,-6,8,0,-7,9,0,-8,10,0,-9,11,0,-10,12,0,-11,13,0,-12,14,0,-13,16,0,-14,17,0,-15,18,0,-16,20,0,-17,22,0,-18,24,0,-19,26,0,-20,27,0,-21,28,0,-22,29,0,-23,30,0,-24,31,0,1,3,0,1,3,0,1,3,0,1,4,0,1,4,0,1,4,0,1,5,0,1,5,0,1,5,0,1,6,0,1,6,0,1,6,0,1,7,0,1,7,0,1,7,0,1,8,0,1,8,0,1,8,0,1,9,0,1,9,0,1,9,0,1,10,0,1,10,0,1,10,0,1,11,0,1,11,0,1,11,0,1,12,0,1,12,0,1,12,0,1,13,0,1,13,0,1,13,0,1,14,0,1,14,0,-1,15,0,1,15,0,1,15,0,1,15,0,1,16,0,1,16,0,1,16,0,1,17,0,1,17,0,1,17,0,1,18,0,1,18,0,-1,19,0,1,19,0,1,19,0,1,19,0,1,20,0,1,20,0,-1,21,0,1,21,0,1,21,0,1,21,0,1,22,0,1,22,0,-1,23,0,1,23,0,1,23,0,1,23,0,1,24,0,1,24,0,-1,25,0,1,25,0,1,25,0,1,25,0,1,26,0,1,26,0,1,26,0,1,27,0,1,27,0,1,27,0,1,28,0,1,28,0,1,28,0,1,29,0,1,29,0,1,29,0,1,30,0,1,30,0,1,30,0,1,31,0,1,31,0,1,31,0,5,1,118],[0,0,0,0,0,0,0,0,0,0,0,0,0,0,0,0,0,0,0,0,0,0,0,0,0,0,0,0,0,0,0,0,0,0,0,0,0,0,0,0,0,0,0,0,0,0,0,0,0],[2,3,2,3,2,3,2,3,2,3,2,3,2,3,2,3,2,3,2,3,2,3,2,3,2,3,2,3,2,3,2,3,2,3,2,3,2,3,2,3,2,3,2,3,2,3,2,3,-1],[3,8,3,9,3,10,3,11,3,12,3,13,3,14,3,15,3,16,3,17,3,18,3,19,3,20,3,21,3,6,3,6,3,7,3,7,3,22,3,23,3,24,3,25,3,26,3,27,28]],[[{"name":"2022cuntian_4","spriteFrames":["ct1","babZKmr3lO3YPDY43pI9AB@0a8fa","ct1_1","babZKmr3lO3YPDY43pI9AB@2b21e","ct_1","babZKmr3lO3YPDY43pI9AB@c3d75","ct_10","babZKmr3lO3YPDY43pI9AB@8c19b","ct_11","babZKmr3lO3YPDY43pI9AB@2d654","ct_12","babZKmr3lO3YPDY43pI9AB@d87c3","ct_13","babZKmr3lO3YPDY43pI9AB@5b6e9","ct_14","babZKmr3lO3YPDY43pI9AB@8353e","ct_15","babZKmr3lO3YPDY43pI9AB@92e88","ct_16","babZKmr3lO3YPDY43pI9AB@8bf78","ct_17","babZKmr3lO3YPDY43pI9AB@5575f","ct_2","babZKmr3lO3YPDY43pI9AB@df02d","ct_3","babZKmr3lO3YPDY43pI9AB@1ed8c","ct_4","babZKmr3lO3YPDY43pI9AB@6933b","ct_5","babZKmr3lO3YPDY43pI9AB@66388","ct_6","babZKmr3lO3YPDY43pI9AB@af23b","ct_7","babZKmr3lO3YPDY43pI9AB@bba48","ct_8","babZKmr3lO3YPDY43pI9AB@b0122","ct_9","babZKmr3lO3YPDY43pI9AB@eb3b9"]}],[2],0,[],[],[]],[[{"name":"ct1","rect":{"x":2101,"y":513,"width":649,"height":317},"offset":{"x":0,"y":0},"originalSize":{"width":649,"height":317},"rotated":false,"capInsets":[0,0,0,0],"vertices":{"rawPosition":[],"indexes":[],"uv":[],"nuv":[],"minPos":{"x":0,"y":0,"z":0},"maxPos":{"x":0,"y":0,"z":0}},"packable":true,"pixelsToUnit":100,"pivot":{"x":0.5,"y":0.5},"meshType":0}],[0],0,[0],[0],[4]],[[{"name":"ct_3","rect":{"x":967,"y":2,"width":1259,"height":369},"offset":{"x":0,"y":-3},"originalSize":{"width":1259,"height":375},"rotated":false,"capInsets":[0,0,0,0],"vertices":{"rawPosition":[],"indexes":[],"uv":[],"nuv":[],"minPos":{"x":0,"y":0,"z":0},"maxPos":{"x":0,"y":0,"z":0}},"packable":true,"pixelsToUnit":100,"pivot":{"x":0.5,"y":0.5},"meshType":0}],[0],0,[0],[0],[4]],[[{"name":"ct1_1","rect":{"x":3412,"y":2,"width":602,"height":194},"offset":{"x":0,"y":0},"originalSize":{"width":602,"height":194},"rotated":true,"capInsets":[0,0,0,0],"vertices":{"rawPosition":[],"indexes":[],"uv":[],"nuv":[],"minPos":{"x":0,"y":0,"z":0},"maxPos":{"x":0,"y":0,"z":0}},"packable":true,"pixelsToUnit":100,"pivot":{"x":0.5,"y":0.5},"meshType":0}],[0],0,[0],[0],[4]],[[{"name":"ct_11","rect":{"x":967,"y":880,"width":185,"height":74},"offset":{"x":0,"y":0},"originalSize":{"width":185,"height":74},"rotated":false,"capInsets":[0,0,0,0],"vertices":{"rawPosition":[],"indexes":[],"uv":[],"nuv":[],"minPos":{"x":0,"y":0,"z":0},"maxPos":{"x":0,"y":0,"z":0}},"packable":true,"pixelsToUnit":100,"pivot":{"x":0.5,"y":0.5},"meshType":0}],[0],0,[0],[0],[4]],[[{"name":"ct_17","rect":{"x":967,"y":687,"width":838,"height":191},"offset":{"x":0,"y":0},"originalSize":{"width":838,"height":191},"rotated":false,"capInsets":[0,0,0,0],"vertices":{"rawPosition":[],"indexes":[],"uv":[],"nuv":[],"minPos":{"x":0,"y":0,"z":0},"maxPos":{"x":0,"y":0,"z":0}},"packable":true,"pixelsToUnit":100,"pivot":{"x":0.5,"y":0.5},"meshType":0}],[0],0,[0],[0],[4]],[[{"name":"ct_13","rect":{"x":3422,"y":606,"width":222,"height":193},"offset":{"x":0,"y":0},"originalSize":{"width":222,"height":193},"rotated":true,"capInsets":[0,0,0,0],"vertices":{"rawPosition":[],"indexes":[],"uv":[],"nuv":[],"minPos":{"x":0,"y":0,"z":0},"maxPos":{"x":0,"y":0,"z":0}},"packable":true,"pixelsToUnit":100,"pivot":{"x":0.5,"y":0.5},"meshType":0}],[0],0,[0],[0],[4]],[[{"name":"ct_5","rect":{"x":3322,"y":606,"width":336,"height":98},"offset":{"x":3,"y":0},"originalSize":{"width":342,"height":98},"rotated":true,"capInsets":[0,0,0,0],"vertices":{"rawPosition":[],"indexes":[],"uv":[],"nuv":[],"minPos":{"x":0,"y":0,"z":0},"maxPos":{"x":0,"y":0,"z":0}},"packable":true,"pixelsToUnit":100,"pivot":{"x":0.5,"y":0.5},"meshType":0}],[0],0,[0],[0],[4]],[[{"name":"ct_4","rect":{"x":967,"y":373,"width":1132,"height":312},"offset":{"x":0,"y":0},"originalSize":{"width":1132,"height":312},"rotated":false,"capInsets":[0,0,0,0],"vertices":{"rawPosition":[],"indexes":[],"uv":[],"nuv":[],"minPos":{"x":0,"y":0,"z":0},"maxPos":{"x":0,"y":0,"z":0}},"packable":true,"pixelsToUnit":100,"pivot":{"x":0.5,"y":0.5},"meshType":0}],[0],0,[0],[0],[4]],[[{"name":"ct_14","rect":{"x":2,"y":2,"width":963,"height":962},"offset":{"x":14,"y":11},"originalSize":{"width":1049,"height":1008},"rotated":false,"capInsets":[0,0,0,0],"vertices":{"rawPosition":[],"indexes":[],"uv":[],"nuv":[],"minPos":{"x":0,"y":0,"z":0},"maxPos":{"x":0,"y":0,"z":0}},"packable":true,"pixelsToUnit":100,"pivot":{"x":0.5,"y":0.5},"meshType":0}],[0],0,[0],[0],[4]],[[{"name":"ct_16","rect":{"x":2228,"y":2,"width":832,"height":320},"offset":{"x":0,"y":0},"originalSize":{"width":832,"height":320},"rotated":false,"capInsets":[0,0,0,0],"vertices":{"rawPosition":[],"indexes":[],"uv":[],"nuv":[],"minPos":{"x":0,"y":0,"z":0},"maxPos":{"x":0,"y":0,"z":0}},"packable":true,"pixelsToUnit":100,"pivot":{"x":0.5,"y":0.5},"meshType":0}],[0],0,[0],[0],[4]],[[{"name":"ct_10","rect":{"x":2474,"y":832,"width":144,"height":69},"offset":{"x":0,"y":-8},"originalSize":{"width":144,"height":85},"rotated":false,"capInsets":[0,0,0,0],"vertices":{"rawPosition":[],"indexes":[],"uv":[],"nuv":[],"minPos":{"x":0,"y":0,"z":0},"maxPos":{"x":0,"y":0,"z":0}},"packable":true,"pixelsToUnit":100,"pivot":{"x":0.5,"y":0.5},"meshType":0}],[0],0,[0],[0],[4]],[[{"name":"ct_15","rect":{"x":2101,"y":373,"width":65,"height":67},"offset":{"x":0,"y":0},"originalSize":{"width":65,"height":67},"rotated":false,"capInsets":[0,0,0,0],"vertices":{"rawPosition":[],"indexes":[],"uv":[],"nuv":[],"minPos":{"x":0,"y":0,"z":0},"maxPos":{"x":0,"y":0,"z":0}},"packable":true,"pixelsToUnit":100,"pivot":{"x":0.5,"y":0.5},"meshType":0}],[0],0,[0],[0],[4]],[[{"name":"ct_6","rect":{"x":2957,"y":652,"width":363,"height":294},"offset":{"x":0,"y":-8},"originalSize":{"width":363,"height":310},"rotated":false,"capInsets":[0,0,0,0],"vertices":{"rawPosition":[],"indexes":[],"uv":[],"nuv":[],"minPos":{"x":0,"y":0,"z":0},"maxPos":{"x":0,"y":0,"z":0}},"packable":true,"pixelsToUnit":100,"pivot":{"x":0.5,"y":0.5},"meshType":0}],[0],0,[0],[0],[4]],[[{"name":"ct_8","rect":{"x":2228,"y":324,"width":654,"height":187},"offset":{"x":0,"y":-5},"originalSize":{"width":654,"height":197},"rotated":false,"capInsets":[0,0,0,0],"vertices":{"rawPosition":[],"indexes":[],"uv":[],"nuv":[],"minPos":{"x":0,"y":0,"z":0},"maxPos":{"x":0,"y":0,"z":0}},"packable":true,"pixelsToUnit":100,"pivot":{"x":0.5,"y":0.5},"meshType":0}],[0],0,[0],[0],[4]],[[{"name":"ct_7","rect":{"x":1807,"y":687,"width":292,"height":252},"offset":{"x":0,"y":-2},"originalSize":{"width":292,"height":256},"rotated":false,"capInsets":[0,0,0,0],"vertices":{"rawPosition":[],"indexes":[],"uv":[],"nuv":[],"minPos":{"x":0,"y":0,"z":0},"maxPos":{"x":0,"y":0,"z":0}},"packable":true,"pixelsToUnit":100,"pivot":{"x":0.5,"y":0.5},"meshType":0}],[0],0,[0],[0],[4]],[[{"name":"ct_1","rect":{"x":2957,"y":330,"width":346,"height":320},"offset":{"x":0,"y":0},"originalSize":{"width":346,"height":320},"rotated":false,"capInsets":[0,0,0,0],"vertices":{"rawPosition":[],"indexes":[],"uv":[],"nuv":[],"minPos":{"x":0,"y":0,"z":0},"maxPos":{"x":0,"y":0,"z":0}},"packable":true,"pixelsToUnit":100,"pivot":{"x":0.5,"y":0.5},"meshType":0}],[0],0,[0],[0],[4]],[[{"name":"ct_12","rect":{"x":2101,"y":832,"width":371,"height":125},"offset":{"x":7,"y":5},"originalSize":{"width":385,"height":135},"rotated":false,"capInsets":[0,0,0,0],"vertices":{"rawPosition":[],"indexes":[],"uv":[],"nuv":[],"minPos":{"x":0,"y":0,"z":0},"maxPos":{"x":0,"y":0,"z":0}},"packable":true,"pixelsToUnit":100,"pivot":{"x":0.5,"y":0.5},"meshType":0}],[0],0,[0],[0],[4]],[[{"name":"ct_2","rect":{"x":3062,"y":2,"width":348,"height":326},"offset":{"x":0,"y":-1},"originalSize":{"width":348,"height":328},"rotated":false,"capInsets":[0,0,0,0],"vertices":{"rawPosition":[],"indexes":[],"uv":[],"nuv":[],"minPos":{"x":0,"y":0,"z":0},"maxPos":{"x":0,"y":0,"z":0}},"packable":true,"pixelsToUnit":100,"pivot":{"x":0.5,"y":0.5},"meshType":0}],[0],0,[0],[0],[4]],[[{"name":"ct_9","rect":{"x":2752,"y":513,"width":451,"height":203},"offset":{"x":0,"y":0},"originalSize":{"width":451,"height":203},"rotated":true,"capInsets":[0,0,0,0],"vertices":{"rawPosition":[],"indexes":[],"uv":[],"nuv":[],"minPos":{"x":0,"y":0,"z":0},"maxPos":{"x":0,"y":0,"z":0}},"packable":true,"pixelsToUnit":100,"pivot":{"x":0.5,"y":0.5},"meshType":0}],[0],0,[0],[0],[4]],[[{"name":"2022cuntian_3","spriteFrames":["ct_cx3_00033","c4ZwkOVIJAgJJV/tIF7r1I@0164e","ct_cx3_00034","c4ZwkOVIJAgJJV/tIF7r1I@a7b1c","ct_cx3_00035","c4ZwkOVIJAgJJV/tIF7r1I@70534","ct_cx3_00036","c4ZwkOVIJAgJJV/tIF7r1I@b15a6","ct_cx3_00037","c4ZwkOVIJAgJJV/tIF7r1I@35753","ct_cx3_00038","c4ZwkOVIJAgJJV/tIF7r1I@749de","ct_cx3_00039","c4ZwkOVIJAgJJV/tIF7r1I@3c943","ct_cx3_00040","c4ZwkOVIJAgJJV/tIF7r1I@39498","ct_cx3_00041","c4ZwkOVIJAgJJV/tIF7r1I@ad7eb","ct_cx3_00042","c4ZwkOVIJAgJJV/tIF7r1I@ad294","ct_cx3_00043","c4ZwkOVIJAgJJV/tIF7r1I@8fefa","ct_cx3_00044","c4ZwkOVIJAgJJV/tIF7r1I@48dcc","ct_cx3_00045","c4ZwkOVIJAgJJV/tIF7r1I@95626","ct_cx3_00046","c4ZwkOVIJAgJJV/tIF7r1I@4e4ee","ct_cx3_00047","c4ZwkOVIJAgJJV/tIF7r1I@78e68","ct_cx3_00048","c4ZwkOVIJAgJJV/tIF7r1I@f599f","ct_cx3_00049","c4ZwkOVIJAgJJV/tIF7r1I@82784","ct_cx3_00050","c4ZwkOVIJAgJJV/tIF7r1I@7a4a7","ct_cx3_00051","c4ZwkOVIJAgJJV/tIF7r1I@818f3","ct_cx3_00052","c4ZwkOVIJAgJJV/tIF7r1I@0a864","ct_cx3_00053","c4ZwkOVIJAgJJV/tIF7r1I@7feeb","ct_cx3_00054","c4ZwkOVIJAgJJV/tIF7r1I@fc1d7","ct_cx3_00055","c4ZwkOVIJAgJJV/tIF7r1I@be370","ct_cx3_00056","c4ZwkOVIJAgJJV/tIF7r1I@50174","ct_cx3_00057","c4ZwkOVIJAgJJV/tIF7r1I@c6525","ct_cx3_00058","c4ZwkOVIJAgJJV/tIF7r1I@58c52","ct_cx3_00059","c4ZwkOVIJAgJJV/tIF7r1I@4e3e7","ct_cx3_00060","c4ZwkOVIJAgJJV/tIF7r1I@92f36","ct_cx3_00061","c4ZwkOVIJAgJJV/tIF7r1I@d3160","ct_cx3_00062","c4ZwkOVIJAgJJV/tIF7r1I@fe905","ct_cx3_00063","c4ZwkOVIJAgJJV/tIF7r1I@a595b","ct_cx3_00064","c4ZwkOVIJAgJJV/tIF7r1I@25db1","ct_cx3_00065","c4ZwkOVIJAgJJV/tIF7r1I@42ac9","ct_cx3_00066","c4ZwkOVIJAgJJV/tIF7r1I@f1574","ct_cx3_00067","c4ZwkOVIJAgJJV/tIF7r1I@d1829","ct_cx3_00068","c4ZwkOVIJAgJJV/tIF7r1I@21ed9","ct_cx3_00069","c4ZwkOVIJAgJJV/tIF7r1I@9c3ba","ct_cx3_00070","c4ZwkOVIJAgJJV/tIF7r1I@0e0f3","ct_cx3_00071","c4ZwkOVIJAgJJV/tIF7r1I@3936a","ct_cx3_00072","c4ZwkOVIJAgJJV/tIF7r1I@e5614","ct_cx3_00073","c4ZwkOVIJAgJJV/tIF7r1I@a157f","ct_cx3_00074","c4ZwkOVIJAgJJV/tIF7r1I@760b3","ct_cx3_00075","c4ZwkOVIJAgJJV/tIF7r1I@4db13","ct_cx3_00076","c4ZwkOVIJAgJJV/tIF7r1I@e9e12","ct_cx3_00077","c4ZwkOVIJAgJJV/tIF7r1I@7180a","ct_cx3_00078","c4ZwkOVIJAgJJV/tIF7r1I@9f9a7","ct_cx3_00079","c4ZwkOVIJAgJJV/tIF7r1I@ffd0e"]}],[2],0,[],[],[]],[[{"name":"ct_cx3_00033","rect":{"x":680,"y":938,"width":24,"height":14},"offset":{"x":-167,"y":147},"originalSize":{"width":660,"height":350},"rotated":false,"capInsets":[0,0,0,0],"vertices":{"rawPosition":[],"indexes":[],"uv":[],"nuv":[],"minPos":{"x":0,"y":0,"z":0},"maxPos":{"x":0,"y":0,"z":0}},"packable":true,"pixelsToUnit":100,"pivot":{"x":0.5,"y":0.5},"meshType":0}],[0],0,[0],[0],[2]],[[{"name":"ct_cx3_00052","rect":{"x":2,"y":960,"width":476,"height":126},"offset":{"x":-18,"y":91},"originalSize":{"width":660,"height":350},"rotated":false,"capInsets":[0,0,0,0],"vertices":{"rawPosition":[],"indexes":[],"uv":[],"nuv":[],"minPos":{"x":0,"y":0,"z":0},"maxPos":{"x":0,"y":0,"z":0}},"packable":true,"pixelsToUnit":100,"pivot":{"x":0.5,"y":0.5},"meshType":0}],[0],0,[0],[0],[2]],[[{"name":"ct_cx3_00070","rect":{"x":1720,"y":2,"width":648,"height":250},"offset":{"x":6,"y":29},"originalSize":{"width":660,"height":350},"rotated":true,"capInsets":[0,0,0,0],"vertices":{"rawPosition":[],"indexes":[],"uv":[],"nuv":[],"minPos":{"x":0,"y":0,"z":0},"maxPos":{"x":0,"y":0,"z":0}},"packable":true,"pixelsToUnit":100,"pivot":{"x":0.5,"y":0.5},"meshType":0}],[0],0,[0],[0],[2]],[[{"name":"ct_cx3_00068","rect":{"x":1972,"y":2,"width":648,"height":236},"offset":{"x":6,"y":36},"originalSize":{"width":660,"height":350},"rotated":true,"capInsets":[0,0,0,0],"vertices":{"rawPosition":[],"indexes":[],"uv":[],"nuv":[],"minPos":{"x":0,"y":0,"z":0},"maxPos":{"x":0,"y":0,"z":0}},"packable":true,"pixelsToUnit":100,"pivot":{"x":0.5,"y":0.5},"meshType":0}],[0],0,[0],[0],[2]],[[{"name":"ct_cx3_00064","rect":{"x":2664,"y":2,"width":646,"height":208},"offset":{"x":7,"y":50},"originalSize":{"width":660,"height":350},"rotated":true,"capInsets":[0,0,0,0],"vertices":{"rawPosition":[],"indexes":[],"uv":[],"nuv":[],"minPos":{"x":0,"y":0,"z":0},"maxPos":{"x":0,"y":0,"z":0}},"packable":true,"pixelsToUnit":100,"pivot":{"x":0.5,"y":0.5},"meshType":0}],[0],0,[0],[0],[2]],[[{"name":"ct_cx3_00037","rect":{"x":3762,"y":446,"width":128,"height":32},"offset":{"x":-175,"y":137},"originalSize":{"width":660,"height":350},"rotated":true,"capInsets":[0,0,0,0],"vertices":{"rawPosition":[],"indexes":[],"uv":[],"nuv":[],"minPos":{"x":0,"y":0,"z":0},"maxPos":{"x":0,"y":0,"z":0}},"packable":true,"pixelsToUnit":100,"pivot":{"x":0.5,"y":0.5},"meshType":0}],[0],0,[0],[0],[2]],[[{"name":"ct_cx3_00071","rect":{"x":1462,"y":2,"width":648,"height":256},"offset":{"x":6,"y":25},"originalSize":{"width":660,"height":350},"rotated":true,"capInsets":[0,0,0,0],"vertices":{"rawPosition":[],"indexes":[],"uv":[],"nuv":[],"minPos":{"x":0,"y":0,"z":0},"maxPos":{"x":0,"y":0,"z":0}},"packable":true,"pixelsToUnit":100,"pivot":{"x":0.5,"y":0.5},"meshType":0}],[0],0,[0],[0],[2]],[[{"name":"ct_cx3_00040","rect":{"x":3628,"y":446,"width":144,"height":48},"offset":{"x":-173,"y":130},"originalSize":{"width":660,"height":350},"rotated":true,"capInsets":[0,0,0,0],"vertices":{"rawPosition":[],"indexes":[],"uv":[],"nuv":[],"minPos":{"x":0,"y":0,"z":0},"maxPos":{"x":0,"y":0,"z":0}},"packable":true,"pixelsToUnit":100,"pivot":{"x":0.5,"y":0.5},"meshType":0}],[0],0,[0],[0],[2]],[[{"name":"ct_cx3_00039","rect":{"x":3678,"y":446,"width":144,"height":42},"offset":{"x":-174,"y":132},"originalSize":{"width":660,"height":350},"rotated":true,"capInsets":[0,0,0,0],"vertices":{"rawPosition":[],"indexes":[],"uv":[],"nuv":[],"minPos":{"x":0,"y":0,"z":0},"maxPos":{"x":0,"y":0,"z":0}},"packable":true,"pixelsToUnit":100,"pivot":{"x":0.5,"y":0.5},"meshType":0}],[0],0,[0],[0],[2]],[[{"name":"ct_cx3_00065","rect":{"x":2602,"y":652,"width":648,"height":214},"offset":{"x":6,"y":46},"originalSize":{"width":660,"height":350},"rotated":false,"capInsets":[0,0,0,0],"vertices":{"rawPosition":[],"indexes":[],"uv":[],"nuv":[],"minPos":{"x":0,"y":0,"z":0},"maxPos":{"x":0,"y":0,"z":0}},"packable":true,"pixelsToUnit":100,"pivot":{"x":0.5,"y":0.5},"meshType":0}],[0],0,[0],[0],[2]],[[{"name":"ct_cx3_00044","rect":{"x":3252,"y":630,"width":456,"height":72},"offset":{"x":-17,"y":117},"originalSize":{"width":660,"height":350},"rotated":true,"capInsets":[0,0,0,0],"vertices":{"rawPosition":[],"indexes":[],"uv":[],"nuv":[],"minPos":{"x":0,"y":0,"z":0},"maxPos":{"x":0,"y":0,"z":0}},"packable":true,"pixelsToUnit":100,"pivot":{"x":0.5,"y":0.5},"meshType":0}],[0],0,[0],[0],[2]],[[{"name":"ct_cx3_00075","rect":{"x":652,"y":652,"width":648,"height":284},"offset":{"x":6,"y":11},"originalSize":{"width":660,"height":350},"rotated":false,"capInsets":[0,0,0,0],"vertices":{"rawPosition":[],"indexes":[],"uv":[],"nuv":[],"minPos":{"x":0,"y":0,"z":0},"maxPos":{"x":0,"y":0,"z":0}},"packable":true,"pixelsToUnit":100,"pivot":{"x":0.5,"y":0.5},"meshType":0}],[0],0,[0],[0],[2]],[[{"name":"ct_cx3_00059","rect":{"x":3454,"y":2,"width":606,"height":172},"offset":{"x":27,"y":68},"originalSize":{"width":660,"height":350},"rotated":true,"capInsets":[0,0,0,0],"vertices":{"rawPosition":[],"indexes":[],"uv":[],"nuv":[],"minPos":{"x":0,"y":0,"z":0},"maxPos":{"x":0,"y":0,"z":0}},"packable":true,"pixelsToUnit":100,"pivot":{"x":0.5,"y":0.5},"meshType":0}],[0],0,[0],[0],[2]],[[{"name":"ct_cx3_00046","rect":{"x":3628,"y":96,"width":466,"height":86},"offset":{"x":-13,"y":111},"originalSize":{"width":660,"height":350},"rotated":false,"capInsets":[0,0,0,0],"vertices":{"rawPosition":[],"indexes":[],"uv":[],"nuv":[],"minPos":{"x":0,"y":0,"z":0},"maxPos":{"x":0,"y":0,"z":0}},"packable":true,"pixelsToUnit":100,"pivot":{"x":0.5,"y":0.5},"meshType":0}],[0],0,[0],[0],[2]],[[{"name":"ct_cx3_00056","rect":{"x":2678,"y":868,"width":500,"height":152},"offset":{"x":-25,"y":77},"originalSize":{"width":660,"height":350},"rotated":false,"capInsets":[0,0,0,0],"vertices":{"rawPosition":[],"indexes":[],"uv":[],"nuv":[],"minPos":{"x":0,"y":0,"z":0},"maxPos":{"x":0,"y":0,"z":0}},"packable":true,"pixelsToUnit":100,"pivot":{"x":0.5,"y":0.5},"meshType":0}],[0],0,[0],[0],[2]],[[{"name":"ct_cx3_00058","rect":{"x":1452,"y":918,"width":604,"height":166},"offset":{"x":28,"y":71},"originalSize":{"width":660,"height":350},"rotated":false,"capInsets":[0,0,0,0],"vertices":{"rawPosition":[],"indexes":[],"uv":[],"nuv":[],"minPos":{"x":0,"y":0,"z":0},"maxPos":{"x":0,"y":0,"z":0}},"packable":true,"pixelsToUnit":100,"pivot":{"x":0.5,"y":0.5},"meshType":0}],[0],0,[0],[0],[2]],[[{"name":"ct_cx3_00035","rect":{"x":2602,"y":868,"width":54,"height":22},"offset":{"x":-153,"y":142},"originalSize":{"width":660,"height":350},"rotated":false,"capInsets":[0,0,0,0],"vertices":{"rawPosition":[],"indexes":[],"uv":[],"nuv":[],"minPos":{"x":0,"y":0,"z":0},"maxPos":{"x":0,"y":0,"z":0}},"packable":true,"pixelsToUnit":100,"pivot":{"x":0.5,"y":0.5},"meshType":0}],[0],0,[0],[0],[2]],[[{"name":"ct_cx3_00077","rect":{"x":316,"y":2,"width":648,"height":298},"offset":{"x":6,"y":4},"originalSize":{"width":660,"height":350},"rotated":true,"capInsets":[0,0,0,0],"vertices":{"rawPosition":[],"indexes":[],"uv":[],"nuv":[],"minPos":{"x":0,"y":0,"z":0},"maxPos":{"x":0,"y":0,"z":0}},"packable":true,"pixelsToUnit":100,"pivot":{"x":0.5,"y":0.5},"meshType":0}],[0],0,[0],[0],[2]],[[{"name":"ct_cx3_00038","rect":{"x":3722,"y":446,"width":134,"height":38},"offset":{"x":-177,"y":135},"originalSize":{"width":660,"height":350},"rotated":true,"capInsets":[0,0,0,0],"vertices":{"rawPosition":[],"indexes":[],"uv":[],"nuv":[],"minPos":{"x":0,"y":0,"z":0},"maxPos":{"x":0,"y":0,"z":0}},"packable":true,"pixelsToUnit":100,"pivot":{"x":0.5,"y":0.5},"meshType":0}],[0],0,[0],[0],[2]],[[{"name":"ct_cx3_00074","rect":{"x":910,"y":2,"width":648,"height":278},"offset":{"x":6,"y":15},"originalSize":{"width":660,"height":350},"rotated":true,"capInsets":[0,0,0,0],"vertices":{"rawPosition":[],"indexes":[],"uv":[],"nuv":[],"minPos":{"x":0,"y":0,"z":0},"maxPos":{"x":0,"y":0,"z":0}},"packable":true,"pixelsToUnit":100,"pivot":{"x":0.5,"y":0.5},"meshType":0}],[0],0,[0],[0],[2]],[[{"name":"ct_cx3_00047","rect":{"x":3628,"y":2,"width":466,"height":92},"offset":{"x":-13,"y":108},"originalSize":{"width":660,"height":350},"rotated":false,"capInsets":[0,0,0,0],"vertices":{"rawPosition":[],"indexes":[],"uv":[],"nuv":[],"minPos":{"x":0,"y":0,"z":0},"maxPos":{"x":0,"y":0,"z":0}},"packable":true,"pixelsToUnit":100,"pivot":{"x":0.5,"y":0.5},"meshType":0}],[0],0,[0],[0],[2]],[[{"name":"ct_cx3_00050","rect":{"x":3326,"y":614,"width":472,"height":112},"offset":{"x":-16,"y":98},"originalSize":{"width":660,"height":350},"rotated":true,"capInsets":[0,0,0,0],"vertices":{"rawPosition":[],"indexes":[],"uv":[],"nuv":[],"minPos":{"x":0,"y":0,"z":0},"maxPos":{"x":0,"y":0,"z":0}},"packable":true,"pixelsToUnit":100,"pivot":{"x":0.5,"y":0.5},"meshType":0}],[0],0,[0],[0],[2]],[[{"name":"ct_cx3_00053","rect":{"x":3948,"y":446,"width":488,"height":132},"offset":{"x":-24,"y":88},"originalSize":{"width":660,"height":350},"rotated":true,"capInsets":[0,0,0,0],"vertices":{"rawPosition":[],"indexes":[],"uv":[],"nuv":[],"minPos":{"x":0,"y":0,"z":0},"maxPos":{"x":0,"y":0,"z":0}},"packable":true,"pixelsToUnit":100,"pivot":{"x":0.5,"y":0.5},"meshType":0}],[0],0,[0],[0],[2]],[[{"name":"ct_cx3_00051","rect":{"x":480,"y":960,"width":472,"height":118},"offset":{"x":-16,"y":94},"originalSize":{"width":660,"height":350},"rotated":false,"capInsets":[0,0,0,0],"vertices":{"rawPosition":[],"indexes":[],"uv":[],"nuv":[],"minPos":{"x":0,"y":0,"z":0},"maxPos":{"x":0,"y":0,"z":0}},"packable":true,"pixelsToUnit":100,"pivot":{"x":0.5,"y":0.5},"meshType":0}],[0],0,[0],[0],[2]],[[{"name":"ct_cx3_00049","rect":{"x":3440,"y":614,"width":472,"height":106},"offset":{"x":-16,"y":101},"originalSize":{"width":660,"height":350},"rotated":true,"capInsets":[0,0,0,0],"vertices":{"rawPosition":[],"indexes":[],"uv":[],"nuv":[],"minPos":{"x":0,"y":0,"z":0},"maxPos":{"x":0,"y":0,"z":0}},"packable":true,"pixelsToUnit":100,"pivot":{"x":0.5,"y":0.5},"meshType":0}],[0],0,[0],[0],[2]],[[{"name":"ct_cx3_00043","rect":{"x":3628,"y":318,"width":454,"height":66},"offset":{"x":-19,"y":121},"originalSize":{"width":660,"height":350},"rotated":false,"capInsets":[0,0,0,0],"vertices":{"rawPosition":[],"indexes":[],"uv":[],"nuv":[],"minPos":{"x":0,"y":0,"z":0},"maxPos":{"x":0,"y":0,"z":0}},"packable":true,"pixelsToUnit":100,"pivot":{"x":0.5,"y":0.5},"meshType":0}],[0],0,[0],[0],[2]],[[{"name":"ct_cx3_00060","rect":{"x":3272,"y":2,"width":610,"height":180},"offset":{"x":25,"y":64},"originalSize":{"width":660,"height":350},"rotated":true,"capInsets":[0,0,0,0],"vertices":{"rawPosition":[],"indexes":[],"uv":[],"nuv":[],"minPos":{"x":0,"y":0,"z":0},"maxPos":{"x":0,"y":0,"z":0}},"packable":true,"pixelsToUnit":100,"pivot":{"x":0.5,"y":0.5},"meshType":0}],[0],0,[0],[0],[2]],[[{"name":"ct_cx3_00045","rect":{"x":3628,"y":184,"width":464,"height":78},"offset":{"x":-13,"y":114},"originalSize":{"width":660,"height":350},"rotated":false,"capInsets":[0,0,0,0],"vertices":{"rawPosition":[],"indexes":[],"uv":[],"nuv":[],"minPos":{"x":0,"y":0,"z":0},"maxPos":{"x":0,"y":0,"z":0}},"packable":true,"pixelsToUnit":100,"pivot":{"x":0.5,"y":0.5},"meshType":0}],[0],0,[0],[0],[2]],[[{"name":"ct_cx3_00069","rect":{"x":1952,"y":652,"width":648,"height":242},"offset":{"x":6,"y":32},"originalSize":{"width":660,"height":350},"rotated":false,"capInsets":[0,0,0,0],"vertices":{"rawPosition":[],"indexes":[],"uv":[],"nuv":[],"minPos":{"x":0,"y":0,"z":0},"maxPos":{"x":0,"y":0,"z":0}},"packable":true,"pixelsToUnit":100,"pivot":{"x":0.5,"y":0.5},"meshType":0}],[0],0,[0],[0],[2]],[[{"name":"ct_cx3_00078","rect":{"x":2,"y":652,"width":648,"height":306},"offset":{"x":6,"y":1},"originalSize":{"width":660,"height":350},"rotated":false,"capInsets":[0,0,0,0],"vertices":{"rawPosition":[],"indexes":[],"uv":[],"nuv":[],"minPos":{"x":0,"y":0,"z":0},"maxPos":{"x":0,"y":0,"z":0}},"packable":true,"pixelsToUnit":100,"pivot":{"x":0.5,"y":0.5},"meshType":0}],[0],0,[0],[0],[2]],[[{"name":"ct_cx3_00073","rect":{"x":1190,"y":2,"width":648,"height":270},"offset":{"x":6,"y":18},"originalSize":{"width":660,"height":350},"rotated":true,"capInsets":[0,0,0,0],"vertices":{"rawPosition":[],"indexes":[],"uv":[],"nuv":[],"minPos":{"x":0,"y":0,"z":0},"maxPos":{"x":0,"y":0,"z":0}},"packable":true,"pixelsToUnit":100,"pivot":{"x":0.5,"y":0.5},"meshType":0}],[0],0,[0],[0],[2]],[[{"name":"ct_cx3_00063","rect":{"x":2874,"y":2,"width":636,"height":200},"offset":{"x":12,"y":53},"originalSize":{"width":660,"height":350},"rotated":true,"capInsets":[0,0,0,0],"vertices":{"rawPosition":[],"indexes":[],"uv":[],"nuv":[],"minPos":{"x":0,"y":0,"z":0},"maxPos":{"x":0,"y":0,"z":0}},"packable":true,"pixelsToUnit":100,"pivot":{"x":0.5,"y":0.5},"meshType":0}],[0],0,[0],[0],[2]],[[{"name":"ct_cx3_00034","rect":{"x":652,"y":938,"width":26,"height":18},"offset":{"x":-166,"y":144},"originalSize":{"width":660,"height":350},"rotated":false,"capInsets":[0,0,0,0],"vertices":{"rawPosition":[],"indexes":[],"uv":[],"nuv":[],"minPos":{"x":0,"y":0,"z":0},"maxPos":{"x":0,"y":0,"z":0}},"packable":true,"pixelsToUnit":100,"pivot":{"x":0.5,"y":0.5},"meshType":0}],[0],0,[0],[0],[2]],[[{"name":"ct_cx3_00042","rect":{"x":3628,"y":386,"width":448,"height":58},"offset":{"x":-21,"y":124},"originalSize":{"width":660,"height":350},"rotated":false,"capInsets":[0,0,0,0],"vertices":{"rawPosition":[],"indexes":[],"uv":[],"nuv":[],"minPos":{"x":0,"y":0,"z":0},"maxPos":{"x":0,"y":0,"z":0}},"packable":true,"pixelsToUnit":100,"pivot":{"x":0.5,"y":0.5},"meshType":0}],[0],0,[0],[0],[2]],[[{"name":"ct_cx3_00041","rect":{"x":3648,"y":264,"width":438,"height":52},"offset":{"x":-27,"y":128},"originalSize":{"width":660,"height":350},"rotated":false,"capInsets":[0,0,0,0],"vertices":{"rawPosition":[],"indexes":[],"uv":[],"nuv":[],"minPos":{"x":0,"y":0,"z":0},"maxPos":{"x":0,"y":0,"z":0}},"packable":true,"pixelsToUnit":100,"pivot":{"x":0.5,"y":0.5},"meshType":0}],[0],0,[0],[0],[2]],[[{"name":"ct_cx3_00036","rect":{"x":3796,"y":446,"width":64,"height":28},"offset":{"x":-148,"y":140},"originalSize":{"width":660,"height":350},"rotated":true,"capInsets":[0,0,0,0],"vertices":{"rawPosition":[],"indexes":[],"uv":[],"nuv":[],"minPos":{"x":0,"y":0,"z":0},"maxPos":{"x":0,"y":0,"z":0}},"packable":true,"pixelsToUnit":100,"pivot":{"x":0.5,"y":0.5},"meshType":0}],[0],0,[0],[0],[2]],[[{"name":"ct_cx3_00055","rect":{"x":954,"y":938,"width":496,"height":146},"offset":{"x":-26,"y":81},"originalSize":{"width":660,"height":350},"rotated":false,"capInsets":[0,0,0,0],"vertices":{"rawPosition":[],"indexes":[],"uv":[],"nuv":[],"minPos":{"x":0,"y":0,"z":0},"maxPos":{"x":0,"y":0,"z":0}},"packable":true,"pixelsToUnit":100,"pivot":{"x":0.5,"y":0.5},"meshType":0}],[0],0,[0],[0],[2]],[[{"name":"ct_cx3_00057","rect":{"x":3788,"y":576,"width":504,"height":158},"offset":{"x":-23,"y":74},"originalSize":{"width":660,"height":350},"rotated":true,"capInsets":[0,0,0,0],"vertices":{"rawPosition":[],"indexes":[],"uv":[],"nuv":[],"minPos":{"x":0,"y":0,"z":0},"maxPos":{"x":0,"y":0,"z":0}},"packable":true,"pixelsToUnit":100,"pivot":{"x":0.5,"y":0.5},"meshType":0}],[0],0,[0],[0],[2]],[[{"name":"ct_cx3_00067","rect":{"x":2210,"y":2,"width":648,"height":228},"offset":{"x":6,"y":39},"originalSize":{"width":660,"height":350},"rotated":true,"capInsets":[0,0,0,0],"vertices":{"rawPosition":[],"indexes":[],"uv":[],"nuv":[],"minPos":{"x":0,"y":0,"z":0},"maxPos":{"x":0,"y":0,"z":0}},"packable":true,"pixelsToUnit":100,"pivot":{"x":0.5,"y":0.5},"meshType":0}],[0],0,[0],[0],[2]],[[{"name":"ct_cx3_00061","rect":{"x":2058,"y":896,"width":618,"height":186},"offset":{"x":21,"y":60},"originalSize":{"width":660,"height":350},"rotated":false,"capInsets":[0,0,0,0],"vertices":{"rawPosition":[],"indexes":[],"uv":[],"nuv":[],"minPos":{"x":0,"y":0,"z":0},"maxPos":{"x":0,"y":0,"z":0}},"packable":true,"pixelsToUnit":100,"pivot":{"x":0.5,"y":0.5},"meshType":0}],[0],0,[0],[0],[2]],[[{"name":"ct_cx3_00072","rect":{"x":1302,"y":652,"width":648,"height":264},"offset":{"x":6,"y":22},"originalSize":{"width":660,"height":350},"rotated":false,"capInsets":[0,0,0,0],"vertices":{"rawPosition":[],"indexes":[],"uv":[],"nuv":[],"minPos":{"x":0,"y":0,"z":0},"maxPos":{"x":0,"y":0,"z":0}},"packable":true,"pixelsToUnit":100,"pivot":{"x":0.5,"y":0.5},"meshType":0}],[0],0,[0],[0],[2]],[[{"name":"ct_cx3_00076","rect":{"x":616,"y":2,"width":648,"height":292},"offset":{"x":6,"y":8},"originalSize":{"width":660,"height":350},"rotated":true,"capInsets":[0,0,0,0],"vertices":{"rawPosition":[],"indexes":[],"uv":[],"nuv":[],"minPos":{"x":0,"y":0,"z":0},"maxPos":{"x":0,"y":0,"z":0}},"packable":true,"pixelsToUnit":100,"pivot":{"x":0.5,"y":0.5},"meshType":0}],[0],0,[0],[0],[2]],[[{"name":"ct_cx3_00066","rect":{"x":2440,"y":2,"width":648,"height":222},"offset":{"x":6,"y":43},"originalSize":{"width":660,"height":350},"rotated":true,"capInsets":[0,0,0,0],"vertices":{"rawPosition":[],"indexes":[],"uv":[],"nuv":[],"minPos":{"x":0,"y":0,"z":0},"maxPos":{"x":0,"y":0,"z":0}},"packable":true,"pixelsToUnit":100,"pivot":{"x":0.5,"y":0.5},"meshType":0}],[0],0,[0],[0],[2]],[[{"name":"ct_cx3_00048","rect":{"x":3548,"y":610,"width":472,"height":98},"offset":{"x":-16,"y":104},"originalSize":{"width":660,"height":350},"rotated":true,"capInsets":[0,0,0,0],"vertices":{"rawPosition":[],"indexes":[],"uv":[],"nuv":[],"minPos":{"x":0,"y":0,"z":0},"maxPos":{"x":0,"y":0,"z":0}},"packable":true,"pixelsToUnit":100,"pivot":{"x":0.5,"y":0.5},"meshType":0}],[0],0,[0],[0],[2]],[[{"name":"ct_cx3_00054","rect":{"x":3648,"y":592,"width":494,"height":138},"offset":{"x":-27,"y":84},"originalSize":{"width":660,"height":350},"rotated":true,"capInsets":[0,0,0,0],"vertices":{"rawPosition":[],"indexes":[],"uv":[],"nuv":[],"minPos":{"x":0,"y":0,"z":0},"maxPos":{"x":0,"y":0,"z":0}},"packable":true,"pixelsToUnit":100,"pivot":{"x":0.5,"y":0.5},"meshType":0}],[0],0,[0],[0],[2]],[[{"name":"ct_cx3_00062","rect":{"x":3076,"y":2,"width":626,"height":194},"offset":{"x":17,"y":57},"originalSize":{"width":660,"height":350},"rotated":true,"capInsets":[0,0,0,0],"vertices":{"rawPosition":[],"indexes":[],"uv":[],"nuv":[],"minPos":{"x":0,"y":0,"z":0},"maxPos":{"x":0,"y":0,"z":0}},"packable":true,"pixelsToUnit":100,"pivot":{"x":0.5,"y":0.5},"meshType":0}],[0],0,[0],[0],[2]],[[{"name":"ct_cx3_00079","rect":{"x":2,"y":2,"width":648,"height":312},"offset":{"x":6,"y":-3},"originalSize":{"width":660,"height":350},"rotated":true,"capInsets":[0,0,0,0],"vertices":{"rawPosition":[],"indexes":[],"uv":[],"nuv":[],"minPos":{"x":0,"y":0,"z":0},"maxPos":{"x":0,"y":0,"z":0}},"packable":true,"pixelsToUnit":100,"pivot":{"x":0.5,"y":0.5},"meshType":0}],[0],0,[0],[0],[2]],[[{"name":"2022cuntian_2","spriteFrames":["ct_cx2_00033","eeAtjrh95AL4KQyQCHonu1@f4451","ct_cx2_00034","eeAtjrh95AL4KQyQCHonu1@9ab0f","ct_cx2_00035","eeAtjrh95AL4KQyQCHonu1@7f456","ct_cx2_00036","eeAtjrh95AL4KQyQCHonu1@b00c7","ct_cx2_00037","eeAtjrh95AL4KQyQCHonu1@38fb8","ct_cx2_00038","eeAtjrh95AL4KQyQCHonu1@a509e","ct_cx2_00039","eeAtjrh95AL4KQyQCHonu1@abd0c","ct_cx2_00040","eeAtjrh95AL4KQyQCHonu1@272a6","ct_cx2_00041","eeAtjrh95AL4KQyQCHonu1@44286","ct_cx2_00042","eeAtjrh95AL4KQyQCHonu1@b7aa1","ct_cx2_00043","eeAtjrh95AL4KQyQCHonu1@abc77","ct_cx2_00044","eeAtjrh95AL4KQyQCHonu1@f25b2","ct_cx2_00045","eeAtjrh95AL4KQyQCHonu1@a7ebb","ct_cx2_00046","eeAtjrh95AL4KQyQCHonu1@ad3dc","ct_cx2_00047","eeAtjrh95AL4KQyQCHonu1@05ecb","ct_cx2_00048","eeAtjrh95AL4KQyQCHonu1@6de51","ct_cx2_00049","eeAtjrh95AL4KQyQCHonu1@217d9","ct_cx2_00050","eeAtjrh95AL4KQyQCHonu1@3cd10","ct_cx2_00051","eeAtjrh95AL4KQyQCHonu1@e492b","ct_cx2_00052","eeAtjrh95AL4KQyQCHonu1@92067","ct_cx2_00053","eeAtjrh95AL4KQyQCHonu1@75a7b","ct_cx2_00054","eeAtjrh95AL4KQyQCHonu1@3f3b6","ct_cx2_00055","eeAtjrh95AL4KQyQCHonu1@37cb7","ct_cx2_00056","eeAtjrh95AL4KQyQCHonu1@b7fe4","ct_cx2_00057","eeAtjrh95AL4KQyQCHonu1@16c7b","ct_cx2_00058","eeAtjrh95AL4KQyQCHonu1@08a86","ct_cx2_00059","eeAtjrh95AL4KQyQCHonu1@609f0","ct_cx2_00060","eeAtjrh95AL4KQyQCHonu1@c4282","ct_cx2_00061","eeAtjrh95AL4KQyQCHonu1@896a7","ct_cx2_00062","eeAtjrh95AL4KQyQCHonu1@c4b07","ct_cx2_00063","eeAtjrh95AL4KQyQCHonu1@f5732","ct_cx2_00064","eeAtjrh95AL4KQyQCHonu1@e2284","ct_cx2_00065","eeAtjrh95AL4KQyQCHonu1@b4ae7","ct_cx2_00066","eeAtjrh95AL4KQyQCHonu1@ea850","ct_cx2_00067","eeAtjrh95AL4KQyQCHonu1@1288d","ct_cx2_00068","eeAtjrh95AL4KQyQCHonu1@26881","ct_cx2_00069","eeAtjrh95AL4KQyQCHonu1@fce24","ct_cx2_00070","eeAtjrh95AL4KQyQCHonu1@253d8","ct_cx2_00071","eeAtjrh95AL4KQyQCHonu1@033b3","ct_cx2_00072","eeAtjrh95AL4KQyQCHonu1@db01c","ct_cx2_00073","eeAtjrh95AL4KQyQCHonu1@115e1","ct_cx2_00074","eeAtjrh95AL4KQyQCHonu1@2d571","ct_cx2_00075","eeAtjrh95AL4KQyQCHonu1@2da70","ct_cx2_00076","eeAtjrh95AL4KQyQCHonu1@68e72","ct_cx2_00077","eeAtjrh95AL4KQyQCHonu1@347e3","ct_cx2_00078","eeAtjrh95AL4KQyQCHonu1@acd89","ct_cx2_00079","eeAtjrh95AL4KQyQCHonu1@edd45","ct_cx2_00080","eeAtjrh95AL4KQyQCHonu1@82b8e","ct_cx2_00081","eeAtjrh95AL4KQyQCHonu1@5ec76"]}],[2],0,[],[],[]],[[{"name":"ct_cx2_00071","rect":{"x":414,"y":894,"width":578,"height":78},"offset":{"x":25,"y":-88},"originalSize":{"width":660,"height":350},"rotated":true,"capInsets":[0,0,0,0],"vertices":{"rawPosition":[],"indexes":[],"uv":[],"nuv":[],"minPos":{"x":0,"y":0,"z":0},"maxPos":{"x":0,"y":0,"z":0}},"packable":true,"pixelsToUnit":100,"pivot":{"x":0.5,"y":0.5},"meshType":0}],[0],0,[0],[0],[1]],[[{"name":"ct_cx2_00047","rect":{"x":928,"y":2,"width":500,"height":78},"offset":{"x":-20,"y":76},"originalSize":{"width":660,"height":350},"rotated":true,"capInsets":[0,0,0,0],"vertices":{"rawPosition":[],"indexes":[],"uv":[],"nuv":[],"minPos":{"x":0,"y":0,"z":0},"maxPos":{"x":0,"y":0,"z":0}},"packable":true,"pixelsToUnit":100,"pivot":{"x":0.5,"y":0.5},"meshType":0}],[0],0,[0],[0],[1]],[[{"name":"ct_cx2_00058","rect":{"x":340,"y":262,"width":630,"height":78},"offset":{"x":15,"y":0},"originalSize":{"width":660,"height":350},"rotated":true,"capInsets":[0,0,0,0],"vertices":{"rawPosition":[],"indexes":[],"uv":[],"nuv":[],"minPos":{"x":0,"y":0,"z":0},"maxPos":{"x":0,"y":0,"z":0}},"packable":true,"pixelsToUnit":100,"pivot":{"x":0.5,"y":0.5},"meshType":0}],[0],0,[0],[0],[1]],[[{"name":"ct_cx2_00073","rect":{"x":164,"y":902,"width":580,"height":82},"offset":{"x":19,"y":-102},"originalSize":{"width":660,"height":350},"rotated":true,"capInsets":[0,0,0,0],"vertices":{"rawPosition":[],"indexes":[],"uv":[],"nuv":[],"minPos":{"x":0,"y":0,"z":0},"maxPos":{"x":0,"y":0,"z":0}},"packable":true,"pixelsToUnit":100,"pivot":{"x":0.5,"y":0.5},"meshType":0}],[0],0,[0],[0],[1]],[[{"name":"ct_cx2_00067","rect":{"x":248,"y":898,"width":576,"height":82},"offset":{"x":22,"y":-59},"originalSize":{"width":660,"height":350},"rotated":true,"capInsets":[0,0,0,0],"vertices":{"rawPosition":[],"indexes":[],"uv":[],"nuv":[],"minPos":{"x":0,"y":0,"z":0},"maxPos":{"x":0,"y":0,"z":0}},"packable":true,"pixelsToUnit":100,"pivot":{"x":0.5,"y":0.5},"meshType":0}],[0],0,[0],[0],[1]],[[{"name":"ct_cx2_00057","rect":{"x":170,"y":262,"width":632,"height":86},"offset":{"x":14,"y":7},"originalSize":{"width":660,"height":350},"rotated":true,"capInsets":[0,0,0,0],"vertices":{"rawPosition":[],"indexes":[],"uv":[],"nuv":[],"minPos":{"x":0,"y":0,"z":0},"maxPos":{"x":0,"y":0,"z":0}},"packable":true,"pixelsToUnit":100,"pivot":{"x":0.5,"y":0.5},"meshType":0}],[0],0,[0],[0],[1]],[[{"name":"ct_cx2_00049","rect":{"x":846,"y":508,"width":504,"height":80},"offset":{"x":-23,"y":63},"originalSize":{"width":660,"height":350},"rotated":true,"capInsets":[0,0,0,0],"vertices":{"rawPosition":[],"indexes":[],"uv":[],"nuv":[],"minPos":{"x":0,"y":0,"z":0},"maxPos":{"x":0,"y":0,"z":0}},"packable":true,"pixelsToUnit":100,"pivot":{"x":0.5,"y":0.5},"meshType":0}],[0],0,[0],[0],[1]],[[{"name":"ct_cx2_00070","rect":{"x":512,"y":262,"width":580,"height":82},"offset":{"x":25,"y":-80},"originalSize":{"width":660,"height":350},"rotated":true,"capInsets":[0,0,0,0],"vertices":{"rawPosition":[],"indexes":[],"uv":[],"nuv":[],"minPos":{"x":0,"y":0,"z":0},"maxPos":{"x":0,"y":0,"z":0}},"packable":true,"pixelsToUnit":100,"pivot":{"x":0.5,"y":0.5},"meshType":0}],[0],0,[0],[0],[1]],[[{"name":"ct_cx2_00068","rect":{"x":420,"y":262,"width":588,"height":90},"offset":{"x":25,"y":-67},"originalSize":{"width":660,"height":350},"rotated":true,"capInsets":[0,0,0,0],"vertices":{"rawPosition":[],"indexes":[],"uv":[],"nuv":[],"minPos":{"x":0,"y":0,"z":0},"maxPos":{"x":0,"y":0,"z":0}},"packable":true,"pixelsToUnit":100,"pivot":{"x":0.5,"y":0.5},"meshType":0}],[0],0,[0],[0],[1]],[[{"name":"ct_cx2_00040","rect":{"x":82,"y":1560,"width":448,"height":72},"offset":{"x":-54,"y":122},"originalSize":{"width":660,"height":350},"rotated":true,"capInsets":[0,0,0,0],"vertices":{"rawPosition":[],"indexes":[],"uv":[],"nuv":[],"minPos":{"x":0,"y":0,"z":0},"maxPos":{"x":0,"y":0,"z":0}},"packable":true,"pixelsToUnit":100,"pivot":{"x":0.5,"y":0.5},"meshType":0}],[0],0,[0],[0],[1]],[[{"name":"ct_cx2_00074","rect":{"x":494,"y":852,"width":578,"height":80},"offset":{"x":14,"y":-108},"originalSize":{"width":660,"height":350},"rotated":true,"capInsets":[0,0,0,0],"vertices":{"rawPosition":[],"indexes":[],"uv":[],"nuv":[],"minPos":{"x":0,"y":0,"z":0},"maxPos":{"x":0,"y":0,"z":0}},"packable":true,"pixelsToUnit":100,"pivot":{"x":0.5,"y":0.5},"meshType":0}],[0],0,[0],[0],[1]],[[{"name":"ct_cx2_00075","rect":{"x":576,"y":844,"width":570,"height":82},"offset":{"x":9,"y":-113},"originalSize":{"width":660,"height":350},"rotated":true,"capInsets":[0,0,0,0],"vertices":{"rawPosition":[],"indexes":[],"uv":[],"nuv":[],"minPos":{"x":0,"y":0,"z":0},"maxPos":{"x":0,"y":0,"z":0}},"packable":true,"pixelsToUnit":100,"pivot":{"x":0.5,"y":0.5},"meshType":0}],[0],0,[0],[0],[1]],[[{"name":"ct_cx2_00077","rect":{"x":556,"y":1432,"width":562,"height":76},"offset":{"x":11,"y":-125},"originalSize":{"width":660,"height":350},"rotated":true,"capInsets":[0,0,0,0],"vertices":{"rawPosition":[],"indexes":[],"uv":[],"nuv":[],"minPos":{"x":0,"y":0,"z":0},"maxPos":{"x":0,"y":0,"z":0}},"packable":true,"pixelsToUnit":100,"pivot":{"x":0.5,"y":0.5},"meshType":0}],[0],0,[0],[0],[1]],[[{"name":"ct_cx2_00055","rect":{"x":228,"y":1484,"width":534,"height":76},"offset":{"x":-43,"y":22},"originalSize":{"width":660,"height":350},"rotated":true,"capInsets":[0,0,0,0],"vertices":{"rawPosition":[],"indexes":[],"uv":[],"nuv":[],"minPos":{"x":0,"y":0,"z":0},"maxPos":{"x":0,"y":0,"z":0}},"packable":true,"pixelsToUnit":100,"pivot":{"x":0.5,"y":0.5},"meshType":0}],[0],0,[0],[0],[1]],[[{"name":"ct_cx2_00037","rect":{"x":678,"y":690,"width":96,"height":66},"offset":{"x":-162,"y":142},"originalSize":{"width":660,"height":350},"rotated":true,"capInsets":[0,0,0,0],"vertices":{"rawPosition":[],"indexes":[],"uv":[],"nuv":[],"minPos":{"x":0,"y":0,"z":0},"maxPos":{"x":0,"y":0,"z":0}},"packable":true,"pixelsToUnit":100,"pivot":{"x":0.5,"y":0.5},"meshType":0}],[0],0,[0],[0],[1]],[[{"name":"ct_cx2_00050","rect":{"x":760,"y":2,"width":508,"height":84},"offset":{"x":-22,"y":56},"originalSize":{"width":660,"height":350},"rotated":true,"capInsets":[0,0,0,0],"vertices":{"rawPosition":[],"indexes":[],"uv":[],"nuv":[],"minPos":{"x":0,"y":0,"z":0},"maxPos":{"x":0,"y":0,"z":0}},"packable":true,"pixelsToUnit":100,"pivot":{"x":0.5,"y":0.5},"meshType":0}],[0],0,[0],[0],[1]],[[{"name":"ct_cx2_00054","rect":{"x":380,"y":1476,"width":544,"height":84},"offset":{"x":-46,"y":29},"originalSize":{"width":660,"height":350},"rotated":true,"capInsets":[0,0,0,0],"vertices":{"rawPosition":[],"indexes":[],"uv":[],"nuv":[],"minPos":{"x":0,"y":0,"z":0},"maxPos":{"x":0,"y":0,"z":0}},"packable":true,"pixelsToUnit":100,"pivot":{"x":0.5,"y":0.5},"meshType":0}],[0],0,[0],[0],[1]],[[{"name":"ct_cx2_00041","rect":{"x":156,"y":1544,"width":468,"height":70},"offset":{"x":-40,"y":115},"originalSize":{"width":660,"height":350},"rotated":true,"capInsets":[0,0,0,0],"vertices":{"rawPosition":[],"indexes":[],"uv":[],"nuv":[],"minPos":{"x":0,"y":0,"z":0},"maxPos":{"x":0,"y":0,"z":0}},"packable":true,"pixelsToUnit":100,"pivot":{"x":0.5,"y":0.5},"meshType":0}],[0],0,[0],[0],[1]],[[{"name":"ct_cx2_00081","rect":{"x":742,"y":1142,"width":36,"height":30},"offset":{"x":-224,"y":-160},"originalSize":{"width":660,"height":350},"rotated":true,"capInsets":[0,0,0,0],"vertices":{"rawPosition":[],"indexes":[],"uv":[],"nuv":[],"minPos":{"x":0,"y":0,"z":0},"maxPos":{"x":0,"y":0,"z":0}},"packable":true,"pixelsToUnit":100,"pivot":{"x":0.5,"y":0.5},"meshType":0}],[0],0,[0],[0],[1]],[[{"name":"ct_cx2_00059","rect":{"x":84,"y":902,"width":640,"height":78},"offset":{"x":10,"y":-6},"originalSize":{"width":660,"height":350},"rotated":true,"capInsets":[0,0,0,0],"vertices":{"rawPosition":[],"indexes":[],"uv":[],"nuv":[],"minPos":{"x":0,"y":0,"z":0},"maxPos":{"x":0,"y":0,"z":0}},"packable":true,"pixelsToUnit":100,"pivot":{"x":0.5,"y":0.5},"meshType":0}],[0],0,[0],[0],[1]],[[{"name":"ct_cx2_00076","rect":{"x":660,"y":844,"width":568,"height":80},"offset":{"x":10,"y":-118},"originalSize":{"width":660,"height":350},"rotated":true,"capInsets":[0,0,0,0],"vertices":{"rawPosition":[],"indexes":[],"uv":[],"nuv":[],"minPos":{"x":0,"y":0,"z":0},"maxPos":{"x":0,"y":0,"z":0}},"packable":true,"pixelsToUnit":100,"pivot":{"x":0.5,"y":0.5},"meshType":0}],[0],0,[0],[0],[1]],[[{"name":"ct_cx2_00048","rect":{"x":846,"y":2,"width":504,"height":80},"offset":{"x":-21,"y":69},"originalSize":{"width":660,"height":350},"rotated":true,"capInsets":[0,0,0,0],"vertices":{"rawPosition":[],"indexes":[],"uv":[],"nuv":[],"minPos":{"x":0,"y":0,"z":0},"maxPos":{"x":0,"y":0,"z":0}},"packable":true,"pixelsToUnit":100,"pivot":{"x":0.5,"y":0.5},"meshType":0}],[0],0,[0],[0],[1]],[[{"name":"ct_cx2_00053","rect":{"x":678,"y":2,"width":514,"height":80},"offset":{"x":-42,"y":35},"originalSize":{"width":660,"height":350},"rotated":true,"capInsets":[0,0,0,0],"vertices":{"rawPosition":[],"indexes":[],"uv":[],"nuv":[],"minPos":{"x":0,"y":0,"z":0},"maxPos":{"x":0,"y":0,"z":0}},"packable":true,"pixelsToUnit":100,"pivot":{"x":0.5,"y":0.5},"meshType":0}],[0],0,[0],[0],[1]],[[{"name":"ct_cx2_00035","rect":{"x":634,"y":1974,"width":66,"height":48},"offset":{"x":-181,"y":151},"originalSize":{"width":660,"height":350},"rotated":false,"capInsets":[0,0,0,0],"vertices":{"rawPosition":[],"indexes":[],"uv":[],"nuv":[],"minPos":{"x":0,"y":0,"z":0},"maxPos":{"x":0,"y":0,"z":0}},"packable":true,"pixelsToUnit":100,"pivot":{"x":0.5,"y":0.5},"meshType":0}],[0],0,[0],[0],[1]],[[{"name":"ct_cx2_00080","rect":{"x":710,"y":1414,"width":516,"height":62},"offset":{"x":1,"y":-144},"originalSize":{"width":660,"height":350},"rotated":true,"capInsets":[0,0,0,0],"vertices":{"rawPosition":[],"indexes":[],"uv":[],"nuv":[],"minPos":{"x":0,"y":0,"z":0},"maxPos":{"x":0,"y":0,"z":0}},"packable":true,"pixelsToUnit":100,"pivot":{"x":0.5,"y":0.5},"meshType":0}],[0],0,[0],[0],[1]],[[{"name":"ct_cx2_00061","rect":{"x":2,"y":2,"width":654,"height":86},"offset":{"x":3,"y":-18},"originalSize":{"width":660,"height":350},"rotated":false,"capInsets":[0,0,0,0],"vertices":{"rawPosition":[],"indexes":[],"uv":[],"nuv":[],"minPos":{"x":0,"y":0,"z":0},"maxPos":{"x":0,"y":0,"z":0}},"packable":true,"pixelsToUnit":100,"pivot":{"x":0.5,"y":0.5},"meshType":0}],[0],0,[0],[0],[1]],[[{"name":"ct_cx2_00052","rect":{"x":774,"y":1142,"width":500,"height":80},"offset":{"x":-35,"y":40},"originalSize":{"width":660,"height":350},"rotated":true,"capInsets":[0,0,0,0],"vertices":{"rawPosition":[],"indexes":[],"uv":[],"nuv":[],"minPos":{"x":0,"y":0,"z":0},"maxPos":{"x":0,"y":0,"z":0}},"packable":true,"pixelsToUnit":100,"pivot":{"x":0.5,"y":0.5},"meshType":0}],[0],0,[0],[0],[1]],[[{"name":"ct_cx2_00034","rect":{"x":818,"y":1014,"width":50,"height":36},"offset":{"x":-182,"y":157},"originalSize":{"width":660,"height":350},"rotated":true,"capInsets":[0,0,0,0],"vertices":{"rawPosition":[],"indexes":[],"uv":[],"nuv":[],"minPos":{"x":0,"y":0,"z":0},"maxPos":{"x":0,"y":0,"z":0}},"packable":true,"pixelsToUnit":100,"pivot":{"x":0.5,"y":0.5},"meshType":0}],[0],0,[0],[0],[1]],[[{"name":"ct_cx2_00038","rect":{"x":742,"y":984,"width":156,"height":74},"offset":{"x":-181,"y":136},"originalSize":{"width":660,"height":350},"rotated":true,"capInsets":[0,0,0,0],"vertices":{"rawPosition":[],"indexes":[],"uv":[],"nuv":[],"minPos":{"x":0,"y":0,"z":0},"maxPos":{"x":0,"y":0,"z":0}},"packable":true,"pixelsToUnit":100,"pivot":{"x":0.5,"y":0.5},"meshType":0}],[0],0,[0],[0],[1]],[[{"name":"ct_cx2_00045","rect":{"x":760,"y":512,"width":470,"height":84},"offset":{"x":-8,"y":92},"originalSize":{"width":660,"height":350},"rotated":true,"capInsets":[0,0,0,0],"vertices":{"rawPosition":[],"indexes":[],"uv":[],"nuv":[],"minPos":{"x":0,"y":0,"z":0},"maxPos":{"x":0,"y":0,"z":0}},"packable":true,"pixelsToUnit":100,"pivot":{"x":0.5,"y":0.5},"meshType":0}],[0],0,[0],[0],[1]],[[{"name":"ct_cx2_00043","rect":{"x":856,"y":1502,"width":470,"height":72},"offset":{"x":-23,"y":103},"originalSize":{"width":660,"height":350},"rotated":true,"capInsets":[0,0,0,0],"vertices":{"rawPosition":[],"indexes":[],"uv":[],"nuv":[],"minPos":{"x":0,"y":0,"z":0},"maxPos":{"x":0,"y":0,"z":0}},"packable":true,"pixelsToUnit":100,"pivot":{"x":0.5,"y":0.5},"meshType":0}],[0],0,[0],[0],[1]],[[{"name":"ct_cx2_00039","rect":{"x":678,"y":518,"width":170,"height":70},"offset":{"x":-188,"y":129},"originalSize":{"width":660,"height":350},"rotated":true,"capInsets":[0,0,0,0],"vertices":{"rawPosition":[],"indexes":[],"uv":[],"nuv":[],"minPos":{"x":0,"y":0,"z":0},"maxPos":{"x":0,"y":0,"z":0}},"packable":true,"pixelsToUnit":100,"pivot":{"x":0.5,"y":0.5},"meshType":0}],[0],0,[0],[0],[1]],[[{"name":"ct_cx2_00078","rect":{"x":634,"y":1416,"width":556,"height":74},"offset":{"x":9,"y":-134},"originalSize":{"width":660,"height":350},"rotated":true,"capInsets":[0,0,0,0],"vertices":{"rawPosition":[],"indexes":[],"uv":[],"nuv":[],"minPos":{"x":0,"y":0,"z":0},"maxPos":{"x":0,"y":0,"z":0}},"packable":true,"pixelsToUnit":100,"pivot":{"x":0.5,"y":0.5},"meshType":0}],[0],0,[0],[0],[1]],[[{"name":"ct_cx2_00046","rect":{"x":856,"y":1014,"width":486,"height":80},"offset":{"x":-13,"y":84},"originalSize":{"width":660,"height":350},"rotated":true,"capInsets":[0,0,0,0],"vertices":{"rawPosition":[],"indexes":[],"uv":[],"nuv":[],"minPos":{"x":0,"y":0,"z":0},"maxPos":{"x":0,"y":0,"z":0}},"packable":true,"pixelsToUnit":100,"pivot":{"x":0.5,"y":0.5},"meshType":0}],[0],0,[0],[0],[1]],[[{"name":"ct_cx2_00036","rect":{"x":774,"y":1644,"width":84,"height":56},"offset":{"x":-170,"y":147},"originalSize":{"width":660,"height":350},"rotated":true,"capInsets":[0,0,0,0],"vertices":{"rawPosition":[],"indexes":[],"uv":[],"nuv":[],"minPos":{"x":0,"y":0,"z":0},"maxPos":{"x":0,"y":0,"z":0}},"packable":true,"pixelsToUnit":100,"pivot":{"x":0.5,"y":0.5},"meshType":0}],[0],0,[0],[0],[1]],[[{"name":"ct_cx2_00065","rect":{"x":84,"y":262,"width":638,"height":84},"offset":{"x":-11,"y":-45},"originalSize":{"width":660,"height":350},"rotated":true,"capInsets":[0,0,0,0],"vertices":{"rawPosition":[],"indexes":[],"uv":[],"nuv":[],"minPos":{"x":0,"y":0,"z":0},"maxPos":{"x":0,"y":0,"z":0}},"packable":true,"pixelsToUnit":100,"pivot":{"x":0.5,"y":0.5},"meshType":0}],[0],0,[0],[0],[1]],[[{"name":"ct_cx2_00042","rect":{"x":938,"y":1006,"width":474,"height":68},"offset":{"x":-32,"y":109},"originalSize":{"width":660,"height":350},"rotated":true,"capInsets":[0,0,0,0],"vertices":{"rawPosition":[],"indexes":[],"uv":[],"nuv":[],"minPos":{"x":0,"y":0,"z":0},"maxPos":{"x":0,"y":0,"z":0}},"packable":true,"pixelsToUnit":100,"pivot":{"x":0.5,"y":0.5},"meshType":0}],[0],0,[0],[0],[1]],[[{"name":"ct_cx2_00056","rect":{"x":466,"y":1474,"width":536,"height":88},"offset":{"x":-38,"y":14},"originalSize":{"width":660,"height":350},"rotated":true,"capInsets":[0,0,0,0],"vertices":{"rawPosition":[],"indexes":[],"uv":[],"nuv":[],"minPos":{"x":0,"y":0,"z":0},"maxPos":{"x":0,"y":0,"z":0}},"packable":true,"pixelsToUnit":100,"pivot":{"x":0.5,"y":0.5},"meshType":0}],[0],0,[0],[0],[1]],[[{"name":"ct_cx2_00060","rect":{"x":2,"y":912,"width":646,"height":80},"offset":{"x":7,"y":-14},"originalSize":{"width":660,"height":350},"rotated":true,"capInsets":[0,0,0,0],"vertices":{"rawPosition":[],"indexes":[],"uv":[],"nuv":[],"minPos":{"x":0,"y":0,"z":0},"maxPos":{"x":0,"y":0,"z":0}},"packable":true,"pixelsToUnit":100,"pivot":{"x":0.5,"y":0.5},"meshType":0}],[0],0,[0],[0],[1]],[[{"name":"ct_cx2_00062","rect":{"x":2,"y":90,"width":646,"height":84},"offset":{"x":3,"y":-24},"originalSize":{"width":660,"height":350},"rotated":false,"capInsets":[0,0,0,0],"vertices":{"rawPosition":[],"indexes":[],"uv":[],"nuv":[],"minPos":{"x":0,"y":0,"z":0},"maxPos":{"x":0,"y":0,"z":0}},"packable":true,"pixelsToUnit":100,"pivot":{"x":0.5,"y":0.5},"meshType":0}],[0],0,[0],[0],[1]],[[{"name":"ct_cx2_00072","rect":{"x":596,"y":262,"width":580,"height":80},"offset":{"x":22,"y":-95},"originalSize":{"width":660,"height":350},"rotated":true,"capInsets":[0,0,0,0],"vertices":{"rawPosition":[],"indexes":[],"uv":[],"nuv":[],"minPos":{"x":0,"y":0,"z":0},"maxPos":{"x":0,"y":0,"z":0}},"packable":true,"pixelsToUnit":100,"pivot":{"x":0.5,"y":0.5},"meshType":0}],[0],0,[0],[0],[1]],[[{"name":"ct_cx2_00064","rect":{"x":2,"y":176,"width":646,"height":84},"offset":{"x":-7,"y":-40},"originalSize":{"width":660,"height":350},"rotated":false,"capInsets":[0,0,0,0],"vertices":{"rawPosition":[],"indexes":[],"uv":[],"nuv":[],"minPos":{"x":0,"y":0,"z":0},"maxPos":{"x":0,"y":0,"z":0}},"packable":true,"pixelsToUnit":100,"pivot":{"x":0.5,"y":0.5},"meshType":0}],[0],0,[0],[0],[1]],[[{"name":"ct_cx2_00051","rect":{"x":928,"y":504,"width":500,"height":78},"offset":{"x":-25,"y":50},"originalSize":{"width":660,"height":350},"rotated":true,"capInsets":[0,0,0,0],"vertices":{"rawPosition":[],"indexes":[],"uv":[],"nuv":[],"minPos":{"x":0,"y":0,"z":0},"maxPos":{"x":0,"y":0,"z":0}},"packable":true,"pixelsToUnit":100,"pivot":{"x":0.5,"y":0.5},"meshType":0}],[0],0,[0],[0],[1]],[[{"name":"ct_cx2_00066","rect":{"x":258,"y":262,"width":634,"height":80},"offset":{"x":-13,"y":-53},"originalSize":{"width":660,"height":350},"rotated":true,"capInsets":[0,0,0,0],"vertices":{"rawPosition":[],"indexes":[],"uv":[],"nuv":[],"minPos":{"x":0,"y":0,"z":0},"maxPos":{"x":0,"y":0,"z":0}},"packable":true,"pixelsToUnit":100,"pivot":{"x":0.5,"y":0.5},"meshType":0}],[0],0,[0],[0],[1]],[[{"name":"ct_cx2_00079","rect":{"x":306,"y":1476,"width":546,"height":72},"offset":{"x":9,"y":-139},"originalSize":{"width":660,"height":350},"rotated":true,"capInsets":[0,0,0,0],"vertices":{"rawPosition":[],"indexes":[],"uv":[],"nuv":[],"minPos":{"x":0,"y":0,"z":0},"maxPos":{"x":0,"y":0,"z":0}},"packable":true,"pixelsToUnit":100,"pivot":{"x":0.5,"y":0.5},"meshType":0}],[0],0,[0],[0],[1]],[[{"name":"ct_cx2_00044","rect":{"x":2,"y":1560,"width":462,"height":78},"offset":{"x":-18,"y":100},"originalSize":{"width":660,"height":350},"rotated":true,"capInsets":[0,0,0,0],"vertices":{"rawPosition":[],"indexes":[],"uv":[],"nuv":[],"minPos":{"x":0,"y":0,"z":0},"maxPos":{"x":0,"y":0,"z":0}},"packable":true,"pixelsToUnit":100,"pivot":{"x":0.5,"y":0.5},"meshType":0}],[0],0,[0],[0],[1]],[[{"name":"ct_cx2_00033","rect":{"x":750,"y":518,"width":24,"height":8},"offset":{"x":-185,"y":170},"originalSize":{"width":660,"height":350},"rotated":true,"capInsets":[0,0,0,0],"vertices":{"rawPosition":[],"indexes":[],"uv":[],"nuv":[],"minPos":{"x":0,"y":0,"z":0},"maxPos":{"x":0,"y":0,"z":0}},"packable":true,"pixelsToUnit":100,"pivot":{"x":0.5,"y":0.5},"meshType":0}],[0],0,[0],[0],[1]],[[{"name":"ct_cx2_00063","rect":{"x":2,"y":262,"width":648,"height":80},"offset":{"x":-5,"y":-33},"originalSize":{"width":660,"height":350},"rotated":true,"capInsets":[0,0,0,0],"vertices":{"rawPosition":[],"indexes":[],"uv":[],"nuv":[],"minPos":{"x":0,"y":0,"z":0},"maxPos":{"x":0,"y":0,"z":0}},"packable":true,"pixelsToUnit":100,"pivot":{"x":0.5,"y":0.5},"meshType":0}],[0],0,[0],[0],[1]],[[{"name":"ct_cx2_00069","rect":{"x":332,"y":898,"width":576,"height":80},"offset":{"x":26,"y":-74},"originalSize":{"width":660,"height":350},"rotated":true,"capInsets":[0,0,0,0],"vertices":{"rawPosition":[],"indexes":[],"uv":[],"nuv":[],"minPos":{"x":0,"y":0,"z":0},"maxPos":{"x":0,"y":0,"z":0}},"packable":true,"pixelsToUnit":100,"pivot":{"x":0.5,"y":0.5},"meshType":0}],[0],0,[0],[0],[1]],[[{"name":"2022cuntian_1","spriteFrames":["ct_cx1_00035","efjJL5M39NfotUqzbmOqN1@86089","ct_cx1_00036","efjJL5M39NfotUqzbmOqN1@b59f6","ct_cx1_00037","efjJL5M39NfotUqzbmOqN1@f8558","ct_cx1_00038","efjJL5M39NfotUqzbmOqN1@28e1b","ct_cx1_00039","efjJL5M39NfotUqzbmOqN1@fe61a","ct_cx1_00040","efjJL5M39NfotUqzbmOqN1@701c1","ct_cx1_00041","efjJL5M39NfotUqzbmOqN1@f7d57","ct_cx1_00042","efjJL5M39NfotUqzbmOqN1@bbe11","ct_cx1_00043","efjJL5M39NfotUqzbmOqN1@6a87b","ct_cx1_00044","efjJL5M39NfotUqzbmOqN1@6b6a1","ct_cx1_00045","efjJL5M39NfotUqzbmOqN1@706e8","ct_cx1_00046","efjJL5M39NfotUqzbmOqN1@30eb6","ct_cx1_00047","efjJL5M39NfotUqzbmOqN1@4b70c","ct_cx1_00048","efjJL5M39NfotUqzbmOqN1@cc16e","ct_cx1_00049","efjJL5M39NfotUqzbmOqN1@f48d7","ct_cx1_00050","efjJL5M39NfotUqzbmOqN1@ef493","ct_cx1_00051","efjJL5M39NfotUqzbmOqN1@d6ff8","ct_cx1_00052","efjJL5M39NfotUqzbmOqN1@91b5d","ct_cx1_00053","efjJL5M39NfotUqzbmOqN1@55acb","ct_cx1_00054","efjJL5M39NfotUqzbmOqN1@f185d","ct_cx1_00055","efjJL5M39NfotUqzbmOqN1@d3e88","ct_cx1_00056","efjJL5M39NfotUqzbmOqN1@2fcc6","ct_cx1_00057","efjJL5M39NfotUqzbmOqN1@e8ded","ct_cx1_00058","efjJL5M39NfotUqzbmOqN1@1a611","ct_cx1_00059","efjJL5M39NfotUqzbmOqN1@56c5b","ct_cx1_00060","efjJL5M39NfotUqzbmOqN1@68867","ct_cx1_00061","efjJL5M39NfotUqzbmOqN1@33fef","ct_cx1_00062","efjJL5M39NfotUqzbmOqN1@c3d76","ct_cx1_00063","efjJL5M39NfotUqzbmOqN1@157eb","ct_cx1_00064","efjJL5M39NfotUqzbmOqN1@75064","ct_cx1_00065","efjJL5M39NfotUqzbmOqN1@72226","ct_cx1_00066","efjJL5M39NfotUqzbmOqN1@5a62b","ct_cx1_00067","efjJL5M39NfotUqzbmOqN1@97aa2","ct_cx1_00068","efjJL5M39NfotUqzbmOqN1@968e7","ct_cx1_00069","efjJL5M39NfotUqzbmOqN1@73312","ct_cx1_00070","efjJL5M39NfotUqzbmOqN1@8634a","ct_cx1_00071","efjJL5M39NfotUqzbmOqN1@e7ae8","ct_cx1_00072","efjJL5M39NfotUqzbmOqN1@1840b","ct_cx1_00073","efjJL5M39NfotUqzbmOqN1@19415","ct_cx1_00074","efjJL5M39NfotUqzbmOqN1@4a584","ct_cx1_00075","efjJL5M39NfotUqzbmOqN1@4f478","ct_cx1_00076","efjJL5M39NfotUqzbmOqN1@50914","ct_cx1_00077","efjJL5M39NfotUqzbmOqN1@5f6d1","ct_cx1_00078","efjJL5M39NfotUqzbmOqN1@19942","ct_cx1_00079","efjJL5M39NfotUqzbmOqN1@6a4f3","ct_cx1_00080","efjJL5M39NfotUqzbmOqN1@e6f26","ct_cx1_00081","efjJL5M39NfotUqzbmOqN1@a566a","ct_cx1_00082","efjJL5M39NfotUqzbmOqN1@e7b01","ct_cx1_00083","efjJL5M39NfotUqzbmOqN1@fece4","ct_cx1_00084","efjJL5M39NfotUqzbmOqN1@6f359","ct_cx1_00085","efjJL5M39NfotUqzbmOqN1@21cfc","ct_cx1_00086","efjJL5M39NfotUqzbmOqN1@d1715","ct_cx1_00087","efjJL5M39NfotUqzbmOqN1@847e7","ct_cx1_00088","efjJL5M39NfotUqzbmOqN1@3e40f","ct_cx1_00089","efjJL5M39NfotUqzbmOqN1@934d8","ct_cx1_00090","efjJL5M39NfotUqzbmOqN1@70b41","ct_cx1_00091","efjJL5M39NfotUqzbmOqN1@47c18","ct_cx1_00092","efjJL5M39NfotUqzbmOqN1@f0e06","ct_cx1_00093","efjJL5M39NfotUqzbmOqN1@d2940","ct_cx1_00094","efjJL5M39NfotUqzbmOqN1@1865f","ct_cx1_00095","efjJL5M39NfotUqzbmOqN1@4e630","ct_cx1_00096","efjJL5M39NfotUqzbmOqN1@4146c"]}],[2],0,[],[],[]],[[{"name":"ct_cx1_00063","rect":{"x":1028,"y":850,"width":366,"height":168},"offset":{"x":17,"y":45},"originalSize":{"width":400,"height":260},"rotated":false,"capInsets":[0,0,0,0],"vertices":{"rawPosition":[],"indexes":[],"uv":[],"nuv":[],"minPos":{"x":0,"y":0,"z":0},"maxPos":{"x":0,"y":0,"z":0}},"packable":true,"pixelsToUnit":100,"pivot":{"x":0.5,"y":0.5},"meshType":0}],[0],0,[0],[0],[0]],[[{"name":"ct_cx1_00072","rect":{"x":2,"y":994,"width":384,"height":204},"offset":{"x":-8,"y":20},"originalSize":{"width":400,"height":260},"rotated":true,"capInsets":[0,0,0,0],"vertices":{"rawPosition":[],"indexes":[],"uv":[],"nuv":[],"minPos":{"x":0,"y":0,"z":0},"maxPos":{"x":0,"y":0,"z":0}},"packable":true,"pixelsToUnit":100,"pivot":{"x":0.5,"y":0.5},"meshType":0}],[0],0,[0],[0],[0]],[[{"name":"ct_cx1_00094","rect":{"x":914,"y":1876,"width":330,"height":164},"offset":{"x":-35,"y":-15},"originalSize":{"width":400,"height":260},"rotated":false,"capInsets":[0,0,0,0],"vertices":{"rawPosition":[],"indexes":[],"uv":[],"nuv":[],"minPos":{"x":0,"y":0,"z":0},"maxPos":{"x":0,"y":0,"z":0}},"packable":true,"pixelsToUnit":100,"pivot":{"x":0.5,"y":0.5},"meshType":0}],[0],0,[0],[0],[0]],[[{"name":"ct_cx1_00073","rect":{"x":1132,"y":2,"width":376,"height":212},"offset":{"x":-7,"y":19},"originalSize":{"width":400,"height":260},"rotated":false,"capInsets":[0,0,0,0],"vertices":{"rawPosition":[],"indexes":[],"uv":[],"nuv":[],"minPos":{"x":0,"y":0,"z":0},"maxPos":{"x":0,"y":0,"z":0}},"packable":true,"pixelsToUnit":100,"pivot":{"x":0.5,"y":0.5},"meshType":0}],[0],0,[0],[0],[0]],[[{"name":"ct_cx1_00078","rect":{"x":410,"y":940,"width":362,"height":226},"offset":{"x":-14,"y":13},"originalSize":{"width":400,"height":260},"rotated":true,"capInsets":[0,0,0,0],"vertices":{"rawPosition":[],"indexes":[],"uv":[],"nuv":[],"minPos":{"x":0,"y":0,"z":0},"maxPos":{"x":0,"y":0,"z":0}},"packable":true,"pixelsToUnit":100,"pivot":{"x":0.5,"y":0.5},"meshType":0}],[0],0,[0],[0],[0]],[[{"name":"ct_cx1_00058","rect":{"x":390,"y":1720,"width":326,"height":152},"offset":{"x":-16,"y":54},"originalSize":{"width":400,"height":260},"rotated":true,"capInsets":[0,0,0,0],"vertices":{"rawPosition":[],"indexes":[],"uv":[],"nuv":[],"minPos":{"x":0,"y":0,"z":0},"maxPos":{"x":0,"y":0,"z":0}},"packable":true,"pixelsToUnit":100,"pivot":{"x":0.5,"y":0.5},"meshType":0}],[0],0,[0],[0],[0]],[[{"name":"ct_cx1_00085","rect":{"x":1006,"y":1020,"width":346,"height":228},"offset":{"x":-22,"y":11},"originalSize":{"width":400,"height":260},"rotated":false,"capInsets":[0,0,0,0],"vertices":{"rawPosition":[],"indexes":[],"uv":[],"nuv":[],"minPos":{"x":0,"y":0,"z":0},"maxPos":{"x":0,"y":0,"z":0}},"packable":true,"pixelsToUnit":100,"pivot":{"x":0.5,"y":0.5},"meshType":0}],[0],0,[0],[0],[0]],[[{"name":"ct_cx1_00038","rect":{"x":1482,"y":216,"width":26,"height":40},"offset":{"x":-59,"y":81},"originalSize":{"width":400,"height":260},"rotated":false,"capInsets":[0,0,0,0],"vertices":{"rawPosition":[],"indexes":[],"uv":[],"nuv":[],"minPos":{"x":0,"y":0,"z":0},"maxPos":{"x":0,"y":0,"z":0}},"packable":true,"pixelsToUnit":100,"pivot":{"x":0.5,"y":0.5},"meshType":0}],[0],0,[0],[0],[0]],[[{"name":"ct_cx1_00056","rect":{"x":1396,"y":842,"width":310,"height":150},"offset":{"x":-13,"y":55},"originalSize":{"width":400,"height":260},"rotated":false,"capInsets":[0,0,0,0],"vertices":{"rawPosition":[],"indexes":[],"uv":[],"nuv":[],"minPos":{"x":0,"y":0,"z":0},"maxPos":{"x":0,"y":0,"z":0}},"packable":true,"pixelsToUnit":100,"pivot":{"x":0.5,"y":0.5},"meshType":0}],[0],0,[0],[0],[0]],[[{"name":"ct_cx1_00046","rect":{"x":1246,"y":1944,"width":256,"height":102},"offset":{"x":13,"y":68},"originalSize":{"width":400,"height":260},"rotated":false,"capInsets":[0,0,0,0],"vertices":{"rawPosition":[],"indexes":[],"uv":[],"nuv":[],"minPos":{"x":0,"y":0,"z":0},"maxPos":{"x":0,"y":0,"z":0}},"packable":true,"pixelsToUnit":100,"pivot":{"x":0.5,"y":0.5},"meshType":0}],[0],0,[0],[0],[0]],[[{"name":"ct_cx1_00061","rect":{"x":638,"y":936,"width":392,"height":170},"offset":{"x":2,"y":45},"originalSize":{"width":400,"height":260},"rotated":true,"capInsets":[0,0,0,0],"vertices":{"rawPosition":[],"indexes":[],"uv":[],"nuv":[],"minPos":{"x":0,"y":0,"z":0},"maxPos":{"x":0,"y":0,"z":0}},"packable":true,"pixelsToUnit":100,"pivot":{"x":0.5,"y":0.5},"meshType":0}],[0],0,[0],[0],[0]],[[{"name":"ct_cx1_00088","rect":{"x":1510,"y":2,"width":344,"height":208},"offset":{"x":-28,"y":4},"originalSize":{"width":400,"height":260},"rotated":true,"capInsets":[0,0,0,0],"vertices":{"rawPosition":[],"indexes":[],"uv":[],"nuv":[],"minPos":{"x":0,"y":0,"z":0},"maxPos":{"x":0,"y":0,"z":0}},"packable":true,"pixelsToUnit":100,"pivot":{"x":0.5,"y":0.5},"meshType":0}],[0],0,[0],[0],[0]],[[{"name":"ct_cx1_00096","rect":{"x":544,"y":1720,"width":320,"height":156},"offset":{"x":-36,"y":-18},"originalSize":{"width":400,"height":260},"rotated":true,"capInsets":[0,0,0,0],"vertices":{"rawPosition":[],"indexes":[],"uv":[],"nuv":[],"minPos":{"x":0,"y":0,"z":0},"maxPos":{"x":0,"y":0,"z":0}},"packable":true,"pixelsToUnit":100,"pivot":{"x":0.5,"y":0.5},"meshType":0}],[0],0,[0],[0],[0]],[[{"name":"ct_cx1_00091","rect":{"x":1438,"y":348,"width":336,"height":216},"offset":{"x":-32,"y":10},"originalSize":{"width":400,"height":260},"rotated":true,"capInsets":[0,0,0,0],"vertices":{"rawPosition":[],"indexes":[],"uv":[],"nuv":[],"minPos":{"x":0,"y":0,"z":0},"maxPos":{"x":0,"y":0,"z":0}},"packable":true,"pixelsToUnit":100,"pivot":{"x":0.5,"y":0.5},"meshType":0}],[0],0,[0],[0],[0]],[[{"name":"ct_cx1_00074","rect":{"x":366,"y":2,"width":378,"height":218},"offset":{"x":-11,"y":18},"originalSize":{"width":400,"height":260},"rotated":false,"capInsets":[0,0,0,0],"vertices":{"rawPosition":[],"indexes":[],"uv":[],"nuv":[],"minPos":{"x":0,"y":0,"z":0},"maxPos":{"x":0,"y":0,"z":0}},"packable":true,"pixelsToUnit":100,"pivot":{"x":0.5,"y":0.5},"meshType":0}],[0],0,[0],[0],[0]],[[{"name":"ct_cx1_00047","rect":{"x":1332,"y":1838,"width":274,"height":104},"offset":{"x":18,"y":70},"originalSize":{"width":400,"height":260},"rotated":false,"capInsets":[0,0,0,0],"vertices":{"rawPosition":[],"indexes":[],"uv":[],"nuv":[],"minPos":{"x":0,"y":0,"z":0},"maxPos":{"x":0,"y":0,"z":0}},"packable":true,"pixelsToUnit":100,"pivot":{"x":0.5,"y":0.5},"meshType":0}],[0],0,[0],[0],[0]],[[{"name":"ct_cx1_00095","rect":{"x":636,"y":612,"width":322,"height":166},"offset":{"x":-34,"y":-13},"originalSize":{"width":400,"height":260},"rotated":true,"capInsets":[0,0,0,0],"vertices":{"rawPosition":[],"indexes":[],"uv":[],"nuv":[],"minPos":{"x":0,"y":0,"z":0},"maxPos":{"x":0,"y":0,"z":0}},"packable":true,"pixelsToUnit":100,"pivot":{"x":0.5,"y":0.5},"meshType":0}],[0],0,[0],[0],[0]],[[{"name":"ct_cx1_00075","rect":{"x":1036,"y":216,"width":360,"height":226},"offset":{"x":-4,"y":15},"originalSize":{"width":400,"height":260},"rotated":false,"capInsets":[0,0,0,0],"vertices":{"rawPosition":[],"indexes":[],"uv":[],"nuv":[],"minPos":{"x":0,"y":0,"z":0},"maxPos":{"x":0,"y":0,"z":0}},"packable":true,"pixelsToUnit":100,"pivot":{"x":0.5,"y":0.5},"meshType":0}],[0],0,[0],[0],[0]],[[{"name":"ct_cx1_00076","rect":{"x":804,"y":210,"width":358,"height":230},"offset":{"x":-7,"y":15},"originalSize":{"width":400,"height":260},"rotated":true,"capInsets":[0,0,0,0],"vertices":{"rawPosition":[],"indexes":[],"uv":[],"nuv":[],"minPos":{"x":0,"y":0,"z":0},"maxPos":{"x":0,"y":0,"z":0}},"packable":true,"pixelsToUnit":100,"pivot":{"x":0.5,"y":0.5},"meshType":0}],[0],0,[0],[0],[0]],[[{"name":"ct_cx1_00053","rect":{"x":1332,"y":1464,"width":298,"height":134},"offset":{"x":-4,"y":63},"originalSize":{"width":400,"height":260},"rotated":false,"capInsets":[0,0,0,0],"vertices":{"rawPosition":[],"indexes":[],"uv":[],"nuv":[],"minPos":{"x":0,"y":0,"z":0},"maxPos":{"x":0,"y":0,"z":0}},"packable":true,"pixelsToUnit":100,"pivot":{"x":0.5,"y":0.5},"meshType":0}],[0],0,[0],[0],[0]],[[{"name":"ct_cx1_00059","rect":{"x":238,"y":242,"width":384,"height":160},"offset":{"x":8,"y":50},"originalSize":{"width":400,"height":260},"rotated":true,"capInsets":[0,0,0,0],"vertices":{"rawPosition":[],"indexes":[],"uv":[],"nuv":[],"minPos":{"x":0,"y":0,"z":0},"maxPos":{"x":0,"y":0,"z":0}},"packable":true,"pixelsToUnit":100,"pivot":{"x":0.5,"y":0.5},"meshType":0}],[0],0,[0],[0],[0]],[[{"name":"ct_cx1_00066","rect":{"x":212,"y":628,"width":368,"height":186},"offset":{"x":11,"y":37},"originalSize":{"width":400,"height":260},"rotated":true,"capInsets":[0,0,0,0],"vertices":{"rawPosition":[],"indexes":[],"uv":[],"nuv":[],"minPos":{"x":0,"y":0,"z":0},"maxPos":{"x":0,"y":0,"z":0}},"packable":true,"pixelsToUnit":100,"pivot":{"x":0.5,"y":0.5},"meshType":0}],[0],0,[0],[0],[0]],[[{"name":"ct_cx1_00077","rect":{"x":804,"y":570,"width":362,"height":222},"offset":{"x":-10,"y":12},"originalSize":{"width":400,"height":260},"rotated":true,"capInsets":[0,0,0,0],"vertices":{"rawPosition":[],"indexes":[],"uv":[],"nuv":[],"minPos":{"x":0,"y":0,"z":0},"maxPos":{"x":0,"y":0,"z":0}},"packable":true,"pixelsToUnit":100,"pivot":{"x":0.5,"y":0.5},"meshType":0}],[0],0,[0],[0],[0]],[[{"name":"ct_cx1_00060","rect":{"x":638,"y":222,"width":388,"height":164},"offset":{"x":6,"y":48},"originalSize":{"width":400,"height":260},"rotated":true,"capInsets":[0,0,0,0],"vertices":{"rawPosition":[],"indexes":[],"uv":[],"nuv":[],"minPos":{"x":0,"y":0,"z":0},"maxPos":{"x":0,"y":0,"z":0}},"packable":true,"pixelsToUnit":100,"pivot":{"x":0.5,"y":0.5},"meshType":0}],[0],0,[0],[0],[0]],[[{"name":"ct_cx1_00079","rect":{"x":2,"y":242,"width":364,"height":234},"offset":{"x":-17,"y":13},"originalSize":{"width":400,"height":260},"rotated":true,"capInsets":[0,0,0,0],"vertices":{"rawPosition":[],"indexes":[],"uv":[],"nuv":[],"minPos":{"x":0,"y":0,"z":0},"maxPos":{"x":0,"y":0,"z":0}},"packable":true,"pixelsToUnit":100,"pivot":{"x":0.5,"y":0.5},"meshType":0}],[0],0,[0],[0],[0]],[[{"name":"ct_cx1_00043","rect":{"x":1254,"y":1660,"width":230,"height":76},"offset":{"x":17,"y":74},"originalSize":{"width":400,"height":260},"rotated":true,"capInsets":[0,0,0,0],"vertices":{"rawPosition":[],"indexes":[],"uv":[],"nuv":[],"minPos":{"x":0,"y":0,"z":0},"maxPos":{"x":0,"y":0,"z":0}},"packable":true,"pixelsToUnit":100,"pivot":{"x":0.5,"y":0.5},"meshType":0}],[0],0,[0],[0],[0]],[[{"name":"ct_cx1_00044","rect":{"x":1632,"y":1464,"width":240,"height":78},"offset":{"x":16,"y":75},"originalSize":{"width":400,"height":260},"rotated":true,"capInsets":[0,0,0,0],"vertices":{"rawPosition":[],"indexes":[],"uv":[],"nuv":[],"minPos":{"x":0,"y":0,"z":0},"maxPos":{"x":0,"y":0,"z":0}},"packable":true,"pixelsToUnit":100,"pivot":{"x":0.5,"y":0.5},"meshType":0}],[0],0,[0],[0],[0]],[[{"name":"ct_cx1_00084","rect":{"x":986,"y":1432,"width":344,"height":226},"offset":{"x":-19,"y":8},"originalSize":{"width":400,"height":260},"rotated":false,"capInsets":[0,0,0,0],"vertices":{"rawPosition":[],"indexes":[],"uv":[],"nuv":[],"minPos":{"x":0,"y":0,"z":0},"maxPos":{"x":0,"y":0,"z":0}},"packable":true,"pixelsToUnit":100,"pivot":{"x":0.5,"y":0.5},"meshType":0}],[0],0,[0],[0],[0]],[[{"name":"ct_cx1_00040","rect":{"x":1656,"y":348,"width":78,"height":60},"offset":{"x":-43,"y":75},"originalSize":{"width":400,"height":260},"rotated":true,"capInsets":[0,0,0,0],"vertices":{"rawPosition":[],"indexes":[],"uv":[],"nuv":[],"minPos":{"x":0,"y":0,"z":0},"maxPos":{"x":0,"y":0,"z":0}},"packable":true,"pixelsToUnit":100,"pivot":{"x":0.5,"y":0.5},"meshType":0}],[0],0,[0],[0],[0]],[[{"name":"ct_cx1_00045","rect":{"x":1610,"y":1732,"width":250,"height":92},"offset":{"x":15,"y":71},"originalSize":{"width":400,"height":260},"rotated":true,"capInsets":[0,0,0,0],"vertices":{"rawPosition":[],"indexes":[],"uv":[],"nuv":[],"minPos":{"x":0,"y":0,"z":0},"maxPos":{"x":0,"y":0,"z":0}},"packable":true,"pixelsToUnit":100,"pivot":{"x":0.5,"y":0.5},"meshType":0}],[0],0,[0],[0],[0]],[[{"name":"ct_cx1_00090","rect":{"x":914,"y":1660,"width":338,"height":214},"offset":{"x":-30,"y":8},"originalSize":{"width":400,"height":260},"rotated":false,"capInsets":[0,0,0,0],"vertices":{"rawPosition":[],"indexes":[],"uv":[],"nuv":[],"minPos":{"x":0,"y":0,"z":0},"maxPos":{"x":0,"y":0,"z":0}},"packable":true,"pixelsToUnit":100,"pivot":{"x":0.5,"y":0.5},"meshType":0}],[0],0,[0],[0],[0]],[[{"name":"ct_cx1_00065","rect":{"x":204,"y":1380,"width":370,"height":184},"offset":{"x":13,"y":38},"originalSize":{"width":400,"height":260},"rotated":true,"capInsets":[0,0,0,0],"vertices":{"rawPosition":[],"indexes":[],"uv":[],"nuv":[],"minPos":{"x":0,"y":0,"z":0},"maxPos":{"x":0,"y":0,"z":0}},"packable":true,"pixelsToUnit":100,"pivot":{"x":0.5,"y":0.5},"meshType":0}],[0],0,[0],[0],[0]],[[{"name":"ct_cx1_00069","rect":{"x":2,"y":1380,"width":374,"height":200},"offset":{"x":0,"y":30},"originalSize":{"width":400,"height":260},"rotated":true,"capInsets":[0,0,0,0],"vertices":{"rawPosition":[],"indexes":[],"uv":[],"nuv":[],"minPos":{"x":0,"y":0,"z":0},"maxPos":{"x":0,"y":0,"z":0}},"packable":true,"pixelsToUnit":100,"pivot":{"x":0.5,"y":0.5},"meshType":0}],[0],0,[0],[0],[0]],[[{"name":"ct_cx1_00064","rect":{"x":1006,"y":1250,"width":370,"height":180},"offset":{"x":15,"y":39},"originalSize":{"width":400,"height":260},"rotated":false,"capInsets":[0,0,0,0],"vertices":{"rawPosition":[],"indexes":[],"uv":[],"nuv":[],"minPos":{"x":0,"y":0,"z":0},"maxPos":{"x":0,"y":0,"z":0}},"packable":true,"pixelsToUnit":100,"pivot":{"x":0.5,"y":0.5},"meshType":0}],[0],0,[0],[0],[0]],[[{"name":"ct_cx1_00087","rect":{"x":612,"y":1330,"width":346,"height":206},"offset":{"x":-27,"y":2},"originalSize":{"width":400,"height":260},"rotated":true,"capInsets":[0,0,0,0],"vertices":{"rawPosition":[],"indexes":[],"uv":[],"nuv":[],"minPos":{"x":0,"y":0,"z":0},"maxPos":{"x":0,"y":0,"z":0}},"packable":true,"pixelsToUnit":100,"pivot":{"x":0.5,"y":0.5},"meshType":0}],[0],0,[0],[0],[0]],[[{"name":"ct_cx1_00035","rect":{"x":1674,"y":1706,"width":22,"height":24},"offset":{"x":-46,"y":86},"originalSize":{"width":400,"height":260},"rotated":false,"capInsets":[0,0,0,0],"vertices":{"rawPosition":[],"indexes":[],"uv":[],"nuv":[],"minPos":{"x":0,"y":0,"z":0},"maxPos":{"x":0,"y":0,"z":0}},"packable":true,"pixelsToUnit":100,"pivot":{"x":0.5,"y":0.5},"meshType":0}],[0],0,[0],[0],[0]],[[{"name":"ct_cx1_00070","rect":{"x":2,"y":608,"width":384,"height":208},"offset":{"x":1,"y":26},"originalSize":{"width":400,"height":260},"rotated":true,"capInsets":[0,0,0,0],"vertices":{"rawPosition":[],"indexes":[],"uv":[],"nuv":[],"minPos":{"x":0,"y":0,"z":0},"maxPos":{"x":0,"y":0,"z":0}},"packable":true,"pixelsToUnit":100,"pivot":{"x":0.5,"y":0.5},"meshType":0}],[0],0,[0],[0],[0]],[[{"name":"ct_cx1_00052","rect":{"x":1332,"y":1600,"width":298,"height":130},"offset":{"x":2,"y":65},"originalSize":{"width":400,"height":260},"rotated":false,"capInsets":[0,0,0,0],"vertices":{"rawPosition":[],"indexes":[],"uv":[],"nuv":[],"minPos":{"x":0,"y":0,"z":0},"maxPos":{"x":0,"y":0,"z":0}},"packable":true,"pixelsToUnit":100,"pivot":{"x":0.5,"y":0.5},"meshType":0}],[0],0,[0],[0],[0]],[[{"name":"ct_cx1_00089","rect":{"x":702,"y":1678,"width":340,"height":210},"offset":{"x":-29,"y":6},"originalSize":{"width":400,"height":260},"rotated":true,"capInsets":[0,0,0,0],"vertices":{"rawPosition":[],"indexes":[],"uv":[],"nuv":[],"minPos":{"x":0,"y":0,"z":0},"maxPos":{"x":0,"y":0,"z":0}},"packable":true,"pixelsToUnit":100,"pivot":{"x":0.5,"y":0.5},"meshType":0}],[0],0,[0],[0],[0]],[[{"name":"ct_cx1_00068","rect":{"x":208,"y":998,"width":372,"height":200},"offset":{"x":4,"y":30},"originalSize":{"width":400,"height":260},"rotated":true,"capInsets":[0,0,0,0],"vertices":{"rawPosition":[],"indexes":[],"uv":[],"nuv":[],"minPos":{"x":0,"y":0,"z":0},"maxPos":{"x":0,"y":0,"z":0}},"packable":true,"pixelsToUnit":100,"pivot":{"x":0.5,"y":0.5},"meshType":0}],[0],0,[0],[0],[0]],[[{"name":"ct_cx1_00067","rect":{"x":810,"y":934,"width":370,"height":194},"offset":{"x":7,"y":33},"originalSize":{"width":400,"height":260},"rotated":true,"capInsets":[0,0,0,0],"vertices":{"rawPosition":[],"indexes":[],"uv":[],"nuv":[],"minPos":{"x":0,"y":0,"z":0},"maxPos":{"x":0,"y":0,"z":0}},"packable":true,"pixelsToUnit":100,"pivot":{"x":0.5,"y":0.5},"meshType":0}],[0],0,[0],[0],[0]],[[{"name":"ct_cx1_00081","rect":{"x":400,"y":582,"width":356,"height":234},"offset":{"x":-18,"y":9},"originalSize":{"width":400,"height":260},"rotated":true,"capInsets":[0,0,0,0],"vertices":{"rawPosition":[],"indexes":[],"uv":[],"nuv":[],"minPos":{"x":0,"y":0,"z":0},"maxPos":{"x":0,"y":0,"z":0}},"packable":true,"pixelsToUnit":100,"pivot":{"x":0.5,"y":0.5},"meshType":0}],[0],0,[0],[0],[0]],[[{"name":"ct_cx1_00036","rect":{"x":366,"y":222,"width":22,"height":16},"offset":{"x":-50,"y":91},"originalSize":{"width":400,"height":260},"rotated":false,"capInsets":[0,0,0,0],"vertices":{"rawPosition":[],"indexes":[],"uv":[],"nuv":[],"minPos":{"x":0,"y":0,"z":0},"maxPos":{"x":0,"y":0,"z":0}},"packable":true,"pixelsToUnit":100,"pivot":{"x":0.5,"y":0.5},"meshType":0}],[0],0,[0],[0],[0]],[[{"name":"ct_cx1_00042","rect":{"x":1398,"y":216,"width":82,"height":68},"offset":{"x":-53,"y":75},"originalSize":{"width":400,"height":260},"rotated":false,"capInsets":[0,0,0,0],"vertices":{"rawPosition":[],"indexes":[],"uv":[],"nuv":[],"minPos":{"x":0,"y":0,"z":0},"maxPos":{"x":0,"y":0,"z":0}},"packable":true,"pixelsToUnit":100,"pivot":{"x":0.5,"y":0.5},"meshType":0}],[0],0,[0],[0],[0]],[[{"name":"ct_cx1_00062","rect":{"x":1036,"y":444,"width":400,"height":168},"offset":{"x":0,"y":46},"originalSize":{"width":400,"height":260},"rotated":false,"capInsets":[0,0,0,0],"vertices":{"rawPosition":[],"indexes":[],"uv":[],"nuv":[],"minPos":{"x":0,"y":0,"z":0},"maxPos":{"x":0,"y":0,"z":0}},"packable":true,"pixelsToUnit":100,"pivot":{"x":0.5,"y":0.5},"meshType":0}],[0],0,[0],[0],[0]],[[{"name":"ct_cx1_00048","rect":{"x":1332,"y":1732,"width":276,"height":104},"offset":{"x":13,"y":71},"originalSize":{"width":400,"height":260},"rotated":false,"capInsets":[0,0,0,0],"vertices":{"rawPosition":[],"indexes":[],"uv":[],"nuv":[],"minPos":{"x":0,"y":0,"z":0},"maxPos":{"x":0,"y":0,"z":0}},"packable":true,"pixelsToUnit":100,"pivot":{"x":0.5,"y":0.5},"meshType":0}],[0],0,[0],[0],[0]],[[{"name":"ct_cx1_00086","rect":{"x":390,"y":1372,"width":346,"height":220},"offset":{"x":-24,"y":8},"originalSize":{"width":400,"height":260},"rotated":true,"capInsets":[0,0,0,0],"vertices":{"rawPosition":[],"indexes":[],"uv":[],"nuv":[],"minPos":{"x":0,"y":0,"z":0},"maxPos":{"x":0,"y":0,"z":0}},"packable":true,"pixelsToUnit":100,"pivot":{"x":0.5,"y":0.5},"meshType":0}],[0],0,[0],[0],[0]],[[{"name":"ct_cx1_00093","rect":{"x":820,"y":1306,"width":332,"height":164},"offset":{"x":-34,"y":-16},"originalSize":{"width":400,"height":260},"rotated":true,"capInsets":[0,0,0,0],"vertices":{"rawPosition":[],"indexes":[],"uv":[],"nuv":[],"minPos":{"x":0,"y":0,"z":0},"maxPos":{"x":0,"y":0,"z":0}},"packable":true,"pixelsToUnit":100,"pivot":{"x":0.5,"y":0.5},"meshType":0}],[0],0,[0],[0],[0]],[[{"name":"ct_cx1_00055","rect":{"x":1396,"y":994,"width":302,"height":148},"offset":{"x":-12,"y":56},"originalSize":{"width":400,"height":260},"rotated":false,"capInsets":[0,0,0,0],"vertices":{"rawPosition":[],"indexes":[],"uv":[],"nuv":[],"minPos":{"x":0,"y":0,"z":0},"maxPos":{"x":0,"y":0,"z":0}},"packable":true,"pixelsToUnit":100,"pivot":{"x":0.5,"y":0.5},"meshType":0}],[0],0,[0],[0],[0]],[[{"name":"ct_cx1_00051","rect":{"x":246,"y":1752,"width":292,"height":120},"offset":{"x":5,"y":67},"originalSize":{"width":400,"height":260},"rotated":true,"capInsets":[0,0,0,0],"vertices":{"rawPosition":[],"indexes":[],"uv":[],"nuv":[],"minPos":{"x":0,"y":0,"z":0},"maxPos":{"x":0,"y":0,"z":0}},"packable":true,"pixelsToUnit":100,"pivot":{"x":0.5,"y":0.5},"meshType":0}],[0],0,[0],[0],[0]],[[{"name":"ct_cx1_00080","rect":{"x":2,"y":2,"width":362,"height":238},"offset":{"x":-19,"y":10},"originalSize":{"width":400,"height":260},"rotated":false,"capInsets":[0,0,0,0],"vertices":{"rawPosition":[],"indexes":[],"uv":[],"nuv":[],"minPos":{"x":0,"y":0,"z":0},"maxPos":{"x":0,"y":0,"z":0}},"packable":true,"pixelsToUnit":100,"pivot":{"x":0.5,"y":0.5},"meshType":0}],[0],0,[0],[0],[0]],[[{"name":"ct_cx1_00071","rect":{"x":746,"y":2,"width":384,"height":206},"offset":{"x":-3,"y":27},"originalSize":{"width":400,"height":260},"rotated":false,"capInsets":[0,0,0,0],"vertices":{"rawPosition":[],"indexes":[],"uv":[],"nuv":[],"minPos":{"x":0,"y":0,"z":0},"maxPos":{"x":0,"y":0,"z":0}},"packable":true,"pixelsToUnit":100,"pivot":{"x":0.5,"y":0.5},"meshType":0}],[0],0,[0],[0],[0]],[[{"name":"ct_cx1_00082","rect":{"x":400,"y":222,"width":358,"height":236},"offset":{"x":-21,"y":11},"originalSize":{"width":400,"height":260},"rotated":true,"capInsets":[0,0,0,0],"vertices":{"rawPosition":[],"indexes":[],"uv":[],"nuv":[],"minPos":{"x":0,"y":0,"z":0},"maxPos":{"x":0,"y":0,"z":0}},"packable":true,"pixelsToUnit":100,"pivot":{"x":0.5,"y":0.5},"meshType":0}],[0],0,[0],[0],[0]],[[{"name":"ct_cx1_00057","rect":{"x":1374,"y":686,"width":314,"height":154},"offset":{"x":-17,"y":53},"originalSize":{"width":400,"height":260},"rotated":false,"capInsets":[0,0,0,0],"vertices":{"rawPosition":[],"indexes":[],"uv":[],"nuv":[],"minPos":{"x":0,"y":0,"z":0},"maxPos":{"x":0,"y":0,"z":0}},"packable":true,"pixelsToUnit":100,"pivot":{"x":0.5,"y":0.5},"meshType":0}],[0],0,[0],[0],[0]],[[{"name":"ct_cx1_00050","rect":{"x":2,"y":1756,"width":290,"height":122},"offset":{"x":8,"y":69},"originalSize":{"width":400,"height":260},"rotated":true,"capInsets":[0,0,0,0],"vertices":{"rawPosition":[],"indexes":[],"uv":[],"nuv":[],"minPos":{"x":0,"y":0,"z":0},"maxPos":{"x":0,"y":0,"z":0}},"packable":true,"pixelsToUnit":100,"pivot":{"x":0.5,"y":0.5},"meshType":0}],[0],0,[0],[0],[0]],[[{"name":"ct_cx1_00092","rect":{"x":1378,"y":1144,"width":332,"height":186},"offset":{"x":-32,"y":-5},"originalSize":{"width":400,"height":260},"rotated":false,"capInsets":[0,0,0,0],"vertices":{"rawPosition":[],"indexes":[],"uv":[],"nuv":[],"minPos":{"x":0,"y":0,"z":0},"maxPos":{"x":0,"y":0,"z":0}},"packable":true,"pixelsToUnit":100,"pivot":{"x":0.5,"y":0.5},"meshType":0}],[0],0,[0],[0],[0]],[[{"name":"ct_cx1_00054","rect":{"x":1378,"y":1332,"width":300,"height":130},"offset":{"x":-8,"y":62},"originalSize":{"width":400,"height":260},"rotated":false,"capInsets":[0,0,0,0],"vertices":{"rawPosition":[],"indexes":[],"uv":[],"nuv":[],"minPos":{"x":0,"y":0,"z":0},"maxPos":{"x":0,"y":0,"z":0}},"packable":true,"pixelsToUnit":100,"pivot":{"x":0.5,"y":0.5},"meshType":0}],[0],0,[0],[0],[0]],[[{"name":"ct_cx1_00049","rect":{"x":126,"y":1756,"width":284,"height":118},"offset":{"x":11,"y":67},"originalSize":{"width":400,"height":260},"rotated":true,"capInsets":[0,0,0,0],"vertices":{"rawPosition":[],"indexes":[],"uv":[],"nuv":[],"minPos":{"x":0,"y":0,"z":0},"maxPos":{"x":0,"y":0,"z":0}},"packable":true,"pixelsToUnit":100,"pivot":{"x":0.5,"y":0.5},"meshType":0}],[0],0,[0],[0],[0]],[[{"name":"ct_cx1_00041","rect":{"x":410,"y":1304,"width":80,"height":66},"offset":{"x":-48,"y":73},"originalSize":{"width":400,"height":260},"rotated":false,"capInsets":[0,0,0,0],"vertices":{"rawPosition":[],"indexes":[],"uv":[],"nuv":[],"minPos":{"x":0,"y":0,"z":0},"maxPos":{"x":0,"y":0,"z":0}},"packable":true,"pixelsToUnit":100,"pivot":{"x":0.5,"y":0.5},"meshType":0}],[0],0,[0],[0],[0]],[[{"name":"ct_cx1_00037","rect":{"x":1632,"y":1706,"width":24,"height":40},"offset":{"x":-54,"y":80},"originalSize":{"width":400,"height":260},"rotated":true,"capInsets":[0,0,0,0],"vertices":{"rawPosition":[],"indexes":[],"uv":[],"nuv":[],"minPos":{"x":0,"y":0,"z":0},"maxPos":{"x":0,"y":0,"z":0}},"packable":true,"pixelsToUnit":100,"pivot":{"x":0.5,"y":0.5},"meshType":0}],[0],0,[0],[0],[0]],[[{"name":"ct_cx1_00039","rect":{"x":1398,"y":286,"width":80,"height":60},"offset":{"x":-38,"y":74},"originalSize":{"width":400,"height":260},"rotated":false,"capInsets":[0,0,0,0],"vertices":{"rawPosition":[],"indexes":[],"uv":[],"nuv":[],"minPos":{"x":0,"y":0,"z":0},"maxPos":{"x":0,"y":0,"z":0}},"packable":true,"pixelsToUnit":100,"pivot":{"x":0.5,"y":0.5},"meshType":0}],[0],0,[0],[0],[0]],[[{"name":"ct_cx1_00083","rect":{"x":1028,"y":614,"width":344,"height":234},"offset":{"x":-16,"y":8},"originalSize":{"width":400,"height":260},"rotated":false,"capInsets":[0,0,0,0],"vertices":{"rawPosition":[],"indexes":[],"uv":[],"nuv":[],"minPos":{"x":0,"y":0,"z":0},"maxPos":{"x":0,"y":0,"z":0}},"packable":true,"pixelsToUnit":100,"pivot":{"x":0.5,"y":0.5},"meshType":0}],[0],0,[0],[0],[0]]]]
