[1,["1de99ce25@6c48a"],["_textureSource"],["cc.SpriteFrame"],0,[[[{"name":"yxc_img_buc","rect":{"x":114,"y":704,"width":91,"height":50},"offset":{"x":0.5,"y":-3},"originalSize":{"width":216,"height":68},"rotated":true,"capInsets":[0,0,0,0],"packable":true,"pixelsToUnit":100,"pivot":{"x":0.5,"y":0.5},"meshType":0}],[0],0,[0],[0],[0]],[[{"name":"yxc_btn_lan_s","rect":{"x":3,"y":3,"width":204,"height":72},"offset":{"x":0,"y":0},"originalSize":{"width":204,"height":72},"rotated":true,"capInsets":[100,0,100,0],"packable":true,"pixelsToUnit":100,"pivot":{"x":0.5,"y":0.5},"meshType":0}],[0],0,[0],[0],[0]],[[{"name":"yxc_img_2f","rect":{"x":3,"y":748,"width":80,"height":48},"offset":{"x":0,"y":-3},"originalSize":{"width":216,"height":68},"rotated":true,"capInsets":[0,0,0,0],"packable":true,"pixelsToUnit":100,"pivot":{"x":0.5,"y":0.5},"meshType":0}],[0],0,[0],[0],[0]],[[{"name":"yxc_img_jdz","rect":{"x":58,"y":404,"width":137,"height":50},"offset":{"x":0.5,"y":-3},"originalSize":{"width":216,"height":68},"rotated":true,"capInsets":[0,0,0,0],"packable":true,"pixelsToUnit":100,"pivot":{"x":0.5,"y":0.5},"meshType":0}],[0],0,[0],[0],[0]],[[{"name":"yxc_img_x2","rect":{"x":111,"y":898,"width":66,"height":47},"offset":{"x":1,"y":-3.5},"originalSize":{"width":216,"height":68},"rotated":true,"capInsets":[0,0,0,0],"packable":true,"pixelsToUnit":100,"pivot":{"x":0.5,"y":0.5},"meshType":0}],[0],0,[0],[0],[0]],[[{"name":"yxc_img_bjb","rect":{"x":114,"y":359,"width":139,"height":50},"offset":{"x":0.5,"y":-3},"originalSize":{"width":216,"height":68},"rotated":true,"capInsets":[0,0,0,0],"packable":true,"pixelsToUnit":100,"pivot":{"x":0.5,"y":0.5},"meshType":0}],[0],0,[0],[0],[0]],[[{"name":"yxc_img_jbx3","rect":{"x":114,"y":504,"width":94,"height":50},"offset":{"x":0,"y":-3},"originalSize":{"width":216,"height":68},"rotated":true,"capInsets":[0,0,0,0],"packable":true,"pixelsToUnit":100,"pivot":{"x":0.5,"y":0.5},"meshType":0}],[0],0,[0],[0],[0]],[[{"name":"yxc_img_zb","rect":{"x":58,"y":547,"width":94,"height":50},"offset":{"x":0,"y":-3},"originalSize":{"width":216,"height":68},"rotated":true,"capInsets":[0,0,0,0],"packable":true,"pixelsToUnit":100,"pivot":{"x":0.5,"y":0.5},"meshType":0}],[0],0,[0],[0],[0]],[[{"name":"yxc_img_hz","rect":{"x":114,"y":604,"width":94,"height":50},"offset":{"x":0,"y":-3},"originalSize":{"width":216,"height":68},"rotated":true,"capInsets":[0,0,0,0],"packable":true,"pixelsToUnit":100,"pivot":{"x":0.5,"y":0.5},"meshType":0}],[0],0,[0],[0],[0]],[[{"name":"yxc_btn_han_s","rect":{"x":81,"y":3,"width":204,"height":72},"offset":{"x":0,"y":0},"originalSize":{"width":204,"height":72},"rotated":true,"capInsets":[100,0,100,0],"packable":true,"pixelsToUnit":100,"pivot":{"x":0.5,"y":0.5},"meshType":0}],[0],0,[0],[0],[0]],[[{"name":"yxc_img_ts","rect":{"x":3,"y":550,"width":94,"height":49},"offset":{"x":0,"y":-3.5},"originalSize":{"width":216,"height":68},"rotated":true,"capInsets":[0,0,0,0],"packable":true,"pixelsToUnit":100,"pivot":{"x":0.5,"y":0.5},"meshType":0}],[0],0,[0],[0],[0]],[[{"name":"yxc_img_mpx3","rect":{"x":3,"y":650,"width":92,"height":49},"offset":{"x":0,"y":-2.5},"originalSize":{"width":216,"height":68},"rotated":true,"capInsets":[0,0,0,0],"packable":true,"pixelsToUnit":100,"pivot":{"x":0.5,"y":0.5},"meshType":0}],[0],0,[0],[0],[0]],[[{"name":"yxc_img_qdz","rect":{"x":3,"y":404,"width":140,"height":49},"offset":{"x":0,"y":-3.5},"originalSize":{"width":216,"height":68},"rotated":true,"capInsets":[0,0,0,0],"packable":true,"pixelsToUnit":100,"pivot":{"x":0.5,"y":0.5},"meshType":0}],[0],0,[0],[0],[0]],[[{"name":"yxc_img_1f","rect":{"x":57,"y":844,"width":73,"height":48},"offset":{"x":0.5,"y":-3},"originalSize":{"width":216,"height":68},"rotated":true,"capInsets":[0,0,0,0],"packable":true,"pixelsToUnit":100,"pivot":{"x":0.5,"y":0.5},"meshType":0}],[0],0,[0],[0],[0]],[[{"name":"yxc_img_ybq","rect":{"x":114,"y":213,"width":140,"height":50},"offset":{"x":0,"y":-1},"originalSize":{"width":216,"height":68},"rotated":true,"capInsets":[0,0,0,0],"packable":true,"pixelsToUnit":100,"pivot":{"x":0.5,"y":0.5},"meshType":0}],[0],0,[0],[0],[0]],[[{"name":"yxc_img_x4","rect":{"x":3,"y":920,"width":68,"height":46},"offset":{"x":1,"y":-3},"originalSize":{"width":216,"height":68},"rotated":true,"capInsets":[0,0,0,0],"packable":true,"pixelsToUnit":100,"pivot":{"x":0.5,"y":0.5},"meshType":0}],[0],0,[0],[0],[0]],[[{"name":"yxc_img_cjjbx4","rect":{"x":3,"y":213,"width":185,"height":50},"offset":{"x":0.5,"y":-3},"originalSize":{"width":216,"height":68},"rotated":true,"capInsets":[0,0,0,0],"packable":true,"pixelsToUnit":100,"pivot":{"x":0.5,"y":0.5},"meshType":0}],[0],0,[0],[0],[0]],[[{"name":"yxc_img_cp","rect":{"x":58,"y":746,"width":92,"height":49},"offset":{"x":0,"y":-3.5},"originalSize":{"width":216,"height":68},"rotated":true,"capInsets":[0,0,0,0],"packable":true,"pixelsToUnit":100,"pivot":{"x":0.5,"y":0.5},"meshType":0}],[0],0,[0],[0],[0]],[[{"name":"yxc_img_bj","rect":{"x":113,"y":801,"width":91,"height":49},"offset":{"x":0.5,"y":-3.5},"originalSize":{"width":216,"height":68},"rotated":true,"capInsets":[0,0,0,0],"packable":true,"pixelsToUnit":100,"pivot":{"x":0.5,"y":0.5},"meshType":0}],[0],0,[0],[0],[0]],[[{"name":"yxc_img_3f","rect":{"x":3,"y":834,"width":80,"height":48},"offset":{"x":0,"y":-3},"originalSize":{"width":216,"height":68},"rotated":true,"capInsets":[0,0,0,0],"packable":true,"pixelsToUnit":100,"pivot":{"x":0.5,"y":0.5},"meshType":0}],[0],0,[0],[0],[0]],[[{"name":"yxc_img_bq","rect":{"x":58,"y":647,"width":93,"height":50},"offset":{"x":0.5,"y":-3},"originalSize":{"width":216,"height":68},"rotated":true,"capInsets":[0,0,0,0],"packable":true,"pixelsToUnit":100,"pivot":{"x":0.5,"y":0.5},"meshType":0}],[0],0,[0],[0],[0]],[[{"name":"yxc_img_ksyx","rect":{"x":59,"y":213,"width":185,"height":49},"offset":{"x":0.5,"y":-2.5},"originalSize":{"width":216,"height":68},"rotated":true,"capInsets":[0,0,0,0],"packable":true,"pixelsToUnit":100,"pivot":{"x":0.5,"y":0.5},"meshType":0}],[0],0,[0],[0],[0]]]]
