{"version":1,"document":[{"__type__":"cc.AnimationClip","_name":"ani_node_huantouxiang","_objFlags":0,"_native":"","sample":60,"speed":0.3333,"wrapMode":1,"enableTrsBlending":false,"_duration":0.5,"_hash":500763545,"_tracks":[{"__id__":1},{"__id__":8},{"__id__":15},{"__id__":21},{"__id__":27},{"__id__":38},{"__id__":44},{"__id__":50},{"__id__":56},{"__id__":62},{"__id__":68}],"_exoticAnimation":null,"_events":[],"_embeddedPlayers":[]},{"__type__":"cc.animation.UntypedTrack","_binding":{"__type__":"cc.animation.TrackBinding","path":{"__id__":2},"proxy":null},"_channels":[{"__id__":4},{"__id__":6}]},{"__type__":"cc.animation.TrackPath","_paths":[{"__id__":3},"scale"]},{"__type__":"cc.animation.HierarchyPath","path":"tx_youxichang_touxiang_bianhuang_light02_3"},{"__type__":"cc.animation.UntypedTrackChannel","_curve":{"__id__":5},"property":"x"},{"__type__":"cc.RealCurve","bytes":{"__type__":"TypedArrayRef","ctor":"Uint8Array","offset":0,"length":30},"keyframeValueEditorExtras":[null,null]},{"__type__":"cc.animation.UntypedTrackChannel","_curve":{"__id__":7},"property":"y"},{"__type__":"cc.RealCurve","bytes":{"__type__":"TypedArrayRef","ctor":"Uint8Array","offset":30,"length":30},"keyframeValueEditorExtras":[null,null]},{"__type__":"cc.animation.UntypedTrack","_binding":{"__type__":"cc.animation.TrackBinding","path":{"__id__":9},"proxy":null},"_channels":[{"__id__":11},{"__id__":13}]},{"__type__":"cc.animation.TrackPath","_paths":[{"__id__":10},"scale"]},{"__type__":"cc.animation.HierarchyPath","path":"tx_youxichang_touxiang_bianhuang_light02_3_0"},{"__type__":"cc.animation.UntypedTrackChannel","_curve":{"__id__":12},"property":"x"},{"__type__":"cc.RealCurve","bytes":{"__type__":"TypedArrayRef","ctor":"Uint8Array","offset":60,"length":30},"keyframeValueEditorExtras":[null,null]},{"__type__":"cc.animation.UntypedTrackChannel","_curve":{"__id__":14},"property":"y"},{"__type__":"cc.RealCurve","bytes":{"__type__":"TypedArrayRef","ctor":"Uint8Array","offset":90,"length":30},"keyframeValueEditorExtras":[null,null]},{"__type__":"cc.animation.RealTrack","_binding":{"__type__":"cc.animation.TrackBinding","path":{"__id__":16},"proxy":null},"_channel":{"__id__":19}},{"__type__":"cc.animation.TrackPath","_paths":[{"__id__":17},{"__id__":18},"opacity"]},{"__type__":"cc.animation.HierarchyPath","path":"Sprite_1"},{"__type__":"cc.animation.ComponentPath","component":"cc.UIOpacity"},{"__type__":"cc.animation.Channel","_curve":{"__id__":20}},{"__type__":"cc.RealCurve","bytes":{"__type__":"TypedArrayRef","ctor":"Uint8Array","offset":120,"length":30},"keyframeValueEditorExtras":[null,null]},{"__type__":"cc.animation.ObjectTrack","_binding":{"__type__":"cc.animation.TrackBinding","path":{"__id__":22},"proxy":null},"_channel":{"__id__":25}},{"__type__":"cc.animation.TrackPath","_paths":[{"__id__":23},{"__id__":24},"spriteFrame"]},{"__type__":"cc.animation.HierarchyPath","path":"Sprite_1"},{"__type__":"cc.animation.ComponentPath","component":"cc.Sprite"},{"__type__":"cc.animation.Channel","_curve":{"__id__":26}},{"__type__":"cc.ObjectCurve","_times":[0.016666666666666666,0.03333333333333333,0.05,0.06666666666666667,0.08333333333333333,0.1,0.11666666666666667,0.13333333333333333,0.15,0.16666666666666666,0.18333333333333332,0.2],"_values":[{"__uuid__":"0d7Uwj+i1EJ4+oxjI3LI3k@5cd79","__expectedType__":"cc.Asset"},{"__uuid__":"0d7Uwj+i1EJ4+oxjI3LI3k@f04d8","__expectedType__":"cc.Asset"},{"__uuid__":"0d7Uwj+i1EJ4+oxjI3LI3k@28640","__expectedType__":"cc.Asset"},{"__uuid__":"0d7Uwj+i1EJ4+oxjI3LI3k@bf44f","__expectedType__":"cc.Asset"},{"__uuid__":"0d7Uwj+i1EJ4+oxjI3LI3k@3cad8","__expectedType__":"cc.Asset"},{"__uuid__":"0d7Uwj+i1EJ4+oxjI3LI3k@4deda","__expectedType__":"cc.Asset"},{"__uuid__":"0d7Uwj+i1EJ4+oxjI3LI3k@3b064","__expectedType__":"cc.Asset"},{"__uuid__":"0d7Uwj+i1EJ4+oxjI3LI3k@8e3c4","__expectedType__":"cc.Asset"},{"__uuid__":"0d7Uwj+i1EJ4+oxjI3LI3k@3058b","__expectedType__":"cc.Asset"},{"__uuid__":"0d7Uwj+i1EJ4+oxjI3LI3k@dcc46","__expectedType__":"cc.Asset"},{"__uuid__":"0d7Uwj+i1EJ4+oxjI3LI3k@c6c75","__expectedType__":"cc.Asset"},{"__uuid__":"0d7Uwj+i1EJ4+oxjI3LI3k@fa1df","__expectedType__":"cc.Asset"}]},{"__type__":"cc.animation.VectorTrack","_binding":{"__type__":"cc.animation.TrackBinding","path":{"__id__":28},"proxy":null},"_channels":[{"__id__":30},{"__id__":32},{"__id__":34},{"__id__":36}],"_nComponents":3},{"__type__":"cc.animation.TrackPath","_paths":[{"__id__":29},"eulerAngles"]},{"__type__":"cc.animation.HierarchyPath","path":"tx_youxichang_touxiang_bianhuang_light01_2"},{"__type__":"cc.animation.Channel","_curve":{"__id__":31}},{"__type__":"cc.RealCurve","bytes":{"__type__":"TypedArrayRef","ctor":"Uint8Array","offset":150,"length":30},"keyframeValueEditorExtras":[null,null]},{"__type__":"cc.animation.Channel","_curve":{"__id__":33}},{"__type__":"cc.RealCurve","bytes":{"__type__":"TypedArrayRef","ctor":"Uint8Array","offset":180,"length":30},"keyframeValueEditorExtras":[null,null]},{"__type__":"cc.animation.Channel","_curve":{"__id__":35}},{"__type__":"cc.RealCurve","bytes":{"__type__":"TypedArrayRef","ctor":"Uint8Array","offset":210,"length":30},"keyframeValueEditorExtras":[null,null]},{"__type__":"cc.animation.Channel","_curve":{"__id__":37}},{"__type__":"cc.RealCurve","bytes":{"__type__":"TypedArrayRef","ctor":"Uint8Array","offset":240,"length":6}},{"__type__":"cc.animation.RealTrack","_binding":{"__type__":"cc.animation.TrackBinding","path":{"__id__":39},"proxy":null},"_channel":{"__id__":42}},{"__type__":"cc.animation.TrackPath","_paths":[{"__id__":40},{"__id__":41},"opacity"]},{"__type__":"cc.animation.HierarchyPath","path":"tx_youxichang_touxiang_bianhuang_light01_2"},{"__type__":"cc.animation.ComponentPath","component":"cc.UIOpacity"},{"__type__":"cc.animation.Channel","_curve":{"__id__":43}},{"__type__":"cc.RealCurve","bytes":{"__type__":"TypedArrayRef","ctor":"Uint8Array","offset":246,"length":42},"keyframeValueEditorExtras":[null,null,null]},{"__type__":"cc.animation.RealTrack","_binding":{"__type__":"cc.animation.TrackBinding","path":{"__id__":45},"proxy":null},"_channel":{"__id__":48}},{"__type__":"cc.animation.TrackPath","_paths":[{"__id__":46},{"__id__":47},"opacity"]},{"__type__":"cc.animation.HierarchyPath","path":"tx_youxichang_touxiang_bianhuang_light02_3"},{"__type__":"cc.animation.ComponentPath","component":"cc.UIOpacity"},{"__type__":"cc.animation.Channel","_curve":{"__id__":49}},{"__type__":"cc.RealCurve","bytes":{"__type__":"TypedArrayRef","ctor":"Uint8Array","offset":288,"length":42},"keyframeValueEditorExtras":[null,null,null]},{"__type__":"cc.animation.RealTrack","_binding":{"__type__":"cc.animation.TrackBinding","path":{"__id__":51},"proxy":null},"_channel":{"__id__":54}},{"__type__":"cc.animation.TrackPath","_paths":[{"__id__":52},{"__id__":53},"opacity"]},{"__type__":"cc.animation.HierarchyPath","path":"tx_youxichang_touxiang_bianhuang_light02_3_0"},{"__type__":"cc.animation.ComponentPath","component":"cc.UIOpacity"},{"__type__":"cc.animation.Channel","_curve":{"__id__":55}},{"__type__":"cc.RealCurve","bytes":{"__type__":"TypedArrayRef","ctor":"Uint8Array","offset":330,"length":54},"keyframeValueEditorExtras":[null,null,null,null]},{"__type__":"cc.animation.RealTrack","_binding":{"__type__":"cc.animation.TrackBinding","path":{"__id__":57},"proxy":null},"_channel":{"__id__":60}},{"__type__":"cc.animation.TrackPath","_paths":[{"__id__":58},{"__id__":59},"opacity"]},{"__type__":"cc.animation.HierarchyPath","path":"Sprite_5"},{"__type__":"cc.animation.ComponentPath","component":"cc.UIOpacity"},{"__type__":"cc.animation.Channel","_curve":{"__id__":61}},{"__type__":"cc.RealCurve","bytes":{"__type__":"TypedArrayRef","ctor":"Uint8Array","offset":384,"length":54},"keyframeValueEditorExtras":[null,null,null,null]},{"__type__":"cc.animation.ObjectTrack","_binding":{"__type__":"cc.animation.TrackBinding","path":{"__id__":63},"proxy":null},"_channel":{"__id__":66}},{"__type__":"cc.animation.TrackPath","_paths":[{"__id__":64},{"__id__":65},"spriteFrame"]},{"__type__":"cc.animation.HierarchyPath","path":"Sprite_5"},{"__type__":"cc.animation.ComponentPath","component":"cc.Sprite"},{"__type__":"cc.animation.Channel","_curve":{"__id__":67}},{"__type__":"cc.ObjectCurve","_times":[0.016666666666666666,0.03333333333333333,0.05,0.06666666666666667,0.08333333333333333,0.1,0.11666666666666667,0.13333333333333333,0.15,0.16666666666666666,0.18333333333333332,0.2,0.21666666666666667,0.23333333333333334,0.25,0.26666666666666666,0.2833333333333333],"_values":[{"__uuid__":"2cpi794PtCSpmRpGs+Z1ry@be66c","__expectedType__":"cc.Asset"},{"__uuid__":"2cpi794PtCSpmRpGs+Z1ry@d796a","__expectedType__":"cc.Asset"},{"__uuid__":"2cpi794PtCSpmRpGs+Z1ry@e1041","__expectedType__":"cc.Asset"},{"__uuid__":"2cpi794PtCSpmRpGs+Z1ry@2e484","__expectedType__":"cc.Asset"},{"__uuid__":"2cpi794PtCSpmRpGs+Z1ry@db663","__expectedType__":"cc.Asset"},{"__uuid__":"2cpi794PtCSpmRpGs+Z1ry@d04ca","__expectedType__":"cc.Asset"},{"__uuid__":"2cpi794PtCSpmRpGs+Z1ry@4aaf1","__expectedType__":"cc.Asset"},{"__uuid__":"2cpi794PtCSpmRpGs+Z1ry@9ddab","__expectedType__":"cc.Asset"},{"__uuid__":"2cpi794PtCSpmRpGs+Z1ry@ec648","__expectedType__":"cc.Asset"},{"__uuid__":"2cpi794PtCSpmRpGs+Z1ry@251db","__expectedType__":"cc.Asset"},{"__uuid__":"2cpi794PtCSpmRpGs+Z1ry@3b047","__expectedType__":"cc.Asset"},{"__uuid__":"2cpi794PtCSpmRpGs+Z1ry@8f907","__expectedType__":"cc.Asset"},{"__uuid__":"2cpi794PtCSpmRpGs+Z1ry@247e3","__expectedType__":"cc.Asset"},{"__uuid__":"2cpi794PtCSpmRpGs+Z1ry@c9853","__expectedType__":"cc.Asset"},{"__uuid__":"2cpi794PtCSpmRpGs+Z1ry@39ff5","__expectedType__":"cc.Asset"},{"__uuid__":"2cpi794PtCSpmRpGs+Z1ry@c8dca","__expectedType__":"cc.Asset"},{"__uuid__":"2cpi794PtCSpmRpGs+Z1ry@57b3b","__expectedType__":"cc.Asset"}]},{"__type__":"cc.animation.RealTrack","_binding":{"__type__":"cc.animation.TrackBinding","path":{"__id__":69},"proxy":null},"_channel":{"__id__":72}},{"__type__":"cc.animation.TrackPath","_paths":[{"__id__":70},{"__id__":71},"opacity"]},{"__type__":"cc.animation.HierarchyPath","path":"tx_youxichang_wangzha_light03_6"},{"__type__":"cc.animation.ComponentPath","component":"cc.UIOpacity"},{"__type__":"cc.animation.Channel","_curve":{"__id__":73}},{"__type__":"cc.RealCurve","bytes":{"__type__":"TypedArrayRef","ctor":"Uint8Array","offset":438,"length":42},"keyframeValueEditorExtras":[null,null,null]}],"chunks":[".bin"]}
