{"version":1,"document":[{"__type__":"cc.AnimationClip","_name":"ani_node_zhadan","_objFlags":0,"__editorExtras__":{"embeddedPlayerGroups":[]},"_native":"","sample":60,"speed":0.3333,"wrapMode":1,"enableTrsBlending":false,"_duration":0.5,"_hash":500763545,"_tracks":[{"__id__":1},{"__id__":12},{"__id__":23},{"__id__":29},{"__id__":35},{"__id__":46},{"__id__":57},{"__id__":63},{"__id__":69},{"__id__":80},{"__id__":91},{"__id__":97},{"__id__":103},{"__id__":114},{"__id__":120},{"__id__":131},{"__id__":137},{"__id__":143},{"__id__":149},{"__id__":155},{"__id__":161},{"__id__":172},{"__id__":178},{"__id__":184},{"__id__":190},{"__id__":201},{"__id__":212},{"__id__":218},{"__id__":229},{"__id__":240},{"__id__":251},{"__id__":262},{"__id__":268},{"__id__":274},{"__id__":285},{"__id__":296},{"__id__":307},{"__id__":318},{"__id__":324},{"__id__":330},{"__id__":341},{"__id__":352},{"__id__":363},{"__id__":374},{"__id__":380},{"__id__":386},{"__id__":397},{"__id__":408},{"__id__":414},{"__id__":420},{"__id__":431},{"__id__":442},{"__id__":448},{"__id__":454},{"__id__":465},{"__id__":476},{"__id__":482},{"__id__":488},{"__id__":499},{"__id__":505},{"__id__":511},{"__id__":522},{"__id__":533},{"__id__":544},{"__id__":555},{"__id__":566},{"__id__":577},{"__id__":588},{"__id__":599},{"__id__":610},{"__id__":621}],"_exoticAnimation":null,"_events":[],"_embeddedPlayers":[]},{"__type__":"cc.animation.VectorTrack","_binding":{"__type__":"cc.animation.TrackBinding","path":{"__id__":2},"proxy":null},"_channels":[{"__id__":4},{"__id__":6},{"__id__":8},{"__id__":10}],"_nComponents":3},{"__type__":"cc.animation.TrackPath","_paths":[{"__id__":3},"position"]},{"__type__":"cc.animation.HierarchyPath","path":"Node_zuo/Sprite_2"},{"__type__":"cc.animation.Channel","_curve":{"__id__":5}},{"__type__":"cc.RealCurve","bytes":{"__type__":"TypedArrayRef","ctor":"Uint8Array","offset":0,"length":66},"keyframeValueEditorExtras":[null,null,null,null,null]},{"__type__":"cc.animation.Channel","_curve":{"__id__":7}},{"__type__":"cc.RealCurve","bytes":{"__type__":"TypedArrayRef","ctor":"Uint8Array","offset":66,"length":66},"keyframeValueEditorExtras":[null,null,null,null,null]},{"__type__":"cc.animation.Channel","_curve":{"__id__":9}},{"__type__":"cc.RealCurve","bytes":{"__type__":"TypedArrayRef","ctor":"Uint8Array","offset":132,"length":66},"keyframeValueEditorExtras":[null,null,null,null,null]},{"__type__":"cc.animation.Channel","_curve":{"__id__":11}},{"__type__":"cc.RealCurve","bytes":{"__type__":"TypedArrayRef","ctor":"Uint8Array","offset":198,"length":6}},{"__type__":"cc.animation.VectorTrack","_binding":{"__type__":"cc.animation.TrackBinding","path":{"__id__":13},"proxy":null},"_channels":[{"__id__":15},{"__id__":17},{"__id__":19},{"__id__":21}],"_nComponents":3},{"__type__":"cc.animation.TrackPath","_paths":[{"__id__":14},"eulerAngles"]},{"__type__":"cc.animation.HierarchyPath","path":"Node_zuo/Sprite_2"},{"__type__":"cc.animation.Channel","_curve":{"__id__":16}},{"__type__":"cc.RealCurve","bytes":{"__type__":"TypedArrayRef","ctor":"Uint8Array","offset":204,"length":66},"keyframeValueEditorExtras":[null,null,null,null,null]},{"__type__":"cc.animation.Channel","_curve":{"__id__":18}},{"__type__":"cc.RealCurve","bytes":{"__type__":"TypedArrayRef","ctor":"Uint8Array","offset":270,"length":66},"keyframeValueEditorExtras":[null,null,null,null,null]},{"__type__":"cc.animation.Channel","_curve":{"__id__":20}},{"__type__":"cc.RealCurve","bytes":{"__type__":"TypedArrayRef","ctor":"Uint8Array","offset":336,"length":66},"keyframeValueEditorExtras":[null,null,null,null,null]},{"__type__":"cc.animation.Channel","_curve":{"__id__":22}},{"__type__":"cc.RealCurve","bytes":{"__type__":"TypedArrayRef","ctor":"Uint8Array","offset":402,"length":6}},{"__type__":"cc.animation.RealTrack","_binding":{"__type__":"cc.animation.TrackBinding","path":{"__id__":24},"proxy":null},"_channel":{"__id__":27}},{"__type__":"cc.animation.TrackPath","_paths":[{"__id__":25},{"__id__":26},"opacity"]},{"__type__":"cc.animation.HierarchyPath","path":"Node_zuo/Sprite_2"},{"__type__":"cc.animation.ComponentPath","component":"cc.UIOpacity"},{"__type__":"cc.animation.Channel","_curve":{"__id__":28}},{"__type__":"cc.RealCurve","bytes":{"__type__":"TypedArrayRef","ctor":"Uint8Array","offset":408,"length":30},"keyframeValueEditorExtras":[null,null]},{"__type__":"cc.animation.ObjectTrack","_binding":{"__type__":"cc.animation.TrackBinding","path":{"__id__":30},"proxy":null},"_channel":{"__id__":33}},{"__type__":"cc.animation.TrackPath","_paths":[{"__id__":31},{"__id__":32},"spriteFrame"]},{"__type__":"cc.animation.HierarchyPath","path":"Node_zuo/Sprite_2"},{"__type__":"cc.animation.ComponentPath","component":"cc.Sprite"},{"__type__":"cc.animation.Channel","_curve":{"__id__":34}},{"__type__":"cc.ObjectCurve","_times":[0],"_values":[{"__uuid__":"91Ilf2rtJDWJqp7BF9xS3j@58ef6","__expectedType__":"cc.Asset"}]},{"__type__":"cc.animation.VectorTrack","_binding":{"__type__":"cc.animation.TrackBinding","path":{"__id__":36},"proxy":null},"_channels":[{"__id__":38},{"__id__":40},{"__id__":42},{"__id__":44}],"_nComponents":3},{"__type__":"cc.animation.TrackPath","_paths":[{"__id__":37},"position"]},{"__type__":"cc.animation.HierarchyPath","path":"Node_you/Sprite_2_0"},{"__type__":"cc.animation.Channel","_curve":{"__id__":39}},{"__type__":"cc.RealCurve","bytes":{"__type__":"TypedArrayRef","ctor":"Uint8Array","offset":438,"length":66},"keyframeValueEditorExtras":[null,null,null,null,null]},{"__type__":"cc.animation.Channel","_curve":{"__id__":41}},{"__type__":"cc.RealCurve","bytes":{"__type__":"TypedArrayRef","ctor":"Uint8Array","offset":504,"length":66},"keyframeValueEditorExtras":[null,null,null,null,null]},{"__type__":"cc.animation.Channel","_curve":{"__id__":43}},{"__type__":"cc.RealCurve","bytes":{"__type__":"TypedArrayRef","ctor":"Uint8Array","offset":570,"length":66},"keyframeValueEditorExtras":[null,null,null,null,null]},{"__type__":"cc.animation.Channel","_curve":{"__id__":45}},{"__type__":"cc.RealCurve","bytes":{"__type__":"TypedArrayRef","ctor":"Uint8Array","offset":636,"length":6}},{"__type__":"cc.animation.VectorTrack","_binding":{"__type__":"cc.animation.TrackBinding","path":{"__id__":47},"proxy":null},"_channels":[{"__id__":49},{"__id__":51},{"__id__":53},{"__id__":55}],"_nComponents":3},{"__type__":"cc.animation.TrackPath","_paths":[{"__id__":48},"eulerAngles"]},{"__type__":"cc.animation.HierarchyPath","path":"Node_you/Sprite_2_0"},{"__type__":"cc.animation.Channel","_curve":{"__id__":50}},{"__type__":"cc.RealCurve","bytes":{"__type__":"TypedArrayRef","ctor":"Uint8Array","offset":642,"length":66},"keyframeValueEditorExtras":[null,null,null,null,null]},{"__type__":"cc.animation.Channel","_curve":{"__id__":52}},{"__type__":"cc.RealCurve","bytes":{"__type__":"TypedArrayRef","ctor":"Uint8Array","offset":708,"length":66},"keyframeValueEditorExtras":[null,null,null,null,null]},{"__type__":"cc.animation.Channel","_curve":{"__id__":54}},{"__type__":"cc.RealCurve","bytes":{"__type__":"TypedArrayRef","ctor":"Uint8Array","offset":774,"length":66},"keyframeValueEditorExtras":[null,null,null,null,null]},{"__type__":"cc.animation.Channel","_curve":{"__id__":56}},{"__type__":"cc.RealCurve","bytes":{"__type__":"TypedArrayRef","ctor":"Uint8Array","offset":840,"length":6}},{"__type__":"cc.animation.RealTrack","_binding":{"__type__":"cc.animation.TrackBinding","path":{"__id__":58},"proxy":null},"_channel":{"__id__":61}},{"__type__":"cc.animation.TrackPath","_paths":[{"__id__":59},{"__id__":60},"opacity"]},{"__type__":"cc.animation.HierarchyPath","path":"Node_you/Sprite_2_0"},{"__type__":"cc.animation.ComponentPath","component":"cc.UIOpacity"},{"__type__":"cc.animation.Channel","_curve":{"__id__":62}},{"__type__":"cc.RealCurve","bytes":{"__type__":"TypedArrayRef","ctor":"Uint8Array","offset":846,"length":30},"keyframeValueEditorExtras":[null,null]},{"__type__":"cc.animation.ObjectTrack","_binding":{"__type__":"cc.animation.TrackBinding","path":{"__id__":64},"proxy":null},"_channel":{"__id__":67}},{"__type__":"cc.animation.TrackPath","_paths":[{"__id__":65},{"__id__":66},"spriteFrame"]},{"__type__":"cc.animation.HierarchyPath","path":"Node_you/Sprite_2_0"},{"__type__":"cc.animation.ComponentPath","component":"cc.Sprite"},{"__type__":"cc.animation.Channel","_curve":{"__id__":68}},{"__type__":"cc.ObjectCurve","_times":[0],"_values":[{"__uuid__":"91Ilf2rtJDWJqp7BF9xS3j@58ef6","__expectedType__":"cc.Asset"}]},{"__type__":"cc.animation.VectorTrack","_binding":{"__type__":"cc.animation.TrackBinding","path":{"__id__":70},"proxy":null},"_channels":[{"__id__":72},{"__id__":74},{"__id__":76},{"__id__":78}],"_nComponents":3},{"__type__":"cc.animation.TrackPath","_paths":[{"__id__":71},"position"]},{"__type__":"cc.animation.HierarchyPath","path":"Node_xia/Sprite_2_0"},{"__type__":"cc.animation.Channel","_curve":{"__id__":73}},{"__type__":"cc.RealCurve","bytes":{"__type__":"TypedArrayRef","ctor":"Uint8Array","offset":876,"length":66},"keyframeValueEditorExtras":[null,null,null,null,null]},{"__type__":"cc.animation.Channel","_curve":{"__id__":75}},{"__type__":"cc.RealCurve","bytes":{"__type__":"TypedArrayRef","ctor":"Uint8Array","offset":942,"length":66},"keyframeValueEditorExtras":[null,null,null,null,null]},{"__type__":"cc.animation.Channel","_curve":{"__id__":77}},{"__type__":"cc.RealCurve","bytes":{"__type__":"TypedArrayRef","ctor":"Uint8Array","offset":1008,"length":66},"keyframeValueEditorExtras":[null,null,null,null,null]},{"__type__":"cc.animation.Channel","_curve":{"__id__":79}},{"__type__":"cc.RealCurve","bytes":{"__type__":"TypedArrayRef","ctor":"Uint8Array","offset":1074,"length":6}},{"__type__":"cc.animation.VectorTrack","_binding":{"__type__":"cc.animation.TrackBinding","path":{"__id__":81},"proxy":null},"_channels":[{"__id__":83},{"__id__":85},{"__id__":87},{"__id__":89}],"_nComponents":3},{"__type__":"cc.animation.TrackPath","_paths":[{"__id__":82},"eulerAngles"]},{"__type__":"cc.animation.HierarchyPath","path":"Node_xia/Sprite_2_0"},{"__type__":"cc.animation.Channel","_curve":{"__id__":84}},{"__type__":"cc.RealCurve","bytes":{"__type__":"TypedArrayRef","ctor":"Uint8Array","offset":1080,"length":66},"keyframeValueEditorExtras":[null,null,null,null,null]},{"__type__":"cc.animation.Channel","_curve":{"__id__":86}},{"__type__":"cc.RealCurve","bytes":{"__type__":"TypedArrayRef","ctor":"Uint8Array","offset":1146,"length":66},"keyframeValueEditorExtras":[null,null,null,null,null]},{"__type__":"cc.animation.Channel","_curve":{"__id__":88}},{"__type__":"cc.RealCurve","bytes":{"__type__":"TypedArrayRef","ctor":"Uint8Array","offset":1212,"length":66},"keyframeValueEditorExtras":[null,null,null,null,null]},{"__type__":"cc.animation.Channel","_curve":{"__id__":90}},{"__type__":"cc.RealCurve","bytes":{"__type__":"TypedArrayRef","ctor":"Uint8Array","offset":1278,"length":6}},{"__type__":"cc.animation.RealTrack","_binding":{"__type__":"cc.animation.TrackBinding","path":{"__id__":92},"proxy":null},"_channel":{"__id__":95}},{"__type__":"cc.animation.TrackPath","_paths":[{"__id__":93},{"__id__":94},"opacity"]},{"__type__":"cc.animation.HierarchyPath","path":"Node_xia/Sprite_2_0"},{"__type__":"cc.animation.ComponentPath","component":"cc.UIOpacity"},{"__type__":"cc.animation.Channel","_curve":{"__id__":96}},{"__type__":"cc.RealCurve","bytes":{"__type__":"TypedArrayRef","ctor":"Uint8Array","offset":1284,"length":30},"keyframeValueEditorExtras":[null,null]},{"__type__":"cc.animation.ObjectTrack","_binding":{"__type__":"cc.animation.TrackBinding","path":{"__id__":98},"proxy":null},"_channel":{"__id__":101}},{"__type__":"cc.animation.TrackPath","_paths":[{"__id__":99},{"__id__":100},"spriteFrame"]},{"__type__":"cc.animation.HierarchyPath","path":"Node_xia/Sprite_2_0"},{"__type__":"cc.animation.ComponentPath","component":"cc.Sprite"},{"__type__":"cc.animation.Channel","_curve":{"__id__":102}},{"__type__":"cc.ObjectCurve","_times":[0],"_values":[{"__uuid__":"91Ilf2rtJDWJqp7BF9xS3j@58ef6","__expectedType__":"cc.Asset"}]},{"__type__":"cc.animation.VectorTrack","_binding":{"__type__":"cc.animation.TrackBinding","path":{"__id__":104},"proxy":null},"_channels":[{"__id__":106},{"__id__":108},{"__id__":110},{"__id__":112}],"_nComponents":3},{"__type__":"cc.animation.TrackPath","_paths":[{"__id__":105},"position"]},{"__type__":"cc.animation.HierarchyPath","path":"Node_xia"},{"__type__":"cc.animation.Channel","_curve":{"__id__":107}},{"__type__":"cc.RealCurve","bytes":{"__type__":"TypedArrayRef","ctor":"Uint8Array","offset":1314,"length":18},"keyframeValueEditorExtras":[null]},{"__type__":"cc.animation.Channel","_curve":{"__id__":109}},{"__type__":"cc.RealCurve","bytes":{"__type__":"TypedArrayRef","ctor":"Uint8Array","offset":1332,"length":18},"keyframeValueEditorExtras":[null]},{"__type__":"cc.animation.Channel","_curve":{"__id__":111}},{"__type__":"cc.RealCurve","bytes":{"__type__":"TypedArrayRef","ctor":"Uint8Array","offset":1350,"length":18},"keyframeValueEditorExtras":[null]},{"__type__":"cc.animation.Channel","_curve":{"__id__":113}},{"__type__":"cc.RealCurve","bytes":{"__type__":"TypedArrayRef","ctor":"Uint8Array","offset":1368,"length":6}},{"__type__":"cc.animation.RealTrack","_binding":{"__type__":"cc.animation.TrackBinding","path":{"__id__":115},"proxy":null},"_channel":{"__id__":118}},{"__type__":"cc.animation.TrackPath","_paths":[{"__id__":116},{"__id__":117},"opacity"]},{"__type__":"cc.animation.HierarchyPath","path":"Node_5/tx_youxichang_wangzha_light03_10"},{"__type__":"cc.animation.ComponentPath","component":"cc.UIOpacity"},{"__type__":"cc.animation.Channel","_curve":{"__id__":119}},{"__type__":"cc.RealCurve","bytes":{"__type__":"TypedArrayRef","ctor":"Uint8Array","offset":1374,"length":54},"keyframeValueEditorExtras":[null,null,null,null]},{"__type__":"cc.animation.VectorTrack","_binding":{"__type__":"cc.animation.TrackBinding","path":{"__id__":121},"proxy":null},"_channels":[{"__id__":123},{"__id__":125},{"__id__":127},{"__id__":129}],"_nComponents":3},{"__type__":"cc.animation.TrackPath","_paths":[{"__id__":122},"position"]},{"__type__":"cc.animation.HierarchyPath","path":"Node_5/tx_youxichang_wangzha_light03_10"},{"__type__":"cc.animation.Channel","_curve":{"__id__":124}},{"__type__":"cc.RealCurve","bytes":{"__type__":"TypedArrayRef","ctor":"Uint8Array","offset":1428,"length":30},"keyframeValueEditorExtras":[null,null]},{"__type__":"cc.animation.Channel","_curve":{"__id__":126}},{"__type__":"cc.RealCurve","bytes":{"__type__":"TypedArrayRef","ctor":"Uint8Array","offset":1458,"length":30},"keyframeValueEditorExtras":[null,null]},{"__type__":"cc.animation.Channel","_curve":{"__id__":128}},{"__type__":"cc.RealCurve","bytes":{"__type__":"TypedArrayRef","ctor":"Uint8Array","offset":1488,"length":30},"keyframeValueEditorExtras":[null,null]},{"__type__":"cc.animation.Channel","_curve":{"__id__":130}},{"__type__":"cc.RealCurve","bytes":{"__type__":"TypedArrayRef","ctor":"Uint8Array","offset":1518,"length":6}},{"__type__":"cc.animation.ObjectTrack","_binding":{"__type__":"cc.animation.TrackBinding","path":{"__id__":132},"proxy":null},"_channel":{"__id__":135}},{"__type__":"cc.animation.TrackPath","_paths":[{"__id__":133},{"__id__":134},"spriteFrame"]},{"__type__":"cc.animation.HierarchyPath","path":"Node_5/tx_youxichang_wangzha_light03_10"},{"__type__":"cc.animation.ComponentPath","component":"cc.Sprite"},{"__type__":"cc.animation.Channel","_curve":{"__id__":136}},{"__type__":"cc.ObjectCurve","_times":[0],"_values":[{"__uuid__":"91Ilf2rtJDWJqp7BF9xS3j@e31b2","__expectedType__":"cc.Asset"}]},{"__type__":"cc.animation.RealTrack","_binding":{"__type__":"cc.animation.TrackBinding","path":{"__id__":138},"proxy":null},"_channel":{"__id__":141}},{"__type__":"cc.animation.TrackPath","_paths":[{"__id__":139},{"__id__":140},"opacity"]},{"__type__":"cc.animation.HierarchyPath","path":"Node_5/Sprite_15"},{"__type__":"cc.animation.ComponentPath","component":"cc.UIOpacity"},{"__type__":"cc.animation.Channel","_curve":{"__id__":142}},{"__type__":"cc.RealCurve","bytes":{"__type__":"TypedArrayRef","ctor":"Uint8Array","offset":1524,"length":54},"keyframeValueEditorExtras":[null,null,null,null]},{"__type__":"cc.animation.ObjectTrack","_binding":{"__type__":"cc.animation.TrackBinding","path":{"__id__":144},"proxy":null},"_channel":{"__id__":147}},{"__type__":"cc.animation.TrackPath","_paths":[{"__id__":145},{"__id__":146},"spriteFrame"]},{"__type__":"cc.animation.HierarchyPath","path":"Node_5/Sprite_15"},{"__type__":"cc.animation.ComponentPath","component":"cc.Sprite"},{"__type__":"cc.animation.Channel","_curve":{"__id__":148}},{"__type__":"cc.ObjectCurve","_times":[0.2,0.21666666666666667,0.23333333333333334,0.25,0.26666666666666666,0.2833333333333333,0.3,0.31666666666666665,0.3333333333333333,0.36666666666666664,0.4,0.43333333333333335,0.4666666666666667,0.48333333333333334],"_values":[{"__uuid__":"91Ilf2rtJDWJqp7BF9xS3j@06909","__expectedType__":"cc.Asset"},{"__uuid__":"91Ilf2rtJDWJqp7BF9xS3j@3be59","__expectedType__":"cc.Asset"},{"__uuid__":"91Ilf2rtJDWJqp7BF9xS3j@f373a","__expectedType__":"cc.Asset"},{"__uuid__":"91Ilf2rtJDWJqp7BF9xS3j@5d4aa","__expectedType__":"cc.Asset"},{"__uuid__":"91Ilf2rtJDWJqp7BF9xS3j@0b733","__expectedType__":"cc.Asset"},{"__uuid__":"91Ilf2rtJDWJqp7BF9xS3j@0b23f","__expectedType__":"cc.Asset"},{"__uuid__":"91Ilf2rtJDWJqp7BF9xS3j@67d12","__expectedType__":"cc.Asset"},{"__uuid__":"91Ilf2rtJDWJqp7BF9xS3j@84163","__expectedType__":"cc.Asset"},{"__uuid__":"91Ilf2rtJDWJqp7BF9xS3j@7fcf9","__expectedType__":"cc.Asset"},{"__uuid__":"91Ilf2rtJDWJqp7BF9xS3j@130f0","__expectedType__":"cc.Asset"},{"__uuid__":"91Ilf2rtJDWJqp7BF9xS3j@a6525","__expectedType__":"cc.Asset"},{"__uuid__":"91Ilf2rtJDWJqp7BF9xS3j@cc3d4","__expectedType__":"cc.Asset"},{"__uuid__":"91Ilf2rtJDWJqp7BF9xS3j@737d6","__expectedType__":"cc.Asset"},{"__uuid__":"91Ilf2rtJDWJqp7BF9xS3j@ce75f","__expectedType__":"cc.Asset"}]},{"__type__":"cc.animation.RealTrack","_binding":{"__type__":"cc.animation.TrackBinding","path":{"__id__":150},"proxy":null},"_channel":{"__id__":153}},{"__type__":"cc.animation.TrackPath","_paths":[{"__id__":151},{"__id__":152},"opacity"]},{"__type__":"cc.animation.HierarchyPath","path":"Node_5/Sprite_15_0"},{"__type__":"cc.animation.ComponentPath","component":"cc.UIOpacity"},{"__type__":"cc.animation.Channel","_curve":{"__id__":154}},{"__type__":"cc.RealCurve","bytes":{"__type__":"TypedArrayRef","ctor":"Uint8Array","offset":1578,"length":54},"keyframeValueEditorExtras":[null,null,null,null]},{"__type__":"cc.animation.ObjectTrack","_binding":{"__type__":"cc.animation.TrackBinding","path":{"__id__":156},"proxy":null},"_channel":{"__id__":159}},{"__type__":"cc.animation.TrackPath","_paths":[{"__id__":157},{"__id__":158},"spriteFrame"]},{"__type__":"cc.animation.HierarchyPath","path":"Node_5/Sprite_15_0"},{"__type__":"cc.animation.ComponentPath","component":"cc.Sprite"},{"__type__":"cc.animation.Channel","_curve":{"__id__":160}},{"__type__":"cc.ObjectCurve","_times":[0.2,0.21666666666666667,0.23333333333333334,0.25,0.26666666666666666,0.2833333333333333,0.3,0.31666666666666665,0.3333333333333333,0.36666666666666664,0.4,0.43333333333333335,0.4666666666666667,0.48333333333333334],"_values":[{"__uuid__":"91Ilf2rtJDWJqp7BF9xS3j@06909","__expectedType__":"cc.Asset"},{"__uuid__":"91Ilf2rtJDWJqp7BF9xS3j@3be59","__expectedType__":"cc.Asset"},{"__uuid__":"91Ilf2rtJDWJqp7BF9xS3j@f373a","__expectedType__":"cc.Asset"},{"__uuid__":"91Ilf2rtJDWJqp7BF9xS3j@5d4aa","__expectedType__":"cc.Asset"},{"__uuid__":"91Ilf2rtJDWJqp7BF9xS3j@0b733","__expectedType__":"cc.Asset"},{"__uuid__":"91Ilf2rtJDWJqp7BF9xS3j@0b23f","__expectedType__":"cc.Asset"},{"__uuid__":"91Ilf2rtJDWJqp7BF9xS3j@67d12","__expectedType__":"cc.Asset"},{"__uuid__":"91Ilf2rtJDWJqp7BF9xS3j@84163","__expectedType__":"cc.Asset"},{"__uuid__":"91Ilf2rtJDWJqp7BF9xS3j@7fcf9","__expectedType__":"cc.Asset"},{"__uuid__":"91Ilf2rtJDWJqp7BF9xS3j@130f0","__expectedType__":"cc.Asset"},{"__uuid__":"91Ilf2rtJDWJqp7BF9xS3j@a6525","__expectedType__":"cc.Asset"},{"__uuid__":"91Ilf2rtJDWJqp7BF9xS3j@cc3d4","__expectedType__":"cc.Asset"},{"__uuid__":"91Ilf2rtJDWJqp7BF9xS3j@737d6","__expectedType__":"cc.Asset"},{"__uuid__":"91Ilf2rtJDWJqp7BF9xS3j@ce75f","__expectedType__":"cc.Asset"}]},{"__type__":"cc.animation.VectorTrack","_binding":{"__type__":"cc.animation.TrackBinding","path":{"__id__":162},"proxy":null},"_channels":[{"__id__":164},{"__id__":166},{"__id__":168},{"__id__":170}],"_nComponents":3},{"__type__":"cc.animation.TrackPath","_paths":[{"__id__":163},"position"]},{"__type__":"cc.animation.HierarchyPath","path":"Node_5/behit_huojian_04_29"},{"__type__":"cc.animation.Channel","_curve":{"__id__":165}},{"__type__":"cc.RealCurve","bytes":{"__type__":"TypedArrayRef","ctor":"Uint8Array","offset":1632,"length":18},"keyframeValueEditorExtras":[null]},{"__type__":"cc.animation.Channel","_curve":{"__id__":167}},{"__type__":"cc.RealCurve","bytes":{"__type__":"TypedArrayRef","ctor":"Uint8Array","offset":1650,"length":18},"keyframeValueEditorExtras":[null]},{"__type__":"cc.animation.Channel","_curve":{"__id__":169}},{"__type__":"cc.RealCurve","bytes":{"__type__":"TypedArrayRef","ctor":"Uint8Array","offset":1668,"length":18},"keyframeValueEditorExtras":[null]},{"__type__":"cc.animation.Channel","_curve":{"__id__":171}},{"__type__":"cc.RealCurve","bytes":{"__type__":"TypedArrayRef","ctor":"Uint8Array","offset":1686,"length":6}},{"__type__":"cc.animation.RealTrack","_binding":{"__type__":"cc.animation.TrackBinding","path":{"__id__":173},"proxy":null},"_channel":{"__id__":176}},{"__type__":"cc.animation.TrackPath","_paths":[{"__id__":174},{"__id__":175},"opacity"]},{"__type__":"cc.animation.HierarchyPath","path":"Node_5/behit_huojian_04_29"},{"__type__":"cc.animation.ComponentPath","component":"cc.UIOpacity"},{"__type__":"cc.animation.Channel","_curve":{"__id__":177}},{"__type__":"cc.RealCurve","bytes":{"__type__":"TypedArrayRef","ctor":"Uint8Array","offset":1692,"length":30},"keyframeValueEditorExtras":[null,null]},{"__type__":"cc.animation.ObjectTrack","_binding":{"__type__":"cc.animation.TrackBinding","path":{"__id__":179},"proxy":null},"_channel":{"__id__":182}},{"__type__":"cc.animation.TrackPath","_paths":[{"__id__":180},{"__id__":181},"spriteFrame"]},{"__type__":"cc.animation.HierarchyPath","path":"Node_5/behit_huojian_04_29"},{"__type__":"cc.animation.ComponentPath","component":"cc.Sprite"},{"__type__":"cc.animation.Channel","_curve":{"__id__":183}},{"__type__":"cc.ObjectCurve","_times":[0.25,0.26666666666666666,0.2833333333333333,0.3,0.31666666666666665,0.3333333333333333,0.35,0.36666666666666664,0.38333333333333336,0.4],"_values":[{"__uuid__":"91Ilf2rtJDWJqp7BF9xS3j@a45d3","__expectedType__":"cc.Asset"},{"__uuid__":"91Ilf2rtJDWJqp7BF9xS3j@32d6d","__expectedType__":"cc.Asset"},{"__uuid__":"91Ilf2rtJDWJqp7BF9xS3j@48f5d","__expectedType__":"cc.Asset"},{"__uuid__":"91Ilf2rtJDWJqp7BF9xS3j@917c5","__expectedType__":"cc.Asset"},{"__uuid__":"91Ilf2rtJDWJqp7BF9xS3j@814c8","__expectedType__":"cc.Asset"},{"__uuid__":"91Ilf2rtJDWJqp7BF9xS3j@96296","__expectedType__":"cc.Asset"},{"__uuid__":"91Ilf2rtJDWJqp7BF9xS3j@aac8e","__expectedType__":"cc.Asset"},{"__uuid__":"91Ilf2rtJDWJqp7BF9xS3j@a9fc9","__expectedType__":"cc.Asset"},{"__uuid__":"91Ilf2rtJDWJqp7BF9xS3j@be1bf","__expectedType__":"cc.Asset"},{"__uuid__":"91Ilf2rtJDWJqp7BF9xS3j@b0483","__expectedType__":"cc.Asset"}]},{"__type__":"cc.animation.RealTrack","_binding":{"__type__":"cc.animation.TrackBinding","path":{"__id__":185},"proxy":null},"_channel":{"__id__":188}},{"__type__":"cc.animation.TrackPath","_paths":[{"__id__":186},{"__id__":187},"opacity"]},{"__type__":"cc.animation.HierarchyPath","path":"Node_5/tx_youxichang_wangzha_light03_10_0"},{"__type__":"cc.animation.ComponentPath","component":"cc.UIOpacity"},{"__type__":"cc.animation.Channel","_curve":{"__id__":189}},{"__type__":"cc.RealCurve","bytes":{"__type__":"TypedArrayRef","ctor":"Uint8Array","offset":1722,"length":54},"keyframeValueEditorExtras":[null,null,null,null]},{"__type__":"cc.animation.VectorTrack","_binding":{"__type__":"cc.animation.TrackBinding","path":{"__id__":191},"proxy":null},"_channels":[{"__id__":193},{"__id__":195},{"__id__":197},{"__id__":199}],"_nComponents":3},{"__type__":"cc.animation.TrackPath","_paths":[{"__id__":192},"position"]},{"__type__":"cc.animation.HierarchyPath","path":"Node_5/tx_youxichang_wangzha_light03_10_0"},{"__type__":"cc.animation.Channel","_curve":{"__id__":194}},{"__type__":"cc.RealCurve","bytes":{"__type__":"TypedArrayRef","ctor":"Uint8Array","offset":1776,"length":18},"keyframeValueEditorExtras":[null]},{"__type__":"cc.animation.Channel","_curve":{"__id__":196}},{"__type__":"cc.RealCurve","bytes":{"__type__":"TypedArrayRef","ctor":"Uint8Array","offset":1794,"length":18},"keyframeValueEditorExtras":[null]},{"__type__":"cc.animation.Channel","_curve":{"__id__":198}},{"__type__":"cc.RealCurve","bytes":{"__type__":"TypedArrayRef","ctor":"Uint8Array","offset":1812,"length":18},"keyframeValueEditorExtras":[null]},{"__type__":"cc.animation.Channel","_curve":{"__id__":200}},{"__type__":"cc.RealCurve","bytes":{"__type__":"TypedArrayRef","ctor":"Uint8Array","offset":1830,"length":6}},{"__type__":"cc.animation.ColorTrack","_binding":{"__type__":"cc.animation.TrackBinding","path":{"__id__":202},"proxy":null},"_channels":[{"__id__":204},{"__id__":206},{"__id__":208},{"__id__":210}]},{"__type__":"cc.animation.TrackPath","_paths":[{"__id__":203},"color"]},{"__type__":"cc.animation.HierarchyPath","path":"Node_5/tx_youxichang_wangzha_light03_10_0"},{"__type__":"cc.animation.Channel","_curve":{"__id__":205}},{"__type__":"cc.RealCurve","bytes":{"__type__":"TypedArrayRef","ctor":"Uint8Array","offset":1836,"length":18},"keyframeValueEditorExtras":[null]},{"__type__":"cc.animation.Channel","_curve":{"__id__":207}},{"__type__":"cc.RealCurve","bytes":{"__type__":"TypedArrayRef","ctor":"Uint8Array","offset":1854,"length":18},"keyframeValueEditorExtras":[null]},{"__type__":"cc.animation.Channel","_curve":{"__id__":209}},{"__type__":"cc.RealCurve","bytes":{"__type__":"TypedArrayRef","ctor":"Uint8Array","offset":1872,"length":18},"keyframeValueEditorExtras":[null]},{"__type__":"cc.animation.Channel","_curve":{"__id__":211}},{"__type__":"cc.RealCurve","bytes":{"__type__":"TypedArrayRef","ctor":"Uint8Array","offset":1890,"length":18},"keyframeValueEditorExtras":[null]},{"__type__":"cc.animation.ObjectTrack","_binding":{"__type__":"cc.animation.TrackBinding","path":{"__id__":213},"proxy":null},"_channel":{"__id__":216}},{"__type__":"cc.animation.TrackPath","_paths":[{"__id__":214},{"__id__":215},"spriteFrame"]},{"__type__":"cc.animation.HierarchyPath","path":"Node_5/tx_youxichang_wangzha_light03_10_0"},{"__type__":"cc.animation.ComponentPath","component":"cc.Sprite"},{"__type__":"cc.animation.Channel","_curve":{"__id__":217}},{"__type__":"cc.ObjectCurve","_times":[0],"_values":[{"__uuid__":"91Ilf2rtJDWJqp7BF9xS3j@e31b2","__expectedType__":"cc.Asset"}]},{"__type__":"cc.animation.VectorTrack","_binding":{"__type__":"cc.animation.TrackBinding","path":{"__id__":219},"proxy":null},"_channels":[{"__id__":221},{"__id__":223},{"__id__":225},{"__id__":227}],"_nComponents":3},{"__type__":"cc.animation.TrackPath","_paths":[{"__id__":220},"position"]},{"__type__":"cc.animation.HierarchyPath","path":"Node_5"},{"__type__":"cc.animation.Channel","_curve":{"__id__":222}},{"__type__":"cc.RealCurve","bytes":{"__type__":"TypedArrayRef","ctor":"Uint8Array","offset":1908,"length":18},"keyframeValueEditorExtras":[null]},{"__type__":"cc.animation.Channel","_curve":{"__id__":224}},{"__type__":"cc.RealCurve","bytes":{"__type__":"TypedArrayRef","ctor":"Uint8Array","offset":1926,"length":18},"keyframeValueEditorExtras":[null]},{"__type__":"cc.animation.Channel","_curve":{"__id__":226}},{"__type__":"cc.RealCurve","bytes":{"__type__":"TypedArrayRef","ctor":"Uint8Array","offset":1944,"length":18},"keyframeValueEditorExtras":[null]},{"__type__":"cc.animation.Channel","_curve":{"__id__":228}},{"__type__":"cc.RealCurve","bytes":{"__type__":"TypedArrayRef","ctor":"Uint8Array","offset":1962,"length":6}},{"__type__":"cc.animation.VectorTrack","_binding":{"__type__":"cc.animation.TrackBinding","path":{"__id__":230},"proxy":null},"_channels":[{"__id__":232},{"__id__":234},{"__id__":236},{"__id__":238}],"_nComponents":3},{"__type__":"cc.animation.TrackPath","_paths":[{"__id__":231},"eulerAngles"]},{"__type__":"cc.animation.HierarchyPath","path":"Node_5"},{"__type__":"cc.animation.Channel","_curve":{"__id__":233}},{"__type__":"cc.RealCurve","bytes":{"__type__":"TypedArrayRef","ctor":"Uint8Array","offset":1968,"length":18},"keyframeValueEditorExtras":[null]},{"__type__":"cc.animation.Channel","_curve":{"__id__":235}},{"__type__":"cc.RealCurve","bytes":{"__type__":"TypedArrayRef","ctor":"Uint8Array","offset":1986,"length":18},"keyframeValueEditorExtras":[null]},{"__type__":"cc.animation.Channel","_curve":{"__id__":237}},{"__type__":"cc.RealCurve","bytes":{"__type__":"TypedArrayRef","ctor":"Uint8Array","offset":2004,"length":18},"keyframeValueEditorExtras":[null]},{"__type__":"cc.animation.Channel","_curve":{"__id__":239}},{"__type__":"cc.RealCurve","bytes":{"__type__":"TypedArrayRef","ctor":"Uint8Array","offset":2022,"length":6}},{"__type__":"cc.animation.VectorTrack","_binding":{"__type__":"cc.animation.TrackBinding","path":{"__id__":241},"proxy":null},"_channels":[{"__id__":243},{"__id__":245},{"__id__":247},{"__id__":249}],"_nComponents":3},{"__type__":"cc.animation.TrackPath","_paths":[{"__id__":242},"position"]},{"__type__":"cc.animation.HierarchyPath","path":"Node_1/Sprite_16"},{"__type__":"cc.animation.Channel","_curve":{"__id__":244}},{"__type__":"cc.RealCurve","bytes":{"__type__":"TypedArrayRef","ctor":"Uint8Array","offset":2028,"length":18},"keyframeValueEditorExtras":[null]},{"__type__":"cc.animation.Channel","_curve":{"__id__":246}},{"__type__":"cc.RealCurve","bytes":{"__type__":"TypedArrayRef","ctor":"Uint8Array","offset":2046,"length":18},"keyframeValueEditorExtras":[null]},{"__type__":"cc.animation.Channel","_curve":{"__id__":248}},{"__type__":"cc.RealCurve","bytes":{"__type__":"TypedArrayRef","ctor":"Uint8Array","offset":2064,"length":18},"keyframeValueEditorExtras":[null]},{"__type__":"cc.animation.Channel","_curve":{"__id__":250}},{"__type__":"cc.RealCurve","bytes":{"__type__":"TypedArrayRef","ctor":"Uint8Array","offset":2082,"length":6}},{"__type__":"cc.animation.VectorTrack","_binding":{"__type__":"cc.animation.TrackBinding","path":{"__id__":252},"proxy":null},"_channels":[{"__id__":254},{"__id__":256},{"__id__":258},{"__id__":260}],"_nComponents":3},{"__type__":"cc.animation.TrackPath","_paths":[{"__id__":253},"eulerAngles"]},{"__type__":"cc.animation.HierarchyPath","path":"Node_1/Sprite_16"},{"__type__":"cc.animation.Channel","_curve":{"__id__":255}},{"__type__":"cc.RealCurve","bytes":{"__type__":"TypedArrayRef","ctor":"Uint8Array","offset":2088,"length":18},"keyframeValueEditorExtras":[null]},{"__type__":"cc.animation.Channel","_curve":{"__id__":257}},{"__type__":"cc.RealCurve","bytes":{"__type__":"TypedArrayRef","ctor":"Uint8Array","offset":2106,"length":18},"keyframeValueEditorExtras":[null]},{"__type__":"cc.animation.Channel","_curve":{"__id__":259}},{"__type__":"cc.RealCurve","bytes":{"__type__":"TypedArrayRef","ctor":"Uint8Array","offset":2124,"length":18},"keyframeValueEditorExtras":[null]},{"__type__":"cc.animation.Channel","_curve":{"__id__":261}},{"__type__":"cc.RealCurve","bytes":{"__type__":"TypedArrayRef","ctor":"Uint8Array","offset":2142,"length":6}},{"__type__":"cc.animation.RealTrack","_binding":{"__type__":"cc.animation.TrackBinding","path":{"__id__":263},"proxy":null},"_channel":{"__id__":266}},{"__type__":"cc.animation.TrackPath","_paths":[{"__id__":264},{"__id__":265},"opacity"]},{"__type__":"cc.animation.HierarchyPath","path":"Node_1/Sprite_16"},{"__type__":"cc.animation.ComponentPath","component":"cc.UIOpacity"},{"__type__":"cc.animation.Channel","_curve":{"__id__":267}},{"__type__":"cc.RealCurve","bytes":{"__type__":"TypedArrayRef","ctor":"Uint8Array","offset":2148,"length":54},"keyframeValueEditorExtras":[null,null,null,null]},{"__type__":"cc.animation.ObjectTrack","_binding":{"__type__":"cc.animation.TrackBinding","path":{"__id__":269},"proxy":null},"_channel":{"__id__":272}},{"__type__":"cc.animation.TrackPath","_paths":[{"__id__":270},{"__id__":271},"spriteFrame"]},{"__type__":"cc.animation.HierarchyPath","path":"Node_1/Sprite_16"},{"__type__":"cc.animation.ComponentPath","component":"cc.Sprite"},{"__type__":"cc.animation.Channel","_curve":{"__id__":273}},{"__type__":"cc.ObjectCurve","_times":[0.2833333333333333,0.3,0.31666666666666665,0.3333333333333333,0.35,0.36666666666666664,0.38333333333333336,0.4],"_values":[{"__uuid__":"91Ilf2rtJDWJqp7BF9xS3j@f87cb","__expectedType__":"cc.Asset"},{"__uuid__":"91Ilf2rtJDWJqp7BF9xS3j@aaa46","__expectedType__":"cc.Asset"},{"__uuid__":"91Ilf2rtJDWJqp7BF9xS3j@5cb0b","__expectedType__":"cc.Asset"},{"__uuid__":"91Ilf2rtJDWJqp7BF9xS3j@ff711","__expectedType__":"cc.Asset"},{"__uuid__":"91Ilf2rtJDWJqp7BF9xS3j@27fdb","__expectedType__":"cc.Asset"},{"__uuid__":"91Ilf2rtJDWJqp7BF9xS3j@cbae4","__expectedType__":"cc.Asset"},{"__uuid__":"91Ilf2rtJDWJqp7BF9xS3j@17bc8","__expectedType__":"cc.Asset"},{"__uuid__":"91Ilf2rtJDWJqp7BF9xS3j@9ba34","__expectedType__":"cc.Asset"}]},{"__type__":"cc.animation.VectorTrack","_binding":{"__type__":"cc.animation.TrackBinding","path":{"__id__":275},"proxy":null},"_channels":[{"__id__":277},{"__id__":279},{"__id__":281},{"__id__":283}],"_nComponents":3},{"__type__":"cc.animation.TrackPath","_paths":[{"__id__":276},"position"]},{"__type__":"cc.animation.HierarchyPath","path":"Node_1"},{"__type__":"cc.animation.Channel","_curve":{"__id__":278}},{"__type__":"cc.RealCurve","bytes":{"__type__":"TypedArrayRef","ctor":"Uint8Array","offset":2202,"length":18},"keyframeValueEditorExtras":[null]},{"__type__":"cc.animation.Channel","_curve":{"__id__":280}},{"__type__":"cc.RealCurve","bytes":{"__type__":"TypedArrayRef","ctor":"Uint8Array","offset":2220,"length":18},"keyframeValueEditorExtras":[null]},{"__type__":"cc.animation.Channel","_curve":{"__id__":282}},{"__type__":"cc.RealCurve","bytes":{"__type__":"TypedArrayRef","ctor":"Uint8Array","offset":2238,"length":18},"keyframeValueEditorExtras":[null]},{"__type__":"cc.animation.Channel","_curve":{"__id__":284}},{"__type__":"cc.RealCurve","bytes":{"__type__":"TypedArrayRef","ctor":"Uint8Array","offset":2256,"length":6}},{"__type__":"cc.animation.VectorTrack","_binding":{"__type__":"cc.animation.TrackBinding","path":{"__id__":286},"proxy":null},"_channels":[{"__id__":288},{"__id__":290},{"__id__":292},{"__id__":294}],"_nComponents":3},{"__type__":"cc.animation.TrackPath","_paths":[{"__id__":287},"eulerAngles"]},{"__type__":"cc.animation.HierarchyPath","path":"Node_1"},{"__type__":"cc.animation.Channel","_curve":{"__id__":289}},{"__type__":"cc.RealCurve","bytes":{"__type__":"TypedArrayRef","ctor":"Uint8Array","offset":2262,"length":18},"keyframeValueEditorExtras":[null]},{"__type__":"cc.animation.Channel","_curve":{"__id__":291}},{"__type__":"cc.RealCurve","bytes":{"__type__":"TypedArrayRef","ctor":"Uint8Array","offset":2280,"length":18},"keyframeValueEditorExtras":[null]},{"__type__":"cc.animation.Channel","_curve":{"__id__":293}},{"__type__":"cc.RealCurve","bytes":{"__type__":"TypedArrayRef","ctor":"Uint8Array","offset":2298,"length":18},"keyframeValueEditorExtras":[null]},{"__type__":"cc.animation.Channel","_curve":{"__id__":295}},{"__type__":"cc.RealCurve","bytes":{"__type__":"TypedArrayRef","ctor":"Uint8Array","offset":2316,"length":6}},{"__type__":"cc.animation.VectorTrack","_binding":{"__type__":"cc.animation.TrackBinding","path":{"__id__":297},"proxy":null},"_channels":[{"__id__":299},{"__id__":301},{"__id__":303},{"__id__":305}],"_nComponents":3},{"__type__":"cc.animation.TrackPath","_paths":[{"__id__":298},"position"]},{"__type__":"cc.animation.HierarchyPath","path":"Node_1_0/Sprite_16"},{"__type__":"cc.animation.Channel","_curve":{"__id__":300}},{"__type__":"cc.RealCurve","bytes":{"__type__":"TypedArrayRef","ctor":"Uint8Array","offset":2322,"length":18},"keyframeValueEditorExtras":[null]},{"__type__":"cc.animation.Channel","_curve":{"__id__":302}},{"__type__":"cc.RealCurve","bytes":{"__type__":"TypedArrayRef","ctor":"Uint8Array","offset":2340,"length":18},"keyframeValueEditorExtras":[null]},{"__type__":"cc.animation.Channel","_curve":{"__id__":304}},{"__type__":"cc.RealCurve","bytes":{"__type__":"TypedArrayRef","ctor":"Uint8Array","offset":2358,"length":18},"keyframeValueEditorExtras":[null]},{"__type__":"cc.animation.Channel","_curve":{"__id__":306}},{"__type__":"cc.RealCurve","bytes":{"__type__":"TypedArrayRef","ctor":"Uint8Array","offset":2376,"length":6}},{"__type__":"cc.animation.VectorTrack","_binding":{"__type__":"cc.animation.TrackBinding","path":{"__id__":308},"proxy":null},"_channels":[{"__id__":310},{"__id__":312},{"__id__":314},{"__id__":316}],"_nComponents":3},{"__type__":"cc.animation.TrackPath","_paths":[{"__id__":309},"eulerAngles"]},{"__type__":"cc.animation.HierarchyPath","path":"Node_1_0/Sprite_16"},{"__type__":"cc.animation.Channel","_curve":{"__id__":311}},{"__type__":"cc.RealCurve","bytes":{"__type__":"TypedArrayRef","ctor":"Uint8Array","offset":2382,"length":18},"keyframeValueEditorExtras":[null]},{"__type__":"cc.animation.Channel","_curve":{"__id__":313}},{"__type__":"cc.RealCurve","bytes":{"__type__":"TypedArrayRef","ctor":"Uint8Array","offset":2400,"length":18},"keyframeValueEditorExtras":[null]},{"__type__":"cc.animation.Channel","_curve":{"__id__":315}},{"__type__":"cc.RealCurve","bytes":{"__type__":"TypedArrayRef","ctor":"Uint8Array","offset":2418,"length":18},"keyframeValueEditorExtras":[null]},{"__type__":"cc.animation.Channel","_curve":{"__id__":317}},{"__type__":"cc.RealCurve","bytes":{"__type__":"TypedArrayRef","ctor":"Uint8Array","offset":2436,"length":6}},{"__type__":"cc.animation.RealTrack","_binding":{"__type__":"cc.animation.TrackBinding","path":{"__id__":319},"proxy":null},"_channel":{"__id__":322}},{"__type__":"cc.animation.TrackPath","_paths":[{"__id__":320},{"__id__":321},"opacity"]},{"__type__":"cc.animation.HierarchyPath","path":"Node_1_0/Sprite_16"},{"__type__":"cc.animation.ComponentPath","component":"cc.UIOpacity"},{"__type__":"cc.animation.Channel","_curve":{"__id__":323}},{"__type__":"cc.RealCurve","bytes":{"__type__":"TypedArrayRef","ctor":"Uint8Array","offset":2442,"length":54},"keyframeValueEditorExtras":[null,null,null,null]},{"__type__":"cc.animation.ObjectTrack","_binding":{"__type__":"cc.animation.TrackBinding","path":{"__id__":325},"proxy":null},"_channel":{"__id__":328}},{"__type__":"cc.animation.TrackPath","_paths":[{"__id__":326},{"__id__":327},"spriteFrame"]},{"__type__":"cc.animation.HierarchyPath","path":"Node_1_0/Sprite_16"},{"__type__":"cc.animation.ComponentPath","component":"cc.Sprite"},{"__type__":"cc.animation.Channel","_curve":{"__id__":329}},{"__type__":"cc.ObjectCurve","_times":[0.2833333333333333,0.3,0.31666666666666665,0.3333333333333333,0.35,0.36666666666666664,0.38333333333333336,0.4],"_values":[{"__uuid__":"91Ilf2rtJDWJqp7BF9xS3j@f87cb","__expectedType__":"cc.Asset"},{"__uuid__":"91Ilf2rtJDWJqp7BF9xS3j@aaa46","__expectedType__":"cc.Asset"},{"__uuid__":"91Ilf2rtJDWJqp7BF9xS3j@5cb0b","__expectedType__":"cc.Asset"},{"__uuid__":"91Ilf2rtJDWJqp7BF9xS3j@ff711","__expectedType__":"cc.Asset"},{"__uuid__":"91Ilf2rtJDWJqp7BF9xS3j@27fdb","__expectedType__":"cc.Asset"},{"__uuid__":"91Ilf2rtJDWJqp7BF9xS3j@cbae4","__expectedType__":"cc.Asset"},{"__uuid__":"91Ilf2rtJDWJqp7BF9xS3j@17bc8","__expectedType__":"cc.Asset"},{"__uuid__":"91Ilf2rtJDWJqp7BF9xS3j@9ba34","__expectedType__":"cc.Asset"}]},{"__type__":"cc.animation.VectorTrack","_binding":{"__type__":"cc.animation.TrackBinding","path":{"__id__":331},"proxy":null},"_channels":[{"__id__":333},{"__id__":335},{"__id__":337},{"__id__":339}],"_nComponents":3},{"__type__":"cc.animation.TrackPath","_paths":[{"__id__":332},"position"]},{"__type__":"cc.animation.HierarchyPath","path":"Node_1_0"},{"__type__":"cc.animation.Channel","_curve":{"__id__":334}},{"__type__":"cc.RealCurve","bytes":{"__type__":"TypedArrayRef","ctor":"Uint8Array","offset":2496,"length":18},"keyframeValueEditorExtras":[null]},{"__type__":"cc.animation.Channel","_curve":{"__id__":336}},{"__type__":"cc.RealCurve","bytes":{"__type__":"TypedArrayRef","ctor":"Uint8Array","offset":2514,"length":18},"keyframeValueEditorExtras":[null]},{"__type__":"cc.animation.Channel","_curve":{"__id__":338}},{"__type__":"cc.RealCurve","bytes":{"__type__":"TypedArrayRef","ctor":"Uint8Array","offset":2532,"length":18},"keyframeValueEditorExtras":[null]},{"__type__":"cc.animation.Channel","_curve":{"__id__":340}},{"__type__":"cc.RealCurve","bytes":{"__type__":"TypedArrayRef","ctor":"Uint8Array","offset":2550,"length":6}},{"__type__":"cc.animation.VectorTrack","_binding":{"__type__":"cc.animation.TrackBinding","path":{"__id__":342},"proxy":null},"_channels":[{"__id__":344},{"__id__":346},{"__id__":348},{"__id__":350}],"_nComponents":3},{"__type__":"cc.animation.TrackPath","_paths":[{"__id__":343},"eulerAngles"]},{"__type__":"cc.animation.HierarchyPath","path":"Node_1_0"},{"__type__":"cc.animation.Channel","_curve":{"__id__":345}},{"__type__":"cc.RealCurve","bytes":{"__type__":"TypedArrayRef","ctor":"Uint8Array","offset":2556,"length":18},"keyframeValueEditorExtras":[null]},{"__type__":"cc.animation.Channel","_curve":{"__id__":347}},{"__type__":"cc.RealCurve","bytes":{"__type__":"TypedArrayRef","ctor":"Uint8Array","offset":2574,"length":18},"keyframeValueEditorExtras":[null]},{"__type__":"cc.animation.Channel","_curve":{"__id__":349}},{"__type__":"cc.RealCurve","bytes":{"__type__":"TypedArrayRef","ctor":"Uint8Array","offset":2592,"length":18},"keyframeValueEditorExtras":[null]},{"__type__":"cc.animation.Channel","_curve":{"__id__":351}},{"__type__":"cc.RealCurve","bytes":{"__type__":"TypedArrayRef","ctor":"Uint8Array","offset":2610,"length":6}},{"__type__":"cc.animation.VectorTrack","_binding":{"__type__":"cc.animation.TrackBinding","path":{"__id__":353},"proxy":null},"_channels":[{"__id__":355},{"__id__":357},{"__id__":359},{"__id__":361}],"_nComponents":3},{"__type__":"cc.animation.TrackPath","_paths":[{"__id__":354},"position"]},{"__type__":"cc.animation.HierarchyPath","path":"Sprite_20"},{"__type__":"cc.animation.Channel","_curve":{"__id__":356}},{"__type__":"cc.RealCurve","bytes":{"__type__":"TypedArrayRef","ctor":"Uint8Array","offset":2616,"length":42},"keyframeValueEditorExtras":[null,null,null]},{"__type__":"cc.animation.Channel","_curve":{"__id__":358}},{"__type__":"cc.RealCurve","bytes":{"__type__":"TypedArrayRef","ctor":"Uint8Array","offset":2658,"length":42},"keyframeValueEditorExtras":[null,null,null]},{"__type__":"cc.animation.Channel","_curve":{"__id__":360}},{"__type__":"cc.RealCurve","bytes":{"__type__":"TypedArrayRef","ctor":"Uint8Array","offset":2700,"length":42},"keyframeValueEditorExtras":[null,null,null]},{"__type__":"cc.animation.Channel","_curve":{"__id__":362}},{"__type__":"cc.RealCurve","bytes":{"__type__":"TypedArrayRef","ctor":"Uint8Array","offset":2742,"length":6}},{"__type__":"cc.animation.VectorTrack","_binding":{"__type__":"cc.animation.TrackBinding","path":{"__id__":364},"proxy":null},"_channels":[{"__id__":366},{"__id__":368},{"__id__":370},{"__id__":372}],"_nComponents":3},{"__type__":"cc.animation.TrackPath","_paths":[{"__id__":365},"eulerAngles"]},{"__type__":"cc.animation.HierarchyPath","path":"Sprite_20"},{"__type__":"cc.animation.Channel","_curve":{"__id__":367}},{"__type__":"cc.RealCurve","bytes":{"__type__":"TypedArrayRef","ctor":"Uint8Array","offset":2748,"length":42},"keyframeValueEditorExtras":[null,null,null]},{"__type__":"cc.animation.Channel","_curve":{"__id__":369}},{"__type__":"cc.RealCurve","bytes":{"__type__":"TypedArrayRef","ctor":"Uint8Array","offset":2790,"length":42},"keyframeValueEditorExtras":[null,null,null]},{"__type__":"cc.animation.Channel","_curve":{"__id__":371}},{"__type__":"cc.RealCurve","bytes":{"__type__":"TypedArrayRef","ctor":"Uint8Array","offset":2832,"length":42},"keyframeValueEditorExtras":[null,null,null]},{"__type__":"cc.animation.Channel","_curve":{"__id__":373}},{"__type__":"cc.RealCurve","bytes":{"__type__":"TypedArrayRef","ctor":"Uint8Array","offset":2874,"length":6}},{"__type__":"cc.animation.RealTrack","_binding":{"__type__":"cc.animation.TrackBinding","path":{"__id__":375},"proxy":null},"_channel":{"__id__":378}},{"__type__":"cc.animation.TrackPath","_paths":[{"__id__":376},{"__id__":377},"opacity"]},{"__type__":"cc.animation.HierarchyPath","path":"Sprite_20"},{"__type__":"cc.animation.ComponentPath","component":"cc.UIOpacity"},{"__type__":"cc.animation.Channel","_curve":{"__id__":379}},{"__type__":"cc.RealCurve","bytes":{"__type__":"TypedArrayRef","ctor":"Uint8Array","offset":2880,"length":42},"keyframeValueEditorExtras":[null,null,null]},{"__type__":"cc.animation.ObjectTrack","_binding":{"__type__":"cc.animation.TrackBinding","path":{"__id__":381},"proxy":null},"_channel":{"__id__":384}},{"__type__":"cc.animation.TrackPath","_paths":[{"__id__":382},{"__id__":383},"spriteFrame"]},{"__type__":"cc.animation.HierarchyPath","path":"Sprite_20"},{"__type__":"cc.animation.ComponentPath","component":"cc.Sprite"},{"__type__":"cc.animation.Channel","_curve":{"__id__":385}},{"__type__":"cc.ObjectCurve","_times":[0],"_values":[{"__uuid__":"91Ilf2rtJDWJqp7BF9xS3j@7356f","__expectedType__":"cc.Asset"}]},{"__type__":"cc.animation.VectorTrack","_binding":{"__type__":"cc.animation.TrackBinding","path":{"__id__":387},"proxy":null},"_channels":[{"__id__":389},{"__id__":391},{"__id__":393},{"__id__":395}],"_nComponents":3},{"__type__":"cc.animation.TrackPath","_paths":[{"__id__":388},"position"]},{"__type__":"cc.animation.HierarchyPath","path":"Sprite_21"},{"__type__":"cc.animation.Channel","_curve":{"__id__":390}},{"__type__":"cc.RealCurve","bytes":{"__type__":"TypedArrayRef","ctor":"Uint8Array","offset":2922,"length":42},"keyframeValueEditorExtras":[null,null,null]},{"__type__":"cc.animation.Channel","_curve":{"__id__":392}},{"__type__":"cc.RealCurve","bytes":{"__type__":"TypedArrayRef","ctor":"Uint8Array","offset":2964,"length":42},"keyframeValueEditorExtras":[null,null,null]},{"__type__":"cc.animation.Channel","_curve":{"__id__":394}},{"__type__":"cc.RealCurve","bytes":{"__type__":"TypedArrayRef","ctor":"Uint8Array","offset":3006,"length":42},"keyframeValueEditorExtras":[null,null,null]},{"__type__":"cc.animation.Channel","_curve":{"__id__":396}},{"__type__":"cc.RealCurve","bytes":{"__type__":"TypedArrayRef","ctor":"Uint8Array","offset":3048,"length":6}},{"__type__":"cc.animation.VectorTrack","_binding":{"__type__":"cc.animation.TrackBinding","path":{"__id__":398},"proxy":null},"_channels":[{"__id__":400},{"__id__":402},{"__id__":404},{"__id__":406}],"_nComponents":3},{"__type__":"cc.animation.TrackPath","_paths":[{"__id__":399},"eulerAngles"]},{"__type__":"cc.animation.HierarchyPath","path":"Sprite_21"},{"__type__":"cc.animation.Channel","_curve":{"__id__":401}},{"__type__":"cc.RealCurve","bytes":{"__type__":"TypedArrayRef","ctor":"Uint8Array","offset":3054,"length":42},"keyframeValueEditorExtras":[null,null,null]},{"__type__":"cc.animation.Channel","_curve":{"__id__":403}},{"__type__":"cc.RealCurve","bytes":{"__type__":"TypedArrayRef","ctor":"Uint8Array","offset":3096,"length":42},"keyframeValueEditorExtras":[null,null,null]},{"__type__":"cc.animation.Channel","_curve":{"__id__":405}},{"__type__":"cc.RealCurve","bytes":{"__type__":"TypedArrayRef","ctor":"Uint8Array","offset":3138,"length":42},"keyframeValueEditorExtras":[null,null,null]},{"__type__":"cc.animation.Channel","_curve":{"__id__":407}},{"__type__":"cc.RealCurve","bytes":{"__type__":"TypedArrayRef","ctor":"Uint8Array","offset":3180,"length":6}},{"__type__":"cc.animation.RealTrack","_binding":{"__type__":"cc.animation.TrackBinding","path":{"__id__":409},"proxy":null},"_channel":{"__id__":412}},{"__type__":"cc.animation.TrackPath","_paths":[{"__id__":410},{"__id__":411},"opacity"]},{"__type__":"cc.animation.HierarchyPath","path":"Sprite_21"},{"__type__":"cc.animation.ComponentPath","component":"cc.UIOpacity"},{"__type__":"cc.animation.Channel","_curve":{"__id__":413}},{"__type__":"cc.RealCurve","bytes":{"__type__":"TypedArrayRef","ctor":"Uint8Array","offset":3186,"length":42},"keyframeValueEditorExtras":[null,null,null]},{"__type__":"cc.animation.ObjectTrack","_binding":{"__type__":"cc.animation.TrackBinding","path":{"__id__":415},"proxy":null},"_channel":{"__id__":418}},{"__type__":"cc.animation.TrackPath","_paths":[{"__id__":416},{"__id__":417},"spriteFrame"]},{"__type__":"cc.animation.HierarchyPath","path":"Sprite_21"},{"__type__":"cc.animation.ComponentPath","component":"cc.Sprite"},{"__type__":"cc.animation.Channel","_curve":{"__id__":419}},{"__type__":"cc.ObjectCurve","_times":[0],"_values":[{"__uuid__":"91Ilf2rtJDWJqp7BF9xS3j@acb7b","__expectedType__":"cc.Asset"}]},{"__type__":"cc.animation.VectorTrack","_binding":{"__type__":"cc.animation.TrackBinding","path":{"__id__":421},"proxy":null},"_channels":[{"__id__":423},{"__id__":425},{"__id__":427},{"__id__":429}],"_nComponents":3},{"__type__":"cc.animation.TrackPath","_paths":[{"__id__":422},"position"]},{"__type__":"cc.animation.HierarchyPath","path":"Sprite_22"},{"__type__":"cc.animation.Channel","_curve":{"__id__":424}},{"__type__":"cc.RealCurve","bytes":{"__type__":"TypedArrayRef","ctor":"Uint8Array","offset":3228,"length":42},"keyframeValueEditorExtras":[null,null,null]},{"__type__":"cc.animation.Channel","_curve":{"__id__":426}},{"__type__":"cc.RealCurve","bytes":{"__type__":"TypedArrayRef","ctor":"Uint8Array","offset":3270,"length":42},"keyframeValueEditorExtras":[null,null,null]},{"__type__":"cc.animation.Channel","_curve":{"__id__":428}},{"__type__":"cc.RealCurve","bytes":{"__type__":"TypedArrayRef","ctor":"Uint8Array","offset":3312,"length":42},"keyframeValueEditorExtras":[null,null,null]},{"__type__":"cc.animation.Channel","_curve":{"__id__":430}},{"__type__":"cc.RealCurve","bytes":{"__type__":"TypedArrayRef","ctor":"Uint8Array","offset":3354,"length":6}},{"__type__":"cc.animation.VectorTrack","_binding":{"__type__":"cc.animation.TrackBinding","path":{"__id__":432},"proxy":null},"_channels":[{"__id__":434},{"__id__":436},{"__id__":438},{"__id__":440}],"_nComponents":3},{"__type__":"cc.animation.TrackPath","_paths":[{"__id__":433},"eulerAngles"]},{"__type__":"cc.animation.HierarchyPath","path":"Sprite_22"},{"__type__":"cc.animation.Channel","_curve":{"__id__":435}},{"__type__":"cc.RealCurve","bytes":{"__type__":"TypedArrayRef","ctor":"Uint8Array","offset":3360,"length":42},"keyframeValueEditorExtras":[null,null,null]},{"__type__":"cc.animation.Channel","_curve":{"__id__":437}},{"__type__":"cc.RealCurve","bytes":{"__type__":"TypedArrayRef","ctor":"Uint8Array","offset":3402,"length":42},"keyframeValueEditorExtras":[null,null,null]},{"__type__":"cc.animation.Channel","_curve":{"__id__":439}},{"__type__":"cc.RealCurve","bytes":{"__type__":"TypedArrayRef","ctor":"Uint8Array","offset":3444,"length":42},"keyframeValueEditorExtras":[null,null,null]},{"__type__":"cc.animation.Channel","_curve":{"__id__":441}},{"__type__":"cc.RealCurve","bytes":{"__type__":"TypedArrayRef","ctor":"Uint8Array","offset":3486,"length":6}},{"__type__":"cc.animation.RealTrack","_binding":{"__type__":"cc.animation.TrackBinding","path":{"__id__":443},"proxy":null},"_channel":{"__id__":446}},{"__type__":"cc.animation.TrackPath","_paths":[{"__id__":444},{"__id__":445},"opacity"]},{"__type__":"cc.animation.HierarchyPath","path":"Sprite_22"},{"__type__":"cc.animation.ComponentPath","component":"cc.UIOpacity"},{"__type__":"cc.animation.Channel","_curve":{"__id__":447}},{"__type__":"cc.RealCurve","bytes":{"__type__":"TypedArrayRef","ctor":"Uint8Array","offset":3492,"length":42},"keyframeValueEditorExtras":[null,null,null]},{"__type__":"cc.animation.ObjectTrack","_binding":{"__type__":"cc.animation.TrackBinding","path":{"__id__":449},"proxy":null},"_channel":{"__id__":452}},{"__type__":"cc.animation.TrackPath","_paths":[{"__id__":450},{"__id__":451},"spriteFrame"]},{"__type__":"cc.animation.HierarchyPath","path":"Sprite_22"},{"__type__":"cc.animation.ComponentPath","component":"cc.Sprite"},{"__type__":"cc.animation.Channel","_curve":{"__id__":453}},{"__type__":"cc.ObjectCurve","_times":[0],"_values":[{"__uuid__":"91Ilf2rtJDWJqp7BF9xS3j@36fc4","__expectedType__":"cc.Asset"}]},{"__type__":"cc.animation.VectorTrack","_binding":{"__type__":"cc.animation.TrackBinding","path":{"__id__":455},"proxy":null},"_channels":[{"__id__":457},{"__id__":459},{"__id__":461},{"__id__":463}],"_nComponents":3},{"__type__":"cc.animation.TrackPath","_paths":[{"__id__":456},"position"]},{"__type__":"cc.animation.HierarchyPath","path":"Sprite_23"},{"__type__":"cc.animation.Channel","_curve":{"__id__":458}},{"__type__":"cc.RealCurve","bytes":{"__type__":"TypedArrayRef","ctor":"Uint8Array","offset":3534,"length":42},"keyframeValueEditorExtras":[null,null,null]},{"__type__":"cc.animation.Channel","_curve":{"__id__":460}},{"__type__":"cc.RealCurve","bytes":{"__type__":"TypedArrayRef","ctor":"Uint8Array","offset":3576,"length":42},"keyframeValueEditorExtras":[null,null,null]},{"__type__":"cc.animation.Channel","_curve":{"__id__":462}},{"__type__":"cc.RealCurve","bytes":{"__type__":"TypedArrayRef","ctor":"Uint8Array","offset":3618,"length":42},"keyframeValueEditorExtras":[null,null,null]},{"__type__":"cc.animation.Channel","_curve":{"__id__":464}},{"__type__":"cc.RealCurve","bytes":{"__type__":"TypedArrayRef","ctor":"Uint8Array","offset":3660,"length":6}},{"__type__":"cc.animation.VectorTrack","_binding":{"__type__":"cc.animation.TrackBinding","path":{"__id__":466},"proxy":null},"_channels":[{"__id__":468},{"__id__":470},{"__id__":472},{"__id__":474}],"_nComponents":3},{"__type__":"cc.animation.TrackPath","_paths":[{"__id__":467},"eulerAngles"]},{"__type__":"cc.animation.HierarchyPath","path":"Sprite_23"},{"__type__":"cc.animation.Channel","_curve":{"__id__":469}},{"__type__":"cc.RealCurve","bytes":{"__type__":"TypedArrayRef","ctor":"Uint8Array","offset":3666,"length":42},"keyframeValueEditorExtras":[null,null,null]},{"__type__":"cc.animation.Channel","_curve":{"__id__":471}},{"__type__":"cc.RealCurve","bytes":{"__type__":"TypedArrayRef","ctor":"Uint8Array","offset":3708,"length":42},"keyframeValueEditorExtras":[null,null,null]},{"__type__":"cc.animation.Channel","_curve":{"__id__":473}},{"__type__":"cc.RealCurve","bytes":{"__type__":"TypedArrayRef","ctor":"Uint8Array","offset":3750,"length":42},"keyframeValueEditorExtras":[null,null,null]},{"__type__":"cc.animation.Channel","_curve":{"__id__":475}},{"__type__":"cc.RealCurve","bytes":{"__type__":"TypedArrayRef","ctor":"Uint8Array","offset":3792,"length":6}},{"__type__":"cc.animation.RealTrack","_binding":{"__type__":"cc.animation.TrackBinding","path":{"__id__":477},"proxy":null},"_channel":{"__id__":480}},{"__type__":"cc.animation.TrackPath","_paths":[{"__id__":478},{"__id__":479},"opacity"]},{"__type__":"cc.animation.HierarchyPath","path":"Sprite_23"},{"__type__":"cc.animation.ComponentPath","component":"cc.UIOpacity"},{"__type__":"cc.animation.Channel","_curve":{"__id__":481}},{"__type__":"cc.RealCurve","bytes":{"__type__":"TypedArrayRef","ctor":"Uint8Array","offset":3798,"length":42},"keyframeValueEditorExtras":[null,null,null]},{"__type__":"cc.animation.ObjectTrack","_binding":{"__type__":"cc.animation.TrackBinding","path":{"__id__":483},"proxy":null},"_channel":{"__id__":486}},{"__type__":"cc.animation.TrackPath","_paths":[{"__id__":484},{"__id__":485},"spriteFrame"]},{"__type__":"cc.animation.HierarchyPath","path":"Sprite_23"},{"__type__":"cc.animation.ComponentPath","component":"cc.Sprite"},{"__type__":"cc.animation.Channel","_curve":{"__id__":487}},{"__type__":"cc.ObjectCurve","_times":[0],"_values":[{"__uuid__":"91Ilf2rtJDWJqp7BF9xS3j@52138","__expectedType__":"cc.Asset"}]},{"__type__":"cc.animation.VectorTrack","_binding":{"__type__":"cc.animation.TrackBinding","path":{"__id__":489},"proxy":null},"_channels":[{"__id__":491},{"__id__":493},{"__id__":495},{"__id__":497}],"_nComponents":3},{"__type__":"cc.animation.TrackPath","_paths":[{"__id__":490},"position"]},{"__type__":"cc.animation.HierarchyPath","path":"Sprite_42"},{"__type__":"cc.animation.Channel","_curve":{"__id__":492}},{"__type__":"cc.RealCurve","bytes":{"__type__":"TypedArrayRef","ctor":"Uint8Array","offset":3840,"length":30},"keyframeValueEditorExtras":[null,null]},{"__type__":"cc.animation.Channel","_curve":{"__id__":494}},{"__type__":"cc.RealCurve","bytes":{"__type__":"TypedArrayRef","ctor":"Uint8Array","offset":3870,"length":30},"keyframeValueEditorExtras":[null,null]},{"__type__":"cc.animation.Channel","_curve":{"__id__":496}},{"__type__":"cc.RealCurve","bytes":{"__type__":"TypedArrayRef","ctor":"Uint8Array","offset":3900,"length":30},"keyframeValueEditorExtras":[null,null]},{"__type__":"cc.animation.Channel","_curve":{"__id__":498}},{"__type__":"cc.RealCurve","bytes":{"__type__":"TypedArrayRef","ctor":"Uint8Array","offset":3930,"length":6}},{"__type__":"cc.animation.RealTrack","_binding":{"__type__":"cc.animation.TrackBinding","path":{"__id__":500},"proxy":null},"_channel":{"__id__":503}},{"__type__":"cc.animation.TrackPath","_paths":[{"__id__":501},{"__id__":502},"opacity"]},{"__type__":"cc.animation.HierarchyPath","path":"Sprite_42"},{"__type__":"cc.animation.ComponentPath","component":"cc.UIOpacity"},{"__type__":"cc.animation.Channel","_curve":{"__id__":504}},{"__type__":"cc.RealCurve","bytes":{"__type__":"TypedArrayRef","ctor":"Uint8Array","offset":3936,"length":30},"keyframeValueEditorExtras":[null,null]},{"__type__":"cc.animation.ObjectTrack","_binding":{"__type__":"cc.animation.TrackBinding","path":{"__id__":506},"proxy":null},"_channel":{"__id__":509}},{"__type__":"cc.animation.TrackPath","_paths":[{"__id__":507},{"__id__":508},"spriteFrame"]},{"__type__":"cc.animation.HierarchyPath","path":"Sprite_42"},{"__type__":"cc.animation.ComponentPath","component":"cc.Sprite"},{"__type__":"cc.animation.Channel","_curve":{"__id__":510}},{"__type__":"cc.ObjectCurve","_times":[0],"_values":[{"__uuid__":"91Ilf2rtJDWJqp7BF9xS3j@17d50","__expectedType__":"cc.Asset"}]},{"__type__":"cc.animation.VectorTrack","_binding":{"__type__":"cc.animation.TrackBinding","path":{"__id__":512},"proxy":null},"_channels":[{"__id__":514},{"__id__":516},{"__id__":518},{"__id__":520}],"_nComponents":3},{"__type__":"cc.animation.TrackPath","_paths":[{"__id__":513},"scale"]},{"__type__":"cc.animation.HierarchyPath","path":"Node_zuo/Sprite_2"},{"__type__":"cc.animation.Channel","_curve":{"__id__":515}},{"__type__":"cc.RealCurve","bytes":{"__type__":"TypedArrayRef","ctor":"Uint8Array","offset":3966,"length":18},"keyframeValueEditorExtras":[null]},{"__type__":"cc.animation.Channel","_curve":{"__id__":517}},{"__type__":"cc.RealCurve","bytes":{"__type__":"TypedArrayRef","ctor":"Uint8Array","offset":3984,"length":18},"keyframeValueEditorExtras":[null]},{"__type__":"cc.animation.Channel","_curve":{"__id__":519}},{"__type__":"cc.RealCurve","bytes":{"__type__":"TypedArrayRef","ctor":"Uint8Array","offset":4002,"length":6}},{"__type__":"cc.animation.Channel","_curve":{"__id__":521}},{"__type__":"cc.RealCurve","bytes":{"__type__":"TypedArrayRef","ctor":"Uint8Array","offset":4008,"length":6}},{"__type__":"cc.animation.VectorTrack","_binding":{"__type__":"cc.animation.TrackBinding","path":{"__id__":523},"proxy":null},"_channels":[{"__id__":525},{"__id__":527},{"__id__":529},{"__id__":531}],"_nComponents":3},{"__type__":"cc.animation.TrackPath","_paths":[{"__id__":524},"scale"]},{"__type__":"cc.animation.HierarchyPath","path":"Node_you/Sprite_2_0"},{"__type__":"cc.animation.Channel","_curve":{"__id__":526}},{"__type__":"cc.RealCurve","bytes":{"__type__":"TypedArrayRef","ctor":"Uint8Array","offset":4014,"length":18},"keyframeValueEditorExtras":[null]},{"__type__":"cc.animation.Channel","_curve":{"__id__":528}},{"__type__":"cc.RealCurve","bytes":{"__type__":"TypedArrayRef","ctor":"Uint8Array","offset":4032,"length":18},"keyframeValueEditorExtras":[null]},{"__type__":"cc.animation.Channel","_curve":{"__id__":530}},{"__type__":"cc.RealCurve","bytes":{"__type__":"TypedArrayRef","ctor":"Uint8Array","offset":4050,"length":6}},{"__type__":"cc.animation.Channel","_curve":{"__id__":532}},{"__type__":"cc.RealCurve","bytes":{"__type__":"TypedArrayRef","ctor":"Uint8Array","offset":4056,"length":6}},{"__type__":"cc.animation.VectorTrack","_binding":{"__type__":"cc.animation.TrackBinding","path":{"__id__":534},"proxy":null},"_channels":[{"__id__":536},{"__id__":538},{"__id__":540},{"__id__":542}],"_nComponents":3},{"__type__":"cc.animation.TrackPath","_paths":[{"__id__":535},"scale"]},{"__type__":"cc.animation.HierarchyPath","path":"Node_xia/Sprite_2_0"},{"__type__":"cc.animation.Channel","_curve":{"__id__":537}},{"__type__":"cc.RealCurve","bytes":{"__type__":"TypedArrayRef","ctor":"Uint8Array","offset":4062,"length":18},"keyframeValueEditorExtras":[null]},{"__type__":"cc.animation.Channel","_curve":{"__id__":539}},{"__type__":"cc.RealCurve","bytes":{"__type__":"TypedArrayRef","ctor":"Uint8Array","offset":4080,"length":18},"keyframeValueEditorExtras":[null]},{"__type__":"cc.animation.Channel","_curve":{"__id__":541}},{"__type__":"cc.RealCurve","bytes":{"__type__":"TypedArrayRef","ctor":"Uint8Array","offset":4098,"length":6}},{"__type__":"cc.animation.Channel","_curve":{"__id__":543}},{"__type__":"cc.RealCurve","bytes":{"__type__":"TypedArrayRef","ctor":"Uint8Array","offset":4104,"length":6}},{"__type__":"cc.animation.VectorTrack","_binding":{"__type__":"cc.animation.TrackBinding","path":{"__id__":545},"proxy":null},"_channels":[{"__id__":547},{"__id__":549},{"__id__":551},{"__id__":553}],"_nComponents":3},{"__type__":"cc.animation.TrackPath","_paths":[{"__id__":546},"scale"]},{"__type__":"cc.animation.HierarchyPath","path":"Node_5/tx_youxichang_wangzha_light03_10"},{"__type__":"cc.animation.Channel","_curve":{"__id__":548}},{"__type__":"cc.RealCurve","bytes":{"__type__":"TypedArrayRef","ctor":"Uint8Array","offset":4110,"length":30},"keyframeValueEditorExtras":[null,null]},{"__type__":"cc.animation.Channel","_curve":{"__id__":550}},{"__type__":"cc.RealCurve","bytes":{"__type__":"TypedArrayRef","ctor":"Uint8Array","offset":4140,"length":30},"keyframeValueEditorExtras":[null,null]},{"__type__":"cc.animation.Channel","_curve":{"__id__":552}},{"__type__":"cc.RealCurve","bytes":{"__type__":"TypedArrayRef","ctor":"Uint8Array","offset":4170,"length":6}},{"__type__":"cc.animation.Channel","_curve":{"__id__":554}},{"__type__":"cc.RealCurve","bytes":{"__type__":"TypedArrayRef","ctor":"Uint8Array","offset":4176,"length":6}},{"__type__":"cc.animation.VectorTrack","_binding":{"__type__":"cc.animation.TrackBinding","path":{"__id__":556},"proxy":null},"_channels":[{"__id__":558},{"__id__":560},{"__id__":562},{"__id__":564}],"_nComponents":3},{"__type__":"cc.animation.TrackPath","_paths":[{"__id__":557},"scale"]},{"__type__":"cc.animation.HierarchyPath","path":"Node_5/tx_youxichang_wangzha_light03_10_0"},{"__type__":"cc.animation.Channel","_curve":{"__id__":559}},{"__type__":"cc.RealCurve","bytes":{"__type__":"TypedArrayRef","ctor":"Uint8Array","offset":4182,"length":18},"keyframeValueEditorExtras":[null]},{"__type__":"cc.animation.Channel","_curve":{"__id__":561}},{"__type__":"cc.RealCurve","bytes":{"__type__":"TypedArrayRef","ctor":"Uint8Array","offset":4200,"length":18},"keyframeValueEditorExtras":[null]},{"__type__":"cc.animation.Channel","_curve":{"__id__":563}},{"__type__":"cc.RealCurve","bytes":{"__type__":"TypedArrayRef","ctor":"Uint8Array","offset":4218,"length":6}},{"__type__":"cc.animation.Channel","_curve":{"__id__":565}},{"__type__":"cc.RealCurve","bytes":{"__type__":"TypedArrayRef","ctor":"Uint8Array","offset":4224,"length":6}},{"__type__":"cc.animation.VectorTrack","_binding":{"__type__":"cc.animation.TrackBinding","path":{"__id__":567},"proxy":null},"_channels":[{"__id__":569},{"__id__":571},{"__id__":573},{"__id__":575}],"_nComponents":3},{"__type__":"cc.animation.TrackPath","_paths":[{"__id__":568},"scale"]},{"__type__":"cc.animation.HierarchyPath","path":"Node_5"},{"__type__":"cc.animation.Channel","_curve":{"__id__":570}},{"__type__":"cc.RealCurve","bytes":{"__type__":"TypedArrayRef","ctor":"Uint8Array","offset":4230,"length":18},"keyframeValueEditorExtras":[null]},{"__type__":"cc.animation.Channel","_curve":{"__id__":572}},{"__type__":"cc.RealCurve","bytes":{"__type__":"TypedArrayRef","ctor":"Uint8Array","offset":4248,"length":18},"keyframeValueEditorExtras":[null]},{"__type__":"cc.animation.Channel","_curve":{"__id__":574}},{"__type__":"cc.RealCurve","bytes":{"__type__":"TypedArrayRef","ctor":"Uint8Array","offset":4266,"length":6}},{"__type__":"cc.animation.Channel","_curve":{"__id__":576}},{"__type__":"cc.RealCurve","bytes":{"__type__":"TypedArrayRef","ctor":"Uint8Array","offset":4272,"length":6}},{"__type__":"cc.animation.VectorTrack","_binding":{"__type__":"cc.animation.TrackBinding","path":{"__id__":578},"proxy":null},"_channels":[{"__id__":580},{"__id__":582},{"__id__":584},{"__id__":586}],"_nComponents":3},{"__type__":"cc.animation.TrackPath","_paths":[{"__id__":579},"scale"]},{"__type__":"cc.animation.HierarchyPath","path":"Node_1"},{"__type__":"cc.animation.Channel","_curve":{"__id__":581}},{"__type__":"cc.RealCurve","bytes":{"__type__":"TypedArrayRef","ctor":"Uint8Array","offset":4278,"length":18},"keyframeValueEditorExtras":[null]},{"__type__":"cc.animation.Channel","_curve":{"__id__":583}},{"__type__":"cc.RealCurve","bytes":{"__type__":"TypedArrayRef","ctor":"Uint8Array","offset":4296,"length":18},"keyframeValueEditorExtras":[null]},{"__type__":"cc.animation.Channel","_curve":{"__id__":585}},{"__type__":"cc.RealCurve","bytes":{"__type__":"TypedArrayRef","ctor":"Uint8Array","offset":4314,"length":6}},{"__type__":"cc.animation.Channel","_curve":{"__id__":587}},{"__type__":"cc.RealCurve","bytes":{"__type__":"TypedArrayRef","ctor":"Uint8Array","offset":4320,"length":6}},{"__type__":"cc.animation.VectorTrack","_binding":{"__type__":"cc.animation.TrackBinding","path":{"__id__":589},"proxy":null},"_channels":[{"__id__":591},{"__id__":593},{"__id__":595},{"__id__":597}],"_nComponents":3},{"__type__":"cc.animation.TrackPath","_paths":[{"__id__":590},"scale"]},{"__type__":"cc.animation.HierarchyPath","path":"Node_1_0"},{"__type__":"cc.animation.Channel","_curve":{"__id__":592}},{"__type__":"cc.RealCurve","bytes":{"__type__":"TypedArrayRef","ctor":"Uint8Array","offset":4326,"length":18},"keyframeValueEditorExtras":[null]},{"__type__":"cc.animation.Channel","_curve":{"__id__":594}},{"__type__":"cc.RealCurve","bytes":{"__type__":"TypedArrayRef","ctor":"Uint8Array","offset":4344,"length":18},"keyframeValueEditorExtras":[null]},{"__type__":"cc.animation.Channel","_curve":{"__id__":596}},{"__type__":"cc.RealCurve","bytes":{"__type__":"TypedArrayRef","ctor":"Uint8Array","offset":4362,"length":6}},{"__type__":"cc.animation.Channel","_curve":{"__id__":598}},{"__type__":"cc.RealCurve","bytes":{"__type__":"TypedArrayRef","ctor":"Uint8Array","offset":4368,"length":6}},{"__type__":"cc.animation.VectorTrack","_binding":{"__type__":"cc.animation.TrackBinding","path":{"__id__":600},"proxy":null},"_channels":[{"__id__":602},{"__id__":604},{"__id__":606},{"__id__":608}],"_nComponents":3},{"__type__":"cc.animation.TrackPath","_paths":[{"__id__":601},"scale"]},{"__type__":"cc.animation.HierarchyPath","path":"Sprite_22"},{"__type__":"cc.animation.Channel","_curve":{"__id__":603}},{"__type__":"cc.RealCurve","bytes":{"__type__":"TypedArrayRef","ctor":"Uint8Array","offset":4374,"length":30},"keyframeValueEditorExtras":[null,null]},{"__type__":"cc.animation.Channel","_curve":{"__id__":605}},{"__type__":"cc.RealCurve","bytes":{"__type__":"TypedArrayRef","ctor":"Uint8Array","offset":4404,"length":30},"keyframeValueEditorExtras":[null,null]},{"__type__":"cc.animation.Channel","_curve":{"__id__":607}},{"__type__":"cc.RealCurve","bytes":{"__type__":"TypedArrayRef","ctor":"Uint8Array","offset":4434,"length":6}},{"__type__":"cc.animation.Channel","_curve":{"__id__":609}},{"__type__":"cc.RealCurve","bytes":{"__type__":"TypedArrayRef","ctor":"Uint8Array","offset":4440,"length":6}},{"__type__":"cc.animation.VectorTrack","_binding":{"__type__":"cc.animation.TrackBinding","path":{"__id__":611},"proxy":null},"_channels":[{"__id__":613},{"__id__":615},{"__id__":617},{"__id__":619}],"_nComponents":3},{"__type__":"cc.animation.TrackPath","_paths":[{"__id__":612},"scale"]},{"__type__":"cc.animation.HierarchyPath","path":"Sprite_23"},{"__type__":"cc.animation.Channel","_curve":{"__id__":614}},{"__type__":"cc.RealCurve","bytes":{"__type__":"TypedArrayRef","ctor":"Uint8Array","offset":4446,"length":30},"keyframeValueEditorExtras":[null,null]},{"__type__":"cc.animation.Channel","_curve":{"__id__":616}},{"__type__":"cc.RealCurve","bytes":{"__type__":"TypedArrayRef","ctor":"Uint8Array","offset":4476,"length":30},"keyframeValueEditorExtras":[null,null]},{"__type__":"cc.animation.Channel","_curve":{"__id__":618}},{"__type__":"cc.RealCurve","bytes":{"__type__":"TypedArrayRef","ctor":"Uint8Array","offset":4506,"length":6}},{"__type__":"cc.animation.Channel","_curve":{"__id__":620}},{"__type__":"cc.RealCurve","bytes":{"__type__":"TypedArrayRef","ctor":"Uint8Array","offset":4512,"length":6}},{"__type__":"cc.animation.VectorTrack","_binding":{"__type__":"cc.animation.TrackBinding","path":{"__id__":622},"proxy":null},"_channels":[{"__id__":624},{"__id__":626},{"__id__":628},{"__id__":630}],"_nComponents":3},{"__type__":"cc.animation.TrackPath","_paths":[{"__id__":623},"scale"]},{"__type__":"cc.animation.HierarchyPath","path":"Sprite_42"},{"__type__":"cc.animation.Channel","_curve":{"__id__":625}},{"__type__":"cc.RealCurve","bytes":{"__type__":"TypedArrayRef","ctor":"Uint8Array","offset":4518,"length":30},"keyframeValueEditorExtras":[null,null]},{"__type__":"cc.animation.Channel","_curve":{"__id__":627}},{"__type__":"cc.RealCurve","bytes":{"__type__":"TypedArrayRef","ctor":"Uint8Array","offset":4548,"length":30},"keyframeValueEditorExtras":[null,null]},{"__type__":"cc.animation.Channel","_curve":{"__id__":629}},{"__type__":"cc.RealCurve","bytes":{"__type__":"TypedArrayRef","ctor":"Uint8Array","offset":4578,"length":6}},{"__type__":"cc.animation.Channel","_curve":{"__id__":631}},{"__type__":"cc.RealCurve","bytes":{"__type__":"TypedArrayRef","ctor":"Uint8Array","offset":4584,"length":6}}],"chunks":[".bin"]}
