{"version":1,"document":[{"__type__":"cc.AnimationClip","_name":"ani_node_liandui","_objFlags":0,"_native":"","sample":60,"speed":0.4167,"wrapMode":1,"enableTrsBlending":false,"_duration":0.3333333333333333,"_hash":500763545,"_tracks":[{"__id__":1},{"__id__":8},{"__id__":15},{"__id__":22},{"__id__":29},{"__id__":36},{"__id__":43},{"__id__":50},{"__id__":57},{"__id__":64},{"__id__":71},{"__id__":78},{"__id__":85},{"__id__":92},{"__id__":99},{"__id__":110},{"__id__":121},{"__id__":127},{"__id__":133},{"__id__":144},{"__id__":149},{"__id__":154},{"__id__":160},{"__id__":171},{"__id__":176},{"__id__":181},{"__id__":187},{"__id__":198},{"__id__":203},{"__id__":208},{"__id__":214},{"__id__":225},{"__id__":230},{"__id__":235},{"__id__":241},{"__id__":252},{"__id__":258},{"__id__":264},{"__id__":275},{"__id__":281},{"__id__":287},{"__id__":298},{"__id__":309},{"__id__":320},{"__id__":331},{"__id__":337},{"__id__":343},{"__id__":354},{"__id__":359},{"__id__":364},{"__id__":370},{"__id__":381},{"__id__":386},{"__id__":391},{"__id__":397},{"__id__":408},{"__id__":413},{"__id__":418},{"__id__":424},{"__id__":435},{"__id__":440},{"__id__":445},{"__id__":451},{"__id__":462},{"__id__":468},{"__id__":474},{"__id__":485},{"__id__":491},{"__id__":497},{"__id__":508}],"_exoticAnimation":null,"_events":[],"_embeddedPlayers":[]},{"__type__":"cc.animation.UntypedTrack","_binding":{"__type__":"cc.animation.TrackBinding","path":{"__id__":2},"proxy":null},"_channels":[{"__id__":4},{"__id__":6}]},{"__type__":"cc.animation.TrackPath","_paths":[{"__id__":3},"scale"]},{"__type__":"cc.animation.HierarchyPath","path":"Node_zuo/Sprite_5"},{"__type__":"cc.animation.UntypedTrackChannel","_curve":{"__id__":5},"property":"x"},{"__type__":"cc.RealCurve","bytes":{"__type__":"TypedArrayRef","ctor":"Uint8Array","offset":0,"length":18},"keyframeValueEditorExtras":[null]},{"__type__":"cc.animation.UntypedTrackChannel","_curve":{"__id__":7},"property":"y"},{"__type__":"cc.RealCurve","bytes":{"__type__":"TypedArrayRef","ctor":"Uint8Array","offset":18,"length":18},"keyframeValueEditorExtras":[null]},{"__type__":"cc.animation.UntypedTrack","_binding":{"__type__":"cc.animation.TrackBinding","path":{"__id__":9},"proxy":null},"_channels":[{"__id__":11},{"__id__":13}]},{"__type__":"cc.animation.TrackPath","_paths":[{"__id__":10},"scale"]},{"__type__":"cc.animation.HierarchyPath","path":"Node_zuo/Sprite_12_0"},{"__type__":"cc.animation.UntypedTrackChannel","_curve":{"__id__":12},"property":"x"},{"__type__":"cc.RealCurve","bytes":{"__type__":"TypedArrayRef","ctor":"Uint8Array","offset":36,"length":42},"keyframeValueEditorExtras":[null,null,null]},{"__type__":"cc.animation.UntypedTrackChannel","_curve":{"__id__":14},"property":"y"},{"__type__":"cc.RealCurve","bytes":{"__type__":"TypedArrayRef","ctor":"Uint8Array","offset":78,"length":42},"keyframeValueEditorExtras":[null,null,null]},{"__type__":"cc.animation.UntypedTrack","_binding":{"__type__":"cc.animation.TrackBinding","path":{"__id__":16},"proxy":null},"_channels":[{"__id__":18},{"__id__":20}]},{"__type__":"cc.animation.TrackPath","_paths":[{"__id__":17},"scale"]},{"__type__":"cc.animation.HierarchyPath","path":"Node_zuo/Sprite_12"},{"__type__":"cc.animation.UntypedTrackChannel","_curve":{"__id__":19},"property":"x"},{"__type__":"cc.RealCurve","bytes":{"__type__":"TypedArrayRef","ctor":"Uint8Array","offset":120,"length":42},"keyframeValueEditorExtras":[null,null,null]},{"__type__":"cc.animation.UntypedTrackChannel","_curve":{"__id__":21},"property":"y"},{"__type__":"cc.RealCurve","bytes":{"__type__":"TypedArrayRef","ctor":"Uint8Array","offset":162,"length":42},"keyframeValueEditorExtras":[null,null,null]},{"__type__":"cc.animation.UntypedTrack","_binding":{"__type__":"cc.animation.TrackBinding","path":{"__id__":23},"proxy":null},"_channels":[{"__id__":25},{"__id__":27}]},{"__type__":"cc.animation.TrackPath","_paths":[{"__id__":24},"scale"]},{"__type__":"cc.animation.HierarchyPath","path":"Node_zuo/Sprite_15_0"},{"__type__":"cc.animation.UntypedTrackChannel","_curve":{"__id__":26},"property":"x"},{"__type__":"cc.RealCurve","bytes":{"__type__":"TypedArrayRef","ctor":"Uint8Array","offset":204,"length":42},"keyframeValueEditorExtras":[null,null,null]},{"__type__":"cc.animation.UntypedTrackChannel","_curve":{"__id__":28},"property":"y"},{"__type__":"cc.RealCurve","bytes":{"__type__":"TypedArrayRef","ctor":"Uint8Array","offset":246,"length":42},"keyframeValueEditorExtras":[null,null,null]},{"__type__":"cc.animation.UntypedTrack","_binding":{"__type__":"cc.animation.TrackBinding","path":{"__id__":30},"proxy":null},"_channels":[{"__id__":32},{"__id__":34}]},{"__type__":"cc.animation.TrackPath","_paths":[{"__id__":31},"scale"]},{"__type__":"cc.animation.HierarchyPath","path":"Node_zuo/Sprite_15"},{"__type__":"cc.animation.UntypedTrackChannel","_curve":{"__id__":33},"property":"x"},{"__type__":"cc.RealCurve","bytes":{"__type__":"TypedArrayRef","ctor":"Uint8Array","offset":288,"length":42},"keyframeValueEditorExtras":[null,null,null]},{"__type__":"cc.animation.UntypedTrackChannel","_curve":{"__id__":35},"property":"y"},{"__type__":"cc.RealCurve","bytes":{"__type__":"TypedArrayRef","ctor":"Uint8Array","offset":330,"length":42},"keyframeValueEditorExtras":[null,null,null]},{"__type__":"cc.animation.UntypedTrack","_binding":{"__type__":"cc.animation.TrackBinding","path":{"__id__":37},"proxy":null},"_channels":[{"__id__":39},{"__id__":41}]},{"__type__":"cc.animation.TrackPath","_paths":[{"__id__":38},"scale"]},{"__type__":"cc.animation.HierarchyPath","path":"Node_zuo/Node_3"},{"__type__":"cc.animation.UntypedTrackChannel","_curve":{"__id__":40},"property":"x"},{"__type__":"cc.RealCurve","bytes":{"__type__":"TypedArrayRef","ctor":"Uint8Array","offset":372,"length":18},"keyframeValueEditorExtras":[null]},{"__type__":"cc.animation.UntypedTrackChannel","_curve":{"__id__":42},"property":"y"},{"__type__":"cc.RealCurve","bytes":{"__type__":"TypedArrayRef","ctor":"Uint8Array","offset":390,"length":18},"keyframeValueEditorExtras":[null]},{"__type__":"cc.animation.UntypedTrack","_binding":{"__type__":"cc.animation.TrackBinding","path":{"__id__":44},"proxy":null},"_channels":[{"__id__":46},{"__id__":48}]},{"__type__":"cc.animation.TrackPath","_paths":[{"__id__":45},"scale"]},{"__type__":"cc.animation.HierarchyPath","path":"Node_zuo"},{"__type__":"cc.animation.UntypedTrackChannel","_curve":{"__id__":47},"property":"x"},{"__type__":"cc.RealCurve","bytes":{"__type__":"TypedArrayRef","ctor":"Uint8Array","offset":408,"length":18},"keyframeValueEditorExtras":[null]},{"__type__":"cc.animation.UntypedTrackChannel","_curve":{"__id__":49},"property":"y"},{"__type__":"cc.RealCurve","bytes":{"__type__":"TypedArrayRef","ctor":"Uint8Array","offset":426,"length":18},"keyframeValueEditorExtras":[null]},{"__type__":"cc.animation.UntypedTrack","_binding":{"__type__":"cc.animation.TrackBinding","path":{"__id__":51},"proxy":null},"_channels":[{"__id__":53},{"__id__":55}]},{"__type__":"cc.animation.TrackPath","_paths":[{"__id__":52},"scale"]},{"__type__":"cc.animation.HierarchyPath","path":"Node_you/Sprite_5"},{"__type__":"cc.animation.UntypedTrackChannel","_curve":{"__id__":54},"property":"x"},{"__type__":"cc.RealCurve","bytes":{"__type__":"TypedArrayRef","ctor":"Uint8Array","offset":444,"length":18},"keyframeValueEditorExtras":[null]},{"__type__":"cc.animation.UntypedTrackChannel","_curve":{"__id__":56},"property":"y"},{"__type__":"cc.RealCurve","bytes":{"__type__":"TypedArrayRef","ctor":"Uint8Array","offset":462,"length":18},"keyframeValueEditorExtras":[null]},{"__type__":"cc.animation.UntypedTrack","_binding":{"__type__":"cc.animation.TrackBinding","path":{"__id__":58},"proxy":null},"_channels":[{"__id__":60},{"__id__":62}]},{"__type__":"cc.animation.TrackPath","_paths":[{"__id__":59},"scale"]},{"__type__":"cc.animation.HierarchyPath","path":"Node_you/Sprite_12_0"},{"__type__":"cc.animation.UntypedTrackChannel","_curve":{"__id__":61},"property":"x"},{"__type__":"cc.RealCurve","bytes":{"__type__":"TypedArrayRef","ctor":"Uint8Array","offset":480,"length":42},"keyframeValueEditorExtras":[null,null,null]},{"__type__":"cc.animation.UntypedTrackChannel","_curve":{"__id__":63},"property":"y"},{"__type__":"cc.RealCurve","bytes":{"__type__":"TypedArrayRef","ctor":"Uint8Array","offset":522,"length":42},"keyframeValueEditorExtras":[null,null,null]},{"__type__":"cc.animation.UntypedTrack","_binding":{"__type__":"cc.animation.TrackBinding","path":{"__id__":65},"proxy":null},"_channels":[{"__id__":67},{"__id__":69}]},{"__type__":"cc.animation.TrackPath","_paths":[{"__id__":66},"scale"]},{"__type__":"cc.animation.HierarchyPath","path":"Node_you/Sprite_12"},{"__type__":"cc.animation.UntypedTrackChannel","_curve":{"__id__":68},"property":"x"},{"__type__":"cc.RealCurve","bytes":{"__type__":"TypedArrayRef","ctor":"Uint8Array","offset":564,"length":42},"keyframeValueEditorExtras":[null,null,null]},{"__type__":"cc.animation.UntypedTrackChannel","_curve":{"__id__":70},"property":"y"},{"__type__":"cc.RealCurve","bytes":{"__type__":"TypedArrayRef","ctor":"Uint8Array","offset":606,"length":42},"keyframeValueEditorExtras":[null,null,null]},{"__type__":"cc.animation.UntypedTrack","_binding":{"__type__":"cc.animation.TrackBinding","path":{"__id__":72},"proxy":null},"_channels":[{"__id__":74},{"__id__":76}]},{"__type__":"cc.animation.TrackPath","_paths":[{"__id__":73},"scale"]},{"__type__":"cc.animation.HierarchyPath","path":"Node_you/Sprite_15_0"},{"__type__":"cc.animation.UntypedTrackChannel","_curve":{"__id__":75},"property":"x"},{"__type__":"cc.RealCurve","bytes":{"__type__":"TypedArrayRef","ctor":"Uint8Array","offset":648,"length":42},"keyframeValueEditorExtras":[null,null,null]},{"__type__":"cc.animation.UntypedTrackChannel","_curve":{"__id__":77},"property":"y"},{"__type__":"cc.RealCurve","bytes":{"__type__":"TypedArrayRef","ctor":"Uint8Array","offset":690,"length":42},"keyframeValueEditorExtras":[null,null,null]},{"__type__":"cc.animation.UntypedTrack","_binding":{"__type__":"cc.animation.TrackBinding","path":{"__id__":79},"proxy":null},"_channels":[{"__id__":81},{"__id__":83}]},{"__type__":"cc.animation.TrackPath","_paths":[{"__id__":80},"scale"]},{"__type__":"cc.animation.HierarchyPath","path":"Node_you/Sprite_15"},{"__type__":"cc.animation.UntypedTrackChannel","_curve":{"__id__":82},"property":"x"},{"__type__":"cc.RealCurve","bytes":{"__type__":"TypedArrayRef","ctor":"Uint8Array","offset":732,"length":42},"keyframeValueEditorExtras":[null,null,null]},{"__type__":"cc.animation.UntypedTrackChannel","_curve":{"__id__":84},"property":"y"},{"__type__":"cc.RealCurve","bytes":{"__type__":"TypedArrayRef","ctor":"Uint8Array","offset":774,"length":42},"keyframeValueEditorExtras":[null,null,null]},{"__type__":"cc.animation.UntypedTrack","_binding":{"__type__":"cc.animation.TrackBinding","path":{"__id__":86},"proxy":null},"_channels":[{"__id__":88},{"__id__":90}]},{"__type__":"cc.animation.TrackPath","_paths":[{"__id__":87},"scale"]},{"__type__":"cc.animation.HierarchyPath","path":"Node_you/Node_3"},{"__type__":"cc.animation.UntypedTrackChannel","_curve":{"__id__":89},"property":"x"},{"__type__":"cc.RealCurve","bytes":{"__type__":"TypedArrayRef","ctor":"Uint8Array","offset":816,"length":18},"keyframeValueEditorExtras":[null]},{"__type__":"cc.animation.UntypedTrackChannel","_curve":{"__id__":91},"property":"y"},{"__type__":"cc.RealCurve","bytes":{"__type__":"TypedArrayRef","ctor":"Uint8Array","offset":834,"length":18},"keyframeValueEditorExtras":[null]},{"__type__":"cc.animation.UntypedTrack","_binding":{"__type__":"cc.animation.TrackBinding","path":{"__id__":93},"proxy":null},"_channels":[{"__id__":95},{"__id__":97}]},{"__type__":"cc.animation.TrackPath","_paths":[{"__id__":94},"scale"]},{"__type__":"cc.animation.HierarchyPath","path":"Node_you"},{"__type__":"cc.animation.UntypedTrackChannel","_curve":{"__id__":96},"property":"x"},{"__type__":"cc.RealCurve","bytes":{"__type__":"TypedArrayRef","ctor":"Uint8Array","offset":852,"length":18},"keyframeValueEditorExtras":[null]},{"__type__":"cc.animation.UntypedTrackChannel","_curve":{"__id__":98},"property":"y"},{"__type__":"cc.RealCurve","bytes":{"__type__":"TypedArrayRef","ctor":"Uint8Array","offset":870,"length":18},"keyframeValueEditorExtras":[null]},{"__type__":"cc.animation.VectorTrack","_binding":{"__type__":"cc.animation.TrackBinding","path":{"__id__":100},"proxy":null},"_channels":[{"__id__":102},{"__id__":104},{"__id__":106},{"__id__":108}],"_nComponents":3},{"__type__":"cc.animation.TrackPath","_paths":[{"__id__":101},"position"]},{"__type__":"cc.animation.HierarchyPath","path":"Node_zuo/Sprite_5"},{"__type__":"cc.animation.Channel","_curve":{"__id__":103}},{"__type__":"cc.RealCurve","bytes":{"__type__":"TypedArrayRef","ctor":"Uint8Array","offset":888,"length":30},"keyframeValueEditorExtras":[null,null]},{"__type__":"cc.animation.Channel","_curve":{"__id__":105}},{"__type__":"cc.RealCurve","bytes":{"__type__":"TypedArrayRef","ctor":"Uint8Array","offset":918,"length":30},"keyframeValueEditorExtras":[null,null]},{"__type__":"cc.animation.Channel","_curve":{"__id__":107}},{"__type__":"cc.RealCurve","bytes":{"__type__":"TypedArrayRef","ctor":"Uint8Array","offset":948,"length":30},"keyframeValueEditorExtras":[null,null]},{"__type__":"cc.animation.Channel","_curve":{"__id__":109}},{"__type__":"cc.RealCurve","bytes":{"__type__":"TypedArrayRef","ctor":"Uint8Array","offset":978,"length":6}},{"__type__":"cc.animation.VectorTrack","_binding":{"__type__":"cc.animation.TrackBinding","path":{"__id__":111},"proxy":null},"_channels":[{"__id__":113},{"__id__":115},{"__id__":117},{"__id__":119}],"_nComponents":3},{"__type__":"cc.animation.TrackPath","_paths":[{"__id__":112},"eulerAngles"]},{"__type__":"cc.animation.HierarchyPath","path":"Node_zuo/Sprite_5"},{"__type__":"cc.animation.Channel","_curve":{"__id__":114}},{"__type__":"cc.RealCurve","bytes":{"__type__":"TypedArrayRef","ctor":"Uint8Array","offset":984,"length":18},"keyframeValueEditorExtras":[null]},{"__type__":"cc.animation.Channel","_curve":{"__id__":116}},{"__type__":"cc.RealCurve","bytes":{"__type__":"TypedArrayRef","ctor":"Uint8Array","offset":1002,"length":18},"keyframeValueEditorExtras":[null]},{"__type__":"cc.animation.Channel","_curve":{"__id__":118}},{"__type__":"cc.RealCurve","bytes":{"__type__":"TypedArrayRef","ctor":"Uint8Array","offset":1020,"length":18},"keyframeValueEditorExtras":[null]},{"__type__":"cc.animation.Channel","_curve":{"__id__":120}},{"__type__":"cc.RealCurve","bytes":{"__type__":"TypedArrayRef","ctor":"Uint8Array","offset":1038,"length":6}},{"__type__":"cc.animation.RealTrack","_binding":{"__type__":"cc.animation.TrackBinding","path":{"__id__":122},"proxy":null},"_channel":{"__id__":125}},{"__type__":"cc.animation.TrackPath","_paths":[{"__id__":123},{"__id__":124},"opacity"]},{"__type__":"cc.animation.HierarchyPath","path":"Node_zuo/Sprite_5"},{"__type__":"cc.animation.ComponentPath","component":"cc.UIOpacity"},{"__type__":"cc.animation.Channel","_curve":{"__id__":126}},{"__type__":"cc.RealCurve","bytes":{"__type__":"TypedArrayRef","ctor":"Uint8Array","offset":1044,"length":30},"keyframeValueEditorExtras":[null,null]},{"__type__":"cc.animation.ObjectTrack","_binding":{"__type__":"cc.animation.TrackBinding","path":{"__id__":128},"proxy":null},"_channel":{"__id__":131}},{"__type__":"cc.animation.TrackPath","_paths":[{"__id__":129},{"__id__":130},"spriteFrame"]},{"__type__":"cc.animation.HierarchyPath","path":"Node_zuo/Sprite_5"},{"__type__":"cc.animation.ComponentPath","component":"cc.Sprite"},{"__type__":"cc.animation.Channel","_curve":{"__id__":132}},{"__type__":"cc.ObjectCurve","_times":[0],"_values":[{"__uuid__":"92aRFz3CZEkZdqEve+AHI7@ffab2","__expectedType__":"cc.Asset"}]},{"__type__":"cc.animation.VectorTrack","_binding":{"__type__":"cc.animation.TrackBinding","path":{"__id__":134},"proxy":null},"_channels":[{"__id__":136},{"__id__":138},{"__id__":140},{"__id__":142}],"_nComponents":3},{"__type__":"cc.animation.TrackPath","_paths":[{"__id__":135},"position"]},{"__type__":"cc.animation.HierarchyPath","path":"Node_zuo/Sprite_12_0"},{"__type__":"cc.animation.Channel","_curve":{"__id__":137}},{"__type__":"cc.RealCurve","bytes":{"__type__":"TypedArrayRef","ctor":"Uint8Array","offset":1074,"length":42},"keyframeValueEditorExtras":[null,null,null]},{"__type__":"cc.animation.Channel","_curve":{"__id__":139}},{"__type__":"cc.RealCurve","bytes":{"__type__":"TypedArrayRef","ctor":"Uint8Array","offset":1116,"length":42},"keyframeValueEditorExtras":[null,null,null]},{"__type__":"cc.animation.Channel","_curve":{"__id__":141}},{"__type__":"cc.RealCurve","bytes":{"__type__":"TypedArrayRef","ctor":"Uint8Array","offset":1158,"length":42},"keyframeValueEditorExtras":[null,null,null]},{"__type__":"cc.animation.Channel","_curve":{"__id__":143}},{"__type__":"cc.RealCurve","bytes":{"__type__":"TypedArrayRef","ctor":"Uint8Array","offset":1200,"length":6}},{"__type__":"cc.animation.RealTrack","_binding":{"__type__":"cc.animation.TrackBinding","path":{"__id__":145},"proxy":null},"_channel":{"__id__":147}},{"__type__":"cc.animation.TrackPath","_paths":[{"__id__":146},"anchorX"]},{"__type__":"cc.animation.HierarchyPath","path":"Node_zuo/Sprite_12_0"},{"__type__":"cc.animation.Channel","_curve":{"__id__":148}},{"__type__":"cc.RealCurve","bytes":{"__type__":"TypedArrayRef","ctor":"Uint8Array","offset":1206,"length":18},"keyframeValueEditorExtras":[null]},{"__type__":"cc.animation.RealTrack","_binding":{"__type__":"cc.animation.TrackBinding","path":{"__id__":150},"proxy":null},"_channel":{"__id__":152}},{"__type__":"cc.animation.TrackPath","_paths":[{"__id__":151},"anchorY"]},{"__type__":"cc.animation.HierarchyPath","path":"Node_zuo/Sprite_12_0"},{"__type__":"cc.animation.Channel","_curve":{"__id__":153}},{"__type__":"cc.RealCurve","bytes":{"__type__":"TypedArrayRef","ctor":"Uint8Array","offset":1224,"length":18},"keyframeValueEditorExtras":[null]},{"__type__":"cc.animation.RealTrack","_binding":{"__type__":"cc.animation.TrackBinding","path":{"__id__":155},"proxy":null},"_channel":{"__id__":158}},{"__type__":"cc.animation.TrackPath","_paths":[{"__id__":156},{"__id__":157},"opacity"]},{"__type__":"cc.animation.HierarchyPath","path":"Node_zuo/Sprite_12_0"},{"__type__":"cc.animation.ComponentPath","component":"cc.UIOpacity"},{"__type__":"cc.animation.Channel","_curve":{"__id__":159}},{"__type__":"cc.RealCurve","bytes":{"__type__":"TypedArrayRef","ctor":"Uint8Array","offset":1242,"length":42},"keyframeValueEditorExtras":[null,null,null]},{"__type__":"cc.animation.VectorTrack","_binding":{"__type__":"cc.animation.TrackBinding","path":{"__id__":161},"proxy":null},"_channels":[{"__id__":163},{"__id__":165},{"__id__":167},{"__id__":169}],"_nComponents":3},{"__type__":"cc.animation.TrackPath","_paths":[{"__id__":162},"position"]},{"__type__":"cc.animation.HierarchyPath","path":"Node_zuo/Sprite_12"},{"__type__":"cc.animation.Channel","_curve":{"__id__":164}},{"__type__":"cc.RealCurve","bytes":{"__type__":"TypedArrayRef","ctor":"Uint8Array","offset":1284,"length":42},"keyframeValueEditorExtras":[null,null,null]},{"__type__":"cc.animation.Channel","_curve":{"__id__":166}},{"__type__":"cc.RealCurve","bytes":{"__type__":"TypedArrayRef","ctor":"Uint8Array","offset":1326,"length":42},"keyframeValueEditorExtras":[null,null,null]},{"__type__":"cc.animation.Channel","_curve":{"__id__":168}},{"__type__":"cc.RealCurve","bytes":{"__type__":"TypedArrayRef","ctor":"Uint8Array","offset":1368,"length":42},"keyframeValueEditorExtras":[null,null,null]},{"__type__":"cc.animation.Channel","_curve":{"__id__":170}},{"__type__":"cc.RealCurve","bytes":{"__type__":"TypedArrayRef","ctor":"Uint8Array","offset":1410,"length":6}},{"__type__":"cc.animation.RealTrack","_binding":{"__type__":"cc.animation.TrackBinding","path":{"__id__":172},"proxy":null},"_channel":{"__id__":174}},{"__type__":"cc.animation.TrackPath","_paths":[{"__id__":173},"anchorX"]},{"__type__":"cc.animation.HierarchyPath","path":"Node_zuo/Sprite_12"},{"__type__":"cc.animation.Channel","_curve":{"__id__":175}},{"__type__":"cc.RealCurve","bytes":{"__type__":"TypedArrayRef","ctor":"Uint8Array","offset":1416,"length":18},"keyframeValueEditorExtras":[null]},{"__type__":"cc.animation.RealTrack","_binding":{"__type__":"cc.animation.TrackBinding","path":{"__id__":177},"proxy":null},"_channel":{"__id__":179}},{"__type__":"cc.animation.TrackPath","_paths":[{"__id__":178},"anchorY"]},{"__type__":"cc.animation.HierarchyPath","path":"Node_zuo/Sprite_12"},{"__type__":"cc.animation.Channel","_curve":{"__id__":180}},{"__type__":"cc.RealCurve","bytes":{"__type__":"TypedArrayRef","ctor":"Uint8Array","offset":1434,"length":18},"keyframeValueEditorExtras":[null]},{"__type__":"cc.animation.RealTrack","_binding":{"__type__":"cc.animation.TrackBinding","path":{"__id__":182},"proxy":null},"_channel":{"__id__":185}},{"__type__":"cc.animation.TrackPath","_paths":[{"__id__":183},{"__id__":184},"opacity"]},{"__type__":"cc.animation.HierarchyPath","path":"Node_zuo/Sprite_12"},{"__type__":"cc.animation.ComponentPath","component":"cc.UIOpacity"},{"__type__":"cc.animation.Channel","_curve":{"__id__":186}},{"__type__":"cc.RealCurve","bytes":{"__type__":"TypedArrayRef","ctor":"Uint8Array","offset":1452,"length":42},"keyframeValueEditorExtras":[null,null,null]},{"__type__":"cc.animation.VectorTrack","_binding":{"__type__":"cc.animation.TrackBinding","path":{"__id__":188},"proxy":null},"_channels":[{"__id__":190},{"__id__":192},{"__id__":194},{"__id__":196}],"_nComponents":3},{"__type__":"cc.animation.TrackPath","_paths":[{"__id__":189},"position"]},{"__type__":"cc.animation.HierarchyPath","path":"Node_zuo/Sprite_15_0"},{"__type__":"cc.animation.Channel","_curve":{"__id__":191}},{"__type__":"cc.RealCurve","bytes":{"__type__":"TypedArrayRef","ctor":"Uint8Array","offset":1494,"length":42},"keyframeValueEditorExtras":[null,null,null]},{"__type__":"cc.animation.Channel","_curve":{"__id__":193}},{"__type__":"cc.RealCurve","bytes":{"__type__":"TypedArrayRef","ctor":"Uint8Array","offset":1536,"length":42},"keyframeValueEditorExtras":[null,null,null]},{"__type__":"cc.animation.Channel","_curve":{"__id__":195}},{"__type__":"cc.RealCurve","bytes":{"__type__":"TypedArrayRef","ctor":"Uint8Array","offset":1578,"length":42},"keyframeValueEditorExtras":[null,null,null]},{"__type__":"cc.animation.Channel","_curve":{"__id__":197}},{"__type__":"cc.RealCurve","bytes":{"__type__":"TypedArrayRef","ctor":"Uint8Array","offset":1620,"length":6}},{"__type__":"cc.animation.RealTrack","_binding":{"__type__":"cc.animation.TrackBinding","path":{"__id__":199},"proxy":null},"_channel":{"__id__":201}},{"__type__":"cc.animation.TrackPath","_paths":[{"__id__":200},"anchorX"]},{"__type__":"cc.animation.HierarchyPath","path":"Node_zuo/Sprite_15_0"},{"__type__":"cc.animation.Channel","_curve":{"__id__":202}},{"__type__":"cc.RealCurve","bytes":{"__type__":"TypedArrayRef","ctor":"Uint8Array","offset":1626,"length":18},"keyframeValueEditorExtras":[null]},{"__type__":"cc.animation.RealTrack","_binding":{"__type__":"cc.animation.TrackBinding","path":{"__id__":204},"proxy":null},"_channel":{"__id__":206}},{"__type__":"cc.animation.TrackPath","_paths":[{"__id__":205},"anchorY"]},{"__type__":"cc.animation.HierarchyPath","path":"Node_zuo/Sprite_15_0"},{"__type__":"cc.animation.Channel","_curve":{"__id__":207}},{"__type__":"cc.RealCurve","bytes":{"__type__":"TypedArrayRef","ctor":"Uint8Array","offset":1644,"length":18},"keyframeValueEditorExtras":[null]},{"__type__":"cc.animation.RealTrack","_binding":{"__type__":"cc.animation.TrackBinding","path":{"__id__":209},"proxy":null},"_channel":{"__id__":212}},{"__type__":"cc.animation.TrackPath","_paths":[{"__id__":210},{"__id__":211},"opacity"]},{"__type__":"cc.animation.HierarchyPath","path":"Node_zuo/Sprite_15_0"},{"__type__":"cc.animation.ComponentPath","component":"cc.UIOpacity"},{"__type__":"cc.animation.Channel","_curve":{"__id__":213}},{"__type__":"cc.RealCurve","bytes":{"__type__":"TypedArrayRef","ctor":"Uint8Array","offset":1662,"length":42},"keyframeValueEditorExtras":[null,null,null]},{"__type__":"cc.animation.VectorTrack","_binding":{"__type__":"cc.animation.TrackBinding","path":{"__id__":215},"proxy":null},"_channels":[{"__id__":217},{"__id__":219},{"__id__":221},{"__id__":223}],"_nComponents":3},{"__type__":"cc.animation.TrackPath","_paths":[{"__id__":216},"position"]},{"__type__":"cc.animation.HierarchyPath","path":"Node_zuo/Sprite_15"},{"__type__":"cc.animation.Channel","_curve":{"__id__":218}},{"__type__":"cc.RealCurve","bytes":{"__type__":"TypedArrayRef","ctor":"Uint8Array","offset":1704,"length":42},"keyframeValueEditorExtras":[null,null,null]},{"__type__":"cc.animation.Channel","_curve":{"__id__":220}},{"__type__":"cc.RealCurve","bytes":{"__type__":"TypedArrayRef","ctor":"Uint8Array","offset":1746,"length":42},"keyframeValueEditorExtras":[null,null,null]},{"__type__":"cc.animation.Channel","_curve":{"__id__":222}},{"__type__":"cc.RealCurve","bytes":{"__type__":"TypedArrayRef","ctor":"Uint8Array","offset":1788,"length":42},"keyframeValueEditorExtras":[null,null,null]},{"__type__":"cc.animation.Channel","_curve":{"__id__":224}},{"__type__":"cc.RealCurve","bytes":{"__type__":"TypedArrayRef","ctor":"Uint8Array","offset":1830,"length":6}},{"__type__":"cc.animation.RealTrack","_binding":{"__type__":"cc.animation.TrackBinding","path":{"__id__":226},"proxy":null},"_channel":{"__id__":228}},{"__type__":"cc.animation.TrackPath","_paths":[{"__id__":227},"anchorX"]},{"__type__":"cc.animation.HierarchyPath","path":"Node_zuo/Sprite_15"},{"__type__":"cc.animation.Channel","_curve":{"__id__":229}},{"__type__":"cc.RealCurve","bytes":{"__type__":"TypedArrayRef","ctor":"Uint8Array","offset":1836,"length":18},"keyframeValueEditorExtras":[null]},{"__type__":"cc.animation.RealTrack","_binding":{"__type__":"cc.animation.TrackBinding","path":{"__id__":231},"proxy":null},"_channel":{"__id__":233}},{"__type__":"cc.animation.TrackPath","_paths":[{"__id__":232},"anchorY"]},{"__type__":"cc.animation.HierarchyPath","path":"Node_zuo/Sprite_15"},{"__type__":"cc.animation.Channel","_curve":{"__id__":234}},{"__type__":"cc.RealCurve","bytes":{"__type__":"TypedArrayRef","ctor":"Uint8Array","offset":1854,"length":18},"keyframeValueEditorExtras":[null]},{"__type__":"cc.animation.RealTrack","_binding":{"__type__":"cc.animation.TrackBinding","path":{"__id__":236},"proxy":null},"_channel":{"__id__":239}},{"__type__":"cc.animation.TrackPath","_paths":[{"__id__":237},{"__id__":238},"opacity"]},{"__type__":"cc.animation.HierarchyPath","path":"Node_zuo/Sprite_15"},{"__type__":"cc.animation.ComponentPath","component":"cc.UIOpacity"},{"__type__":"cc.animation.Channel","_curve":{"__id__":240}},{"__type__":"cc.RealCurve","bytes":{"__type__":"TypedArrayRef","ctor":"Uint8Array","offset":1872,"length":42},"keyframeValueEditorExtras":[null,null,null]},{"__type__":"cc.animation.VectorTrack","_binding":{"__type__":"cc.animation.TrackBinding","path":{"__id__":242},"proxy":null},"_channels":[{"__id__":244},{"__id__":246},{"__id__":248},{"__id__":250}],"_nComponents":3},{"__type__":"cc.animation.TrackPath","_paths":[{"__id__":243},"position"]},{"__type__":"cc.animation.HierarchyPath","path":"Node_zuo/Node_3/tx_bb_g_00001_13"},{"__type__":"cc.animation.Channel","_curve":{"__id__":245}},{"__type__":"cc.RealCurve","bytes":{"__type__":"TypedArrayRef","ctor":"Uint8Array","offset":1914,"length":18},"keyframeValueEditorExtras":[null]},{"__type__":"cc.animation.Channel","_curve":{"__id__":247}},{"__type__":"cc.RealCurve","bytes":{"__type__":"TypedArrayRef","ctor":"Uint8Array","offset":1932,"length":18},"keyframeValueEditorExtras":[null]},{"__type__":"cc.animation.Channel","_curve":{"__id__":249}},{"__type__":"cc.RealCurve","bytes":{"__type__":"TypedArrayRef","ctor":"Uint8Array","offset":1950,"length":18},"keyframeValueEditorExtras":[null]},{"__type__":"cc.animation.Channel","_curve":{"__id__":251}},{"__type__":"cc.RealCurve","bytes":{"__type__":"TypedArrayRef","ctor":"Uint8Array","offset":1968,"length":6}},{"__type__":"cc.animation.RealTrack","_binding":{"__type__":"cc.animation.TrackBinding","path":{"__id__":253},"proxy":null},"_channel":{"__id__":256}},{"__type__":"cc.animation.TrackPath","_paths":[{"__id__":254},{"__id__":255},"opacity"]},{"__type__":"cc.animation.HierarchyPath","path":"Node_zuo/Node_3/tx_bb_g_00001_13"},{"__type__":"cc.animation.ComponentPath","component":"cc.UIOpacity"},{"__type__":"cc.animation.Channel","_curve":{"__id__":257}},{"__type__":"cc.RealCurve","bytes":{"__type__":"TypedArrayRef","ctor":"Uint8Array","offset":1974,"length":54},"keyframeValueEditorExtras":[null,null,null,null]},{"__type__":"cc.animation.ObjectTrack","_binding":{"__type__":"cc.animation.TrackBinding","path":{"__id__":259},"proxy":null},"_channel":{"__id__":262}},{"__type__":"cc.animation.TrackPath","_paths":[{"__id__":260},{"__id__":261},"spriteFrame"]},{"__type__":"cc.animation.HierarchyPath","path":"Node_zuo/Node_3/tx_bb_g_00001_13"},{"__type__":"cc.animation.ComponentPath","component":"cc.Sprite"},{"__type__":"cc.animation.Channel","_curve":{"__id__":263}},{"__type__":"cc.ObjectCurve","_times":[0.016666666666666666,0.03333333333333333,0.05,0.06666666666666667,0.08333333333333333,0.1,0.11666666666666667,0.13333333333333333,0.15,0.16666666666666666,0.18333333333333332,0.2,0.21666666666666667,0.23333333333333334,0.25,0.26666666666666666,0.2833333333333333,0.3,0.31666666666666665],"_values":[{"__uuid__":"11o3bFXzhPK7BTZAcTIcdq@6bc33","__expectedType__":"cc.Asset"},{"__uuid__":"11o3bFXzhPK7BTZAcTIcdq@04a1a","__expectedType__":"cc.Asset"},{"__uuid__":"11o3bFXzhPK7BTZAcTIcdq@689ef","__expectedType__":"cc.Asset"},{"__uuid__":"11o3bFXzhPK7BTZAcTIcdq@55aae","__expectedType__":"cc.Asset"},{"__uuid__":"11o3bFXzhPK7BTZAcTIcdq@d113b","__expectedType__":"cc.Asset"},{"__uuid__":"11o3bFXzhPK7BTZAcTIcdq@ddb26","__expectedType__":"cc.Asset"},{"__uuid__":"11o3bFXzhPK7BTZAcTIcdq@15847","__expectedType__":"cc.Asset"},{"__uuid__":"11o3bFXzhPK7BTZAcTIcdq@f74f7","__expectedType__":"cc.Asset"},{"__uuid__":"11o3bFXzhPK7BTZAcTIcdq@bf359","__expectedType__":"cc.Asset"},{"__uuid__":"11o3bFXzhPK7BTZAcTIcdq@931ec","__expectedType__":"cc.Asset"},{"__uuid__":"11o3bFXzhPK7BTZAcTIcdq@197a0","__expectedType__":"cc.Asset"},{"__uuid__":"11o3bFXzhPK7BTZAcTIcdq@e16f0","__expectedType__":"cc.Asset"},{"__uuid__":"11o3bFXzhPK7BTZAcTIcdq@e6184","__expectedType__":"cc.Asset"},{"__uuid__":"11o3bFXzhPK7BTZAcTIcdq@722f2","__expectedType__":"cc.Asset"},{"__uuid__":"11o3bFXzhPK7BTZAcTIcdq@d7baa","__expectedType__":"cc.Asset"},{"__uuid__":"11o3bFXzhPK7BTZAcTIcdq@8de88","__expectedType__":"cc.Asset"},{"__uuid__":"11o3bFXzhPK7BTZAcTIcdq@c4c8f","__expectedType__":"cc.Asset"},{"__uuid__":"11o3bFXzhPK7BTZAcTIcdq@f696d","__expectedType__":"cc.Asset"},{"__uuid__":"11o3bFXzhPK7BTZAcTIcdq@23468","__expectedType__":"cc.Asset"}]},{"__type__":"cc.animation.VectorTrack","_binding":{"__type__":"cc.animation.TrackBinding","path":{"__id__":265},"proxy":null},"_channels":[{"__id__":267},{"__id__":269},{"__id__":271},{"__id__":273}],"_nComponents":3},{"__type__":"cc.animation.TrackPath","_paths":[{"__id__":266},"position"]},{"__type__":"cc.animation.HierarchyPath","path":"Node_zuo/Node_3/tx_bb_g_00001_13_0"},{"__type__":"cc.animation.Channel","_curve":{"__id__":268}},{"__type__":"cc.RealCurve","bytes":{"__type__":"TypedArrayRef","ctor":"Uint8Array","offset":2028,"length":18},"keyframeValueEditorExtras":[null]},{"__type__":"cc.animation.Channel","_curve":{"__id__":270}},{"__type__":"cc.RealCurve","bytes":{"__type__":"TypedArrayRef","ctor":"Uint8Array","offset":2046,"length":18},"keyframeValueEditorExtras":[null]},{"__type__":"cc.animation.Channel","_curve":{"__id__":272}},{"__type__":"cc.RealCurve","bytes":{"__type__":"TypedArrayRef","ctor":"Uint8Array","offset":2064,"length":18},"keyframeValueEditorExtras":[null]},{"__type__":"cc.animation.Channel","_curve":{"__id__":274}},{"__type__":"cc.RealCurve","bytes":{"__type__":"TypedArrayRef","ctor":"Uint8Array","offset":2082,"length":6}},{"__type__":"cc.animation.RealTrack","_binding":{"__type__":"cc.animation.TrackBinding","path":{"__id__":276},"proxy":null},"_channel":{"__id__":279}},{"__type__":"cc.animation.TrackPath","_paths":[{"__id__":277},{"__id__":278},"opacity"]},{"__type__":"cc.animation.HierarchyPath","path":"Node_zuo/Node_3/tx_bb_g_00001_13_0"},{"__type__":"cc.animation.ComponentPath","component":"cc.UIOpacity"},{"__type__":"cc.animation.Channel","_curve":{"__id__":280}},{"__type__":"cc.RealCurve","bytes":{"__type__":"TypedArrayRef","ctor":"Uint8Array","offset":2088,"length":54},"keyframeValueEditorExtras":[null,null,null,null]},{"__type__":"cc.animation.ObjectTrack","_binding":{"__type__":"cc.animation.TrackBinding","path":{"__id__":282},"proxy":null},"_channel":{"__id__":285}},{"__type__":"cc.animation.TrackPath","_paths":[{"__id__":283},{"__id__":284},"spriteFrame"]},{"__type__":"cc.animation.HierarchyPath","path":"Node_zuo/Node_3/tx_bb_g_00001_13_0"},{"__type__":"cc.animation.ComponentPath","component":"cc.Sprite"},{"__type__":"cc.animation.Channel","_curve":{"__id__":286}},{"__type__":"cc.ObjectCurve","_times":[0.016666666666666666,0.03333333333333333,0.05,0.06666666666666667,0.08333333333333333,0.1,0.11666666666666667,0.13333333333333333,0.15,0.16666666666666666,0.18333333333333332,0.2,0.21666666666666667,0.23333333333333334,0.25,0.26666666666666666,0.2833333333333333,0.3,0.31666666666666665],"_values":[{"__uuid__":"11o3bFXzhPK7BTZAcTIcdq@6bc33","__expectedType__":"cc.Asset"},{"__uuid__":"11o3bFXzhPK7BTZAcTIcdq@04a1a","__expectedType__":"cc.Asset"},{"__uuid__":"11o3bFXzhPK7BTZAcTIcdq@689ef","__expectedType__":"cc.Asset"},{"__uuid__":"11o3bFXzhPK7BTZAcTIcdq@55aae","__expectedType__":"cc.Asset"},{"__uuid__":"11o3bFXzhPK7BTZAcTIcdq@d113b","__expectedType__":"cc.Asset"},{"__uuid__":"11o3bFXzhPK7BTZAcTIcdq@ddb26","__expectedType__":"cc.Asset"},{"__uuid__":"11o3bFXzhPK7BTZAcTIcdq@15847","__expectedType__":"cc.Asset"},{"__uuid__":"11o3bFXzhPK7BTZAcTIcdq@f74f7","__expectedType__":"cc.Asset"},{"__uuid__":"11o3bFXzhPK7BTZAcTIcdq@bf359","__expectedType__":"cc.Asset"},{"__uuid__":"11o3bFXzhPK7BTZAcTIcdq@931ec","__expectedType__":"cc.Asset"},{"__uuid__":"11o3bFXzhPK7BTZAcTIcdq@197a0","__expectedType__":"cc.Asset"},{"__uuid__":"11o3bFXzhPK7BTZAcTIcdq@e16f0","__expectedType__":"cc.Asset"},{"__uuid__":"11o3bFXzhPK7BTZAcTIcdq@e6184","__expectedType__":"cc.Asset"},{"__uuid__":"11o3bFXzhPK7BTZAcTIcdq@722f2","__expectedType__":"cc.Asset"},{"__uuid__":"11o3bFXzhPK7BTZAcTIcdq@d7baa","__expectedType__":"cc.Asset"},{"__uuid__":"11o3bFXzhPK7BTZAcTIcdq@8de88","__expectedType__":"cc.Asset"},{"__uuid__":"11o3bFXzhPK7BTZAcTIcdq@c4c8f","__expectedType__":"cc.Asset"},{"__uuid__":"11o3bFXzhPK7BTZAcTIcdq@f696d","__expectedType__":"cc.Asset"},{"__uuid__":"11o3bFXzhPK7BTZAcTIcdq@23468","__expectedType__":"cc.Asset"}]},{"__type__":"cc.animation.VectorTrack","_binding":{"__type__":"cc.animation.TrackBinding","path":{"__id__":288},"proxy":null},"_channels":[{"__id__":290},{"__id__":292},{"__id__":294},{"__id__":296}],"_nComponents":3},{"__type__":"cc.animation.TrackPath","_paths":[{"__id__":289},"position"]},{"__type__":"cc.animation.HierarchyPath","path":"Node_zuo/Node_3"},{"__type__":"cc.animation.Channel","_curve":{"__id__":291}},{"__type__":"cc.RealCurve","bytes":{"__type__":"TypedArrayRef","ctor":"Uint8Array","offset":2142,"length":18},"keyframeValueEditorExtras":[null]},{"__type__":"cc.animation.Channel","_curve":{"__id__":293}},{"__type__":"cc.RealCurve","bytes":{"__type__":"TypedArrayRef","ctor":"Uint8Array","offset":2160,"length":18},"keyframeValueEditorExtras":[null]},{"__type__":"cc.animation.Channel","_curve":{"__id__":295}},{"__type__":"cc.RealCurve","bytes":{"__type__":"TypedArrayRef","ctor":"Uint8Array","offset":2178,"length":18},"keyframeValueEditorExtras":[null]},{"__type__":"cc.animation.Channel","_curve":{"__id__":297}},{"__type__":"cc.RealCurve","bytes":{"__type__":"TypedArrayRef","ctor":"Uint8Array","offset":2196,"length":6}},{"__type__":"cc.animation.VectorTrack","_binding":{"__type__":"cc.animation.TrackBinding","path":{"__id__":299},"proxy":null},"_channels":[{"__id__":301},{"__id__":303},{"__id__":305},{"__id__":307}],"_nComponents":3},{"__type__":"cc.animation.TrackPath","_paths":[{"__id__":300},"eulerAngles"]},{"__type__":"cc.animation.HierarchyPath","path":"Node_zuo/Node_3"},{"__type__":"cc.animation.Channel","_curve":{"__id__":302}},{"__type__":"cc.RealCurve","bytes":{"__type__":"TypedArrayRef","ctor":"Uint8Array","offset":2202,"length":18},"keyframeValueEditorExtras":[null]},{"__type__":"cc.animation.Channel","_curve":{"__id__":304}},{"__type__":"cc.RealCurve","bytes":{"__type__":"TypedArrayRef","ctor":"Uint8Array","offset":2220,"length":18},"keyframeValueEditorExtras":[null]},{"__type__":"cc.animation.Channel","_curve":{"__id__":306}},{"__type__":"cc.RealCurve","bytes":{"__type__":"TypedArrayRef","ctor":"Uint8Array","offset":2238,"length":18},"keyframeValueEditorExtras":[null]},{"__type__":"cc.animation.Channel","_curve":{"__id__":308}},{"__type__":"cc.RealCurve","bytes":{"__type__":"TypedArrayRef","ctor":"Uint8Array","offset":2256,"length":6}},{"__type__":"cc.animation.VectorTrack","_binding":{"__type__":"cc.animation.TrackBinding","path":{"__id__":310},"proxy":null},"_channels":[{"__id__":312},{"__id__":314},{"__id__":316},{"__id__":318}],"_nComponents":3},{"__type__":"cc.animation.TrackPath","_paths":[{"__id__":311},"position"]},{"__type__":"cc.animation.HierarchyPath","path":"Node_you/Sprite_5"},{"__type__":"cc.animation.Channel","_curve":{"__id__":313}},{"__type__":"cc.RealCurve","bytes":{"__type__":"TypedArrayRef","ctor":"Uint8Array","offset":2262,"length":30},"keyframeValueEditorExtras":[null,null]},{"__type__":"cc.animation.Channel","_curve":{"__id__":315}},{"__type__":"cc.RealCurve","bytes":{"__type__":"TypedArrayRef","ctor":"Uint8Array","offset":2292,"length":30},"keyframeValueEditorExtras":[null,null]},{"__type__":"cc.animation.Channel","_curve":{"__id__":317}},{"__type__":"cc.RealCurve","bytes":{"__type__":"TypedArrayRef","ctor":"Uint8Array","offset":2322,"length":30},"keyframeValueEditorExtras":[null,null]},{"__type__":"cc.animation.Channel","_curve":{"__id__":319}},{"__type__":"cc.RealCurve","bytes":{"__type__":"TypedArrayRef","ctor":"Uint8Array","offset":2352,"length":6}},{"__type__":"cc.animation.VectorTrack","_binding":{"__type__":"cc.animation.TrackBinding","path":{"__id__":321},"proxy":null},"_channels":[{"__id__":323},{"__id__":325},{"__id__":327},{"__id__":329}],"_nComponents":3},{"__type__":"cc.animation.TrackPath","_paths":[{"__id__":322},"eulerAngles"]},{"__type__":"cc.animation.HierarchyPath","path":"Node_you/Sprite_5"},{"__type__":"cc.animation.Channel","_curve":{"__id__":324}},{"__type__":"cc.RealCurve","bytes":{"__type__":"TypedArrayRef","ctor":"Uint8Array","offset":2358,"length":18},"keyframeValueEditorExtras":[null]},{"__type__":"cc.animation.Channel","_curve":{"__id__":326}},{"__type__":"cc.RealCurve","bytes":{"__type__":"TypedArrayRef","ctor":"Uint8Array","offset":2376,"length":18},"keyframeValueEditorExtras":[null]},{"__type__":"cc.animation.Channel","_curve":{"__id__":328}},{"__type__":"cc.RealCurve","bytes":{"__type__":"TypedArrayRef","ctor":"Uint8Array","offset":2394,"length":18},"keyframeValueEditorExtras":[null]},{"__type__":"cc.animation.Channel","_curve":{"__id__":330}},{"__type__":"cc.RealCurve","bytes":{"__type__":"TypedArrayRef","ctor":"Uint8Array","offset":2412,"length":6}},{"__type__":"cc.animation.RealTrack","_binding":{"__type__":"cc.animation.TrackBinding","path":{"__id__":332},"proxy":null},"_channel":{"__id__":335}},{"__type__":"cc.animation.TrackPath","_paths":[{"__id__":333},{"__id__":334},"opacity"]},{"__type__":"cc.animation.HierarchyPath","path":"Node_you/Sprite_5"},{"__type__":"cc.animation.ComponentPath","component":"cc.UIOpacity"},{"__type__":"cc.animation.Channel","_curve":{"__id__":336}},{"__type__":"cc.RealCurve","bytes":{"__type__":"TypedArrayRef","ctor":"Uint8Array","offset":2418,"length":30},"keyframeValueEditorExtras":[null,null]},{"__type__":"cc.animation.ObjectTrack","_binding":{"__type__":"cc.animation.TrackBinding","path":{"__id__":338},"proxy":null},"_channel":{"__id__":341}},{"__type__":"cc.animation.TrackPath","_paths":[{"__id__":339},{"__id__":340},"spriteFrame"]},{"__type__":"cc.animation.HierarchyPath","path":"Node_you/Sprite_5"},{"__type__":"cc.animation.ComponentPath","component":"cc.Sprite"},{"__type__":"cc.animation.Channel","_curve":{"__id__":342}},{"__type__":"cc.ObjectCurve","_times":[0],"_values":[{"__uuid__":"92aRFz3CZEkZdqEve+AHI7@ffab2","__expectedType__":"cc.Asset"}]},{"__type__":"cc.animation.VectorTrack","_binding":{"__type__":"cc.animation.TrackBinding","path":{"__id__":344},"proxy":null},"_channels":[{"__id__":346},{"__id__":348},{"__id__":350},{"__id__":352}],"_nComponents":3},{"__type__":"cc.animation.TrackPath","_paths":[{"__id__":345},"position"]},{"__type__":"cc.animation.HierarchyPath","path":"Node_you/Sprite_12_0"},{"__type__":"cc.animation.Channel","_curve":{"__id__":347}},{"__type__":"cc.RealCurve","bytes":{"__type__":"TypedArrayRef","ctor":"Uint8Array","offset":2448,"length":42},"keyframeValueEditorExtras":[null,null,null]},{"__type__":"cc.animation.Channel","_curve":{"__id__":349}},{"__type__":"cc.RealCurve","bytes":{"__type__":"TypedArrayRef","ctor":"Uint8Array","offset":2490,"length":42},"keyframeValueEditorExtras":[null,null,null]},{"__type__":"cc.animation.Channel","_curve":{"__id__":351}},{"__type__":"cc.RealCurve","bytes":{"__type__":"TypedArrayRef","ctor":"Uint8Array","offset":2532,"length":42},"keyframeValueEditorExtras":[null,null,null]},{"__type__":"cc.animation.Channel","_curve":{"__id__":353}},{"__type__":"cc.RealCurve","bytes":{"__type__":"TypedArrayRef","ctor":"Uint8Array","offset":2574,"length":6}},{"__type__":"cc.animation.RealTrack","_binding":{"__type__":"cc.animation.TrackBinding","path":{"__id__":355},"proxy":null},"_channel":{"__id__":357}},{"__type__":"cc.animation.TrackPath","_paths":[{"__id__":356},"anchorX"]},{"__type__":"cc.animation.HierarchyPath","path":"Node_you/Sprite_12_0"},{"__type__":"cc.animation.Channel","_curve":{"__id__":358}},{"__type__":"cc.RealCurve","bytes":{"__type__":"TypedArrayRef","ctor":"Uint8Array","offset":2580,"length":18},"keyframeValueEditorExtras":[null]},{"__type__":"cc.animation.RealTrack","_binding":{"__type__":"cc.animation.TrackBinding","path":{"__id__":360},"proxy":null},"_channel":{"__id__":362}},{"__type__":"cc.animation.TrackPath","_paths":[{"__id__":361},"anchorY"]},{"__type__":"cc.animation.HierarchyPath","path":"Node_you/Sprite_12_0"},{"__type__":"cc.animation.Channel","_curve":{"__id__":363}},{"__type__":"cc.RealCurve","bytes":{"__type__":"TypedArrayRef","ctor":"Uint8Array","offset":2598,"length":18},"keyframeValueEditorExtras":[null]},{"__type__":"cc.animation.RealTrack","_binding":{"__type__":"cc.animation.TrackBinding","path":{"__id__":365},"proxy":null},"_channel":{"__id__":368}},{"__type__":"cc.animation.TrackPath","_paths":[{"__id__":366},{"__id__":367},"opacity"]},{"__type__":"cc.animation.HierarchyPath","path":"Node_you/Sprite_12_0"},{"__type__":"cc.animation.ComponentPath","component":"cc.UIOpacity"},{"__type__":"cc.animation.Channel","_curve":{"__id__":369}},{"__type__":"cc.RealCurve","bytes":{"__type__":"TypedArrayRef","ctor":"Uint8Array","offset":2616,"length":42},"keyframeValueEditorExtras":[null,null,null]},{"__type__":"cc.animation.VectorTrack","_binding":{"__type__":"cc.animation.TrackBinding","path":{"__id__":371},"proxy":null},"_channels":[{"__id__":373},{"__id__":375},{"__id__":377},{"__id__":379}],"_nComponents":3},{"__type__":"cc.animation.TrackPath","_paths":[{"__id__":372},"position"]},{"__type__":"cc.animation.HierarchyPath","path":"Node_you/Sprite_12"},{"__type__":"cc.animation.Channel","_curve":{"__id__":374}},{"__type__":"cc.RealCurve","bytes":{"__type__":"TypedArrayRef","ctor":"Uint8Array","offset":2658,"length":42},"keyframeValueEditorExtras":[null,null,null]},{"__type__":"cc.animation.Channel","_curve":{"__id__":376}},{"__type__":"cc.RealCurve","bytes":{"__type__":"TypedArrayRef","ctor":"Uint8Array","offset":2700,"length":42},"keyframeValueEditorExtras":[null,null,null]},{"__type__":"cc.animation.Channel","_curve":{"__id__":378}},{"__type__":"cc.RealCurve","bytes":{"__type__":"TypedArrayRef","ctor":"Uint8Array","offset":2742,"length":42},"keyframeValueEditorExtras":[null,null,null]},{"__type__":"cc.animation.Channel","_curve":{"__id__":380}},{"__type__":"cc.RealCurve","bytes":{"__type__":"TypedArrayRef","ctor":"Uint8Array","offset":2784,"length":6}},{"__type__":"cc.animation.RealTrack","_binding":{"__type__":"cc.animation.TrackBinding","path":{"__id__":382},"proxy":null},"_channel":{"__id__":384}},{"__type__":"cc.animation.TrackPath","_paths":[{"__id__":383},"anchorX"]},{"__type__":"cc.animation.HierarchyPath","path":"Node_you/Sprite_12"},{"__type__":"cc.animation.Channel","_curve":{"__id__":385}},{"__type__":"cc.RealCurve","bytes":{"__type__":"TypedArrayRef","ctor":"Uint8Array","offset":2790,"length":18},"keyframeValueEditorExtras":[null]},{"__type__":"cc.animation.RealTrack","_binding":{"__type__":"cc.animation.TrackBinding","path":{"__id__":387},"proxy":null},"_channel":{"__id__":389}},{"__type__":"cc.animation.TrackPath","_paths":[{"__id__":388},"anchorY"]},{"__type__":"cc.animation.HierarchyPath","path":"Node_you/Sprite_12"},{"__type__":"cc.animation.Channel","_curve":{"__id__":390}},{"__type__":"cc.RealCurve","bytes":{"__type__":"TypedArrayRef","ctor":"Uint8Array","offset":2808,"length":18},"keyframeValueEditorExtras":[null]},{"__type__":"cc.animation.RealTrack","_binding":{"__type__":"cc.animation.TrackBinding","path":{"__id__":392},"proxy":null},"_channel":{"__id__":395}},{"__type__":"cc.animation.TrackPath","_paths":[{"__id__":393},{"__id__":394},"opacity"]},{"__type__":"cc.animation.HierarchyPath","path":"Node_you/Sprite_12"},{"__type__":"cc.animation.ComponentPath","component":"cc.UIOpacity"},{"__type__":"cc.animation.Channel","_curve":{"__id__":396}},{"__type__":"cc.RealCurve","bytes":{"__type__":"TypedArrayRef","ctor":"Uint8Array","offset":2826,"length":42},"keyframeValueEditorExtras":[null,null,null]},{"__type__":"cc.animation.VectorTrack","_binding":{"__type__":"cc.animation.TrackBinding","path":{"__id__":398},"proxy":null},"_channels":[{"__id__":400},{"__id__":402},{"__id__":404},{"__id__":406}],"_nComponents":3},{"__type__":"cc.animation.TrackPath","_paths":[{"__id__":399},"position"]},{"__type__":"cc.animation.HierarchyPath","path":"Node_you/Sprite_15_0"},{"__type__":"cc.animation.Channel","_curve":{"__id__":401}},{"__type__":"cc.RealCurve","bytes":{"__type__":"TypedArrayRef","ctor":"Uint8Array","offset":2868,"length":42},"keyframeValueEditorExtras":[null,null,null]},{"__type__":"cc.animation.Channel","_curve":{"__id__":403}},{"__type__":"cc.RealCurve","bytes":{"__type__":"TypedArrayRef","ctor":"Uint8Array","offset":2910,"length":42},"keyframeValueEditorExtras":[null,null,null]},{"__type__":"cc.animation.Channel","_curve":{"__id__":405}},{"__type__":"cc.RealCurve","bytes":{"__type__":"TypedArrayRef","ctor":"Uint8Array","offset":2952,"length":42},"keyframeValueEditorExtras":[null,null,null]},{"__type__":"cc.animation.Channel","_curve":{"__id__":407}},{"__type__":"cc.RealCurve","bytes":{"__type__":"TypedArrayRef","ctor":"Uint8Array","offset":2994,"length":6}},{"__type__":"cc.animation.RealTrack","_binding":{"__type__":"cc.animation.TrackBinding","path":{"__id__":409},"proxy":null},"_channel":{"__id__":411}},{"__type__":"cc.animation.TrackPath","_paths":[{"__id__":410},"anchorX"]},{"__type__":"cc.animation.HierarchyPath","path":"Node_you/Sprite_15_0"},{"__type__":"cc.animation.Channel","_curve":{"__id__":412}},{"__type__":"cc.RealCurve","bytes":{"__type__":"TypedArrayRef","ctor":"Uint8Array","offset":3000,"length":18},"keyframeValueEditorExtras":[null]},{"__type__":"cc.animation.RealTrack","_binding":{"__type__":"cc.animation.TrackBinding","path":{"__id__":414},"proxy":null},"_channel":{"__id__":416}},{"__type__":"cc.animation.TrackPath","_paths":[{"__id__":415},"anchorY"]},{"__type__":"cc.animation.HierarchyPath","path":"Node_you/Sprite_15_0"},{"__type__":"cc.animation.Channel","_curve":{"__id__":417}},{"__type__":"cc.RealCurve","bytes":{"__type__":"TypedArrayRef","ctor":"Uint8Array","offset":3018,"length":18},"keyframeValueEditorExtras":[null]},{"__type__":"cc.animation.RealTrack","_binding":{"__type__":"cc.animation.TrackBinding","path":{"__id__":419},"proxy":null},"_channel":{"__id__":422}},{"__type__":"cc.animation.TrackPath","_paths":[{"__id__":420},{"__id__":421},"opacity"]},{"__type__":"cc.animation.HierarchyPath","path":"Node_you/Sprite_15_0"},{"__type__":"cc.animation.ComponentPath","component":"cc.UIOpacity"},{"__type__":"cc.animation.Channel","_curve":{"__id__":423}},{"__type__":"cc.RealCurve","bytes":{"__type__":"TypedArrayRef","ctor":"Uint8Array","offset":3036,"length":42},"keyframeValueEditorExtras":[null,null,null]},{"__type__":"cc.animation.VectorTrack","_binding":{"__type__":"cc.animation.TrackBinding","path":{"__id__":425},"proxy":null},"_channels":[{"__id__":427},{"__id__":429},{"__id__":431},{"__id__":433}],"_nComponents":3},{"__type__":"cc.animation.TrackPath","_paths":[{"__id__":426},"position"]},{"__type__":"cc.animation.HierarchyPath","path":"Node_you/Sprite_15"},{"__type__":"cc.animation.Channel","_curve":{"__id__":428}},{"__type__":"cc.RealCurve","bytes":{"__type__":"TypedArrayRef","ctor":"Uint8Array","offset":3078,"length":42},"keyframeValueEditorExtras":[null,null,null]},{"__type__":"cc.animation.Channel","_curve":{"__id__":430}},{"__type__":"cc.RealCurve","bytes":{"__type__":"TypedArrayRef","ctor":"Uint8Array","offset":3120,"length":42},"keyframeValueEditorExtras":[null,null,null]},{"__type__":"cc.animation.Channel","_curve":{"__id__":432}},{"__type__":"cc.RealCurve","bytes":{"__type__":"TypedArrayRef","ctor":"Uint8Array","offset":3162,"length":42},"keyframeValueEditorExtras":[null,null,null]},{"__type__":"cc.animation.Channel","_curve":{"__id__":434}},{"__type__":"cc.RealCurve","bytes":{"__type__":"TypedArrayRef","ctor":"Uint8Array","offset":3204,"length":6}},{"__type__":"cc.animation.RealTrack","_binding":{"__type__":"cc.animation.TrackBinding","path":{"__id__":436},"proxy":null},"_channel":{"__id__":438}},{"__type__":"cc.animation.TrackPath","_paths":[{"__id__":437},"anchorX"]},{"__type__":"cc.animation.HierarchyPath","path":"Node_you/Sprite_15"},{"__type__":"cc.animation.Channel","_curve":{"__id__":439}},{"__type__":"cc.RealCurve","bytes":{"__type__":"TypedArrayRef","ctor":"Uint8Array","offset":3210,"length":18},"keyframeValueEditorExtras":[null]},{"__type__":"cc.animation.RealTrack","_binding":{"__type__":"cc.animation.TrackBinding","path":{"__id__":441},"proxy":null},"_channel":{"__id__":443}},{"__type__":"cc.animation.TrackPath","_paths":[{"__id__":442},"anchorY"]},{"__type__":"cc.animation.HierarchyPath","path":"Node_you/Sprite_15"},{"__type__":"cc.animation.Channel","_curve":{"__id__":444}},{"__type__":"cc.RealCurve","bytes":{"__type__":"TypedArrayRef","ctor":"Uint8Array","offset":3228,"length":18},"keyframeValueEditorExtras":[null]},{"__type__":"cc.animation.RealTrack","_binding":{"__type__":"cc.animation.TrackBinding","path":{"__id__":446},"proxy":null},"_channel":{"__id__":449}},{"__type__":"cc.animation.TrackPath","_paths":[{"__id__":447},{"__id__":448},"opacity"]},{"__type__":"cc.animation.HierarchyPath","path":"Node_you/Sprite_15"},{"__type__":"cc.animation.ComponentPath","component":"cc.UIOpacity"},{"__type__":"cc.animation.Channel","_curve":{"__id__":450}},{"__type__":"cc.RealCurve","bytes":{"__type__":"TypedArrayRef","ctor":"Uint8Array","offset":3246,"length":42},"keyframeValueEditorExtras":[null,null,null]},{"__type__":"cc.animation.VectorTrack","_binding":{"__type__":"cc.animation.TrackBinding","path":{"__id__":452},"proxy":null},"_channels":[{"__id__":454},{"__id__":456},{"__id__":458},{"__id__":460}],"_nComponents":3},{"__type__":"cc.animation.TrackPath","_paths":[{"__id__":453},"position"]},{"__type__":"cc.animation.HierarchyPath","path":"Node_you/Node_3/tx_bb_g_00001_13"},{"__type__":"cc.animation.Channel","_curve":{"__id__":455}},{"__type__":"cc.RealCurve","bytes":{"__type__":"TypedArrayRef","ctor":"Uint8Array","offset":3288,"length":18},"keyframeValueEditorExtras":[null]},{"__type__":"cc.animation.Channel","_curve":{"__id__":457}},{"__type__":"cc.RealCurve","bytes":{"__type__":"TypedArrayRef","ctor":"Uint8Array","offset":3306,"length":18},"keyframeValueEditorExtras":[null]},{"__type__":"cc.animation.Channel","_curve":{"__id__":459}},{"__type__":"cc.RealCurve","bytes":{"__type__":"TypedArrayRef","ctor":"Uint8Array","offset":3324,"length":18},"keyframeValueEditorExtras":[null]},{"__type__":"cc.animation.Channel","_curve":{"__id__":461}},{"__type__":"cc.RealCurve","bytes":{"__type__":"TypedArrayRef","ctor":"Uint8Array","offset":3342,"length":6}},{"__type__":"cc.animation.RealTrack","_binding":{"__type__":"cc.animation.TrackBinding","path":{"__id__":463},"proxy":null},"_channel":{"__id__":466}},{"__type__":"cc.animation.TrackPath","_paths":[{"__id__":464},{"__id__":465},"opacity"]},{"__type__":"cc.animation.HierarchyPath","path":"Node_you/Node_3/tx_bb_g_00001_13"},{"__type__":"cc.animation.ComponentPath","component":"cc.UIOpacity"},{"__type__":"cc.animation.Channel","_curve":{"__id__":467}},{"__type__":"cc.RealCurve","bytes":{"__type__":"TypedArrayRef","ctor":"Uint8Array","offset":3348,"length":54},"keyframeValueEditorExtras":[null,null,null,null]},{"__type__":"cc.animation.ObjectTrack","_binding":{"__type__":"cc.animation.TrackBinding","path":{"__id__":469},"proxy":null},"_channel":{"__id__":472}},{"__type__":"cc.animation.TrackPath","_paths":[{"__id__":470},{"__id__":471},"spriteFrame"]},{"__type__":"cc.animation.HierarchyPath","path":"Node_you/Node_3/tx_bb_g_00001_13"},{"__type__":"cc.animation.ComponentPath","component":"cc.Sprite"},{"__type__":"cc.animation.Channel","_curve":{"__id__":473}},{"__type__":"cc.ObjectCurve","_times":[0.016666666666666666,0.03333333333333333,0.05,0.06666666666666667,0.08333333333333333,0.1,0.11666666666666667,0.13333333333333333,0.15,0.16666666666666666,0.18333333333333332,0.2,0.21666666666666667,0.23333333333333334,0.25,0.26666666666666666,0.2833333333333333,0.3,0.31666666666666665],"_values":[{"__uuid__":"11o3bFXzhPK7BTZAcTIcdq@6bc33","__expectedType__":"cc.Asset"},{"__uuid__":"11o3bFXzhPK7BTZAcTIcdq@04a1a","__expectedType__":"cc.Asset"},{"__uuid__":"11o3bFXzhPK7BTZAcTIcdq@689ef","__expectedType__":"cc.Asset"},{"__uuid__":"11o3bFXzhPK7BTZAcTIcdq@55aae","__expectedType__":"cc.Asset"},{"__uuid__":"11o3bFXzhPK7BTZAcTIcdq@d113b","__expectedType__":"cc.Asset"},{"__uuid__":"11o3bFXzhPK7BTZAcTIcdq@ddb26","__expectedType__":"cc.Asset"},{"__uuid__":"11o3bFXzhPK7BTZAcTIcdq@15847","__expectedType__":"cc.Asset"},{"__uuid__":"11o3bFXzhPK7BTZAcTIcdq@f74f7","__expectedType__":"cc.Asset"},{"__uuid__":"11o3bFXzhPK7BTZAcTIcdq@bf359","__expectedType__":"cc.Asset"},{"__uuid__":"11o3bFXzhPK7BTZAcTIcdq@931ec","__expectedType__":"cc.Asset"},{"__uuid__":"11o3bFXzhPK7BTZAcTIcdq@197a0","__expectedType__":"cc.Asset"},{"__uuid__":"11o3bFXzhPK7BTZAcTIcdq@e16f0","__expectedType__":"cc.Asset"},{"__uuid__":"11o3bFXzhPK7BTZAcTIcdq@e6184","__expectedType__":"cc.Asset"},{"__uuid__":"11o3bFXzhPK7BTZAcTIcdq@722f2","__expectedType__":"cc.Asset"},{"__uuid__":"11o3bFXzhPK7BTZAcTIcdq@d7baa","__expectedType__":"cc.Asset"},{"__uuid__":"11o3bFXzhPK7BTZAcTIcdq@8de88","__expectedType__":"cc.Asset"},{"__uuid__":"11o3bFXzhPK7BTZAcTIcdq@c4c8f","__expectedType__":"cc.Asset"},{"__uuid__":"11o3bFXzhPK7BTZAcTIcdq@f696d","__expectedType__":"cc.Asset"},{"__uuid__":"11o3bFXzhPK7BTZAcTIcdq@23468","__expectedType__":"cc.Asset"}]},{"__type__":"cc.animation.VectorTrack","_binding":{"__type__":"cc.animation.TrackBinding","path":{"__id__":475},"proxy":null},"_channels":[{"__id__":477},{"__id__":479},{"__id__":481},{"__id__":483}],"_nComponents":3},{"__type__":"cc.animation.TrackPath","_paths":[{"__id__":476},"position"]},{"__type__":"cc.animation.HierarchyPath","path":"Node_you/Node_3/tx_bb_g_00001_13_0"},{"__type__":"cc.animation.Channel","_curve":{"__id__":478}},{"__type__":"cc.RealCurve","bytes":{"__type__":"TypedArrayRef","ctor":"Uint8Array","offset":3402,"length":18},"keyframeValueEditorExtras":[null]},{"__type__":"cc.animation.Channel","_curve":{"__id__":480}},{"__type__":"cc.RealCurve","bytes":{"__type__":"TypedArrayRef","ctor":"Uint8Array","offset":3420,"length":18},"keyframeValueEditorExtras":[null]},{"__type__":"cc.animation.Channel","_curve":{"__id__":482}},{"__type__":"cc.RealCurve","bytes":{"__type__":"TypedArrayRef","ctor":"Uint8Array","offset":3438,"length":18},"keyframeValueEditorExtras":[null]},{"__type__":"cc.animation.Channel","_curve":{"__id__":484}},{"__type__":"cc.RealCurve","bytes":{"__type__":"TypedArrayRef","ctor":"Uint8Array","offset":3456,"length":6}},{"__type__":"cc.animation.RealTrack","_binding":{"__type__":"cc.animation.TrackBinding","path":{"__id__":486},"proxy":null},"_channel":{"__id__":489}},{"__type__":"cc.animation.TrackPath","_paths":[{"__id__":487},{"__id__":488},"opacity"]},{"__type__":"cc.animation.HierarchyPath","path":"Node_you/Node_3/tx_bb_g_00001_13_0"},{"__type__":"cc.animation.ComponentPath","component":"cc.UIOpacity"},{"__type__":"cc.animation.Channel","_curve":{"__id__":490}},{"__type__":"cc.RealCurve","bytes":{"__type__":"TypedArrayRef","ctor":"Uint8Array","offset":3462,"length":54},"keyframeValueEditorExtras":[null,null,null,null]},{"__type__":"cc.animation.ObjectTrack","_binding":{"__type__":"cc.animation.TrackBinding","path":{"__id__":492},"proxy":null},"_channel":{"__id__":495}},{"__type__":"cc.animation.TrackPath","_paths":[{"__id__":493},{"__id__":494},"spriteFrame"]},{"__type__":"cc.animation.HierarchyPath","path":"Node_you/Node_3/tx_bb_g_00001_13_0"},{"__type__":"cc.animation.ComponentPath","component":"cc.Sprite"},{"__type__":"cc.animation.Channel","_curve":{"__id__":496}},{"__type__":"cc.ObjectCurve","_times":[0.016666666666666666,0.03333333333333333,0.05,0.06666666666666667,0.08333333333333333,0.1,0.11666666666666667,0.13333333333333333,0.15,0.16666666666666666,0.18333333333333332,0.2,0.21666666666666667,0.23333333333333334,0.25,0.26666666666666666,0.2833333333333333,0.3,0.31666666666666665],"_values":[{"__uuid__":"11o3bFXzhPK7BTZAcTIcdq@6bc33","__expectedType__":"cc.Asset"},{"__uuid__":"11o3bFXzhPK7BTZAcTIcdq@04a1a","__expectedType__":"cc.Asset"},{"__uuid__":"11o3bFXzhPK7BTZAcTIcdq@689ef","__expectedType__":"cc.Asset"},{"__uuid__":"11o3bFXzhPK7BTZAcTIcdq@55aae","__expectedType__":"cc.Asset"},{"__uuid__":"11o3bFXzhPK7BTZAcTIcdq@d113b","__expectedType__":"cc.Asset"},{"__uuid__":"11o3bFXzhPK7BTZAcTIcdq@ddb26","__expectedType__":"cc.Asset"},{"__uuid__":"11o3bFXzhPK7BTZAcTIcdq@15847","__expectedType__":"cc.Asset"},{"__uuid__":"11o3bFXzhPK7BTZAcTIcdq@f74f7","__expectedType__":"cc.Asset"},{"__uuid__":"11o3bFXzhPK7BTZAcTIcdq@bf359","__expectedType__":"cc.Asset"},{"__uuid__":"11o3bFXzhPK7BTZAcTIcdq@931ec","__expectedType__":"cc.Asset"},{"__uuid__":"11o3bFXzhPK7BTZAcTIcdq@197a0","__expectedType__":"cc.Asset"},{"__uuid__":"11o3bFXzhPK7BTZAcTIcdq@e16f0","__expectedType__":"cc.Asset"},{"__uuid__":"11o3bFXzhPK7BTZAcTIcdq@e6184","__expectedType__":"cc.Asset"},{"__uuid__":"11o3bFXzhPK7BTZAcTIcdq@722f2","__expectedType__":"cc.Asset"},{"__uuid__":"11o3bFXzhPK7BTZAcTIcdq@d7baa","__expectedType__":"cc.Asset"},{"__uuid__":"11o3bFXzhPK7BTZAcTIcdq@8de88","__expectedType__":"cc.Asset"},{"__uuid__":"11o3bFXzhPK7BTZAcTIcdq@c4c8f","__expectedType__":"cc.Asset"},{"__uuid__":"11o3bFXzhPK7BTZAcTIcdq@f696d","__expectedType__":"cc.Asset"},{"__uuid__":"11o3bFXzhPK7BTZAcTIcdq@23468","__expectedType__":"cc.Asset"}]},{"__type__":"cc.animation.VectorTrack","_binding":{"__type__":"cc.animation.TrackBinding","path":{"__id__":498},"proxy":null},"_channels":[{"__id__":500},{"__id__":502},{"__id__":504},{"__id__":506}],"_nComponents":3},{"__type__":"cc.animation.TrackPath","_paths":[{"__id__":499},"position"]},{"__type__":"cc.animation.HierarchyPath","path":"Node_you/Node_3"},{"__type__":"cc.animation.Channel","_curve":{"__id__":501}},{"__type__":"cc.RealCurve","bytes":{"__type__":"TypedArrayRef","ctor":"Uint8Array","offset":3516,"length":18},"keyframeValueEditorExtras":[null]},{"__type__":"cc.animation.Channel","_curve":{"__id__":503}},{"__type__":"cc.RealCurve","bytes":{"__type__":"TypedArrayRef","ctor":"Uint8Array","offset":3534,"length":18},"keyframeValueEditorExtras":[null]},{"__type__":"cc.animation.Channel","_curve":{"__id__":505}},{"__type__":"cc.RealCurve","bytes":{"__type__":"TypedArrayRef","ctor":"Uint8Array","offset":3552,"length":18},"keyframeValueEditorExtras":[null]},{"__type__":"cc.animation.Channel","_curve":{"__id__":507}},{"__type__":"cc.RealCurve","bytes":{"__type__":"TypedArrayRef","ctor":"Uint8Array","offset":3570,"length":6}},{"__type__":"cc.animation.VectorTrack","_binding":{"__type__":"cc.animation.TrackBinding","path":{"__id__":509},"proxy":null},"_channels":[{"__id__":511},{"__id__":513},{"__id__":515},{"__id__":517}],"_nComponents":3},{"__type__":"cc.animation.TrackPath","_paths":[{"__id__":510},"eulerAngles"]},{"__type__":"cc.animation.HierarchyPath","path":"Node_you/Node_3"},{"__type__":"cc.animation.Channel","_curve":{"__id__":512}},{"__type__":"cc.RealCurve","bytes":{"__type__":"TypedArrayRef","ctor":"Uint8Array","offset":3576,"length":18},"keyframeValueEditorExtras":[null]},{"__type__":"cc.animation.Channel","_curve":{"__id__":514}},{"__type__":"cc.RealCurve","bytes":{"__type__":"TypedArrayRef","ctor":"Uint8Array","offset":3594,"length":18},"keyframeValueEditorExtras":[null]},{"__type__":"cc.animation.Channel","_curve":{"__id__":516}},{"__type__":"cc.RealCurve","bytes":{"__type__":"TypedArrayRef","ctor":"Uint8Array","offset":3612,"length":18},"keyframeValueEditorExtras":[null]},{"__type__":"cc.animation.Channel","_curve":{"__id__":518}},{"__type__":"cc.RealCurve","bytes":{"__type__":"TypedArrayRef","ctor":"Uint8Array","offset":3630,"length":6}}],"chunks":[".bin"]}
