[1,["4cgxFsaxlAGKTn9CP3w6Ef@6c48a","12qt3UQFhA3bn153/9Di0T","523t7yzFZACoKVFypBvqAA@3ad89","523t7yzFZACoKVFypBvqAA@f38dc"],["node","_textureSource","_spriteFrame","root","data","_defaultClip"],["cc.SpriteFrame",["cc.Node",["_name","_layer","_components","_prefab","_parent","_children","_lpos","_lscale"],1,9,4,1,2,5,5],["cc.UIOpacity",["_opacity","node","__prefab"],2,1,4],"cc.SpriteAtlas",["cc.Prefab",["_name"],2],["cc.Animation",["node","__prefab","_clips","_defaultClip"],3,1,4,3,6],["cc.CompPrefabInfo",["fileId"],2],["cc.UITransform",["node","__prefab","_contentSize"],3,1,4,5],["cc.PrefabInfo",["fileId","instance","targetOverrides","nestedPrefabInstanceRoots","root","asset"],-1,1,1],["cc.Sprite",["_dstBlendFactor","_sizeMode","_isTrimmedMode","node","__prefab","_spriteFrame"],0,1,4,6]],[[6,0,2],[7,0,1,2,1],[8,0,1,2,3,4,5,5],[2,0,1,2,2],[9,0,1,2,3,4,5,4],[4,0,2],[1,0,1,5,2,3,3],[1,0,1,4,2,3,3],[1,0,1,4,2,3,6,7,3],[5,0,1,2,3,1],[2,1,2,1]],[[[{"name":"2022_baojingqi","spriteFrames":["2022_baojing2_00000","523t7yzFZACoKVFypBvqAA@3ad89","2022_baojing_00000","523t7yzFZACoKVFypBvqAA@f38dc","DDZ_dizhupai_paibei","523t7yzFZACoKVFypBvqAA@c6b5d"]}],[3],0,[],[],[]],[[{"name":"2022_baojing2_00000","rect":{"x":78,"y":154,"width":72,"height":96},"offset":{"x":0,"y":0},"originalSize":{"width":80,"height":100},"rotated":false,"capInsets":[0,0,0,0],"vertices":{"rawPosition":[],"indexes":[],"uv":[],"nuv":[],"minPos":{"x":0,"y":0,"z":0},"maxPos":{"x":0,"y":0,"z":0}},"packable":true,"pixelsToUnit":100,"pivot":{"x":0.5,"y":0.5},"meshType":0}],[0],0,[0],[1],[0]],[[{"name":"DDZ_dizhupai_paibei","rect":{"x":2,"y":154,"width":74,"height":96},"offset":{"x":0,"y":0},"originalSize":{"width":74,"height":96},"rotated":false,"capInsets":[0,0,0,0],"vertices":{"rawPosition":[],"indexes":[],"uv":[],"nuv":[],"minPos":{"x":0,"y":0,"z":0},"maxPos":{"x":0,"y":0,"z":0}},"packable":true,"pixelsToUnit":100,"pivot":{"x":0.5,"y":0.5},"meshType":0}],[0],0,[0],[1],[0]],[[{"name":"2022_baojing_00000","rect":{"x":2,"y":2,"width":150,"height":180},"offset":{"x":0,"y":0},"originalSize":{"width":150,"height":180},"rotated":true,"capInsets":[0,0,0,0],"vertices":{"rawPosition":[],"indexes":[],"uv":[],"nuv":[],"minPos":{"x":0,"y":0,"z":0},"maxPos":{"x":0,"y":0,"z":0}},"packable":true,"pixelsToUnit":100,"pivot":{"x":0.5,"y":0.5},"meshType":0}],[0],0,[0],[1],[0]],[[[5,"ani_jinbaoqi"],[6,"ani_jinbaoqi",33554432,[-5,-6],[[9,-2,[0,"c66vjSEiZPbpsCyWdE9WYT"],[2],3],[10,-3,[0,"4dSJj19CJNtYIsxrxRzfcb"]],[1,-4,[0,"9cWpZTPfpMU7nzxe5TtLRx"],[5,0,0]]],[2,"adbSBN/KdK87XgozDKAbPx",null,null,null,-1,0]],[7,"Sprite_4",33554432,1,[[4,1,2,false,-7,[0,"59Hojmh89JerwUEbs52lTi"],0],[3,0,-8,[0,"a4Lk7oiCxF2qen6pEgEloa"]],[1,-9,[0,"7dWrAPIw5H4pDh7sNJTqtL"],[5,80,100]]],[2,"c6yYAlKQ1POYeFqn7kcoC3",null,null,null,1,0]],[8,"Sprite_3",33554432,1,[[4,1,2,false,-10,[0,"baBQhQKt9GHYrlSXNFbtit"],1],[3,0,-11,[0,"cbsCW0gYZH6Li5RHCn4/3K"]],[1,-12,[0,"67RjqMaoVCXpM8L226V9J1"],[5,150,180]]],[2,"36D2kBCMlPOol8UCHnbJeG",null,null,null,1,0],[1,-0.1351,0.0754,0],[1,0.4335,0.4335,1]]],0,[0,3,1,0,0,1,0,0,1,0,0,1,0,-1,2,0,-2,3,0,0,2,0,0,2,0,0,2,0,0,3,0,0,3,0,0,3,0,4,1,12],[0,0,0,0],[2,2,-1,5],[2,3,1,1]]]]
