[1,["884u2B6e9NoKFHkppxidqk","a4LbMDv09Nd5bBu0AZj2PA","00MgyGe+RP8Jj+nrDYJe1k@6c48a","e1XO/HWOBJSqdsdUo07cwL","00MgyGe+RP8Jj+nrDYJe1k@f9941"],["node","_font","_textureSource","root","data","_defaultClip","spriteFrame"],[["cc.Node",["_name","_components","_prefab","_parent","_children","_lpos"],2,9,4,1,2,5],["cc.Label",["_actualFontSize","_fontSize","_lineHeight","_isSystemFontUsed","_cacheMode","_horizontalAlign","_string","node","__prefab","_color","_font"],-4,1,4,5,6],["cc.UITransform",["node","__prefab","_contentSize","_anchorPoint"],3,1,4,5,5],["cc.Sprite",["_sizeMode","_type","node","__prefab"],1,1,4],"cc.SpriteFrame",["cc.Prefab",["_name"],2],["cc.CompPrefabInfo",["fileId"],2],["cc.PrefabInfo",["fileId","instance","targetOverrides","nestedPrefabInstanceRoots","root","asset"],-1,1,1],["cc.Animation",["node","__prefab","_clips","_defaultClip"],3,1,4,3,6],["cc.UIOpacity",["node","__prefab"],3,1,4],["cc.Layout",["_resizeMode","_layoutType","_paddingLeft","_paddingRight","node","__prefab"],-1,1,4],["cc.BitmapFont",["_name","fontSize","fntConfig"],0]],[[6,0,2],[7,0,1,2,3,4,5,5],[2,0,1,2,1],[0,0,3,4,1,2,2],[2,0,1,1],[0,0,3,1,2,5,2],[0,0,3,1,2,2],[3,0,2,3,2],[2,0,1,2,3,1],[5,0,2],[0,0,4,1,2,2],[0,0,3,4,1,2,5,2],[8,0,1,2,3,1],[9,0,1,1],[3,1,0,2,3,3],[10,0,1,2,3,4,5,5],[1,0,1,2,3,7,8,9,10,5],[1,0,1,2,4,7,8,9,5],[1,5,0,1,2,3,7,8,9,10,6],[1,5,0,1,2,4,7,8,9,6],[1,6,0,1,3,4,7,8,10,6],[11,0,1,2,4]],[[[{"name":"p_lose_1","rect":{"x":0,"y":0,"width":105,"height":247},"offset":{"x":-11.5,"y":4.5},"originalSize":{"width":128,"height":256},"rotated":false,"capInsets":[0,0,0,0],"vertices":{"rawPosition":[-52.5,-123.5,0,52.5,-123.5,0,-52.5,123.5,0,52.5,123.5,0],"indexes":[0,1,2,2,1,3],"uv":[0,256,105,256,0,9,105,9],"nuv":[0,0.03515625,0.8203125,0.03515625,0,1,0.8203125,1],"minPos":{"x":-52.5,"y":-123.5,"z":0},"maxPos":{"x":52.5,"y":123.5,"z":0}},"packable":true,"pixelsToUnit":100,"pivot":{"x":0.5,"y":0.5},"meshType":0}],[4],0,[0],[2],[2]],[[[9,"head"],[10,"head",[-3,-4,-5,-6],[[4,-2,[0,"8ebtXvauFFRaMrXqUO9gcD"]]],[1,"c46/YsCPVOJYA4mWEpNYRx",null,null,null,-1,0]],[3,"Node_score",1,[-10],[[4,-7,[0,"5ePUmtSLtMArQK9UivCzt0"]],[12,-8,[0,"a9vkpY3xpMrYZjXkZasH5Z"],[3],4],[13,-9,[0,"bduxsptX9Bcb01BzN6KG2/"]]],[1,"4c8NeH8Z9PFrkLtgOMKpOa",null,null,null,1,0]],[3,"Sprite_score_bg",2,[-14],[[2,-11,[0,"faD2GzNb9AiY2zPT1E4KcH"],[5,138.91,90]],[14,1,0,-12,[0,"29RSylb+pIfKYXB7Tx9Taw"]],[15,1,1,30,30,-13,[0,"87c+vEzfJOiI2GQ2Gop/R0"]]],[1,"17cXz9jsxLx4mqkQ/Dorat",null,null,null,1,0]],[3,"Node_bg",1,[-16,-17],[[4,-15,[0,"f47zzwz7xK2IAPjqNg210Q"]]],[1,"5fkyCEa7pKSKy9SRouXbzF",null,null,null,1,0]],[3,"Node_other",1,[-19,-20],[[4,-18,[0,"8aaqQIsCJDa4fkh6LOubA7"]]],[1,"dcAgIJiSxPzLTXjWO+ub/L",null,null,null,1,0]],[11,"Sprite_name",5,[-23],[[2,-21,[0,"3bz1/fKcpCAqSx+FSH1Pah"],[5,97,26]],[7,0,-22,[0,"d6J/d26hZKwYtNG8ZE6s/O"]]],[1,"cbq3fixlhGJpyVPw26s7LO",null,null,null,1,0],[1,0,-32,0]],[3,"Node_self",1,[-25,-26],[[4,-24,[0,"a4/fxo5U1Ltp7ITIEXSo6K"]]],[1,"c5HwOdQoROjJv/VqUCK6ck",null,null,null,1,0]],[6,"Sprite_head",4,[[2,-27,[0,"9dTOPWGOFFcauJ0fO2Bfj2"],[5,90,90]],[7,0,-28,[0,"f9zJG2YKtL44QhVYbIvM+H"]]],[1,"49sgpePeRIGasV6Es6Id6C",null,null,null,1,0]],[6,"Sprite_frame",4,[[2,-29,[0,"25fGLPDpNMg77uq0meG0+H"],[5,90,90]],[7,0,-30,[0,"b8oSyywEpLU4sjeu+74TVD"]]],[1,"04PmtY9TdCxLUFCx723VnB",null,null,null,1,0]],[5,"Label_chips",5,[[2,-31,[0,"8f6JiTcuBJaLyzzdVsqD0W"],[5,43.13,20]],[16,30,30,20,false,-32,[0,"ec4zUyq35EwaHuW/up6Va+"],[4,4286048255],0]],[1,"b26QBzsnJFFL+lXg+e8S8S",null,null,null,1,0],[1,0,-52,0]],[6,"Label_name",6,[[2,-33,[0,"4acNjK+hlBBb4dFUpt7Fgp"],[5,42.26,25.2]],[17,20,20,20,1,-34,[0,"30sAZ11HpCvpYpAv4zcg1l"],[4,4292006867]]],[1,"72wwQv8DpFuZQ5j1b2vJuj",null,null,null,1,0]],[5,"Label_chips",7,[[8,-35,[0,"09knrWZy5KrrR7gHtzNe2d"],[5,43.13,20],[0,0,0.5]],[18,0,30,30,20,false,-36,[0,"3bT0EiU6BCD6GSD/vsdNbb"],[4,4286048255],1]],[1,"fc6R/bspRGe4PfeZTRxPqs",null,null,null,1,0],[1,55,-29,0]],[5,"Label_name",7,[[8,-37,[0,"3ea2U8CFxD4b1fSDw/OZlK"],[5,42.26,25.2],[0,0,0.5]],[19,0,20,20,20,1,-38,[0,"3bWI+A54JHloaYQv7MlSrC"],[4,4292006867]]],[1,"ebHni3EOVJv49eL0lr+k9K",null,null,null,1,0],[1,55,8,0]],[5,"Label_score",3,[[2,-39,[0,"31RlzLqqdPmpeUaAuUUzdp"],[5,78.91,40]],[20,"123",25,25,false,1,-40,[0,"danFBQDxdDZJZiNupYlD3p"],2]],[1,"a4k2DlnGBH67QBmf97jLSH",null,null,null,1,0],[1,0,5,0]]],0,[0,3,1,0,0,1,0,-1,4,0,-2,5,0,-3,7,0,-4,2,0,0,2,0,0,2,0,0,2,0,-1,3,0,0,3,0,0,3,0,0,3,0,-1,14,0,0,4,0,-1,8,0,-2,9,0,0,5,0,-1,10,0,-2,6,0,0,6,0,0,6,0,-1,11,0,0,7,0,-1,12,0,-2,13,0,0,8,0,0,8,0,0,9,0,0,9,0,0,10,0,0,10,0,0,11,0,0,11,0,0,12,0,0,12,0,0,13,0,0,13,0,0,14,0,0,14,0,4,1,40],[0,0,0,0,0],[1,1,1,-1,5],[0,0,3,1,1]],[[[21,"p_lose_1",32,{"commonHeight":44,"fontSize":32,"atlasName":"p_lose_1.png","fontDefDictionary":{"9":{"xOffset":0,"yOffset":0,"xAdvance":160,"rect":{"x":0,"y":0,"width":0,"height":0}},"32":{"xOffset":0,"yOffset":0,"xAdvance":20,"rect":{"x":0,"y":0,"width":0,"height":0}},"45":{"xOffset":0,"yOffset":19,"xAdvance":28,"rect":{"x":0,"y":217,"width":28,"height":15}},"46":{"xOffset":0,"yOffset":26,"xAdvance":17,"rect":{"x":0,"y":233,"width":17,"height":14}},"48":{"xOffset":0,"yOffset":1,"xAdvance":34,"rect":{"x":38,"y":43,"width":34,"height":43}},"49":{"xOffset":0,"yOffset":1,"xAdvance":28,"rect":{"x":39,"y":0,"width":28,"height":42}},"50":{"xOffset":0,"yOffset":1,"xAdvance":38,"rect":{"x":0,"y":0,"width":38,"height":42}},"51":{"xOffset":0,"yOffset":1,"xAdvance":35,"rect":{"x":0,"y":129,"width":35,"height":43}},"52":{"xOffset":0,"yOffset":1,"xAdvance":36,"rect":{"x":0,"y":86,"width":36,"height":42}},"53":{"xOffset":0,"yOffset":2,"xAdvance":37,"rect":{"x":0,"y":43,"width":37,"height":42}},"54":{"xOffset":0,"yOffset":1,"xAdvance":34,"rect":{"x":71,"y":87,"width":34,"height":43}},"55":{"xOffset":0,"yOffset":2,"xAdvance":34,"rect":{"x":36,"y":129,"width":34,"height":41}},"56":{"xOffset":0,"yOffset":1,"xAdvance":35,"rect":{"x":0,"y":173,"width":35,"height":43}},"57":{"xOffset":0,"yOffset":1,"xAdvance":34,"rect":{"x":36,"y":171,"width":34,"height":43}}},"kerningDict":{}}]],0,0,[0],[6],[4]]]]
