{"version":1,"document":[{"__type__":"cc.AnimationClip","_name":"node_landlord_win","_objFlags":0,"_native":"","sample":60,"speed":1,"wrapMode":1,"enableTrsBlending":false,"_duration":0.8333333333333334,"_hash":500763545,"_tracks":[{"__id__":1},{"__id__":8},{"__id__":15},{"__id__":22},{"__id__":29},{"__id__":36},{"__id__":43},{"__id__":50},{"__id__":57},{"__id__":64},{"__id__":71},{"__id__":78},{"__id__":84},{"__id__":95},{"__id__":106},{"__id__":111},{"__id__":116},{"__id__":122},{"__id__":128},{"__id__":139},{"__id__":150},{"__id__":156},{"__id__":162},{"__id__":173},{"__id__":184},{"__id__":190},{"__id__":196},{"__id__":207},{"__id__":212},{"__id__":217},{"__id__":223},{"__id__":229},{"__id__":240},{"__id__":245},{"__id__":250},{"__id__":256},{"__id__":262},{"__id__":273},{"__id__":278},{"__id__":283},{"__id__":289},{"__id__":295},{"__id__":306},{"__id__":311},{"__id__":316},{"__id__":322},{"__id__":328},{"__id__":339},{"__id__":344},{"__id__":349},{"__id__":355},{"__id__":366},{"__id__":371},{"__id__":376},{"__id__":382},{"__id__":393},{"__id__":398},{"__id__":403},{"__id__":409},{"__id__":420},{"__id__":425},{"__id__":430},{"__id__":436},{"__id__":447},{"__id__":458},{"__id__":464},{"__id__":475},{"__id__":481},{"__id__":487},{"__id__":498},{"__id__":504},{"__id__":510},{"__id__":521},{"__id__":527}],"_exoticAnimation":null,"_events":[],"_embeddedPlayers":[]},{"__type__":"cc.animation.UntypedTrack","_binding":{"__type__":"cc.animation.TrackBinding","path":{"__id__":2},"proxy":null},"_channels":[{"__id__":4},{"__id__":6}]},{"__type__":"cc.animation.TrackPath","_paths":[{"__id__":3},"scale"]},{"__type__":"cc.animation.HierarchyPath","path":"Layout/node_middle/sl_yuanquan_5"},{"__type__":"cc.animation.UntypedTrackChannel","_curve":{"__id__":5},"property":"x"},{"__type__":"cc.RealCurve","bytes":{"__type__":"TypedArrayRef","ctor":"Uint8Array","offset":0,"length":30},"keyframeValueEditorExtras":[null,null]},{"__type__":"cc.animation.UntypedTrackChannel","_curve":{"__id__":7},"property":"y"},{"__type__":"cc.RealCurve","bytes":{"__type__":"TypedArrayRef","ctor":"Uint8Array","offset":30,"length":30},"keyframeValueEditorExtras":[null,null]},{"__type__":"cc.animation.UntypedTrack","_binding":{"__type__":"cc.animation.TrackBinding","path":{"__id__":9},"proxy":null},"_channels":[{"__id__":11},{"__id__":13}]},{"__type__":"cc.animation.TrackPath","_paths":[{"__id__":10},"scale"]},{"__type__":"cc.animation.HierarchyPath","path":"Layout/node_middle/tongyong_yuanguang_17"},{"__type__":"cc.animation.UntypedTrackChannel","_curve":{"__id__":12},"property":"x"},{"__type__":"cc.RealCurve","bytes":{"__type__":"TypedArrayRef","ctor":"Uint8Array","offset":60,"length":18},"keyframeValueEditorExtras":[null]},{"__type__":"cc.animation.UntypedTrackChannel","_curve":{"__id__":14},"property":"y"},{"__type__":"cc.RealCurve","bytes":{"__type__":"TypedArrayRef","ctor":"Uint8Array","offset":78,"length":18},"keyframeValueEditorExtras":[null]},{"__type__":"cc.animation.UntypedTrack","_binding":{"__type__":"cc.animation.TrackBinding","path":{"__id__":16},"proxy":null},"_channels":[{"__id__":18},{"__id__":20}]},{"__type__":"cc.animation.TrackPath","_paths":[{"__id__":17},"scale"]},{"__type__":"cc.animation.HierarchyPath","path":"Layout/node_middle/Sprite_15"},{"__type__":"cc.animation.UntypedTrackChannel","_curve":{"__id__":19},"property":"x"},{"__type__":"cc.RealCurve","bytes":{"__type__":"TypedArrayRef","ctor":"Uint8Array","offset":96,"length":30},"keyframeValueEditorExtras":[null,null]},{"__type__":"cc.animation.UntypedTrackChannel","_curve":{"__id__":21},"property":"y"},{"__type__":"cc.RealCurve","bytes":{"__type__":"TypedArrayRef","ctor":"Uint8Array","offset":126,"length":30},"keyframeValueEditorExtras":[null,null]},{"__type__":"cc.animation.UntypedTrack","_binding":{"__type__":"cc.animation.TrackBinding","path":{"__id__":23},"proxy":null},"_channels":[{"__id__":25},{"__id__":27}]},{"__type__":"cc.animation.TrackPath","_paths":[{"__id__":24},"scale"]},{"__type__":"cc.animation.HierarchyPath","path":"Layout/node_middle/sl_piaodai_L_2"},{"__type__":"cc.animation.UntypedTrackChannel","_curve":{"__id__":26},"property":"x"},{"__type__":"cc.RealCurve","bytes":{"__type__":"TypedArrayRef","ctor":"Uint8Array","offset":156,"length":42},"keyframeValueEditorExtras":[null,null,null]},{"__type__":"cc.animation.UntypedTrackChannel","_curve":{"__id__":28},"property":"y"},{"__type__":"cc.RealCurve","bytes":{"__type__":"TypedArrayRef","ctor":"Uint8Array","offset":198,"length":42},"keyframeValueEditorExtras":[null,null,null]},{"__type__":"cc.animation.UntypedTrack","_binding":{"__type__":"cc.animation.TrackBinding","path":{"__id__":30},"proxy":null},"_channels":[{"__id__":32},{"__id__":34}]},{"__type__":"cc.animation.TrackPath","_paths":[{"__id__":31},"scale"]},{"__type__":"cc.animation.HierarchyPath","path":"Layout/node_middle/sl_piaodai_R_3"},{"__type__":"cc.animation.UntypedTrackChannel","_curve":{"__id__":33},"property":"x"},{"__type__":"cc.RealCurve","bytes":{"__type__":"TypedArrayRef","ctor":"Uint8Array","offset":240,"length":42},"keyframeValueEditorExtras":[null,null,null]},{"__type__":"cc.animation.UntypedTrackChannel","_curve":{"__id__":35},"property":"y"},{"__type__":"cc.RealCurve","bytes":{"__type__":"TypedArrayRef","ctor":"Uint8Array","offset":282,"length":42},"keyframeValueEditorExtras":[null,null,null]},{"__type__":"cc.animation.UntypedTrack","_binding":{"__type__":"cc.animation.TrackBinding","path":{"__id__":37},"proxy":null},"_channels":[{"__id__":39},{"__id__":41}]},{"__type__":"cc.animation.TrackPath","_paths":[{"__id__":38},"scale"]},{"__type__":"cc.animation.HierarchyPath","path":"Layout/node_middle/sl_yun_L_6"},{"__type__":"cc.animation.UntypedTrackChannel","_curve":{"__id__":40},"property":"x"},{"__type__":"cc.RealCurve","bytes":{"__type__":"TypedArrayRef","ctor":"Uint8Array","offset":324,"length":42},"keyframeValueEditorExtras":[null,null,null]},{"__type__":"cc.animation.UntypedTrackChannel","_curve":{"__id__":42},"property":"y"},{"__type__":"cc.RealCurve","bytes":{"__type__":"TypedArrayRef","ctor":"Uint8Array","offset":366,"length":42},"keyframeValueEditorExtras":[null,null,null]},{"__type__":"cc.animation.UntypedTrack","_binding":{"__type__":"cc.animation.TrackBinding","path":{"__id__":44},"proxy":null},"_channels":[{"__id__":46},{"__id__":48}]},{"__type__":"cc.animation.TrackPath","_paths":[{"__id__":45},"scale"]},{"__type__":"cc.animation.HierarchyPath","path":"Layout/node_middle/sl_yun_R_7"},{"__type__":"cc.animation.UntypedTrackChannel","_curve":{"__id__":47},"property":"x"},{"__type__":"cc.RealCurve","bytes":{"__type__":"TypedArrayRef","ctor":"Uint8Array","offset":408,"length":42},"keyframeValueEditorExtras":[null,null,null]},{"__type__":"cc.animation.UntypedTrackChannel","_curve":{"__id__":49},"property":"y"},{"__type__":"cc.RealCurve","bytes":{"__type__":"TypedArrayRef","ctor":"Uint8Array","offset":450,"length":42},"keyframeValueEditorExtras":[null,null,null]},{"__type__":"cc.animation.UntypedTrack","_binding":{"__type__":"cc.animation.TrackBinding","path":{"__id__":51},"proxy":null},"_channels":[{"__id__":53},{"__id__":55}]},{"__type__":"cc.animation.TrackPath","_paths":[{"__id__":52},"scale"]},{"__type__":"cc.animation.HierarchyPath","path":"Layout/node_middle/Node_1"},{"__type__":"cc.animation.UntypedTrackChannel","_curve":{"__id__":54},"property":"x"},{"__type__":"cc.RealCurve","bytes":{"__type__":"TypedArrayRef","ctor":"Uint8Array","offset":492,"length":42},"keyframeValueEditorExtras":[null,null,null]},{"__type__":"cc.animation.UntypedTrackChannel","_curve":{"__id__":56},"property":"y"},{"__type__":"cc.RealCurve","bytes":{"__type__":"TypedArrayRef","ctor":"Uint8Array","offset":534,"length":42},"keyframeValueEditorExtras":[null,null,null]},{"__type__":"cc.animation.UntypedTrack","_binding":{"__type__":"cc.animation.TrackBinding","path":{"__id__":58},"proxy":null},"_channels":[{"__id__":60},{"__id__":62}]},{"__type__":"cc.animation.TrackPath","_paths":[{"__id__":59},"scale"]},{"__type__":"cc.animation.HierarchyPath","path":"Layout/node_middle/sl_dzsl_1"},{"__type__":"cc.animation.UntypedTrackChannel","_curve":{"__id__":61},"property":"x"},{"__type__":"cc.RealCurve","bytes":{"__type__":"TypedArrayRef","ctor":"Uint8Array","offset":576,"length":42},"keyframeValueEditorExtras":[null,null,null]},{"__type__":"cc.animation.UntypedTrackChannel","_curve":{"__id__":63},"property":"y"},{"__type__":"cc.RealCurve","bytes":{"__type__":"TypedArrayRef","ctor":"Uint8Array","offset":618,"length":42},"keyframeValueEditorExtras":[null,null,null]},{"__type__":"cc.animation.UntypedTrack","_binding":{"__type__":"cc.animation.TrackBinding","path":{"__id__":65},"proxy":null},"_channels":[{"__id__":67},{"__id__":69}]},{"__type__":"cc.animation.TrackPath","_paths":[{"__id__":66},"scale"]},{"__type__":"cc.animation.HierarchyPath","path":"Layout/node_middle/tx_new_jinji_00005_16"},{"__type__":"cc.animation.UntypedTrackChannel","_curve":{"__id__":68},"property":"x"},{"__type__":"cc.RealCurve","bytes":{"__type__":"TypedArrayRef","ctor":"Uint8Array","offset":660,"length":30},"keyframeValueEditorExtras":[null,null]},{"__type__":"cc.animation.UntypedTrackChannel","_curve":{"__id__":70},"property":"y"},{"__type__":"cc.RealCurve","bytes":{"__type__":"TypedArrayRef","ctor":"Uint8Array","offset":690,"length":30},"keyframeValueEditorExtras":[null,null]},{"__type__":"cc.animation.UntypedTrack","_binding":{"__type__":"cc.animation.TrackBinding","path":{"__id__":72},"proxy":null},"_channels":[{"__id__":74},{"__id__":76}]},{"__type__":"cc.animation.TrackPath","_paths":[{"__id__":73},"scale"]},{"__type__":"cc.animation.HierarchyPath","path":"Layout/node_middle/tx_new_jinji3_21"},{"__type__":"cc.animation.UntypedTrackChannel","_curve":{"__id__":75},"property":"x"},{"__type__":"cc.RealCurve","bytes":{"__type__":"TypedArrayRef","ctor":"Uint8Array","offset":720,"length":30},"keyframeValueEditorExtras":[null,null]},{"__type__":"cc.animation.UntypedTrackChannel","_curve":{"__id__":77},"property":"y"},{"__type__":"cc.RealCurve","bytes":{"__type__":"TypedArrayRef","ctor":"Uint8Array","offset":750,"length":30},"keyframeValueEditorExtras":[null,null]},{"__type__":"cc.animation.RealTrack","_binding":{"__type__":"cc.animation.TrackBinding","path":{"__id__":79},"proxy":null},"_channel":{"__id__":82}},{"__type__":"cc.animation.TrackPath","_paths":[{"__id__":80},{"__id__":81},"opacity"]},{"__type__":"cc.animation.HierarchyPath","path":"Layout/LayoutMask"},{"__type__":"cc.animation.ComponentPath","component":"cc.UIOpacity"},{"__type__":"cc.animation.Channel","_curve":{"__id__":83}},{"__type__":"cc.RealCurve","bytes":{"__type__":"TypedArrayRef","ctor":"Uint8Array","offset":780,"length":30},"keyframeValueEditorExtras":[null,null]},{"__type__":"cc.animation.VectorTrack","_binding":{"__type__":"cc.animation.TrackBinding","path":{"__id__":85},"proxy":null},"_channels":[{"__id__":87},{"__id__":89},{"__id__":91},{"__id__":93}],"_nComponents":3},{"__type__":"cc.animation.TrackPath","_paths":[{"__id__":86},"position"]},{"__type__":"cc.animation.HierarchyPath","path":"Layout/node_middle/sl_yuanquan_5"},{"__type__":"cc.animation.Channel","_curve":{"__id__":88}},{"__type__":"cc.RealCurve","bytes":{"__type__":"TypedArrayRef","ctor":"Uint8Array","offset":810,"length":42},"keyframeValueEditorExtras":[null,null,null]},{"__type__":"cc.animation.Channel","_curve":{"__id__":90}},{"__type__":"cc.RealCurve","bytes":{"__type__":"TypedArrayRef","ctor":"Uint8Array","offset":852,"length":42},"keyframeValueEditorExtras":[null,null,null]},{"__type__":"cc.animation.Channel","_curve":{"__id__":92}},{"__type__":"cc.RealCurve","bytes":{"__type__":"TypedArrayRef","ctor":"Uint8Array","offset":894,"length":42},"keyframeValueEditorExtras":[null,null,null]},{"__type__":"cc.animation.Channel","_curve":{"__id__":94}},{"__type__":"cc.RealCurve","bytes":{"__type__":"TypedArrayRef","ctor":"Uint8Array","offset":936,"length":6}},{"__type__":"cc.animation.VectorTrack","_binding":{"__type__":"cc.animation.TrackBinding","path":{"__id__":96},"proxy":null},"_channels":[{"__id__":98},{"__id__":100},{"__id__":102},{"__id__":104}],"_nComponents":3},{"__type__":"cc.animation.TrackPath","_paths":[{"__id__":97},"eulerAngles"]},{"__type__":"cc.animation.HierarchyPath","path":"Layout/node_middle/sl_yuanquan_5"},{"__type__":"cc.animation.Channel","_curve":{"__id__":99}},{"__type__":"cc.RealCurve","bytes":{"__type__":"TypedArrayRef","ctor":"Uint8Array","offset":942,"length":42},"keyframeValueEditorExtras":[null,null,null]},{"__type__":"cc.animation.Channel","_curve":{"__id__":101}},{"__type__":"cc.RealCurve","bytes":{"__type__":"TypedArrayRef","ctor":"Uint8Array","offset":984,"length":42},"keyframeValueEditorExtras":[null,null,null]},{"__type__":"cc.animation.Channel","_curve":{"__id__":103}},{"__type__":"cc.RealCurve","bytes":{"__type__":"TypedArrayRef","ctor":"Uint8Array","offset":1026,"length":42},"keyframeValueEditorExtras":[null,null,null]},{"__type__":"cc.animation.Channel","_curve":{"__id__":105}},{"__type__":"cc.RealCurve","bytes":{"__type__":"TypedArrayRef","ctor":"Uint8Array","offset":1068,"length":6}},{"__type__":"cc.animation.RealTrack","_binding":{"__type__":"cc.animation.TrackBinding","path":{"__id__":107},"proxy":null},"_channel":{"__id__":109}},{"__type__":"cc.animation.TrackPath","_paths":[{"__id__":108},"anchorX"]},{"__type__":"cc.animation.HierarchyPath","path":"Layout/node_middle/sl_yuanquan_5"},{"__type__":"cc.animation.Channel","_curve":{"__id__":110}},{"__type__":"cc.RealCurve","bytes":{"__type__":"TypedArrayRef","ctor":"Uint8Array","offset":1074,"length":30},"keyframeValueEditorExtras":[null,null]},{"__type__":"cc.animation.RealTrack","_binding":{"__type__":"cc.animation.TrackBinding","path":{"__id__":112},"proxy":null},"_channel":{"__id__":114}},{"__type__":"cc.animation.TrackPath","_paths":[{"__id__":113},"anchorY"]},{"__type__":"cc.animation.HierarchyPath","path":"Layout/node_middle/sl_yuanquan_5"},{"__type__":"cc.animation.Channel","_curve":{"__id__":115}},{"__type__":"cc.RealCurve","bytes":{"__type__":"TypedArrayRef","ctor":"Uint8Array","offset":1104,"length":30},"keyframeValueEditorExtras":[null,null]},{"__type__":"cc.animation.RealTrack","_binding":{"__type__":"cc.animation.TrackBinding","path":{"__id__":117},"proxy":null},"_channel":{"__id__":120}},{"__type__":"cc.animation.TrackPath","_paths":[{"__id__":118},{"__id__":119},"opacity"]},{"__type__":"cc.animation.HierarchyPath","path":"Layout/node_middle/sl_yuanquan_5"},{"__type__":"cc.animation.ComponentPath","component":"cc.UIOpacity"},{"__type__":"cc.animation.Channel","_curve":{"__id__":121}},{"__type__":"cc.RealCurve","bytes":{"__type__":"TypedArrayRef","ctor":"Uint8Array","offset":1134,"length":42},"keyframeValueEditorExtras":[null,null,null]},{"__type__":"cc.animation.ObjectTrack","_binding":{"__type__":"cc.animation.TrackBinding","path":{"__id__":123},"proxy":null},"_channel":{"__id__":126}},{"__type__":"cc.animation.TrackPath","_paths":[{"__id__":124},{"__id__":125},"spriteFrame"]},{"__type__":"cc.animation.HierarchyPath","path":"Layout/node_middle/sl_yuanquan_5"},{"__type__":"cc.animation.ComponentPath","component":"cc.Sprite"},{"__type__":"cc.animation.Channel","_curve":{"__id__":127}},{"__type__":"cc.ObjectCurve","_times":[0],"_values":[{"__uuid__":"68b39dNv5PqZAXbT9CCCE5@70a0e","__expectedType__":"cc.Asset"}]},{"__type__":"cc.animation.VectorTrack","_binding":{"__type__":"cc.animation.TrackBinding","path":{"__id__":129},"proxy":null},"_channels":[{"__id__":131},{"__id__":133},{"__id__":135},{"__id__":137}],"_nComponents":3},{"__type__":"cc.animation.TrackPath","_paths":[{"__id__":130},"position"]},{"__type__":"cc.animation.HierarchyPath","path":"Layout/node_middle/tongyong_yuanguang_17"},{"__type__":"cc.animation.Channel","_curve":{"__id__":132}},{"__type__":"cc.RealCurve","bytes":{"__type__":"TypedArrayRef","ctor":"Uint8Array","offset":1176,"length":18},"keyframeValueEditorExtras":[null]},{"__type__":"cc.animation.Channel","_curve":{"__id__":134}},{"__type__":"cc.RealCurve","bytes":{"__type__":"TypedArrayRef","ctor":"Uint8Array","offset":1194,"length":18},"keyframeValueEditorExtras":[null]},{"__type__":"cc.animation.Channel","_curve":{"__id__":136}},{"__type__":"cc.RealCurve","bytes":{"__type__":"TypedArrayRef","ctor":"Uint8Array","offset":1212,"length":18},"keyframeValueEditorExtras":[null]},{"__type__":"cc.animation.Channel","_curve":{"__id__":138}},{"__type__":"cc.RealCurve","bytes":{"__type__":"TypedArrayRef","ctor":"Uint8Array","offset":1230,"length":6}},{"__type__":"cc.animation.ColorTrack","_binding":{"__type__":"cc.animation.TrackBinding","path":{"__id__":140},"proxy":null},"_channels":[{"__id__":142},{"__id__":144},{"__id__":146},{"__id__":148}]},{"__type__":"cc.animation.TrackPath","_paths":[{"__id__":141},"color"]},{"__type__":"cc.animation.HierarchyPath","path":"Layout/node_middle/tongyong_yuanguang_17"},{"__type__":"cc.animation.Channel","_curve":{"__id__":143}},{"__type__":"cc.RealCurve","bytes":{"__type__":"TypedArrayRef","ctor":"Uint8Array","offset":1236,"length":18},"keyframeValueEditorExtras":[null]},{"__type__":"cc.animation.Channel","_curve":{"__id__":145}},{"__type__":"cc.RealCurve","bytes":{"__type__":"TypedArrayRef","ctor":"Uint8Array","offset":1254,"length":18},"keyframeValueEditorExtras":[null]},{"__type__":"cc.animation.Channel","_curve":{"__id__":147}},{"__type__":"cc.RealCurve","bytes":{"__type__":"TypedArrayRef","ctor":"Uint8Array","offset":1272,"length":18},"keyframeValueEditorExtras":[null]},{"__type__":"cc.animation.Channel","_curve":{"__id__":149}},{"__type__":"cc.RealCurve","bytes":{"__type__":"TypedArrayRef","ctor":"Uint8Array","offset":1290,"length":18},"keyframeValueEditorExtras":[null]},{"__type__":"cc.animation.RealTrack","_binding":{"__type__":"cc.animation.TrackBinding","path":{"__id__":151},"proxy":null},"_channel":{"__id__":154}},{"__type__":"cc.animation.TrackPath","_paths":[{"__id__":152},{"__id__":153},"opacity"]},{"__type__":"cc.animation.HierarchyPath","path":"Layout/node_middle/tongyong_yuanguang_17"},{"__type__":"cc.animation.ComponentPath","component":"cc.UIOpacity"},{"__type__":"cc.animation.Channel","_curve":{"__id__":155}},{"__type__":"cc.RealCurve","bytes":{"__type__":"TypedArrayRef","ctor":"Uint8Array","offset":1308,"length":42},"keyframeValueEditorExtras":[null,null,null]},{"__type__":"cc.animation.ObjectTrack","_binding":{"__type__":"cc.animation.TrackBinding","path":{"__id__":157},"proxy":null},"_channel":{"__id__":160}},{"__type__":"cc.animation.TrackPath","_paths":[{"__id__":158},{"__id__":159},"spriteFrame"]},{"__type__":"cc.animation.HierarchyPath","path":"Layout/node_middle/tongyong_yuanguang_17"},{"__type__":"cc.animation.ComponentPath","component":"cc.Sprite"},{"__type__":"cc.animation.Channel","_curve":{"__id__":161}},{"__type__":"cc.ObjectCurve","_times":[0],"_values":[{"__uuid__":"68b39dNv5PqZAXbT9CCCE5@a727d","__expectedType__":"cc.Asset"}]},{"__type__":"cc.animation.VectorTrack","_binding":{"__type__":"cc.animation.TrackBinding","path":{"__id__":163},"proxy":null},"_channels":[{"__id__":165},{"__id__":167},{"__id__":169},{"__id__":171}],"_nComponents":3},{"__type__":"cc.animation.TrackPath","_paths":[{"__id__":164},"position"]},{"__type__":"cc.animation.HierarchyPath","path":"Layout/node_middle/Sprite_15"},{"__type__":"cc.animation.Channel","_curve":{"__id__":166}},{"__type__":"cc.RealCurve","bytes":{"__type__":"TypedArrayRef","ctor":"Uint8Array","offset":1350,"length":30},"keyframeValueEditorExtras":[null,null]},{"__type__":"cc.animation.Channel","_curve":{"__id__":168}},{"__type__":"cc.RealCurve","bytes":{"__type__":"TypedArrayRef","ctor":"Uint8Array","offset":1380,"length":30},"keyframeValueEditorExtras":[null,null]},{"__type__":"cc.animation.Channel","_curve":{"__id__":170}},{"__type__":"cc.RealCurve","bytes":{"__type__":"TypedArrayRef","ctor":"Uint8Array","offset":1410,"length":30},"keyframeValueEditorExtras":[null,null]},{"__type__":"cc.animation.Channel","_curve":{"__id__":172}},{"__type__":"cc.RealCurve","bytes":{"__type__":"TypedArrayRef","ctor":"Uint8Array","offset":1440,"length":6}},{"__type__":"cc.animation.VectorTrack","_binding":{"__type__":"cc.animation.TrackBinding","path":{"__id__":174},"proxy":null},"_channels":[{"__id__":176},{"__id__":178},{"__id__":180},{"__id__":182}],"_nComponents":3},{"__type__":"cc.animation.TrackPath","_paths":[{"__id__":175},"eulerAngles"]},{"__type__":"cc.animation.HierarchyPath","path":"Layout/node_middle/Sprite_15"},{"__type__":"cc.animation.Channel","_curve":{"__id__":177}},{"__type__":"cc.RealCurve","bytes":{"__type__":"TypedArrayRef","ctor":"Uint8Array","offset":1446,"length":18},"keyframeValueEditorExtras":[null]},{"__type__":"cc.animation.Channel","_curve":{"__id__":179}},{"__type__":"cc.RealCurve","bytes":{"__type__":"TypedArrayRef","ctor":"Uint8Array","offset":1464,"length":18},"keyframeValueEditorExtras":[null]},{"__type__":"cc.animation.Channel","_curve":{"__id__":181}},{"__type__":"cc.RealCurve","bytes":{"__type__":"TypedArrayRef","ctor":"Uint8Array","offset":1482,"length":18},"keyframeValueEditorExtras":[null]},{"__type__":"cc.animation.Channel","_curve":{"__id__":183}},{"__type__":"cc.RealCurve","bytes":{"__type__":"TypedArrayRef","ctor":"Uint8Array","offset":1500,"length":6}},{"__type__":"cc.animation.RealTrack","_binding":{"__type__":"cc.animation.TrackBinding","path":{"__id__":185},"proxy":null},"_channel":{"__id__":188}},{"__type__":"cc.animation.TrackPath","_paths":[{"__id__":186},{"__id__":187},"opacity"]},{"__type__":"cc.animation.HierarchyPath","path":"Layout/node_middle/Sprite_15"},{"__type__":"cc.animation.ComponentPath","component":"cc.UIOpacity"},{"__type__":"cc.animation.Channel","_curve":{"__id__":189}},{"__type__":"cc.RealCurve","bytes":{"__type__":"TypedArrayRef","ctor":"Uint8Array","offset":1506,"length":42},"keyframeValueEditorExtras":[null,null,null]},{"__type__":"cc.animation.ObjectTrack","_binding":{"__type__":"cc.animation.TrackBinding","path":{"__id__":191},"proxy":null},"_channel":{"__id__":194}},{"__type__":"cc.animation.TrackPath","_paths":[{"__id__":192},{"__id__":193},"spriteFrame"]},{"__type__":"cc.animation.HierarchyPath","path":"Layout/node_middle/Sprite_15"},{"__type__":"cc.animation.ComponentPath","component":"cc.Sprite"},{"__type__":"cc.animation.Channel","_curve":{"__id__":195}},{"__type__":"cc.ObjectCurve","_times":[0],"_values":[{"__uuid__":"68b39dNv5PqZAXbT9CCCE5@564e1","__expectedType__":"cc.Asset"}]},{"__type__":"cc.animation.VectorTrack","_binding":{"__type__":"cc.animation.TrackBinding","path":{"__id__":197},"proxy":null},"_channels":[{"__id__":199},{"__id__":201},{"__id__":203},{"__id__":205}],"_nComponents":3},{"__type__":"cc.animation.TrackPath","_paths":[{"__id__":198},"position"]},{"__type__":"cc.animation.HierarchyPath","path":"Layout/node_middle/sl_piaodai_L_2"},{"__type__":"cc.animation.Channel","_curve":{"__id__":200}},{"__type__":"cc.RealCurve","bytes":{"__type__":"TypedArrayRef","ctor":"Uint8Array","offset":1548,"length":18},"keyframeValueEditorExtras":[null]},{"__type__":"cc.animation.Channel","_curve":{"__id__":202}},{"__type__":"cc.RealCurve","bytes":{"__type__":"TypedArrayRef","ctor":"Uint8Array","offset":1566,"length":18},"keyframeValueEditorExtras":[null]},{"__type__":"cc.animation.Channel","_curve":{"__id__":204}},{"__type__":"cc.RealCurve","bytes":{"__type__":"TypedArrayRef","ctor":"Uint8Array","offset":1584,"length":18},"keyframeValueEditorExtras":[null]},{"__type__":"cc.animation.Channel","_curve":{"__id__":206}},{"__type__":"cc.RealCurve","bytes":{"__type__":"TypedArrayRef","ctor":"Uint8Array","offset":1602,"length":6}},{"__type__":"cc.animation.RealTrack","_binding":{"__type__":"cc.animation.TrackBinding","path":{"__id__":208},"proxy":null},"_channel":{"__id__":210}},{"__type__":"cc.animation.TrackPath","_paths":[{"__id__":209},"anchorX"]},{"__type__":"cc.animation.HierarchyPath","path":"Layout/node_middle/sl_piaodai_L_2"},{"__type__":"cc.animation.Channel","_curve":{"__id__":211}},{"__type__":"cc.RealCurve","bytes":{"__type__":"TypedArrayRef","ctor":"Uint8Array","offset":1608,"length":18},"keyframeValueEditorExtras":[null]},{"__type__":"cc.animation.RealTrack","_binding":{"__type__":"cc.animation.TrackBinding","path":{"__id__":213},"proxy":null},"_channel":{"__id__":215}},{"__type__":"cc.animation.TrackPath","_paths":[{"__id__":214},"anchorY"]},{"__type__":"cc.animation.HierarchyPath","path":"Layout/node_middle/sl_piaodai_L_2"},{"__type__":"cc.animation.Channel","_curve":{"__id__":216}},{"__type__":"cc.RealCurve","bytes":{"__type__":"TypedArrayRef","ctor":"Uint8Array","offset":1626,"length":18},"keyframeValueEditorExtras":[null]},{"__type__":"cc.animation.RealTrack","_binding":{"__type__":"cc.animation.TrackBinding","path":{"__id__":218},"proxy":null},"_channel":{"__id__":221}},{"__type__":"cc.animation.TrackPath","_paths":[{"__id__":219},{"__id__":220},"opacity"]},{"__type__":"cc.animation.HierarchyPath","path":"Layout/node_middle/sl_piaodai_L_2"},{"__type__":"cc.animation.ComponentPath","component":"cc.UIOpacity"},{"__type__":"cc.animation.Channel","_curve":{"__id__":222}},{"__type__":"cc.RealCurve","bytes":{"__type__":"TypedArrayRef","ctor":"Uint8Array","offset":1644,"length":30},"keyframeValueEditorExtras":[null,null]},{"__type__":"cc.animation.ObjectTrack","_binding":{"__type__":"cc.animation.TrackBinding","path":{"__id__":224},"proxy":null},"_channel":{"__id__":227}},{"__type__":"cc.animation.TrackPath","_paths":[{"__id__":225},{"__id__":226},"spriteFrame"]},{"__type__":"cc.animation.HierarchyPath","path":"Layout/node_middle/sl_piaodai_L_2"},{"__type__":"cc.animation.ComponentPath","component":"cc.Sprite"},{"__type__":"cc.animation.Channel","_curve":{"__id__":228}},{"__type__":"cc.ObjectCurve","_times":[0],"_values":[{"__uuid__":"68b39dNv5PqZAXbT9CCCE5@2b4a8","__expectedType__":"cc.Asset"}]},{"__type__":"cc.animation.VectorTrack","_binding":{"__type__":"cc.animation.TrackBinding","path":{"__id__":230},"proxy":null},"_channels":[{"__id__":232},{"__id__":234},{"__id__":236},{"__id__":238}],"_nComponents":3},{"__type__":"cc.animation.TrackPath","_paths":[{"__id__":231},"position"]},{"__type__":"cc.animation.HierarchyPath","path":"Layout/node_middle/sl_piaodai_R_3"},{"__type__":"cc.animation.Channel","_curve":{"__id__":233}},{"__type__":"cc.RealCurve","bytes":{"__type__":"TypedArrayRef","ctor":"Uint8Array","offset":1674,"length":18},"keyframeValueEditorExtras":[null]},{"__type__":"cc.animation.Channel","_curve":{"__id__":235}},{"__type__":"cc.RealCurve","bytes":{"__type__":"TypedArrayRef","ctor":"Uint8Array","offset":1692,"length":18},"keyframeValueEditorExtras":[null]},{"__type__":"cc.animation.Channel","_curve":{"__id__":237}},{"__type__":"cc.RealCurve","bytes":{"__type__":"TypedArrayRef","ctor":"Uint8Array","offset":1710,"length":18},"keyframeValueEditorExtras":[null]},{"__type__":"cc.animation.Channel","_curve":{"__id__":239}},{"__type__":"cc.RealCurve","bytes":{"__type__":"TypedArrayRef","ctor":"Uint8Array","offset":1728,"length":6}},{"__type__":"cc.animation.RealTrack","_binding":{"__type__":"cc.animation.TrackBinding","path":{"__id__":241},"proxy":null},"_channel":{"__id__":243}},{"__type__":"cc.animation.TrackPath","_paths":[{"__id__":242},"anchorX"]},{"__type__":"cc.animation.HierarchyPath","path":"Layout/node_middle/sl_piaodai_R_3"},{"__type__":"cc.animation.Channel","_curve":{"__id__":244}},{"__type__":"cc.RealCurve","bytes":{"__type__":"TypedArrayRef","ctor":"Uint8Array","offset":1734,"length":18},"keyframeValueEditorExtras":[null]},{"__type__":"cc.animation.RealTrack","_binding":{"__type__":"cc.animation.TrackBinding","path":{"__id__":246},"proxy":null},"_channel":{"__id__":248}},{"__type__":"cc.animation.TrackPath","_paths":[{"__id__":247},"anchorY"]},{"__type__":"cc.animation.HierarchyPath","path":"Layout/node_middle/sl_piaodai_R_3"},{"__type__":"cc.animation.Channel","_curve":{"__id__":249}},{"__type__":"cc.RealCurve","bytes":{"__type__":"TypedArrayRef","ctor":"Uint8Array","offset":1752,"length":18},"keyframeValueEditorExtras":[null]},{"__type__":"cc.animation.RealTrack","_binding":{"__type__":"cc.animation.TrackBinding","path":{"__id__":251},"proxy":null},"_channel":{"__id__":254}},{"__type__":"cc.animation.TrackPath","_paths":[{"__id__":252},{"__id__":253},"opacity"]},{"__type__":"cc.animation.HierarchyPath","path":"Layout/node_middle/sl_piaodai_R_3"},{"__type__":"cc.animation.ComponentPath","component":"cc.UIOpacity"},{"__type__":"cc.animation.Channel","_curve":{"__id__":255}},{"__type__":"cc.RealCurve","bytes":{"__type__":"TypedArrayRef","ctor":"Uint8Array","offset":1770,"length":30},"keyframeValueEditorExtras":[null,null]},{"__type__":"cc.animation.ObjectTrack","_binding":{"__type__":"cc.animation.TrackBinding","path":{"__id__":257},"proxy":null},"_channel":{"__id__":260}},{"__type__":"cc.animation.TrackPath","_paths":[{"__id__":258},{"__id__":259},"spriteFrame"]},{"__type__":"cc.animation.HierarchyPath","path":"Layout/node_middle/sl_piaodai_R_3"},{"__type__":"cc.animation.ComponentPath","component":"cc.Sprite"},{"__type__":"cc.animation.Channel","_curve":{"__id__":261}},{"__type__":"cc.ObjectCurve","_times":[0],"_values":[{"__uuid__":"68b39dNv5PqZAXbT9CCCE5@1f990","__expectedType__":"cc.Asset"}]},{"__type__":"cc.animation.VectorTrack","_binding":{"__type__":"cc.animation.TrackBinding","path":{"__id__":263},"proxy":null},"_channels":[{"__id__":265},{"__id__":267},{"__id__":269},{"__id__":271}],"_nComponents":3},{"__type__":"cc.animation.TrackPath","_paths":[{"__id__":264},"position"]},{"__type__":"cc.animation.HierarchyPath","path":"Layout/node_middle/sl_yun_L_6"},{"__type__":"cc.animation.Channel","_curve":{"__id__":266}},{"__type__":"cc.RealCurve","bytes":{"__type__":"TypedArrayRef","ctor":"Uint8Array","offset":1800,"length":18},"keyframeValueEditorExtras":[null]},{"__type__":"cc.animation.Channel","_curve":{"__id__":268}},{"__type__":"cc.RealCurve","bytes":{"__type__":"TypedArrayRef","ctor":"Uint8Array","offset":1818,"length":18},"keyframeValueEditorExtras":[null]},{"__type__":"cc.animation.Channel","_curve":{"__id__":270}},{"__type__":"cc.RealCurve","bytes":{"__type__":"TypedArrayRef","ctor":"Uint8Array","offset":1836,"length":18},"keyframeValueEditorExtras":[null]},{"__type__":"cc.animation.Channel","_curve":{"__id__":272}},{"__type__":"cc.RealCurve","bytes":{"__type__":"TypedArrayRef","ctor":"Uint8Array","offset":1854,"length":6}},{"__type__":"cc.animation.RealTrack","_binding":{"__type__":"cc.animation.TrackBinding","path":{"__id__":274},"proxy":null},"_channel":{"__id__":276}},{"__type__":"cc.animation.TrackPath","_paths":[{"__id__":275},"anchorX"]},{"__type__":"cc.animation.HierarchyPath","path":"Layout/node_middle/sl_yun_L_6"},{"__type__":"cc.animation.Channel","_curve":{"__id__":277}},{"__type__":"cc.RealCurve","bytes":{"__type__":"TypedArrayRef","ctor":"Uint8Array","offset":1860,"length":18},"keyframeValueEditorExtras":[null]},{"__type__":"cc.animation.RealTrack","_binding":{"__type__":"cc.animation.TrackBinding","path":{"__id__":279},"proxy":null},"_channel":{"__id__":281}},{"__type__":"cc.animation.TrackPath","_paths":[{"__id__":280},"anchorY"]},{"__type__":"cc.animation.HierarchyPath","path":"Layout/node_middle/sl_yun_L_6"},{"__type__":"cc.animation.Channel","_curve":{"__id__":282}},{"__type__":"cc.RealCurve","bytes":{"__type__":"TypedArrayRef","ctor":"Uint8Array","offset":1878,"length":18},"keyframeValueEditorExtras":[null]},{"__type__":"cc.animation.RealTrack","_binding":{"__type__":"cc.animation.TrackBinding","path":{"__id__":284},"proxy":null},"_channel":{"__id__":287}},{"__type__":"cc.animation.TrackPath","_paths":[{"__id__":285},{"__id__":286},"opacity"]},{"__type__":"cc.animation.HierarchyPath","path":"Layout/node_middle/sl_yun_L_6"},{"__type__":"cc.animation.ComponentPath","component":"cc.UIOpacity"},{"__type__":"cc.animation.Channel","_curve":{"__id__":288}},{"__type__":"cc.RealCurve","bytes":{"__type__":"TypedArrayRef","ctor":"Uint8Array","offset":1896,"length":30},"keyframeValueEditorExtras":[null,null]},{"__type__":"cc.animation.ObjectTrack","_binding":{"__type__":"cc.animation.TrackBinding","path":{"__id__":290},"proxy":null},"_channel":{"__id__":293}},{"__type__":"cc.animation.TrackPath","_paths":[{"__id__":291},{"__id__":292},"spriteFrame"]},{"__type__":"cc.animation.HierarchyPath","path":"Layout/node_middle/sl_yun_L_6"},{"__type__":"cc.animation.ComponentPath","component":"cc.Sprite"},{"__type__":"cc.animation.Channel","_curve":{"__id__":294}},{"__type__":"cc.ObjectCurve","_times":[0],"_values":[{"__uuid__":"68b39dNv5PqZAXbT9CCCE5@e46f3","__expectedType__":"cc.Asset"}]},{"__type__":"cc.animation.VectorTrack","_binding":{"__type__":"cc.animation.TrackBinding","path":{"__id__":296},"proxy":null},"_channels":[{"__id__":298},{"__id__":300},{"__id__":302},{"__id__":304}],"_nComponents":3},{"__type__":"cc.animation.TrackPath","_paths":[{"__id__":297},"position"]},{"__type__":"cc.animation.HierarchyPath","path":"Layout/node_middle/sl_yun_R_7"},{"__type__":"cc.animation.Channel","_curve":{"__id__":299}},{"__type__":"cc.RealCurve","bytes":{"__type__":"TypedArrayRef","ctor":"Uint8Array","offset":1926,"length":18},"keyframeValueEditorExtras":[null]},{"__type__":"cc.animation.Channel","_curve":{"__id__":301}},{"__type__":"cc.RealCurve","bytes":{"__type__":"TypedArrayRef","ctor":"Uint8Array","offset":1944,"length":18},"keyframeValueEditorExtras":[null]},{"__type__":"cc.animation.Channel","_curve":{"__id__":303}},{"__type__":"cc.RealCurve","bytes":{"__type__":"TypedArrayRef","ctor":"Uint8Array","offset":1962,"length":18},"keyframeValueEditorExtras":[null]},{"__type__":"cc.animation.Channel","_curve":{"__id__":305}},{"__type__":"cc.RealCurve","bytes":{"__type__":"TypedArrayRef","ctor":"Uint8Array","offset":1980,"length":6}},{"__type__":"cc.animation.RealTrack","_binding":{"__type__":"cc.animation.TrackBinding","path":{"__id__":307},"proxy":null},"_channel":{"__id__":309}},{"__type__":"cc.animation.TrackPath","_paths":[{"__id__":308},"anchorX"]},{"__type__":"cc.animation.HierarchyPath","path":"Layout/node_middle/sl_yun_R_7"},{"__type__":"cc.animation.Channel","_curve":{"__id__":310}},{"__type__":"cc.RealCurve","bytes":{"__type__":"TypedArrayRef","ctor":"Uint8Array","offset":1986,"length":18},"keyframeValueEditorExtras":[null]},{"__type__":"cc.animation.RealTrack","_binding":{"__type__":"cc.animation.TrackBinding","path":{"__id__":312},"proxy":null},"_channel":{"__id__":314}},{"__type__":"cc.animation.TrackPath","_paths":[{"__id__":313},"anchorY"]},{"__type__":"cc.animation.HierarchyPath","path":"Layout/node_middle/sl_yun_R_7"},{"__type__":"cc.animation.Channel","_curve":{"__id__":315}},{"__type__":"cc.RealCurve","bytes":{"__type__":"TypedArrayRef","ctor":"Uint8Array","offset":2004,"length":18},"keyframeValueEditorExtras":[null]},{"__type__":"cc.animation.RealTrack","_binding":{"__type__":"cc.animation.TrackBinding","path":{"__id__":317},"proxy":null},"_channel":{"__id__":320}},{"__type__":"cc.animation.TrackPath","_paths":[{"__id__":318},{"__id__":319},"opacity"]},{"__type__":"cc.animation.HierarchyPath","path":"Layout/node_middle/sl_yun_R_7"},{"__type__":"cc.animation.ComponentPath","component":"cc.UIOpacity"},{"__type__":"cc.animation.Channel","_curve":{"__id__":321}},{"__type__":"cc.RealCurve","bytes":{"__type__":"TypedArrayRef","ctor":"Uint8Array","offset":2022,"length":30},"keyframeValueEditorExtras":[null,null]},{"__type__":"cc.animation.ObjectTrack","_binding":{"__type__":"cc.animation.TrackBinding","path":{"__id__":323},"proxy":null},"_channel":{"__id__":326}},{"__type__":"cc.animation.TrackPath","_paths":[{"__id__":324},{"__id__":325},"spriteFrame"]},{"__type__":"cc.animation.HierarchyPath","path":"Layout/node_middle/sl_yun_R_7"},{"__type__":"cc.animation.ComponentPath","component":"cc.Sprite"},{"__type__":"cc.animation.Channel","_curve":{"__id__":327}},{"__type__":"cc.ObjectCurve","_times":[0],"_values":[{"__uuid__":"68b39dNv5PqZAXbT9CCCE5@d5521","__expectedType__":"cc.Asset"}]},{"__type__":"cc.animation.VectorTrack","_binding":{"__type__":"cc.animation.TrackBinding","path":{"__id__":329},"proxy":null},"_channels":[{"__id__":331},{"__id__":333},{"__id__":335},{"__id__":337}],"_nComponents":3},{"__type__":"cc.animation.TrackPath","_paths":[{"__id__":330},"position"]},{"__type__":"cc.animation.HierarchyPath","path":"Layout/node_middle/Node_1/sl_dz_youshou_10"},{"__type__":"cc.animation.Channel","_curve":{"__id__":332}},{"__type__":"cc.RealCurve","bytes":{"__type__":"TypedArrayRef","ctor":"Uint8Array","offset":2052,"length":18},"keyframeValueEditorExtras":[null]},{"__type__":"cc.animation.Channel","_curve":{"__id__":334}},{"__type__":"cc.RealCurve","bytes":{"__type__":"TypedArrayRef","ctor":"Uint8Array","offset":2070,"length":18},"keyframeValueEditorExtras":[null]},{"__type__":"cc.animation.Channel","_curve":{"__id__":336}},{"__type__":"cc.RealCurve","bytes":{"__type__":"TypedArrayRef","ctor":"Uint8Array","offset":2088,"length":18},"keyframeValueEditorExtras":[null]},{"__type__":"cc.animation.Channel","_curve":{"__id__":338}},{"__type__":"cc.RealCurve","bytes":{"__type__":"TypedArrayRef","ctor":"Uint8Array","offset":2106,"length":6}},{"__type__":"cc.animation.RealTrack","_binding":{"__type__":"cc.animation.TrackBinding","path":{"__id__":340},"proxy":null},"_channel":{"__id__":342}},{"__type__":"cc.animation.TrackPath","_paths":[{"__id__":341},"anchorX"]},{"__type__":"cc.animation.HierarchyPath","path":"Layout/node_middle/Node_1/sl_dz_youshou_10"},{"__type__":"cc.animation.Channel","_curve":{"__id__":343}},{"__type__":"cc.RealCurve","bytes":{"__type__":"TypedArrayRef","ctor":"Uint8Array","offset":2112,"length":18},"keyframeValueEditorExtras":[null]},{"__type__":"cc.animation.RealTrack","_binding":{"__type__":"cc.animation.TrackBinding","path":{"__id__":345},"proxy":null},"_channel":{"__id__":347}},{"__type__":"cc.animation.TrackPath","_paths":[{"__id__":346},"anchorY"]},{"__type__":"cc.animation.HierarchyPath","path":"Layout/node_middle/Node_1/sl_dz_youshou_10"},{"__type__":"cc.animation.Channel","_curve":{"__id__":348}},{"__type__":"cc.RealCurve","bytes":{"__type__":"TypedArrayRef","ctor":"Uint8Array","offset":2130,"length":18},"keyframeValueEditorExtras":[null]},{"__type__":"cc.animation.ObjectTrack","_binding":{"__type__":"cc.animation.TrackBinding","path":{"__id__":350},"proxy":null},"_channel":{"__id__":353}},{"__type__":"cc.animation.TrackPath","_paths":[{"__id__":351},{"__id__":352},"spriteFrame"]},{"__type__":"cc.animation.HierarchyPath","path":"Layout/node_middle/Node_1/sl_dz_youshou_10"},{"__type__":"cc.animation.ComponentPath","component":"cc.Sprite"},{"__type__":"cc.animation.Channel","_curve":{"__id__":354}},{"__type__":"cc.ObjectCurve","_times":[0],"_values":[{"__uuid__":"68b39dNv5PqZAXbT9CCCE5@b7697","__expectedType__":"cc.Asset"}]},{"__type__":"cc.animation.VectorTrack","_binding":{"__type__":"cc.animation.TrackBinding","path":{"__id__":356},"proxy":null},"_channels":[{"__id__":358},{"__id__":360},{"__id__":362},{"__id__":364}],"_nComponents":3},{"__type__":"cc.animation.TrackPath","_paths":[{"__id__":357},"position"]},{"__type__":"cc.animation.HierarchyPath","path":"Layout/node_middle/Node_1/sl_dz_shenti_8"},{"__type__":"cc.animation.Channel","_curve":{"__id__":359}},{"__type__":"cc.RealCurve","bytes":{"__type__":"TypedArrayRef","ctor":"Uint8Array","offset":2148,"length":18},"keyframeValueEditorExtras":[null]},{"__type__":"cc.animation.Channel","_curve":{"__id__":361}},{"__type__":"cc.RealCurve","bytes":{"__type__":"TypedArrayRef","ctor":"Uint8Array","offset":2166,"length":18},"keyframeValueEditorExtras":[null]},{"__type__":"cc.animation.Channel","_curve":{"__id__":363}},{"__type__":"cc.RealCurve","bytes":{"__type__":"TypedArrayRef","ctor":"Uint8Array","offset":2184,"length":18},"keyframeValueEditorExtras":[null]},{"__type__":"cc.animation.Channel","_curve":{"__id__":365}},{"__type__":"cc.RealCurve","bytes":{"__type__":"TypedArrayRef","ctor":"Uint8Array","offset":2202,"length":6}},{"__type__":"cc.animation.RealTrack","_binding":{"__type__":"cc.animation.TrackBinding","path":{"__id__":367},"proxy":null},"_channel":{"__id__":369}},{"__type__":"cc.animation.TrackPath","_paths":[{"__id__":368},"anchorX"]},{"__type__":"cc.animation.HierarchyPath","path":"Layout/node_middle/Node_1/sl_dz_shenti_8"},{"__type__":"cc.animation.Channel","_curve":{"__id__":370}},{"__type__":"cc.RealCurve","bytes":{"__type__":"TypedArrayRef","ctor":"Uint8Array","offset":2208,"length":18},"keyframeValueEditorExtras":[null]},{"__type__":"cc.animation.RealTrack","_binding":{"__type__":"cc.animation.TrackBinding","path":{"__id__":372},"proxy":null},"_channel":{"__id__":374}},{"__type__":"cc.animation.TrackPath","_paths":[{"__id__":373},"anchorY"]},{"__type__":"cc.animation.HierarchyPath","path":"Layout/node_middle/Node_1/sl_dz_shenti_8"},{"__type__":"cc.animation.Channel","_curve":{"__id__":375}},{"__type__":"cc.RealCurve","bytes":{"__type__":"TypedArrayRef","ctor":"Uint8Array","offset":2226,"length":18},"keyframeValueEditorExtras":[null]},{"__type__":"cc.animation.ObjectTrack","_binding":{"__type__":"cc.animation.TrackBinding","path":{"__id__":377},"proxy":null},"_channel":{"__id__":380}},{"__type__":"cc.animation.TrackPath","_paths":[{"__id__":378},{"__id__":379},"spriteFrame"]},{"__type__":"cc.animation.HierarchyPath","path":"Layout/node_middle/Node_1/sl_dz_shenti_8"},{"__type__":"cc.animation.ComponentPath","component":"cc.Sprite"},{"__type__":"cc.animation.Channel","_curve":{"__id__":381}},{"__type__":"cc.ObjectCurve","_times":[0],"_values":[{"__uuid__":"68b39dNv5PqZAXbT9CCCE5@4db6d","__expectedType__":"cc.Asset"}]},{"__type__":"cc.animation.VectorTrack","_binding":{"__type__":"cc.animation.TrackBinding","path":{"__id__":383},"proxy":null},"_channels":[{"__id__":385},{"__id__":387},{"__id__":389},{"__id__":391}],"_nComponents":3},{"__type__":"cc.animation.TrackPath","_paths":[{"__id__":384},"position"]},{"__type__":"cc.animation.HierarchyPath","path":"Layout/node_middle/Node_1/sl_dz_tou_9"},{"__type__":"cc.animation.Channel","_curve":{"__id__":386}},{"__type__":"cc.RealCurve","bytes":{"__type__":"TypedArrayRef","ctor":"Uint8Array","offset":2244,"length":18},"keyframeValueEditorExtras":[null]},{"__type__":"cc.animation.Channel","_curve":{"__id__":388}},{"__type__":"cc.RealCurve","bytes":{"__type__":"TypedArrayRef","ctor":"Uint8Array","offset":2262,"length":18},"keyframeValueEditorExtras":[null]},{"__type__":"cc.animation.Channel","_curve":{"__id__":390}},{"__type__":"cc.RealCurve","bytes":{"__type__":"TypedArrayRef","ctor":"Uint8Array","offset":2280,"length":18},"keyframeValueEditorExtras":[null]},{"__type__":"cc.animation.Channel","_curve":{"__id__":392}},{"__type__":"cc.RealCurve","bytes":{"__type__":"TypedArrayRef","ctor":"Uint8Array","offset":2298,"length":6}},{"__type__":"cc.animation.RealTrack","_binding":{"__type__":"cc.animation.TrackBinding","path":{"__id__":394},"proxy":null},"_channel":{"__id__":396}},{"__type__":"cc.animation.TrackPath","_paths":[{"__id__":395},"anchorX"]},{"__type__":"cc.animation.HierarchyPath","path":"Layout/node_middle/Node_1/sl_dz_tou_9"},{"__type__":"cc.animation.Channel","_curve":{"__id__":397}},{"__type__":"cc.RealCurve","bytes":{"__type__":"TypedArrayRef","ctor":"Uint8Array","offset":2304,"length":18},"keyframeValueEditorExtras":[null]},{"__type__":"cc.animation.RealTrack","_binding":{"__type__":"cc.animation.TrackBinding","path":{"__id__":399},"proxy":null},"_channel":{"__id__":401}},{"__type__":"cc.animation.TrackPath","_paths":[{"__id__":400},"anchorY"]},{"__type__":"cc.animation.HierarchyPath","path":"Layout/node_middle/Node_1/sl_dz_tou_9"},{"__type__":"cc.animation.Channel","_curve":{"__id__":402}},{"__type__":"cc.RealCurve","bytes":{"__type__":"TypedArrayRef","ctor":"Uint8Array","offset":2322,"length":18},"keyframeValueEditorExtras":[null]},{"__type__":"cc.animation.ObjectTrack","_binding":{"__type__":"cc.animation.TrackBinding","path":{"__id__":404},"proxy":null},"_channel":{"__id__":407}},{"__type__":"cc.animation.TrackPath","_paths":[{"__id__":405},{"__id__":406},"spriteFrame"]},{"__type__":"cc.animation.HierarchyPath","path":"Layout/node_middle/Node_1/sl_dz_tou_9"},{"__type__":"cc.animation.ComponentPath","component":"cc.Sprite"},{"__type__":"cc.animation.Channel","_curve":{"__id__":408}},{"__type__":"cc.ObjectCurve","_times":[0],"_values":[{"__uuid__":"68b39dNv5PqZAXbT9CCCE5@2f846","__expectedType__":"cc.Asset"}]},{"__type__":"cc.animation.VectorTrack","_binding":{"__type__":"cc.animation.TrackBinding","path":{"__id__":410},"proxy":null},"_channels":[{"__id__":412},{"__id__":414},{"__id__":416},{"__id__":418}],"_nComponents":3},{"__type__":"cc.animation.TrackPath","_paths":[{"__id__":411},"position"]},{"__type__":"cc.animation.HierarchyPath","path":"Layout/node_middle/Node_1/sl_dz_zuoshou_11"},{"__type__":"cc.animation.Channel","_curve":{"__id__":413}},{"__type__":"cc.RealCurve","bytes":{"__type__":"TypedArrayRef","ctor":"Uint8Array","offset":2340,"length":18},"keyframeValueEditorExtras":[null]},{"__type__":"cc.animation.Channel","_curve":{"__id__":415}},{"__type__":"cc.RealCurve","bytes":{"__type__":"TypedArrayRef","ctor":"Uint8Array","offset":2358,"length":18},"keyframeValueEditorExtras":[null]},{"__type__":"cc.animation.Channel","_curve":{"__id__":417}},{"__type__":"cc.RealCurve","bytes":{"__type__":"TypedArrayRef","ctor":"Uint8Array","offset":2376,"length":18},"keyframeValueEditorExtras":[null]},{"__type__":"cc.animation.Channel","_curve":{"__id__":419}},{"__type__":"cc.RealCurve","bytes":{"__type__":"TypedArrayRef","ctor":"Uint8Array","offset":2394,"length":6}},{"__type__":"cc.animation.RealTrack","_binding":{"__type__":"cc.animation.TrackBinding","path":{"__id__":421},"proxy":null},"_channel":{"__id__":423}},{"__type__":"cc.animation.TrackPath","_paths":[{"__id__":422},"anchorX"]},{"__type__":"cc.animation.HierarchyPath","path":"Layout/node_middle/Node_1/sl_dz_zuoshou_11"},{"__type__":"cc.animation.Channel","_curve":{"__id__":424}},{"__type__":"cc.RealCurve","bytes":{"__type__":"TypedArrayRef","ctor":"Uint8Array","offset":2400,"length":18},"keyframeValueEditorExtras":[null]},{"__type__":"cc.animation.RealTrack","_binding":{"__type__":"cc.animation.TrackBinding","path":{"__id__":426},"proxy":null},"_channel":{"__id__":428}},{"__type__":"cc.animation.TrackPath","_paths":[{"__id__":427},"anchorY"]},{"__type__":"cc.animation.HierarchyPath","path":"Layout/node_middle/Node_1/sl_dz_zuoshou_11"},{"__type__":"cc.animation.Channel","_curve":{"__id__":429}},{"__type__":"cc.RealCurve","bytes":{"__type__":"TypedArrayRef","ctor":"Uint8Array","offset":2418,"length":18},"keyframeValueEditorExtras":[null]},{"__type__":"cc.animation.ObjectTrack","_binding":{"__type__":"cc.animation.TrackBinding","path":{"__id__":431},"proxy":null},"_channel":{"__id__":434}},{"__type__":"cc.animation.TrackPath","_paths":[{"__id__":432},{"__id__":433},"spriteFrame"]},{"__type__":"cc.animation.HierarchyPath","path":"Layout/node_middle/Node_1/sl_dz_zuoshou_11"},{"__type__":"cc.animation.ComponentPath","component":"cc.Sprite"},{"__type__":"cc.animation.Channel","_curve":{"__id__":435}},{"__type__":"cc.ObjectCurve","_times":[0],"_values":[{"__uuid__":"68b39dNv5PqZAXbT9CCCE5@779e3","__expectedType__":"cc.Asset"}]},{"__type__":"cc.animation.VectorTrack","_binding":{"__type__":"cc.animation.TrackBinding","path":{"__id__":437},"proxy":null},"_channels":[{"__id__":439},{"__id__":441},{"__id__":443},{"__id__":445}],"_nComponents":3},{"__type__":"cc.animation.TrackPath","_paths":[{"__id__":438},"position"]},{"__type__":"cc.animation.HierarchyPath","path":"Layout/node_middle/Node_1"},{"__type__":"cc.animation.Channel","_curve":{"__id__":440}},{"__type__":"cc.RealCurve","bytes":{"__type__":"TypedArrayRef","ctor":"Uint8Array","offset":2436,"length":30},"keyframeValueEditorExtras":[null,null]},{"__type__":"cc.animation.Channel","_curve":{"__id__":442}},{"__type__":"cc.RealCurve","bytes":{"__type__":"TypedArrayRef","ctor":"Uint8Array","offset":2466,"length":30},"keyframeValueEditorExtras":[null,null]},{"__type__":"cc.animation.Channel","_curve":{"__id__":444}},{"__type__":"cc.RealCurve","bytes":{"__type__":"TypedArrayRef","ctor":"Uint8Array","offset":2496,"length":30},"keyframeValueEditorExtras":[null,null]},{"__type__":"cc.animation.Channel","_curve":{"__id__":446}},{"__type__":"cc.RealCurve","bytes":{"__type__":"TypedArrayRef","ctor":"Uint8Array","offset":2526,"length":6}},{"__type__":"cc.animation.VectorTrack","_binding":{"__type__":"cc.animation.TrackBinding","path":{"__id__":448},"proxy":null},"_channels":[{"__id__":450},{"__id__":452},{"__id__":454},{"__id__":456}],"_nComponents":3},{"__type__":"cc.animation.TrackPath","_paths":[{"__id__":449},"eulerAngles"]},{"__type__":"cc.animation.HierarchyPath","path":"Layout/node_middle/Node_1"},{"__type__":"cc.animation.Channel","_curve":{"__id__":451}},{"__type__":"cc.RealCurve","bytes":{"__type__":"TypedArrayRef","ctor":"Uint8Array","offset":2532,"length":18},"keyframeValueEditorExtras":[null]},{"__type__":"cc.animation.Channel","_curve":{"__id__":453}},{"__type__":"cc.RealCurve","bytes":{"__type__":"TypedArrayRef","ctor":"Uint8Array","offset":2550,"length":18},"keyframeValueEditorExtras":[null]},{"__type__":"cc.animation.Channel","_curve":{"__id__":455}},{"__type__":"cc.RealCurve","bytes":{"__type__":"TypedArrayRef","ctor":"Uint8Array","offset":2568,"length":18},"keyframeValueEditorExtras":[null]},{"__type__":"cc.animation.Channel","_curve":{"__id__":457}},{"__type__":"cc.RealCurve","bytes":{"__type__":"TypedArrayRef","ctor":"Uint8Array","offset":2586,"length":6}},{"__type__":"cc.animation.RealTrack","_binding":{"__type__":"cc.animation.TrackBinding","path":{"__id__":459},"proxy":null},"_channel":{"__id__":462}},{"__type__":"cc.animation.TrackPath","_paths":[{"__id__":460},{"__id__":461},"opacity"]},{"__type__":"cc.animation.HierarchyPath","path":"Layout/node_middle/Node_1"},{"__type__":"cc.animation.ComponentPath","component":"cc.UIOpacity"},{"__type__":"cc.animation.Channel","_curve":{"__id__":463}},{"__type__":"cc.RealCurve","bytes":{"__type__":"TypedArrayRef","ctor":"Uint8Array","offset":2592,"length":30},"keyframeValueEditorExtras":[null,null]},{"__type__":"cc.animation.VectorTrack","_binding":{"__type__":"cc.animation.TrackBinding","path":{"__id__":465},"proxy":null},"_channels":[{"__id__":467},{"__id__":469},{"__id__":471},{"__id__":473}],"_nComponents":3},{"__type__":"cc.animation.TrackPath","_paths":[{"__id__":466},"position"]},{"__type__":"cc.animation.HierarchyPath","path":"Layout/node_middle/sl_dzsl_1"},{"__type__":"cc.animation.Channel","_curve":{"__id__":468}},{"__type__":"cc.RealCurve","bytes":{"__type__":"TypedArrayRef","ctor":"Uint8Array","offset":2622,"length":18},"keyframeValueEditorExtras":[null]},{"__type__":"cc.animation.Channel","_curve":{"__id__":470}},{"__type__":"cc.RealCurve","bytes":{"__type__":"TypedArrayRef","ctor":"Uint8Array","offset":2640,"length":18},"keyframeValueEditorExtras":[null]},{"__type__":"cc.animation.Channel","_curve":{"__id__":472}},{"__type__":"cc.RealCurve","bytes":{"__type__":"TypedArrayRef","ctor":"Uint8Array","offset":2658,"length":18},"keyframeValueEditorExtras":[null]},{"__type__":"cc.animation.Channel","_curve":{"__id__":474}},{"__type__":"cc.RealCurve","bytes":{"__type__":"TypedArrayRef","ctor":"Uint8Array","offset":2676,"length":6}},{"__type__":"cc.animation.RealTrack","_binding":{"__type__":"cc.animation.TrackBinding","path":{"__id__":476},"proxy":null},"_channel":{"__id__":479}},{"__type__":"cc.animation.TrackPath","_paths":[{"__id__":477},{"__id__":478},"opacity"]},{"__type__":"cc.animation.HierarchyPath","path":"Layout/node_middle/sl_dzsl_1"},{"__type__":"cc.animation.ComponentPath","component":"cc.UIOpacity"},{"__type__":"cc.animation.Channel","_curve":{"__id__":480}},{"__type__":"cc.RealCurve","bytes":{"__type__":"TypedArrayRef","ctor":"Uint8Array","offset":2682,"length":30},"keyframeValueEditorExtras":[null,null]},{"__type__":"cc.animation.ObjectTrack","_binding":{"__type__":"cc.animation.TrackBinding","path":{"__id__":482},"proxy":null},"_channel":{"__id__":485}},{"__type__":"cc.animation.TrackPath","_paths":[{"__id__":483},{"__id__":484},"spriteFrame"]},{"__type__":"cc.animation.HierarchyPath","path":"Layout/node_middle/sl_dzsl_1"},{"__type__":"cc.animation.ComponentPath","component":"cc.Sprite"},{"__type__":"cc.animation.Channel","_curve":{"__id__":486}},{"__type__":"cc.ObjectCurve","_times":[0],"_values":[{"__uuid__":"68b39dNv5PqZAXbT9CCCE5@6cb7e","__expectedType__":"cc.Asset"}]},{"__type__":"cc.animation.VectorTrack","_binding":{"__type__":"cc.animation.TrackBinding","path":{"__id__":488},"proxy":null},"_channels":[{"__id__":490},{"__id__":492},{"__id__":494},{"__id__":496}],"_nComponents":3},{"__type__":"cc.animation.TrackPath","_paths":[{"__id__":489},"position"]},{"__type__":"cc.animation.HierarchyPath","path":"Layout/node_middle/tx_new_jinji_00005_16"},{"__type__":"cc.animation.Channel","_curve":{"__id__":491}},{"__type__":"cc.RealCurve","bytes":{"__type__":"TypedArrayRef","ctor":"Uint8Array","offset":2712,"length":30},"keyframeValueEditorExtras":[null,null]},{"__type__":"cc.animation.Channel","_curve":{"__id__":493}},{"__type__":"cc.RealCurve","bytes":{"__type__":"TypedArrayRef","ctor":"Uint8Array","offset":2742,"length":30},"keyframeValueEditorExtras":[null,null]},{"__type__":"cc.animation.Channel","_curve":{"__id__":495}},{"__type__":"cc.RealCurve","bytes":{"__type__":"TypedArrayRef","ctor":"Uint8Array","offset":2772,"length":30},"keyframeValueEditorExtras":[null,null]},{"__type__":"cc.animation.Channel","_curve":{"__id__":497}},{"__type__":"cc.RealCurve","bytes":{"__type__":"TypedArrayRef","ctor":"Uint8Array","offset":2802,"length":6}},{"__type__":"cc.animation.RealTrack","_binding":{"__type__":"cc.animation.TrackBinding","path":{"__id__":499},"proxy":null},"_channel":{"__id__":502}},{"__type__":"cc.animation.TrackPath","_paths":[{"__id__":500},{"__id__":501},"opacity"]},{"__type__":"cc.animation.HierarchyPath","path":"Layout/node_middle/tx_new_jinji_00005_16"},{"__type__":"cc.animation.ComponentPath","component":"cc.UIOpacity"},{"__type__":"cc.animation.Channel","_curve":{"__id__":503}},{"__type__":"cc.RealCurve","bytes":{"__type__":"TypedArrayRef","ctor":"Uint8Array","offset":2808,"length":42},"keyframeValueEditorExtras":[null,null,null]},{"__type__":"cc.animation.ObjectTrack","_binding":{"__type__":"cc.animation.TrackBinding","path":{"__id__":505},"proxy":null},"_channel":{"__id__":508}},{"__type__":"cc.animation.TrackPath","_paths":[{"__id__":506},{"__id__":507},"spriteFrame"]},{"__type__":"cc.animation.HierarchyPath","path":"Layout/node_middle/tx_new_jinji_00005_16"},{"__type__":"cc.animation.ComponentPath","component":"cc.Sprite"},{"__type__":"cc.animation.Channel","_curve":{"__id__":509}},{"__type__":"cc.ObjectCurve","_times":[0.2,0.21666666666666667,0.23333333333333334,0.25,0.26666666666666666,0.2833333333333333,0.3,0.31666666666666665,0.3333333333333333,0.35,0.36666666666666664],"_values":[{"__uuid__":"68b39dNv5PqZAXbT9CCCE5@cb973","__expectedType__":"cc.Asset"},{"__uuid__":"68b39dNv5PqZAXbT9CCCE5@cb973","__expectedType__":"cc.Asset"},{"__uuid__":"68b39dNv5PqZAXbT9CCCE5@cb973","__expectedType__":"cc.Asset"},{"__uuid__":"68b39dNv5PqZAXbT9CCCE5@21853","__expectedType__":"cc.Asset"},{"__uuid__":"68b39dNv5PqZAXbT9CCCE5@d2015","__expectedType__":"cc.Asset"},{"__uuid__":"68b39dNv5PqZAXbT9CCCE5@99f3e","__expectedType__":"cc.Asset"},{"__uuid__":"68b39dNv5PqZAXbT9CCCE5@ffa7d","__expectedType__":"cc.Asset"},{"__uuid__":"68b39dNv5PqZAXbT9CCCE5@02325","__expectedType__":"cc.Asset"},{"__uuid__":"68b39dNv5PqZAXbT9CCCE5@fcc03","__expectedType__":"cc.Asset"},{"__uuid__":"68b39dNv5PqZAXbT9CCCE5@32db6","__expectedType__":"cc.Asset"},{"__uuid__":"68b39dNv5PqZAXbT9CCCE5@bd846","__expectedType__":"cc.Asset"}]},{"__type__":"cc.animation.VectorTrack","_binding":{"__type__":"cc.animation.TrackBinding","path":{"__id__":511},"proxy":null},"_channels":[{"__id__":513},{"__id__":515},{"__id__":517},{"__id__":519}],"_nComponents":3},{"__type__":"cc.animation.TrackPath","_paths":[{"__id__":512},"position"]},{"__type__":"cc.animation.HierarchyPath","path":"Layout/node_middle/tx_new_jinji3_21"},{"__type__":"cc.animation.Channel","_curve":{"__id__":514}},{"__type__":"cc.RealCurve","bytes":{"__type__":"TypedArrayRef","ctor":"Uint8Array","offset":2850,"length":30},"keyframeValueEditorExtras":[null,null]},{"__type__":"cc.animation.Channel","_curve":{"__id__":516}},{"__type__":"cc.RealCurve","bytes":{"__type__":"TypedArrayRef","ctor":"Uint8Array","offset":2880,"length":30},"keyframeValueEditorExtras":[null,null]},{"__type__":"cc.animation.Channel","_curve":{"__id__":518}},{"__type__":"cc.RealCurve","bytes":{"__type__":"TypedArrayRef","ctor":"Uint8Array","offset":2910,"length":30},"keyframeValueEditorExtras":[null,null]},{"__type__":"cc.animation.Channel","_curve":{"__id__":520}},{"__type__":"cc.RealCurve","bytes":{"__type__":"TypedArrayRef","ctor":"Uint8Array","offset":2940,"length":6}},{"__type__":"cc.animation.RealTrack","_binding":{"__type__":"cc.animation.TrackBinding","path":{"__id__":522},"proxy":null},"_channel":{"__id__":525}},{"__type__":"cc.animation.TrackPath","_paths":[{"__id__":523},{"__id__":524},"opacity"]},{"__type__":"cc.animation.HierarchyPath","path":"Layout/node_middle/tx_new_jinji3_21"},{"__type__":"cc.animation.ComponentPath","component":"cc.UIOpacity"},{"__type__":"cc.animation.Channel","_curve":{"__id__":526}},{"__type__":"cc.RealCurve","bytes":{"__type__":"TypedArrayRef","ctor":"Uint8Array","offset":2946,"length":42},"keyframeValueEditorExtras":[null,null,null]},{"__type__":"cc.animation.ObjectTrack","_binding":{"__type__":"cc.animation.TrackBinding","path":{"__id__":528},"proxy":null},"_channel":{"__id__":531}},{"__type__":"cc.animation.TrackPath","_paths":[{"__id__":529},{"__id__":530},"spriteFrame"]},{"__type__":"cc.animation.HierarchyPath","path":"Layout/node_middle/tx_new_jinji3_21"},{"__type__":"cc.animation.ComponentPath","component":"cc.Sprite"},{"__type__":"cc.animation.Channel","_curve":{"__id__":532}},{"__type__":"cc.ObjectCurve","_times":[0],"_values":[{"__uuid__":"68b39dNv5PqZAXbT9CCCE5@6b249","__expectedType__":"cc.Asset"}]}],"chunks":[".bin"]}
