{"version":1,"document":[{"__type__":"cc.AnimationClip","_name":"tx_ddz_2022_dizhubaoji","_objFlags":0,"__editorExtras__":{"embeddedPlayerGroups":[]},"_native":"","sample":60,"speed":0.4167,"wrapMode":1,"enableTrsBlending":false,"_duration":0.48333333333333334,"_hash":500763545,"_tracks":[{"__id__":1},{"__id__":12},{"__id__":23},{"__id__":29},{"__id__":40},{"__id__":46},{"__id__":57},{"__id__":68},{"__id__":74},{"__id__":85},{"__id__":91},{"__id__":102},{"__id__":113},{"__id__":119},{"__id__":130},{"__id__":136},{"__id__":147},{"__id__":153},{"__id__":159},{"__id__":170},{"__id__":181},{"__id__":187},{"__id__":193},{"__id__":204},{"__id__":210},{"__id__":216},{"__id__":227},{"__id__":233},{"__id__":239},{"__id__":250},{"__id__":256},{"__id__":262},{"__id__":273},{"__id__":284},{"__id__":295},{"__id__":306},{"__id__":317},{"__id__":328}],"_exoticAnimation":null,"_events":[],"_embeddedPlayers":[]},{"__type__":"cc.animation.VectorTrack","_binding":{"__type__":"cc.animation.TrackBinding","path":{"__id__":2},"proxy":null},"_channels":[{"__id__":4},{"__id__":6},{"__id__":8},{"__id__":10}],"_nComponents":3},{"__type__":"cc.animation.TrackPath","_paths":[{"__id__":3},"position"]},{"__type__":"cc.animation.HierarchyPath","path":"Effects_c_00_5"},{"__type__":"cc.animation.Channel","_curve":{"__id__":5}},{"__type__":"cc.RealCurve","bytes":{"__type__":"TypedArrayRef","ctor":"Uint8Array","offset":0,"length":42},"keyframeValueEditorExtras":[null,null,null]},{"__type__":"cc.animation.Channel","_curve":{"__id__":7}},{"__type__":"cc.RealCurve","bytes":{"__type__":"TypedArrayRef","ctor":"Uint8Array","offset":42,"length":42},"keyframeValueEditorExtras":[null,null,null]},{"__type__":"cc.animation.Channel","_curve":{"__id__":9}},{"__type__":"cc.RealCurve","bytes":{"__type__":"TypedArrayRef","ctor":"Uint8Array","offset":84,"length":42},"keyframeValueEditorExtras":[null,null,null]},{"__type__":"cc.animation.Channel","_curve":{"__id__":11}},{"__type__":"cc.RealCurve","bytes":{"__type__":"TypedArrayRef","ctor":"Uint8Array","offset":126,"length":6}},{"__type__":"cc.animation.VectorTrack","_binding":{"__type__":"cc.animation.TrackBinding","path":{"__id__":13},"proxy":null},"_channels":[{"__id__":15},{"__id__":17},{"__id__":19},{"__id__":21}],"_nComponents":3},{"__type__":"cc.animation.TrackPath","_paths":[{"__id__":14},"eulerAngles"]},{"__type__":"cc.animation.HierarchyPath","path":"Effects_c_00_5"},{"__type__":"cc.animation.Channel","_curve":{"__id__":16}},{"__type__":"cc.RealCurve","bytes":{"__type__":"TypedArrayRef","ctor":"Uint8Array","offset":132,"length":30},"keyframeValueEditorExtras":[null,null]},{"__type__":"cc.animation.Channel","_curve":{"__id__":18}},{"__type__":"cc.RealCurve","bytes":{"__type__":"TypedArrayRef","ctor":"Uint8Array","offset":162,"length":30},"keyframeValueEditorExtras":[null,null]},{"__type__":"cc.animation.Channel","_curve":{"__id__":20}},{"__type__":"cc.RealCurve","bytes":{"__type__":"TypedArrayRef","ctor":"Uint8Array","offset":192,"length":30},"keyframeValueEditorExtras":[null,null]},{"__type__":"cc.animation.Channel","_curve":{"__id__":22}},{"__type__":"cc.RealCurve","bytes":{"__type__":"TypedArrayRef","ctor":"Uint8Array","offset":222,"length":6}},{"__type__":"cc.animation.RealTrack","_binding":{"__type__":"cc.animation.TrackBinding","path":{"__id__":24},"proxy":null},"_channel":{"__id__":27}},{"__type__":"cc.animation.TrackPath","_paths":[{"__id__":25},{"__id__":26},"opacity"]},{"__type__":"cc.animation.HierarchyPath","path":"Effects_c_00_5"},{"__type__":"cc.animation.ComponentPath","component":"cc.UIOpacity"},{"__type__":"cc.animation.Channel","_curve":{"__id__":28}},{"__type__":"cc.RealCurve","bytes":{"__type__":"TypedArrayRef","ctor":"Uint8Array","offset":228,"length":42},"keyframeValueEditorExtras":[null,null,null]},{"__type__":"cc.animation.ColorTrack","_binding":{"__type__":"cc.animation.TrackBinding","path":{"__id__":30},"proxy":null},"_channels":[{"__id__":32},{"__id__":34},{"__id__":36},{"__id__":38}]},{"__type__":"cc.animation.TrackPath","_paths":[{"__id__":31},"color"]},{"__type__":"cc.animation.HierarchyPath","path":"Effects_c_00_5"},{"__type__":"cc.animation.Channel","_curve":{"__id__":33}},{"__type__":"cc.RealCurve","bytes":{"__type__":"TypedArrayRef","ctor":"Uint8Array","offset":270,"length":18},"keyframeValueEditorExtras":[null]},{"__type__":"cc.animation.Channel","_curve":{"__id__":35}},{"__type__":"cc.RealCurve","bytes":{"__type__":"TypedArrayRef","ctor":"Uint8Array","offset":288,"length":18},"keyframeValueEditorExtras":[null]},{"__type__":"cc.animation.Channel","_curve":{"__id__":37}},{"__type__":"cc.RealCurve","bytes":{"__type__":"TypedArrayRef","ctor":"Uint8Array","offset":306,"length":18},"keyframeValueEditorExtras":[null]},{"__type__":"cc.animation.Channel","_curve":{"__id__":39}},{"__type__":"cc.RealCurve","bytes":{"__type__":"TypedArrayRef","ctor":"Uint8Array","offset":324,"length":18},"keyframeValueEditorExtras":[null]},{"__type__":"cc.animation.ObjectTrack","_binding":{"__type__":"cc.animation.TrackBinding","path":{"__id__":41},"proxy":null},"_channel":{"__id__":44}},{"__type__":"cc.animation.TrackPath","_paths":[{"__id__":42},{"__id__":43},"spriteFrame"]},{"__type__":"cc.animation.HierarchyPath","path":"Effects_c_00_5"},{"__type__":"cc.animation.ComponentPath","component":"cc.Sprite"},{"__type__":"cc.animation.Channel","_curve":{"__id__":45}},{"__type__":"cc.ObjectCurve","_times":[0],"_values":[{"__uuid__":"89WS7BedVMkYEPBCu/Yz5L@bbb1e","__expectedType__":"cc.Asset"}]},{"__type__":"cc.animation.VectorTrack","_binding":{"__type__":"cc.animation.TrackBinding","path":{"__id__":47},"proxy":null},"_channels":[{"__id__":49},{"__id__":51},{"__id__":53},{"__id__":55}],"_nComponents":3},{"__type__":"cc.animation.TrackPath","_paths":[{"__id__":48},"position"]},{"__type__":"cc.animation.HierarchyPath","path":"Effects_c_00_5_0"},{"__type__":"cc.animation.Channel","_curve":{"__id__":50}},{"__type__":"cc.RealCurve","bytes":{"__type__":"TypedArrayRef","ctor":"Uint8Array","offset":342,"length":42},"keyframeValueEditorExtras":[null,null,null]},{"__type__":"cc.animation.Channel","_curve":{"__id__":52}},{"__type__":"cc.RealCurve","bytes":{"__type__":"TypedArrayRef","ctor":"Uint8Array","offset":384,"length":42},"keyframeValueEditorExtras":[null,null,null]},{"__type__":"cc.animation.Channel","_curve":{"__id__":54}},{"__type__":"cc.RealCurve","bytes":{"__type__":"TypedArrayRef","ctor":"Uint8Array","offset":426,"length":42},"keyframeValueEditorExtras":[null,null,null]},{"__type__":"cc.animation.Channel","_curve":{"__id__":56}},{"__type__":"cc.RealCurve","bytes":{"__type__":"TypedArrayRef","ctor":"Uint8Array","offset":468,"length":6}},{"__type__":"cc.animation.VectorTrack","_binding":{"__type__":"cc.animation.TrackBinding","path":{"__id__":58},"proxy":null},"_channels":[{"__id__":60},{"__id__":62},{"__id__":64},{"__id__":66}],"_nComponents":3},{"__type__":"cc.animation.TrackPath","_paths":[{"__id__":59},"eulerAngles"]},{"__type__":"cc.animation.HierarchyPath","path":"Effects_c_00_5_0"},{"__type__":"cc.animation.Channel","_curve":{"__id__":61}},{"__type__":"cc.RealCurve","bytes":{"__type__":"TypedArrayRef","ctor":"Uint8Array","offset":474,"length":30},"keyframeValueEditorExtras":[null,null]},{"__type__":"cc.animation.Channel","_curve":{"__id__":63}},{"__type__":"cc.RealCurve","bytes":{"__type__":"TypedArrayRef","ctor":"Uint8Array","offset":504,"length":30},"keyframeValueEditorExtras":[null,null]},{"__type__":"cc.animation.Channel","_curve":{"__id__":65}},{"__type__":"cc.RealCurve","bytes":{"__type__":"TypedArrayRef","ctor":"Uint8Array","offset":534,"length":30},"keyframeValueEditorExtras":[null,null]},{"__type__":"cc.animation.Channel","_curve":{"__id__":67}},{"__type__":"cc.RealCurve","bytes":{"__type__":"TypedArrayRef","ctor":"Uint8Array","offset":564,"length":6}},{"__type__":"cc.animation.RealTrack","_binding":{"__type__":"cc.animation.TrackBinding","path":{"__id__":69},"proxy":null},"_channel":{"__id__":72}},{"__type__":"cc.animation.TrackPath","_paths":[{"__id__":70},{"__id__":71},"opacity"]},{"__type__":"cc.animation.HierarchyPath","path":"Effects_c_00_5_0"},{"__type__":"cc.animation.ComponentPath","component":"cc.UIOpacity"},{"__type__":"cc.animation.Channel","_curve":{"__id__":73}},{"__type__":"cc.RealCurve","bytes":{"__type__":"TypedArrayRef","ctor":"Uint8Array","offset":570,"length":42},"keyframeValueEditorExtras":[null,null,null]},{"__type__":"cc.animation.ColorTrack","_binding":{"__type__":"cc.animation.TrackBinding","path":{"__id__":75},"proxy":null},"_channels":[{"__id__":77},{"__id__":79},{"__id__":81},{"__id__":83}]},{"__type__":"cc.animation.TrackPath","_paths":[{"__id__":76},"color"]},{"__type__":"cc.animation.HierarchyPath","path":"Effects_c_00_5_0"},{"__type__":"cc.animation.Channel","_curve":{"__id__":78}},{"__type__":"cc.RealCurve","bytes":{"__type__":"TypedArrayRef","ctor":"Uint8Array","offset":612,"length":18},"keyframeValueEditorExtras":[null]},{"__type__":"cc.animation.Channel","_curve":{"__id__":80}},{"__type__":"cc.RealCurve","bytes":{"__type__":"TypedArrayRef","ctor":"Uint8Array","offset":630,"length":18},"keyframeValueEditorExtras":[null]},{"__type__":"cc.animation.Channel","_curve":{"__id__":82}},{"__type__":"cc.RealCurve","bytes":{"__type__":"TypedArrayRef","ctor":"Uint8Array","offset":648,"length":18},"keyframeValueEditorExtras":[null]},{"__type__":"cc.animation.Channel","_curve":{"__id__":84}},{"__type__":"cc.RealCurve","bytes":{"__type__":"TypedArrayRef","ctor":"Uint8Array","offset":666,"length":18},"keyframeValueEditorExtras":[null]},{"__type__":"cc.animation.ObjectTrack","_binding":{"__type__":"cc.animation.TrackBinding","path":{"__id__":86},"proxy":null},"_channel":{"__id__":89}},{"__type__":"cc.animation.TrackPath","_paths":[{"__id__":87},{"__id__":88},"spriteFrame"]},{"__type__":"cc.animation.HierarchyPath","path":"Effects_c_00_5_0"},{"__type__":"cc.animation.ComponentPath","component":"cc.Sprite"},{"__type__":"cc.animation.Channel","_curve":{"__id__":90}},{"__type__":"cc.ObjectCurve","_times":[0],"_values":[{"__uuid__":"89WS7BedVMkYEPBCu/Yz5L@bbb1e","__expectedType__":"cc.Asset"}]},{"__type__":"cc.animation.VectorTrack","_binding":{"__type__":"cc.animation.TrackBinding","path":{"__id__":92},"proxy":null},"_channels":[{"__id__":94},{"__id__":96},{"__id__":98},{"__id__":100}],"_nComponents":3},{"__type__":"cc.animation.TrackPath","_paths":[{"__id__":93},"position"]},{"__type__":"cc.animation.HierarchyPath","path":"Aperture_1_1"},{"__type__":"cc.animation.Channel","_curve":{"__id__":95}},{"__type__":"cc.RealCurve","bytes":{"__type__":"TypedArrayRef","ctor":"Uint8Array","offset":684,"length":30},"keyframeValueEditorExtras":[null,null]},{"__type__":"cc.animation.Channel","_curve":{"__id__":97}},{"__type__":"cc.RealCurve","bytes":{"__type__":"TypedArrayRef","ctor":"Uint8Array","offset":714,"length":30},"keyframeValueEditorExtras":[null,null]},{"__type__":"cc.animation.Channel","_curve":{"__id__":99}},{"__type__":"cc.RealCurve","bytes":{"__type__":"TypedArrayRef","ctor":"Uint8Array","offset":744,"length":30},"keyframeValueEditorExtras":[null,null]},{"__type__":"cc.animation.Channel","_curve":{"__id__":101}},{"__type__":"cc.RealCurve","bytes":{"__type__":"TypedArrayRef","ctor":"Uint8Array","offset":774,"length":6}},{"__type__":"cc.animation.VectorTrack","_binding":{"__type__":"cc.animation.TrackBinding","path":{"__id__":103},"proxy":null},"_channels":[{"__id__":105},{"__id__":107},{"__id__":109},{"__id__":111}],"_nComponents":3},{"__type__":"cc.animation.TrackPath","_paths":[{"__id__":104},"eulerAngles"]},{"__type__":"cc.animation.HierarchyPath","path":"Aperture_1_1"},{"__type__":"cc.animation.Channel","_curve":{"__id__":106}},{"__type__":"cc.RealCurve","bytes":{"__type__":"TypedArrayRef","ctor":"Uint8Array","offset":780,"length":18},"keyframeValueEditorExtras":[null]},{"__type__":"cc.animation.Channel","_curve":{"__id__":108}},{"__type__":"cc.RealCurve","bytes":{"__type__":"TypedArrayRef","ctor":"Uint8Array","offset":798,"length":18},"keyframeValueEditorExtras":[null]},{"__type__":"cc.animation.Channel","_curve":{"__id__":110}},{"__type__":"cc.RealCurve","bytes":{"__type__":"TypedArrayRef","ctor":"Uint8Array","offset":816,"length":18},"keyframeValueEditorExtras":[null]},{"__type__":"cc.animation.Channel","_curve":{"__id__":112}},{"__type__":"cc.RealCurve","bytes":{"__type__":"TypedArrayRef","ctor":"Uint8Array","offset":834,"length":6}},{"__type__":"cc.animation.RealTrack","_binding":{"__type__":"cc.animation.TrackBinding","path":{"__id__":114},"proxy":null},"_channel":{"__id__":117}},{"__type__":"cc.animation.TrackPath","_paths":[{"__id__":115},{"__id__":116},"opacity"]},{"__type__":"cc.animation.HierarchyPath","path":"Aperture_1_1"},{"__type__":"cc.animation.ComponentPath","component":"cc.UIOpacity"},{"__type__":"cc.animation.Channel","_curve":{"__id__":118}},{"__type__":"cc.RealCurve","bytes":{"__type__":"TypedArrayRef","ctor":"Uint8Array","offset":840,"length":42},"keyframeValueEditorExtras":[null,null,null]},{"__type__":"cc.animation.ColorTrack","_binding":{"__type__":"cc.animation.TrackBinding","path":{"__id__":120},"proxy":null},"_channels":[{"__id__":122},{"__id__":124},{"__id__":126},{"__id__":128}]},{"__type__":"cc.animation.TrackPath","_paths":[{"__id__":121},"color"]},{"__type__":"cc.animation.HierarchyPath","path":"Aperture_1_1"},{"__type__":"cc.animation.Channel","_curve":{"__id__":123}},{"__type__":"cc.RealCurve","bytes":{"__type__":"TypedArrayRef","ctor":"Uint8Array","offset":882,"length":18},"keyframeValueEditorExtras":[null]},{"__type__":"cc.animation.Channel","_curve":{"__id__":125}},{"__type__":"cc.RealCurve","bytes":{"__type__":"TypedArrayRef","ctor":"Uint8Array","offset":900,"length":18},"keyframeValueEditorExtras":[null]},{"__type__":"cc.animation.Channel","_curve":{"__id__":127}},{"__type__":"cc.RealCurve","bytes":{"__type__":"TypedArrayRef","ctor":"Uint8Array","offset":918,"length":18},"keyframeValueEditorExtras":[null]},{"__type__":"cc.animation.Channel","_curve":{"__id__":129}},{"__type__":"cc.RealCurve","bytes":{"__type__":"TypedArrayRef","ctor":"Uint8Array","offset":936,"length":18},"keyframeValueEditorExtras":[null]},{"__type__":"cc.animation.ObjectTrack","_binding":{"__type__":"cc.animation.TrackBinding","path":{"__id__":131},"proxy":null},"_channel":{"__id__":134}},{"__type__":"cc.animation.TrackPath","_paths":[{"__id__":132},{"__id__":133},"spriteFrame"]},{"__type__":"cc.animation.HierarchyPath","path":"Aperture_1_1"},{"__type__":"cc.animation.ComponentPath","component":"cc.Sprite"},{"__type__":"cc.animation.Channel","_curve":{"__id__":135}},{"__type__":"cc.ObjectCurve","_times":[0],"_values":[{"__uuid__":"89WS7BedVMkYEPBCu/Yz5L@4db6d","__expectedType__":"cc.Asset"}]},{"__type__":"cc.animation.VectorTrack","_binding":{"__type__":"cc.animation.TrackBinding","path":{"__id__":137},"proxy":null},"_channels":[{"__id__":139},{"__id__":141},{"__id__":143},{"__id__":145}],"_nComponents":3},{"__type__":"cc.animation.TrackPath","_paths":[{"__id__":138},"position"]},{"__type__":"cc.animation.HierarchyPath","path":"tongyong_yuanguang_2"},{"__type__":"cc.animation.Channel","_curve":{"__id__":140}},{"__type__":"cc.RealCurve","bytes":{"__type__":"TypedArrayRef","ctor":"Uint8Array","offset":954,"length":18},"keyframeValueEditorExtras":[null]},{"__type__":"cc.animation.Channel","_curve":{"__id__":142}},{"__type__":"cc.RealCurve","bytes":{"__type__":"TypedArrayRef","ctor":"Uint8Array","offset":972,"length":18},"keyframeValueEditorExtras":[null]},{"__type__":"cc.animation.Channel","_curve":{"__id__":144}},{"__type__":"cc.RealCurve","bytes":{"__type__":"TypedArrayRef","ctor":"Uint8Array","offset":990,"length":18},"keyframeValueEditorExtras":[null]},{"__type__":"cc.animation.Channel","_curve":{"__id__":146}},{"__type__":"cc.RealCurve","bytes":{"__type__":"TypedArrayRef","ctor":"Uint8Array","offset":1008,"length":6}},{"__type__":"cc.animation.RealTrack","_binding":{"__type__":"cc.animation.TrackBinding","path":{"__id__":148},"proxy":null},"_channel":{"__id__":151}},{"__type__":"cc.animation.TrackPath","_paths":[{"__id__":149},{"__id__":150},"opacity"]},{"__type__":"cc.animation.HierarchyPath","path":"tongyong_yuanguang_2"},{"__type__":"cc.animation.ComponentPath","component":"cc.UIOpacity"},{"__type__":"cc.animation.Channel","_curve":{"__id__":152}},{"__type__":"cc.RealCurve","bytes":{"__type__":"TypedArrayRef","ctor":"Uint8Array","offset":1014,"length":42},"keyframeValueEditorExtras":[null,null,null]},{"__type__":"cc.animation.ObjectTrack","_binding":{"__type__":"cc.animation.TrackBinding","path":{"__id__":154},"proxy":null},"_channel":{"__id__":157}},{"__type__":"cc.animation.TrackPath","_paths":[{"__id__":155},{"__id__":156},"spriteFrame"]},{"__type__":"cc.animation.HierarchyPath","path":"tongyong_yuanguang_2"},{"__type__":"cc.animation.ComponentPath","component":"cc.Sprite"},{"__type__":"cc.animation.Channel","_curve":{"__id__":158}},{"__type__":"cc.ObjectCurve","_times":[0],"_values":[{"__uuid__":"89WS7BedVMkYEPBCu/Yz5L@a727d","__expectedType__":"cc.Asset"}]},{"__type__":"cc.animation.VectorTrack","_binding":{"__type__":"cc.animation.TrackBinding","path":{"__id__":160},"proxy":null},"_channels":[{"__id__":162},{"__id__":164},{"__id__":166},{"__id__":168}],"_nComponents":3},{"__type__":"cc.animation.TrackPath","_paths":[{"__id__":161},"position"]},{"__type__":"cc.animation.HierarchyPath","path":"yxc_dz_1"},{"__type__":"cc.animation.Channel","_curve":{"__id__":163}},{"__type__":"cc.RealCurve","bytes":{"__type__":"TypedArrayRef","ctor":"Uint8Array","offset":1056,"length":42},"keyframeValueEditorExtras":[null,null,null]},{"__type__":"cc.animation.Channel","_curve":{"__id__":165}},{"__type__":"cc.RealCurve","bytes":{"__type__":"TypedArrayRef","ctor":"Uint8Array","offset":1098,"length":42},"keyframeValueEditorExtras":[null,null,null]},{"__type__":"cc.animation.Channel","_curve":{"__id__":167}},{"__type__":"cc.RealCurve","bytes":{"__type__":"TypedArrayRef","ctor":"Uint8Array","offset":1140,"length":42},"keyframeValueEditorExtras":[null,null,null]},{"__type__":"cc.animation.Channel","_curve":{"__id__":169}},{"__type__":"cc.RealCurve","bytes":{"__type__":"TypedArrayRef","ctor":"Uint8Array","offset":1182,"length":6}},{"__type__":"cc.animation.VectorTrack","_binding":{"__type__":"cc.animation.TrackBinding","path":{"__id__":171},"proxy":null},"_channels":[{"__id__":173},{"__id__":175},{"__id__":177},{"__id__":179}],"_nComponents":3},{"__type__":"cc.animation.TrackPath","_paths":[{"__id__":172},"eulerAngles"]},{"__type__":"cc.animation.HierarchyPath","path":"yxc_dz_1"},{"__type__":"cc.animation.Channel","_curve":{"__id__":174}},{"__type__":"cc.RealCurve","bytes":{"__type__":"TypedArrayRef","ctor":"Uint8Array","offset":1188,"length":30},"keyframeValueEditorExtras":[null,null]},{"__type__":"cc.animation.Channel","_curve":{"__id__":176}},{"__type__":"cc.RealCurve","bytes":{"__type__":"TypedArrayRef","ctor":"Uint8Array","offset":1218,"length":30},"keyframeValueEditorExtras":[null,null]},{"__type__":"cc.animation.Channel","_curve":{"__id__":178}},{"__type__":"cc.RealCurve","bytes":{"__type__":"TypedArrayRef","ctor":"Uint8Array","offset":1248,"length":30},"keyframeValueEditorExtras":[null,null]},{"__type__":"cc.animation.Channel","_curve":{"__id__":180}},{"__type__":"cc.RealCurve","bytes":{"__type__":"TypedArrayRef","ctor":"Uint8Array","offset":1278,"length":6}},{"__type__":"cc.animation.RealTrack","_binding":{"__type__":"cc.animation.TrackBinding","path":{"__id__":182},"proxy":null},"_channel":{"__id__":185}},{"__type__":"cc.animation.TrackPath","_paths":[{"__id__":183},{"__id__":184},"opacity"]},{"__type__":"cc.animation.HierarchyPath","path":"yxc_dz_1"},{"__type__":"cc.animation.ComponentPath","component":"cc.UIOpacity"},{"__type__":"cc.animation.Channel","_curve":{"__id__":186}},{"__type__":"cc.RealCurve","bytes":{"__type__":"TypedArrayRef","ctor":"Uint8Array","offset":1284,"length":54},"keyframeValueEditorExtras":[null,null,null,null]},{"__type__":"cc.animation.ObjectTrack","_binding":{"__type__":"cc.animation.TrackBinding","path":{"__id__":188},"proxy":null},"_channel":{"__id__":191}},{"__type__":"cc.animation.TrackPath","_paths":[{"__id__":189},{"__id__":190},"spriteFrame"]},{"__type__":"cc.animation.HierarchyPath","path":"yxc_dz_1"},{"__type__":"cc.animation.ComponentPath","component":"cc.Sprite"},{"__type__":"cc.animation.Channel","_curve":{"__id__":192}},{"__type__":"cc.ObjectCurve","_times":[0],"_values":[{"__uuid__":"89WS7BedVMkYEPBCu/Yz5L@7f17e","__expectedType__":"cc.Asset"}]},{"__type__":"cc.animation.VectorTrack","_binding":{"__type__":"cc.animation.TrackBinding","path":{"__id__":194},"proxy":null},"_channels":[{"__id__":196},{"__id__":198},{"__id__":200},{"__id__":202}],"_nComponents":3},{"__type__":"cc.animation.TrackPath","_paths":[{"__id__":195},"position"]},{"__type__":"cc.animation.HierarchyPath","path":"yxc_dz_1_0"},{"__type__":"cc.animation.Channel","_curve":{"__id__":197}},{"__type__":"cc.RealCurve","bytes":{"__type__":"TypedArrayRef","ctor":"Uint8Array","offset":1338,"length":18},"keyframeValueEditorExtras":[null]},{"__type__":"cc.animation.Channel","_curve":{"__id__":199}},{"__type__":"cc.RealCurve","bytes":{"__type__":"TypedArrayRef","ctor":"Uint8Array","offset":1356,"length":18},"keyframeValueEditorExtras":[null]},{"__type__":"cc.animation.Channel","_curve":{"__id__":201}},{"__type__":"cc.RealCurve","bytes":{"__type__":"TypedArrayRef","ctor":"Uint8Array","offset":1374,"length":18},"keyframeValueEditorExtras":[null]},{"__type__":"cc.animation.Channel","_curve":{"__id__":203}},{"__type__":"cc.RealCurve","bytes":{"__type__":"TypedArrayRef","ctor":"Uint8Array","offset":1392,"length":6}},{"__type__":"cc.animation.RealTrack","_binding":{"__type__":"cc.animation.TrackBinding","path":{"__id__":205},"proxy":null},"_channel":{"__id__":208}},{"__type__":"cc.animation.TrackPath","_paths":[{"__id__":206},{"__id__":207},"opacity"]},{"__type__":"cc.animation.HierarchyPath","path":"yxc_dz_1_0"},{"__type__":"cc.animation.ComponentPath","component":"cc.UIOpacity"},{"__type__":"cc.animation.Channel","_curve":{"__id__":209}},{"__type__":"cc.RealCurve","bytes":{"__type__":"TypedArrayRef","ctor":"Uint8Array","offset":1398,"length":42},"keyframeValueEditorExtras":[null,null,null]},{"__type__":"cc.animation.ObjectTrack","_binding":{"__type__":"cc.animation.TrackBinding","path":{"__id__":211},"proxy":null},"_channel":{"__id__":214}},{"__type__":"cc.animation.TrackPath","_paths":[{"__id__":212},{"__id__":213},"spriteFrame"]},{"__type__":"cc.animation.HierarchyPath","path":"yxc_dz_1_0"},{"__type__":"cc.animation.ComponentPath","component":"cc.Sprite"},{"__type__":"cc.animation.Channel","_curve":{"__id__":215}},{"__type__":"cc.ObjectCurve","_times":[0],"_values":[{"__uuid__":"89WS7BedVMkYEPBCu/Yz5L@7f17e","__expectedType__":"cc.Asset"}]},{"__type__":"cc.animation.VectorTrack","_binding":{"__type__":"cc.animation.TrackBinding","path":{"__id__":217},"proxy":null},"_channels":[{"__id__":219},{"__id__":221},{"__id__":223},{"__id__":225}],"_nComponents":3},{"__type__":"cc.animation.TrackPath","_paths":[{"__id__":218},"position"]},{"__type__":"cc.animation.HierarchyPath","path":"tx_ddz_2022_dizhubiaoji_faguang_00000_4"},{"__type__":"cc.animation.Channel","_curve":{"__id__":220}},{"__type__":"cc.RealCurve","bytes":{"__type__":"TypedArrayRef","ctor":"Uint8Array","offset":1440,"length":30},"keyframeValueEditorExtras":[null,null]},{"__type__":"cc.animation.Channel","_curve":{"__id__":222}},{"__type__":"cc.RealCurve","bytes":{"__type__":"TypedArrayRef","ctor":"Uint8Array","offset":1470,"length":30},"keyframeValueEditorExtras":[null,null]},{"__type__":"cc.animation.Channel","_curve":{"__id__":224}},{"__type__":"cc.RealCurve","bytes":{"__type__":"TypedArrayRef","ctor":"Uint8Array","offset":1500,"length":30},"keyframeValueEditorExtras":[null,null]},{"__type__":"cc.animation.Channel","_curve":{"__id__":226}},{"__type__":"cc.RealCurve","bytes":{"__type__":"TypedArrayRef","ctor":"Uint8Array","offset":1530,"length":6}},{"__type__":"cc.animation.RealTrack","_binding":{"__type__":"cc.animation.TrackBinding","path":{"__id__":228},"proxy":null},"_channel":{"__id__":231}},{"__type__":"cc.animation.TrackPath","_paths":[{"__id__":229},{"__id__":230},"opacity"]},{"__type__":"cc.animation.HierarchyPath","path":"tx_ddz_2022_dizhubiaoji_faguang_00000_4"},{"__type__":"cc.animation.ComponentPath","component":"cc.UIOpacity"},{"__type__":"cc.animation.Channel","_curve":{"__id__":232}},{"__type__":"cc.RealCurve","bytes":{"__type__":"TypedArrayRef","ctor":"Uint8Array","offset":1536,"length":42},"keyframeValueEditorExtras":[null,null,null]},{"__type__":"cc.animation.ObjectTrack","_binding":{"__type__":"cc.animation.TrackBinding","path":{"__id__":234},"proxy":null},"_channel":{"__id__":237}},{"__type__":"cc.animation.TrackPath","_paths":[{"__id__":235},{"__id__":236},"spriteFrame"]},{"__type__":"cc.animation.HierarchyPath","path":"tx_ddz_2022_dizhubiaoji_faguang_00000_4"},{"__type__":"cc.animation.ComponentPath","component":"cc.Sprite"},{"__type__":"cc.animation.Channel","_curve":{"__id__":238}},{"__type__":"cc.ObjectCurve","_times":[0,0.25],"_values":[{"__uuid__":"89WS7BedVMkYEPBCu/Yz5L@870e5","__expectedType__":"cc.Asset"},{"__uuid__":"89WS7BedVMkYEPBCu/Yz5L@870e5","__expectedType__":"cc.Asset"}]},{"__type__":"cc.animation.VectorTrack","_binding":{"__type__":"cc.animation.TrackBinding","path":{"__id__":240},"proxy":null},"_channels":[{"__id__":242},{"__id__":244},{"__id__":246},{"__id__":248}],"_nComponents":3},{"__type__":"cc.animation.TrackPath","_paths":[{"__id__":241},"position"]},{"__type__":"cc.animation.HierarchyPath","path":"tx_ddz_2022_dizhubiaoji_lizi_00000_1"},{"__type__":"cc.animation.Channel","_curve":{"__id__":243}},{"__type__":"cc.RealCurve","bytes":{"__type__":"TypedArrayRef","ctor":"Uint8Array","offset":1578,"length":18},"keyframeValueEditorExtras":[null]},{"__type__":"cc.animation.Channel","_curve":{"__id__":245}},{"__type__":"cc.RealCurve","bytes":{"__type__":"TypedArrayRef","ctor":"Uint8Array","offset":1596,"length":18},"keyframeValueEditorExtras":[null]},{"__type__":"cc.animation.Channel","_curve":{"__id__":247}},{"__type__":"cc.RealCurve","bytes":{"__type__":"TypedArrayRef","ctor":"Uint8Array","offset":1614,"length":18},"keyframeValueEditorExtras":[null]},{"__type__":"cc.animation.Channel","_curve":{"__id__":249}},{"__type__":"cc.RealCurve","bytes":{"__type__":"TypedArrayRef","ctor":"Uint8Array","offset":1632,"length":6}},{"__type__":"cc.animation.RealTrack","_binding":{"__type__":"cc.animation.TrackBinding","path":{"__id__":251},"proxy":null},"_channel":{"__id__":254}},{"__type__":"cc.animation.TrackPath","_paths":[{"__id__":252},{"__id__":253},"opacity"]},{"__type__":"cc.animation.HierarchyPath","path":"tx_ddz_2022_dizhubiaoji_lizi_00000_1"},{"__type__":"cc.animation.ComponentPath","component":"cc.UIOpacity"},{"__type__":"cc.animation.Channel","_curve":{"__id__":255}},{"__type__":"cc.RealCurve","bytes":{"__type__":"TypedArrayRef","ctor":"Uint8Array","offset":1638,"length":54},"keyframeValueEditorExtras":[null,null,null,null]},{"__type__":"cc.animation.ObjectTrack","_binding":{"__type__":"cc.animation.TrackBinding","path":{"__id__":257},"proxy":null},"_channel":{"__id__":260}},{"__type__":"cc.animation.TrackPath","_paths":[{"__id__":258},{"__id__":259},"spriteFrame"]},{"__type__":"cc.animation.HierarchyPath","path":"tx_ddz_2022_dizhubiaoji_lizi_00000_1"},{"__type__":"cc.animation.ComponentPath","component":"cc.Sprite"},{"__type__":"cc.animation.Channel","_curve":{"__id__":261}},{"__type__":"cc.ObjectCurve","_times":[0.15,0.16666666666666666,0.18333333333333332,0.2,0.21666666666666667,0.23333333333333334,0.25,0.26666666666666666,0.2833333333333333,0.3,0.31666666666666665,0.3333333333333333,0.35,0.36666666666666664,0.38333333333333336,0.4,0.4166666666666667],"_values":[{"__uuid__":"89WS7BedVMkYEPBCu/Yz5L@7febe","__expectedType__":"cc.Asset"},{"__uuid__":"89WS7BedVMkYEPBCu/Yz5L@486aa","__expectedType__":"cc.Asset"},{"__uuid__":"89WS7BedVMkYEPBCu/Yz5L@f3c3f","__expectedType__":"cc.Asset"},{"__uuid__":"89WS7BedVMkYEPBCu/Yz5L@21080","__expectedType__":"cc.Asset"},{"__uuid__":"89WS7BedVMkYEPBCu/Yz5L@18f95","__expectedType__":"cc.Asset"},{"__uuid__":"89WS7BedVMkYEPBCu/Yz5L@df2ed","__expectedType__":"cc.Asset"},{"__uuid__":"89WS7BedVMkYEPBCu/Yz5L@34c2c","__expectedType__":"cc.Asset"},{"__uuid__":"89WS7BedVMkYEPBCu/Yz5L@f6610","__expectedType__":"cc.Asset"},{"__uuid__":"89WS7BedVMkYEPBCu/Yz5L@4aebe","__expectedType__":"cc.Asset"},{"__uuid__":"89WS7BedVMkYEPBCu/Yz5L@a486b","__expectedType__":"cc.Asset"},{"__uuid__":"89WS7BedVMkYEPBCu/Yz5L@d756e","__expectedType__":"cc.Asset"},{"__uuid__":"89WS7BedVMkYEPBCu/Yz5L@17bce","__expectedType__":"cc.Asset"},{"__uuid__":"89WS7BedVMkYEPBCu/Yz5L@a1885","__expectedType__":"cc.Asset"},{"__uuid__":"89WS7BedVMkYEPBCu/Yz5L@c3330","__expectedType__":"cc.Asset"},{"__uuid__":"89WS7BedVMkYEPBCu/Yz5L@adba7","__expectedType__":"cc.Asset"},{"__uuid__":"89WS7BedVMkYEPBCu/Yz5L@8a61b","__expectedType__":"cc.Asset"},{"__uuid__":"89WS7BedVMkYEPBCu/Yz5L@9e6c6","__expectedType__":"cc.Asset"}]},{"__type__":"cc.animation.VectorTrack","_binding":{"__type__":"cc.animation.TrackBinding","path":{"__id__":263},"proxy":null},"_channels":[{"__id__":265},{"__id__":267},{"__id__":269},{"__id__":271}],"_nComponents":3},{"__type__":"cc.animation.TrackPath","_paths":[{"__id__":264},"scale"]},{"__type__":"cc.animation.HierarchyPath","path":"Effects_c_00_5"},{"__type__":"cc.animation.Channel","_curve":{"__id__":266}},{"__type__":"cc.RealCurve","bytes":{"__type__":"TypedArrayRef","ctor":"Uint8Array","offset":1692,"length":30},"keyframeValueEditorExtras":[null,null]},{"__type__":"cc.animation.Channel","_curve":{"__id__":268}},{"__type__":"cc.RealCurve","bytes":{"__type__":"TypedArrayRef","ctor":"Uint8Array","offset":1722,"length":30},"keyframeValueEditorExtras":[null,null]},{"__type__":"cc.animation.Channel","_curve":{"__id__":270}},{"__type__":"cc.RealCurve","bytes":{"__type__":"TypedArrayRef","ctor":"Uint8Array","offset":1752,"length":6}},{"__type__":"cc.animation.Channel","_curve":{"__id__":272}},{"__type__":"cc.RealCurve","bytes":{"__type__":"TypedArrayRef","ctor":"Uint8Array","offset":1758,"length":6}},{"__type__":"cc.animation.VectorTrack","_binding":{"__type__":"cc.animation.TrackBinding","path":{"__id__":274},"proxy":null},"_channels":[{"__id__":276},{"__id__":278},{"__id__":280},{"__id__":282}],"_nComponents":3},{"__type__":"cc.animation.TrackPath","_paths":[{"__id__":275},"scale"]},{"__type__":"cc.animation.HierarchyPath","path":"Effects_c_00_5_0"},{"__type__":"cc.animation.Channel","_curve":{"__id__":277}},{"__type__":"cc.RealCurve","bytes":{"__type__":"TypedArrayRef","ctor":"Uint8Array","offset":1764,"length":30},"keyframeValueEditorExtras":[null,null]},{"__type__":"cc.animation.Channel","_curve":{"__id__":279}},{"__type__":"cc.RealCurve","bytes":{"__type__":"TypedArrayRef","ctor":"Uint8Array","offset":1794,"length":30},"keyframeValueEditorExtras":[null,null]},{"__type__":"cc.animation.Channel","_curve":{"__id__":281}},{"__type__":"cc.RealCurve","bytes":{"__type__":"TypedArrayRef","ctor":"Uint8Array","offset":1824,"length":6}},{"__type__":"cc.animation.Channel","_curve":{"__id__":283}},{"__type__":"cc.RealCurve","bytes":{"__type__":"TypedArrayRef","ctor":"Uint8Array","offset":1830,"length":6}},{"__type__":"cc.animation.VectorTrack","_binding":{"__type__":"cc.animation.TrackBinding","path":{"__id__":285},"proxy":null},"_channels":[{"__id__":287},{"__id__":289},{"__id__":291},{"__id__":293}],"_nComponents":3},{"__type__":"cc.animation.TrackPath","_paths":[{"__id__":286},"scale"]},{"__type__":"cc.animation.HierarchyPath","path":"Aperture_1_1"},{"__type__":"cc.animation.Channel","_curve":{"__id__":288}},{"__type__":"cc.RealCurve","bytes":{"__type__":"TypedArrayRef","ctor":"Uint8Array","offset":1836,"length":30},"keyframeValueEditorExtras":[null,null]},{"__type__":"cc.animation.Channel","_curve":{"__id__":290}},{"__type__":"cc.RealCurve","bytes":{"__type__":"TypedArrayRef","ctor":"Uint8Array","offset":1866,"length":30},"keyframeValueEditorExtras":[null,null]},{"__type__":"cc.animation.Channel","_curve":{"__id__":292}},{"__type__":"cc.RealCurve","bytes":{"__type__":"TypedArrayRef","ctor":"Uint8Array","offset":1896,"length":6}},{"__type__":"cc.animation.Channel","_curve":{"__id__":294}},{"__type__":"cc.RealCurve","bytes":{"__type__":"TypedArrayRef","ctor":"Uint8Array","offset":1902,"length":6}},{"__type__":"cc.animation.VectorTrack","_binding":{"__type__":"cc.animation.TrackBinding","path":{"__id__":296},"proxy":null},"_channels":[{"__id__":298},{"__id__":300},{"__id__":302},{"__id__":304}],"_nComponents":3},{"__type__":"cc.animation.TrackPath","_paths":[{"__id__":297},"scale"]},{"__type__":"cc.animation.HierarchyPath","path":"yxc_dz_1"},{"__type__":"cc.animation.Channel","_curve":{"__id__":299}},{"__type__":"cc.RealCurve","bytes":{"__type__":"TypedArrayRef","ctor":"Uint8Array","offset":1908,"length":78},"keyframeValueEditorExtras":[null,null,null,null,null,null]},{"__type__":"cc.animation.Channel","_curve":{"__id__":301}},{"__type__":"cc.RealCurve","bytes":{"__type__":"TypedArrayRef","ctor":"Uint8Array","offset":1986,"length":78},"keyframeValueEditorExtras":[null,null,null,null,null,null]},{"__type__":"cc.animation.Channel","_curve":{"__id__":303}},{"__type__":"cc.RealCurve","bytes":{"__type__":"TypedArrayRef","ctor":"Uint8Array","offset":2064,"length":6}},{"__type__":"cc.animation.Channel","_curve":{"__id__":305}},{"__type__":"cc.RealCurve","bytes":{"__type__":"TypedArrayRef","ctor":"Uint8Array","offset":2070,"length":6}},{"__type__":"cc.animation.VectorTrack","_binding":{"__type__":"cc.animation.TrackBinding","path":{"__id__":307},"proxy":null},"_channels":[{"__id__":309},{"__id__":311},{"__id__":313},{"__id__":315}],"_nComponents":3},{"__type__":"cc.animation.TrackPath","_paths":[{"__id__":308},"scale"]},{"__type__":"cc.animation.HierarchyPath","path":"yxc_dz_1_0"},{"__type__":"cc.animation.Channel","_curve":{"__id__":310}},{"__type__":"cc.RealCurve","bytes":{"__type__":"TypedArrayRef","ctor":"Uint8Array","offset":2076,"length":18},"keyframeValueEditorExtras":[null]},{"__type__":"cc.animation.Channel","_curve":{"__id__":312}},{"__type__":"cc.RealCurve","bytes":{"__type__":"TypedArrayRef","ctor":"Uint8Array","offset":2094,"length":18},"keyframeValueEditorExtras":[null]},{"__type__":"cc.animation.Channel","_curve":{"__id__":314}},{"__type__":"cc.RealCurve","bytes":{"__type__":"TypedArrayRef","ctor":"Uint8Array","offset":2112,"length":6}},{"__type__":"cc.animation.Channel","_curve":{"__id__":316}},{"__type__":"cc.RealCurve","bytes":{"__type__":"TypedArrayRef","ctor":"Uint8Array","offset":2118,"length":6}},{"__type__":"cc.animation.VectorTrack","_binding":{"__type__":"cc.animation.TrackBinding","path":{"__id__":318},"proxy":null},"_channels":[{"__id__":320},{"__id__":322},{"__id__":324},{"__id__":326}],"_nComponents":3},{"__type__":"cc.animation.TrackPath","_paths":[{"__id__":319},"scale"]},{"__type__":"cc.animation.HierarchyPath","path":"tx_ddz_2022_dizhubiaoji_faguang_00000_4"},{"__type__":"cc.animation.Channel","_curve":{"__id__":321}},{"__type__":"cc.RealCurve","bytes":{"__type__":"TypedArrayRef","ctor":"Uint8Array","offset":2124,"length":30},"keyframeValueEditorExtras":[null,null]},{"__type__":"cc.animation.Channel","_curve":{"__id__":323}},{"__type__":"cc.RealCurve","bytes":{"__type__":"TypedArrayRef","ctor":"Uint8Array","offset":2154,"length":30},"keyframeValueEditorExtras":[null,null]},{"__type__":"cc.animation.Channel","_curve":{"__id__":325}},{"__type__":"cc.RealCurve","bytes":{"__type__":"TypedArrayRef","ctor":"Uint8Array","offset":2184,"length":6}},{"__type__":"cc.animation.Channel","_curve":{"__id__":327}},{"__type__":"cc.RealCurve","bytes":{"__type__":"TypedArrayRef","ctor":"Uint8Array","offset":2190,"length":6}},{"__type__":"cc.animation.VectorTrack","_binding":{"__type__":"cc.animation.TrackBinding","path":{"__id__":329},"proxy":null},"_channels":[{"__id__":331},{"__id__":333},{"__id__":335},{"__id__":337}],"_nComponents":3},{"__type__":"cc.animation.TrackPath","_paths":[{"__id__":330},"scale"]},{"__type__":"cc.animation.HierarchyPath","path":"tx_ddz_2022_dizhubiaoji_lizi_00000_1"},{"__type__":"cc.animation.Channel","_curve":{"__id__":332}},{"__type__":"cc.RealCurve","bytes":{"__type__":"TypedArrayRef","ctor":"Uint8Array","offset":2196,"length":18},"keyframeValueEditorExtras":[null]},{"__type__":"cc.animation.Channel","_curve":{"__id__":334}},{"__type__":"cc.RealCurve","bytes":{"__type__":"TypedArrayRef","ctor":"Uint8Array","offset":2214,"length":18},"keyframeValueEditorExtras":[null]},{"__type__":"cc.animation.Channel","_curve":{"__id__":336}},{"__type__":"cc.RealCurve","bytes":{"__type__":"TypedArrayRef","ctor":"Uint8Array","offset":2232,"length":6}},{"__type__":"cc.animation.Channel","_curve":{"__id__":338}},{"__type__":"cc.RealCurve","bytes":{"__type__":"TypedArrayRef","ctor":"Uint8Array","offset":2238,"length":6}}],"chunks":[".bin"]}
