[1,["1705c67ed@6c48a"],["_textureSource"],["cc.SpriteFrame"],0,[[[{"name":"yxc_img_bqz","rect":{"x":3,"y":705,"width":157,"height":72},"offset":{"x":0.5,"y":0},"originalSize":{"width":300,"height":80},"rotated":false,"capInsets":[0,0,0,0],"packable":true,"pixelsToUnit":100,"pivot":{"x":0.5,"y":0.5},"meshType":0}],[0],0,[0],[0],[0]],[[{"name":"yxc_img_bjbz","rect":{"x":3,"y":82,"width":224,"height":73},"offset":{"x":0,"y":-0.5},"originalSize":{"width":300,"height":80},"rotated":false,"capInsets":[0,0,0,0],"packable":true,"pixelsToUnit":100,"pivot":{"x":0.5,"y":0.5},"meshType":0}],[0],0,[0],[0],[0]],[[{"name":"yxc_pz_sz_y","rect":{"x":3,"y":396,"width":199,"height":70},"offset":{"x":0,"y":0},"originalSize":{"width":199,"height":70},"rotated":false,"capInsets":[0,0,0,0],"packable":true,"pixelsToUnit":100,"pivot":{"x":0.5,"y":0.5},"meshType":0}],[0],0,[0],[0],[0]],[[{"name":"yxc_tb_dizhu","rect":{"x":208,"y":516,"width":75,"height":78},"offset":{"x":-0.5,"y":0},"originalSize":{"width":100,"height":100},"rotated":true,"capInsets":[0,0,0,0],"packable":true,"pixelsToUnit":100,"pivot":{"x":0.5,"y":0.5},"meshType":0}],[0],0,[0],[0],[0]],[[{"name":"yxc_img_qdzhu","rect":{"x":3,"y":161,"width":224,"height":72},"offset":{"x":0,"y":0},"originalSize":{"width":300,"height":80},"rotated":false,"capInsets":[0,0,0,0],"packable":true,"pixelsToUnit":100,"pivot":{"x":0.5,"y":0.5},"meshType":0}],[0],0,[0],[0],[0]],[[{"name":"yxc_img_bjz","rect":{"x":3,"y":548,"width":158,"height":72},"offset":{"x":0,"y":0},"originalSize":{"width":300,"height":80},"rotated":false,"capInsets":[0,0,0,0],"packable":true,"pixelsToUnit":100,"pivot":{"x":0.5,"y":0.5},"meshType":0}],[0],0,[0],[0],[0]],[[{"name":"yxc_img_cjjb","rect":{"x":3,"y":3,"width":293,"height":73},"offset":{"x":-0.5,"y":-0.5},"originalSize":{"width":300,"height":80},"rotated":false,"capInsets":[0,0,0,0],"packable":true,"pixelsToUnit":100,"pivot":{"x":0.5,"y":0.5},"meshType":0}],[0],0,[0],[0],[0]],[[{"name":"yxc_img_nmbz","rect":{"x":233,"y":185,"width":87,"height":59},"offset":{"x":0.5,"y":-2.5},"originalSize":{"width":100,"height":70},"rotated":true,"capInsets":[0,0,0,0],"packable":true,"pixelsToUnit":100,"pivot":{"x":0.5,"y":0.5},"meshType":0}],[0],0,[0],[0],[0]],[[{"name":"yxc_tb_nongming","rect":{"x":208,"y":434,"width":80,"height":76},"offset":{"x":0,"y":0},"originalSize":{"width":100,"height":100},"rotated":false,"capInsets":[0,0,0,0],"packable":true,"pixelsToUnit":100,"pivot":{"x":0.5,"y":0.5},"meshType":0}],[0],0,[0],[0],[0]],[[{"name":"yxc_img_jb","rect":{"x":3,"y":626,"width":157,"height":73},"offset":{"x":0.5,"y":-0.5},"originalSize":{"width":300,"height":80},"rotated":false,"capInsets":[0,0,0,0],"packable":true,"pixelsToUnit":100,"pivot":{"x":0.5,"y":0.5},"meshType":0}],[0],0,[0],[0],[0]],[[{"name":"yxc_lt_rw","rect":{"x":159,"y":917,"width":96,"height":93},"offset":{"x":0,"y":0.5},"originalSize":{"width":96,"height":94},"rotated":true,"capInsets":[45,40,31,36],"packable":true,"pixelsToUnit":100,"pivot":{"x":0.5,"y":0.5},"meshType":0}],[0],0,[0],[0],[0]],[[{"name":"yxc_xx_j","rect":{"x":167,"y":548,"width":34,"height":34},"offset":{"x":0,"y":0},"originalSize":{"width":50,"height":50},"rotated":false,"capInsets":[0,0,0,0],"packable":true,"pixelsToUnit":100,"pivot":{"x":0.5,"y":0.5},"meshType":0}],[0],0,[0],[0],[0]],[[{"name":"yxc_img_jdzz","rect":{"x":3,"y":318,"width":220,"height":72},"offset":{"x":0,"y":0},"originalSize":{"width":300,"height":80},"rotated":false,"capInsets":[0,0,0,0],"packable":true,"pixelsToUnit":100,"pivot":{"x":0.5,"y":0.5},"meshType":0}],[0],0,[0],[0],[0]],[[{"name":"yxc_img_dzbz","rect":{"x":232,"y":278,"width":86,"height":59},"offset":{"x":-1,"y":-1.5},"originalSize":{"width":100,"height":70},"rotated":true,"capInsets":[0,0,0,0],"packable":true,"pixelsToUnit":100,"pivot":{"x":0.5,"y":0.5},"meshType":0}],[0],0,[0],[0],[0]],[[{"name":"yxc_xx","rect":{"x":167,"y":597,"width":314,"height":99},"offset":{"x":0,"y":0.5},"originalSize":{"width":314,"height":100},"rotated":true,"capInsets":[0,0,0,0],"packable":true,"pixelsToUnit":100,"pivot":{"x":0.5,"y":0.5},"meshType":0}],[0],0,[0],[0],[0]],[[{"name":"yxc_img_mpz","rect":{"x":3,"y":861,"width":150,"height":138},"offset":{"x":0,"y":0},"originalSize":{"width":150,"height":138},"rotated":false,"capInsets":[0,0,0,0],"packable":true,"pixelsToUnit":100,"pivot":{"x":0.5,"y":0.5},"meshType":0}],[0],0,[0],[0],[0]],[[{"name":"yxc_img_bc","rect":{"x":3,"y":783,"width":154,"height":72},"offset":{"x":0,"y":0},"originalSize":{"width":300,"height":80},"rotated":false,"capInsets":[0,0,0,0],"packable":true,"pixelsToUnit":100,"pivot":{"x":0.5,"y":0.5},"meshType":0}],[0],0,[0],[0],[0]],[[{"name":"yxc_tg","rect":{"x":233,"y":82,"width":62,"height":97},"offset":{"x":0,"y":0.5},"originalSize":{"width":62,"height":98},"rotated":false,"capInsets":[0,0,0,0],"packable":true,"pixelsToUnit":100,"pivot":{"x":0.5,"y":0.5},"meshType":0}],[0],0,[0],[0],[0]],[[{"name":"DDZ_jindi","rect":{"x":229,"y":370,"width":58,"height":65},"offset":{"x":0,"y":0.5},"originalSize":{"width":60,"height":66},"rotated":true,"capInsets":[0,0,0,0],"packable":true,"pixelsToUnit":100,"pivot":{"x":0.5,"y":0.5},"meshType":0}],[0],0,[0],[0],[0]],[[{"name":"yxc_img_ybqi","rect":{"x":3,"y":239,"width":223,"height":73},"offset":{"x":0.5,"y":-0.5},"originalSize":{"width":300,"height":80},"rotated":false,"capInsets":[0,0,0,0],"packable":true,"pixelsToUnit":100,"pivot":{"x":0.5,"y":0.5},"meshType":0}],[0],0,[0],[0],[0]],[[{"name":"yxc_pz_sz_s","rect":{"x":3,"y":472,"width":199,"height":70},"offset":{"x":0,"y":0},"originalSize":{"width":199,"height":70},"rotated":false,"capInsets":[0,0,0,0],"packable":true,"pixelsToUnit":100,"pivot":{"x":0.5,"y":0.5},"meshType":0}],[0],0,[0],[0],[0]]]]
