[1,["215Ap8kBlFBbdZ8p5dMKUl@6c48a","215Ap8kBlFBbdZ8p5dMKUl@f9941"],["_textureSource","spriteFrame"],["cc.SpriteFrame",["cc.BitmapFont",["_name","fontSize","fntConfig"],0]],[[1,0,1,2,4]],[[[{"name":"fonts_settlement_1","rect":{"x":0,"y":0,"width":180,"height":219},"offset":{"x":-38,"y":18.5},"originalSize":{"width":256,"height":256},"rotated":false,"capInsets":[0,0,0,0],"vertices":{"rawPosition":[-90,-109.5,0,90,-109.5,0,-90,109.5,0,90,109.5,0],"indexes":[0,1,2,2,1,3],"uv":[0,256,180,256,0,37,180,37],"nuv":[0,0.14453125,0.703125,0.14453125,0,1,0.703125,1],"minPos":{"x":-90,"y":-109.5,"z":0},"maxPos":{"x":90,"y":109.5,"z":0}},"packable":true,"pixelsToUnit":100,"pivot":{"x":0.5,"y":0.5},"meshType":0}],[0],0,[0],[0],[0]],[[[0,"fonts_settlement_1",32,{"commonHeight":70,"fontSize":32,"atlasName":"fonts_settlement_1.png","fontDefDictionary":{"9":{"xOffset":0,"yOffset":0,"xAdvance":160,"rect":{"x":0,"y":0,"width":0,"height":0}},"32":{"xOffset":0,"yOffset":0,"xAdvance":20,"rect":{"x":0,"y":0,"width":0,"height":0}},"48":{"xOffset":0,"yOffset":16,"xAdvance":44,"rect":{"x":100,"y":0,"width":43,"height":54}},"49":{"xOffset":0,"yOffset":16,"xAdvance":28,"rect":{"x":144,"y":0,"width":27,"height":54}},"50":{"xOffset":0,"yOffset":16,"xAdvance":40,"rect":{"x":139,"y":165,"width":39,"height":54}},"51":{"xOffset":0,"yOffset":16,"xAdvance":42,"rect":{"x":139,"y":55,"width":41,"height":54}},"52":{"xOffset":0,"yOffset":16,"xAdvance":44,"rect":{"x":56,"y":0,"width":43,"height":54}},"53":{"xOffset":0,"yOffset":16,"xAdvance":41,"rect":{"x":139,"y":110,"width":40,"height":54}},"54":{"xOffset":0,"yOffset":16,"xAdvance":42,"rect":{"x":55,"y":163,"width":41,"height":54}},"55":{"xOffset":0,"yOffset":16,"xAdvance":42,"rect":{"x":55,"y":108,"width":41,"height":54}},"56":{"xOffset":0,"yOffset":16,"xAdvance":42,"rect":{"x":97,"y":108,"width":41,"height":54}},"57":{"xOffset":0,"yOffset":16,"xAdvance":42,"rect":{"x":97,"y":163,"width":41,"height":54}},"20877":{"xOffset":0,"yOffset":17,"xAdvance":55,"rect":{"x":0,"y":165,"width":54,"height":52}},"22870":{"xOffset":0,"yOffset":15,"xAdvance":55,"rect":{"x":0,"y":55,"width":54,"height":54}},"23616":{"xOffset":0,"yOffset":17,"xAdvance":54,"rect":{"x":55,"y":55,"width":53,"height":52}},"25277":{"xOffset":0,"yOffset":15,"xAdvance":55,"rect":{"x":0,"y":110,"width":54,"height":54}},"36194":{"xOffset":0,"yOffset":15,"xAdvance":56,"rect":{"x":0,"y":0,"width":55,"height":54}}},"kerningDict":{}}]],0,0,[0],[1],[1]]]]
