[1,["37NUsTV39CUJpdALSnlx/j@6c48a","5aY1EnWINIIKtP7V4Ku7er","7dj5uJT9FMn6OrOOx83tfK@f9941","68b39dNv5PqZAXbT9CCCE5@70a0e","68b39dNv5PqZAXbT9CCCE5@a727d","68b39dNv5PqZAXbT9CCCE5@564e1","68b39dNv5PqZAXbT9CCCE5@2b4a8","68b39dNv5PqZAXbT9CCCE5@1f990","68b39dNv5PqZAXbT9CCCE5@e46f3","68b39dNv5PqZAXbT9CCCE5@d5521","68b39dNv5PqZAXbT9CCCE5@edad9","68b39dNv5PqZAXbT9CCCE5@2a324","68b39dNv5PqZAXbT9CCCE5@25d78","68b39dNv5PqZAXbT9CCCE5@72ad7","68b39dNv5PqZAXbT9CCCE5@e9dd3","68b39dNv5PqZAXbT9CCCE5@bd846","68b39dNv5PqZAXbT9CCCE5@6b249","afzyNRs5VHUrMWWUzXc6db"],["node","_textureSource","_spriteFrame","_customMaterial","root","data","_parent"],["cc.SpriteFrame",["cc.Node",["_name","_layer","_components","_prefab","_parent","_lpos","_children","_lrot","_euler","_lscale"],1,9,4,1,5,2,5,5,5],["cc.Sprite",["_sizeMode","_isTrimmedMode","_dstBlendFactor","node","__prefab","_spriteFrame","_customMaterial","_color"],0,1,4,6,6,5],["cc.UIOpacity",["_opacity","node","__prefab"],2,1,4],["cc.UITransform",["node","__prefab","_contentSize","_anchorPoint"],3,1,4,5,5],"cc.SpriteAtlas",["cc.Prefab",["_name"],2],["cc.Animation",["node","__prefab","_clips"],3,1,4,3],["cc.CompPrefabInfo",["fileId"],2],["cc.PrefabInfo",["fileId","instance","targetOverrides","nestedPrefabInstanceRoots","root","asset"],-1,1,1],["cc.Widget",["_alignFlags","node","__prefab"],2,1,4],["cc.BlockInputEvents",["node","__prefab"],3,1,4]],[[8,0,2],[9,0,1,2,3,4,5,5],[3,1,2,1],[4,0,1,2,1],[2,0,1,3,4,6,5,3],[1,0,1,4,2,3,5,9,3],[4,0,1,2,3,1],[1,0,1,4,2,3,5,3],[3,0,1,2,2],[1,0,1,4,6,2,3,3],[10,0,1,2,2],[2,2,0,1,3,4,6,5,4],[1,0,1,6,2,3,3],[1,0,1,4,2,3,3],[11,0,1,1],[2,0,1,3,4,7,5,3],[6,0,2],[1,0,1,4,2,3,5,7,8,3],[1,0,1,4,2,3,5,7,9,8,3],[7,0,1,2,1],[2,2,0,1,3,4,7,6,5,4]],[[[{"name":"2022sl_1","spriteFrames":["2022sl_g1","68b39dNv5PqZAXbT9CCCE5@564e1","sl_dz_shenti","68b39dNv5PqZAXbT9CCCE5@4db6d","sl_dz_tou","68b39dNv5PqZAXbT9CCCE5@2f846","sl_dz_youshou","68b39dNv5PqZAXbT9CCCE5@b7697","sl_dz_zuoshou","68b39dNv5PqZAXbT9CCCE5@779e3","sl_dzsl","68b39dNv5PqZAXbT9CCCE5@6cb7e","sl_nm_shenti","68b39dNv5PqZAXbT9CCCE5@2a324","sl_nm_tou","68b39dNv5PqZAXbT9CCCE5@25d78","sl_nm_youshou","68b39dNv5PqZAXbT9CCCE5@edad9","sl_nm_zuoshou","68b39dNv5PqZAXbT9CCCE5@72ad7","sl_nmsl","68b39dNv5PqZAXbT9CCCE5@e9dd3","sl_piaodai_L","68b39dNv5PqZAXbT9CCCE5@2b4a8","sl_piaodai_R","68b39dNv5PqZAXbT9CCCE5@1f990","sl_wenziditu","68b39dNv5PqZAXbT9CCCE5@5ab7f","sl_yuanquan","68b39dNv5PqZAXbT9CCCE5@70a0e","sl_yun_L","68b39dNv5PqZAXbT9CCCE5@e46f3","sl_yun_R","68b39dNv5PqZAXbT9CCCE5@d5521","tongyong_yuanguang","68b39dNv5PqZAXbT9CCCE5@a727d","tx_new_jinji3","68b39dNv5PqZAXbT9CCCE5@6b249","tx_new_jinji_00005","68b39dNv5PqZAXbT9CCCE5@cb973","tx_new_jinji_00006","68b39dNv5PqZAXbT9CCCE5@21853","tx_new_jinji_00007","68b39dNv5PqZAXbT9CCCE5@d2015","tx_new_jinji_00008","68b39dNv5PqZAXbT9CCCE5@99f3e","tx_new_jinji_00009","68b39dNv5PqZAXbT9CCCE5@ffa7d","tx_new_jinji_00010","68b39dNv5PqZAXbT9CCCE5@02325","tx_new_jinji_00011","68b39dNv5PqZAXbT9CCCE5@fcc03","tx_new_jinji_00012","68b39dNv5PqZAXbT9CCCE5@32db6","tx_new_jinji_00013","68b39dNv5PqZAXbT9CCCE5@bd846"]}],[5],0,[],[],[]],[[{"name":"tx_new_jinji_00010","rect":{"x":2,"y":1623,"width":330,"height":328},"offset":{"x":-3,"y":-5},"originalSize":{"width":500,"height":400},"rotated":false,"capInsets":[0,0,0,0],"vertices":{"rawPosition":[],"indexes":[],"uv":[],"nuv":[],"minPos":{"x":0,"y":0,"z":0},"maxPos":{"x":0,"y":0,"z":0}},"packable":true,"pixelsToUnit":100,"pivot":{"x":0.5,"y":0.5},"meshType":0}],[0],0,[0],[1],[0]],[[{"name":"sl_piaodai_R","rect":{"x":344,"y":1269,"width":372,"height":160},"offset":{"x":0,"y":0},"originalSize":{"width":372,"height":160},"rotated":true,"capInsets":[0,0,0,0],"vertices":{"rawPosition":[],"indexes":[],"uv":[],"nuv":[],"minPos":{"x":0,"y":0,"z":0},"maxPos":{"x":0,"y":0,"z":0}},"packable":true,"pixelsToUnit":100,"pivot":{"x":0.5,"y":0.5},"meshType":0}],[0],0,[0],[1],[0]],[[{"name":"tx_new_jinji_00006","rect":{"x":2,"y":839,"width":428,"height":372},"offset":{"x":10,"y":-8},"originalSize":{"width":500,"height":400},"rotated":true,"capInsets":[0,0,0,0],"vertices":{"rawPosition":[],"indexes":[],"uv":[],"nuv":[],"minPos":{"x":0,"y":0,"z":0},"maxPos":{"x":0,"y":0,"z":0}},"packable":true,"pixelsToUnit":100,"pivot":{"x":0.5,"y":0.5},"meshType":0}],[0],0,[0],[1],[0]],[[{"name":"sl_nm_tou","rect":{"x":650,"y":1698,"width":188,"height":162},"offset":{"x":0,"y":0},"originalSize":{"width":188,"height":162},"rotated":false,"capInsets":[0,0,0,0],"vertices":{"rawPosition":[],"indexes":[],"uv":[],"nuv":[],"minPos":{"x":0,"y":0,"z":0},"maxPos":{"x":0,"y":0,"z":0}},"packable":true,"pixelsToUnit":100,"pivot":{"x":0.5,"y":0.5},"meshType":0}],[0],0,[0],[1],[0]],[[{"name":"sl_nm_shenti","rect":{"x":851,"y":1686,"width":120,"height":158},"offset":{"x":0,"y":0},"originalSize":{"width":120,"height":158},"rotated":true,"capInsets":[0,0,0,0],"vertices":{"rawPosition":[],"indexes":[],"uv":[],"nuv":[],"minPos":{"x":0,"y":0,"z":0},"maxPos":{"x":0,"y":0,"z":0}},"packable":true,"pixelsToUnit":100,"pivot":{"x":0.5,"y":0.5},"meshType":0}],[0],0,[0],[1],[0]],[[{"name":"sl_piaodai_L","rect":{"x":830,"y":844,"width":372,"height":160},"offset":{"x":0,"y":0},"originalSize":{"width":372,"height":160},"rotated":true,"capInsets":[0,0,0,0],"vertices":{"rawPosition":[],"indexes":[],"uv":[],"nuv":[],"minPos":{"x":0,"y":0,"z":0},"maxPos":{"x":0,"y":0,"z":0}},"packable":true,"pixelsToUnit":100,"pivot":{"x":0.5,"y":0.5},"meshType":0}],[0],0,[0],[1],[0]],[[{"name":"sl_dz_tou","rect":{"x":851,"y":1518,"width":168,"height":166},"offset":{"x":0,"y":0},"originalSize":{"width":168,"height":166},"rotated":false,"capInsets":[0,0,0,0],"vertices":{"rawPosition":[],"indexes":[],"uv":[],"nuv":[],"minPos":{"x":0,"y":0,"z":0},"maxPos":{"x":0,"y":0,"z":0}},"packable":true,"pixelsToUnit":100,"pivot":{"x":0.5,"y":0.5},"meshType":0}],[0],0,[0],[1],[0]],[[{"name":"tx_new_jinji_00012","rect":{"x":506,"y":1244,"width":238,"height":206},"offset":{"x":19,"y":20},"originalSize":{"width":500,"height":400},"rotated":true,"capInsets":[0,0,0,0],"vertices":{"rawPosition":[],"indexes":[],"uv":[],"nuv":[],"minPos":{"x":0,"y":0,"z":0},"maxPos":{"x":0,"y":0,"z":0}},"packable":true,"pixelsToUnit":100,"pivot":{"x":0.5,"y":0.5},"meshType":0}],[0],0,[0],[1],[0]],[[{"name":"sl_dz_shenti","rect":{"x":506,"y":1484,"width":149,"height":139},"offset":{"x":-1,"y":-8},"originalSize":{"width":179,"height":155},"rotated":false,"capInsets":[0,0,0,0],"vertices":{"rawPosition":[],"indexes":[],"uv":[],"nuv":[],"minPos":{"x":0,"y":0,"z":0},"maxPos":{"x":0,"y":0,"z":0}},"packable":true,"pixelsToUnit":100,"pivot":{"x":0.5,"y":0.5},"meshType":0}],[0],0,[0],[1],[0]],[[{"name":"2022sl_g1","rect":{"x":657,"y":1518,"width":192,"height":178},"offset":{"x":0,"y":-7},"originalSize":{"width":232,"height":232},"rotated":false,"capInsets":[0,0,0,0],"vertices":{"rawPosition":[],"indexes":[],"uv":[],"nuv":[],"minPos":{"x":0,"y":0,"z":0},"maxPos":{"x":0,"y":0,"z":0}},"packable":true,"pixelsToUnit":100,"pivot":{"x":0.5,"y":0.5},"meshType":0}],[0],0,[0],[1],[0]],[[{"name":"sl_wenziditu","rect":{"x":472,"y":370,"width":482,"height":154},"offset":{"x":0,"y":0},"originalSize":{"width":482,"height":154},"rotated":false,"capInsets":[0,0,0,0],"vertices":{"rawPosition":[],"indexes":[],"uv":[],"nuv":[],"minPos":{"x":0,"y":0,"z":0},"maxPos":{"x":0,"y":0,"z":0}},"packable":true,"pixelsToUnit":100,"pivot":{"x":0.5,"y":0.5},"meshType":0}],[0],0,[0],[1],[0]],[[{"name":"tx_new_jinji3","rect":{"x":822,"y":526,"width":316,"height":194},"offset":{"x":1,"y":3},"originalSize":{"width":350,"height":200},"rotated":true,"capInsets":[0,0,0,0],"vertices":{"rawPosition":[],"indexes":[],"uv":[],"nuv":[],"minPos":{"x":0,"y":0,"z":0},"maxPos":{"x":0,"y":0,"z":0}},"packable":true,"pixelsToUnit":100,"pivot":{"x":0.5,"y":0.5},"meshType":0}],[0],0,[0],[1],[0]],[[{"name":"sl_dzsl","rect":{"x":424,"y":790,"width":382,"height":106},"offset":{"x":-1,"y":0},"originalSize":{"width":472,"height":144},"rotated":false,"capInsets":[0,0,0,0],"vertices":{"rawPosition":[],"indexes":[],"uv":[],"nuv":[],"minPos":{"x":0,"y":0,"z":0},"maxPos":{"x":0,"y":0,"z":0}},"packable":true,"pixelsToUnit":100,"pivot":{"x":0.5,"y":0.5},"meshType":0}],[0],0,[0],[1],[0]],[[{"name":"sl_yuanquan","rect":{"x":424,"y":526,"width":396,"height":262},"offset":{"x":0,"y":0},"originalSize":{"width":396,"height":262},"rotated":false,"capInsets":[0,0,0,0],"vertices":{"rawPosition":[],"indexes":[],"uv":[],"nuv":[],"minPos":{"x":0,"y":0,"z":0},"maxPos":{"x":0,"y":0,"z":0}},"packable":true,"pixelsToUnit":100,"pivot":{"x":0.5,"y":0.5},"meshType":0}],[0],0,[0],[1],[0]],[[{"name":"sl_nm_zuoshou","rect":{"x":912,"y":1317,"width":83,"height":86},"offset":{"x":0,"y":0},"originalSize":{"width":83,"height":86},"rotated":false,"capInsets":[0,0,0,0],"vertices":{"rawPosition":[],"indexes":[],"uv":[],"nuv":[],"minPos":{"x":0,"y":0,"z":0},"maxPos":{"x":0,"y":0,"z":0}},"packable":true,"pixelsToUnit":100,"pivot":{"x":0.5,"y":0.5},"meshType":0}],[0],0,[0],[1],[0]],[[{"name":"sl_dz_zuoshou","rect":{"x":912,"y":1218,"width":97,"height":107},"offset":{"x":0,"y":0},"originalSize":{"width":97,"height":107},"rotated":true,"capInsets":[0,0,0,0],"vertices":{"rawPosition":[],"indexes":[],"uv":[],"nuv":[],"minPos":{"x":0,"y":0,"z":0},"maxPos":{"x":0,"y":0,"z":0}},"packable":true,"pixelsToUnit":100,"pivot":{"x":0.5,"y":0.5},"meshType":0}],[0],0,[0],[1],[0]],[[{"name":"tx_new_jinji_00008","rect":{"x":2,"y":1269,"width":340,"height":352},"offset":{"x":0,"y":5},"originalSize":{"width":500,"height":400},"rotated":false,"capInsets":[0,0,0,0],"vertices":{"rawPosition":[],"indexes":[],"uv":[],"nuv":[],"minPos":{"x":0,"y":0,"z":0},"maxPos":{"x":0,"y":0,"z":0}},"packable":true,"pixelsToUnit":100,"pivot":{"x":0.5,"y":0.5},"meshType":0}],[0],0,[0],[1],[0]],[[{"name":"tongyong_yuanguang","rect":{"x":2,"y":404,"width":420,"height":433},"offset":{"x":0,"y":0},"originalSize":{"width":420,"height":433},"rotated":false,"capInsets":[0,0,0,0],"vertices":{"rawPosition":[],"indexes":[],"uv":[],"nuv":[],"minPos":{"x":0,"y":0,"z":0},"maxPos":{"x":0,"y":0,"z":0}},"packable":true,"pixelsToUnit":100,"pivot":{"x":0.5,"y":0.5},"meshType":0}],[0],0,[0],[1],[0]],[[{"name":"sl_dz_youshou","rect":{"x":650,"y":1862,"width":78,"height":123},"offset":{"x":0,"y":0},"originalSize":{"width":78,"height":123},"rotated":true,"capInsets":[0,0,0,0],"vertices":{"rawPosition":[],"indexes":[],"uv":[],"nuv":[],"minPos":{"x":0,"y":0,"z":0},"maxPos":{"x":0,"y":0,"z":0}},"packable":true,"pixelsToUnit":100,"pivot":{"x":0.5,"y":0.5},"meshType":0}],[0],0,[0],[1],[0]],[[{"name":"tx_new_jinji_00013","rect":{"x":714,"y":1282,"width":234,"height":196},"offset":{"x":13,"y":17},"originalSize":{"width":500,"height":400},"rotated":true,"capInsets":[0,0,0,0],"vertices":{"rawPosition":[],"indexes":[],"uv":[],"nuv":[],"minPos":{"x":0,"y":0,"z":0},"maxPos":{"x":0,"y":0,"z":0}},"packable":true,"pixelsToUnit":100,"pivot":{"x":0.5,"y":0.5},"meshType":0}],[0],0,[0],[1],[0]],[[{"name":"tx_new_jinji_00005","rect":{"x":2,"y":2,"width":468,"height":400},"offset":{"x":-9,"y":0},"originalSize":{"width":500,"height":400},"rotated":false,"capInsets":[0,0,0,0],"vertices":{"rawPosition":[],"indexes":[],"uv":[],"nuv":[],"minPos":{"x":0,"y":0,"z":0},"maxPos":{"x":0,"y":0,"z":0}},"packable":true,"pixelsToUnit":100,"pivot":{"x":0.5,"y":0.5},"meshType":0}],[0],0,[0],[1],[0]],[[{"name":"tx_new_jinji_00007","rect":{"x":472,"y":2,"width":472,"height":366},"offset":{"x":-6,"y":-4},"originalSize":{"width":500,"height":400},"rotated":false,"capInsets":[0,0,0,0],"vertices":{"rawPosition":[],"indexes":[],"uv":[],"nuv":[],"minPos":{"x":0,"y":0,"z":0},"maxPos":{"x":0,"y":0,"z":0}},"packable":true,"pixelsToUnit":100,"pivot":{"x":0.5,"y":0.5},"meshType":0}],[0],0,[0],[1],[0]],[[{"name":"sl_yun_R","rect":{"x":946,"y":164,"width":133,"height":54},"offset":{"x":0,"y":0},"originalSize":{"width":133,"height":54},"rotated":true,"capInsets":[0,0,0,0],"vertices":{"rawPosition":[],"indexes":[],"uv":[],"nuv":[],"minPos":{"x":0,"y":0,"z":0},"maxPos":{"x":0,"y":0,"z":0}},"packable":true,"pixelsToUnit":100,"pivot":{"x":0.5,"y":0.5},"meshType":0}],[0],0,[0],[1],[0]],[[{"name":"sl_yun_L","rect":{"x":946,"y":2,"width":160,"height":60},"offset":{"x":0,"y":0},"originalSize":{"width":160,"height":60},"rotated":true,"capInsets":[0,0,0,0],"vertices":{"rawPosition":[],"indexes":[],"uv":[],"nuv":[],"minPos":{"x":0,"y":0,"z":0},"maxPos":{"x":0,"y":0,"z":0}},"packable":true,"pixelsToUnit":100,"pivot":{"x":0.5,"y":0.5},"meshType":0}],[0],0,[0],[1],[0]],[[{"name":"sl_nmsl","rect":{"x":716,"y":898,"width":382,"height":112},"offset":{"x":-1,"y":1},"originalSize":{"width":472,"height":144},"rotated":true,"capInsets":[0,0,0,0],"vertices":{"rawPosition":[],"indexes":[],"uv":[],"nuv":[],"minPos":{"x":0,"y":0,"z":0},"maxPos":{"x":0,"y":0,"z":0}},"packable":true,"pixelsToUnit":100,"pivot":{"x":0.5,"y":0.5},"meshType":0}],[0],0,[0],[1],[0]],[[{"name":"sl_nm_youshou","rect":{"x":830,"y":1218,"width":53,"height":54},"offset":{"x":0,"y":0},"originalSize":{"width":53,"height":54},"rotated":false,"capInsets":[0,0,0,0],"vertices":{"rawPosition":[],"indexes":[],"uv":[],"nuv":[],"minPos":{"x":0,"y":0,"z":0},"maxPos":{"x":0,"y":0,"z":0}},"packable":true,"pixelsToUnit":100,"pivot":{"x":0.5,"y":0.5},"meshType":0}],[0],0,[0],[1],[0]],[[{"name":"tx_new_jinji_00011","rect":{"x":334,"y":1643,"width":314,"height":304},"offset":{"x":-2,"y":-11},"originalSize":{"width":500,"height":400},"rotated":false,"capInsets":[0,0,0,0],"vertices":{"rawPosition":[],"indexes":[],"uv":[],"nuv":[],"minPos":{"x":0,"y":0,"z":0},"maxPos":{"x":0,"y":0,"z":0}},"packable":true,"pixelsToUnit":100,"pivot":{"x":0.5,"y":0.5},"meshType":0}],[0],0,[0],[1],[0]],[[{"name":"tx_new_jinji_00009","rect":{"x":376,"y":898,"width":338,"height":344},"offset":{"x":0,"y":2},"originalSize":{"width":500,"height":400},"rotated":false,"capInsets":[0,0,0,0],"vertices":{"rawPosition":[],"indexes":[],"uv":[],"nuv":[],"minPos":{"x":0,"y":0,"z":0},"maxPos":{"x":0,"y":0,"z":0}},"packable":true,"pixelsToUnit":100,"pivot":{"x":0.5,"y":0.5},"meshType":0}],[0],0,[0],[1],[0]],[[[16,"node_famer_win"],[12,"node_famer_win",33554432,[-5],[[19,-2,[0,"6euryz9+9JBp0Hnk7s4b+0"],[30]],[2,-3,[0,"746LKoDRFLOJYDfR6FFoxk"]],[3,-4,[0,"cb/+28BTdID437A4Xv7fkN"],[5,0,0]]],[1,"d1k7HvQ21L/r06DMHGsNgl",null,null,null,-1,0]],[12,"Node_2",33554432,[-9,-10,-11,-12,-13,-14,-15,-16,-17,-18,-19],[[10,45,-6,[0,"01rDIujslHt7+ZMt0dtj+U"]],[2,-7,[0,"a9P+O4fntAd5fzKcvFK0JW"]],[6,-8,[0,"28YyuoCMJLTI+v1Gnt3vCF"],[5,0,0],[0,0,0]]],[1,"bb3qnl2XBKCYEPAfyhkcA+",null,null,null,1,0]],[9,"Layout",33554432,1,[-23,-24,2],[[14,-20,[0,"70bkuh+dZEIb3nz8jQrwfQ"]],[2,-21,[0,"b0yLn2O1hGlr2neOz6CFwO"]],[3,-22,[0,"baSwHtGl9AzYdTjoVa/qK+"],[5,0,0]]],[1,"6ff6xWEnBPJ6MOXmKYl6uB",null,null,null,1,0]],[9,"Node_1",33554432,2,[-27,-28,-29,-30],[[2,-25,[0,"6adss619NDVYbsbbVbC27u"]],[6,-26,[0,"cenEYpIqxHALSKDyEpWIOO"],[5,0,0],[0,0,0]]],[1,"1fAaJDLo9O9pC1aEIFR6m6",null,null,null,1,0]],[13,"background",33554432,3,[[15,0,false,-31,[0,"e1yFQCIE1MLJFbB6Fb2eQC"],[4,4294953110],0],[10,18,-32,[0,"d6hTV5Jy9AIojNSNWEIDzK"]],[8,0,-33,[0,"9fN6djAPZJmbkBnlUGU2Yj"]],[3,-34,[0,"eeepJG0LRBiZkZ1w21f+Si"],[5,0,0]]],[1,"4ezFX9z/9HaZDF01V0fSjR",null,null,null,1,0]],[9,"LayoutMask",33554432,3,[-38],[[14,-35,[0,"9fWMF/o7lDSo96bvCZkith"]],[2,-36,[0,"03nocBMLhNgZE+53Wnq+yr"]],[3,-37,[0,"b05tyUPRdCeK8VZTYkqfY0"],[5,2400,1080]]],[1,"0cHWC5h0dFnbtpOVW0PHXL",null,null,null,1,0]],[13,"background",33554432,6,[[15,0,false,-39,[0,"41iZMf/BtA4Zzd5HMBu4fN"],[4,4278190080],1],[10,18,-40,[0,"d0/wQ3LfFLOotsGs6MRpmV"]],[8,102,-41,[0,"8f+Mer23FDuaTutUuM42gA"]],[3,-42,[0,"c0tgXRpk9LFZGw6lbTbukP"],[5,2400,1080]]],[1,"92lb9s1fRH45zUOQlUCZRw",null,null,null,1,0]],[17,"sl_yuanquan_5",33554432,2,[[4,2,false,-43,[0,"7aYfbVB1dG7InP40RbnA1B"],2,3],[2,-44,[0,"bbmanHQFBCqIOQUopsGzqq"]],[6,-45,[0,"01qHqUtyhBnLRjdHWM3aMv"],[5,396,262],[0,0.5,0]]],[1,"3cN7ItcbZH+5rOYS+ceHvw",null,null,null,1,0],[1,0,-42.6497,0],[3,0,-0.000009599310885821388,0,0.9999999999539266],[1,0,-0.0011,0]],[5,"tongyong_yuanguang_17",33554432,2,[[20,1,2,false,-46,[0,"5eCnC965dHZp1IbIhrqGWK"],[4,4278232575],4,5],[8,0,-47,[0,"aaBmqcD0BHKqb4VUrmUdiE"]],[3,-48,[0,"78TG6PBoRClbj2dSQE+Rbk"],[5,420,433]]],[1,"11qfHeLehFfZLJIbv+lj+T",null,null,null,1,0],[1,9.351,9.7173,0],[1,2.621,1.4334,1]],[18,"Sprite_15",33554432,2,[[11,1,2,false,-49,[0,"1cEO7oPKpFZpw3ruh7BJi/"],6,7],[8,0,-50,[0,"ad7roP351CZIO75wvp4hjJ"]],[3,-51,[0,"9cEPBcidtIb5pZtXe8Zxi4"],[5,232,232]]],[1,"3b2oMt4eZHZIlG2DR5kM5x",null,null,null,1,0],[1,-1.4482,31.9811,0],[3,0,0,0.03772332034301349,0.9992882222373575],[1,2.3191,2.3191,1],[1,0,0,4.3238]],[5,"sl_piaodai_L_2",33554432,2,[[4,2,false,-52,[0,"985ApqZJ5GD7cNtEk4JuLm"],8,9],[2,-53,[0,"67xpKwGIFDeLKcAiPXQ85P"]],[6,-54,[0,"8777Wr5KJFh4j6AwDmlHbf"],[5,372,160],[0,1,0]]],[1,"06h3NSMnNF5KbtrTzsFD+Z",null,null,null,1,0],[1,-0.425,-65.2189,0],[1,1.0978,1.0978,1]],[5,"sl_piaodai_R_3",33554432,2,[[4,2,false,-55,[0,"3cVseJppNADatBcYQ9XutW"],10,11],[2,-56,[0,"73cJqlOKJJdLiSw7gf4cce"]],[6,-57,[0,"73+vn/Qt1CS5pjGTJHojSJ"],[5,372,160],[0,0,0]]],[1,"e3qqrUm/FFMYl6eS/5i0kd",null,null,null,1,0],[1,-0.5462,-65.0659,0],[1,1.0978,1.0978,1]],[5,"sl_yun_L_6",33554432,2,[[4,2,false,-58,[0,"0dgtEvz9ZBYodx8Z7/Rk6A"],12,13],[2,-59,[0,"78pZak7qVM5r4UriH3Yd8o"]],[6,-60,[0,"8059P41o9OB6MrMhrOcXmk"],[5,160,60],[0,1,0.5]]],[1,"87BByLsZRB9ZyD5/ks3DMk",null,null,null,1,0],[1,-154.2706,-0.3965,0],[1,1.0975,1.0975,1]],[5,"sl_yun_R_7",33554432,2,[[4,2,false,-61,[0,"aenL3xyNdBiqBppjh1zC9l"],14,15],[2,-62,[0,"8bsUZxkSJJTp6BnhFIlp9P"]],[6,-63,[0,"64zG3jBpJKJaFXRe5OH6R2"],[5,133,54],[0,0,0.5]]],[1,"f1mHbydAZOb6cOPvVJvvAT",null,null,null,1,0],[1,182.0611,-19.7074,0],[1,1.0975,1.0975,1]],[7,"sl_nm_youshou_3",33554432,4,[[4,2,false,-64,[0,"23r/17eV1CyZSDNYybIcda"],16,17],[2,-65,[0,"ddCo30oclLV411L2+wWHS6"]],[3,-66,[0,"20SlTsUl5LRb9rlGTHNfuM"],[5,53,54]]],[1,"15AKqXoSFCkKTm7yId8rBp",null,null,null,1,0],[1,41.6465,96.8941,0]],[7,"sl_nm_shenti_2",33554432,4,[[4,2,false,-67,[0,"857SG6hnVOeKccJotB3KTG"],18,19],[2,-68,[0,"03jcx3g11JVautFU2BxMn+"]],[3,-69,[0,"034aMUZ45EQ68OumzpZiN5"],[5,120,158]]],[1,"474qTYp1pNGZP2pKSMtOtg",null,null,null,1,0],[1,-0.4305,57.5057,0]],[7,"sl_nm_tou_1",33554432,4,[[4,2,false,-70,[0,"63NMdD86pCwLOieWAeyYlk"],20,21],[2,-71,[0,"3ertPbV6tKmqAVjJgmp/58"]],[3,-72,[0,"f6JelSqflMWYaN+9sjIJoS"],[5,188,162]]],[1,"f4RJQK9XxGV4HkT/I2iLAj",null,null,null,1,0],[1,30.0905,189.4565,0]],[7,"sl_nm_zuoshou_4",33554432,4,[[4,2,false,-73,[0,"e3WiJEY+NLtr+NB7cvh8YQ"],22,23],[2,-74,[0,"5fjwNHw85KZbfjSfkVlqE0"]],[3,-75,[0,"54HMtAYJ1GiJlYQd+TyjT1"],[5,83,86]]],[1,"47f+kQtFVKVKHEYeBVXjuJ",null,null,null,1,0],[1,-70.4986,145.8311,0]],[7,"sl_dzsl_1",33554432,2,[[4,2,false,-76,[0,"4c+DUdfY1F4ak1H3xLj3rN"],24,25],[2,-77,[0,"a30JNNB/lBiaV6uG31S+LT"]],[3,-78,[0,"929BAdcF9NpanCqfP5SDI2"],[5,472,144]]],[1,"ab+j5CKRlCsJItlk+6IFir",null,null,null,1,0],[1,0.0005,0,0]],[5,"tx_new_jinji_00005_16",33554432,2,[[11,8,2,false,-79,[0,"2bZUAqL6dNqKXHAYLz67YG"],26,27],[2,-80,[0,"a0Z8rZ+kZAUprF+2rrpwuV"]],[3,-81,[0,"12gToK5K1CLJH/Ya9NfmOT"],[5,500,400]]],[1,"17erAs4iNJXqjsbUx27Ph4",null,null,null,1,0],[1,7.1742,32.8069,0],[1,2.2,2.2,1]],[5,"tx_new_jinji3_21",33554432,2,[[11,1,2,false,-82,[0,"c4kJFc6QtMvIyT/D4kVhmS"],28,29],[8,0,-83,[0,"afgdks9cFEmYpPMNp5tV2d"]],[3,-84,[0,"016PqwygBDaLSHdQUwRwQS"],[5,350,200]]],[1,"39XlyvloNEVoKM26xw/hKU",null,null,null,1,0],[1,11.0032,-7.8005,0],[1,2.7276,2.7276,1]]],0,[0,4,1,0,0,1,0,0,1,0,0,1,0,-1,3,0,0,2,0,0,2,0,0,2,0,-1,8,0,-2,9,0,-3,10,0,-4,11,0,-5,12,0,-6,13,0,-7,14,0,-8,4,0,-9,19,0,-10,20,0,-11,21,0,0,3,0,0,3,0,0,3,0,-1,5,0,-2,6,0,0,4,0,0,4,0,-1,15,0,-2,16,0,-3,17,0,-4,18,0,0,5,0,0,5,0,0,5,0,0,5,0,0,6,0,0,6,0,0,6,0,-1,7,0,0,7,0,0,7,0,0,7,0,0,7,0,0,8,0,0,8,0,0,8,0,0,9,0,0,9,0,0,9,0,0,10,0,0,10,0,0,10,0,0,11,0,0,11,0,0,11,0,0,12,0,0,12,0,0,12,0,0,13,0,0,13,0,0,13,0,0,14,0,0,14,0,0,14,0,0,15,0,0,15,0,0,15,0,0,16,0,0,16,0,0,16,0,0,17,0,0,17,0,0,17,0,0,18,0,0,18,0,0,18,0,0,19,0,0,19,0,0,19,0,0,20,0,0,20,0,0,20,0,0,21,0,0,21,0,0,21,0,5,1,2,6,3,84],[0,0,0,0,0,0,0,0,0,0,0,0,0,0,0,0,0,0,0,0,0,0,0,0,0,0,0,0,0,0,0],[2,2,3,2,3,2,3,2,3,2,3,2,3,2,3,2,3,2,3,2,3,2,3,2,3,2,3,2,3,2,-1],[2,2,1,3,1,4,1,5,1,6,1,7,1,8,1,9,1,10,1,11,1,12,1,13,1,14,1,15,1,16,17]]]]
