[1,["5fD5n+5mBN7JDkN4xtc7VI@f9941","5fD5n+5mBN7JDkN4xtc7VI@6c48a"],["spriteFrame","_textureSource"],["cc.SpriteFrame",["cc.BitmapFont",["_name","fontSize","fntConfig"],0]],[[1,0,1,2,4]],[[[[0,"an_z_dh-num",32,{"commonHeight":50,"fontSize":32,"atlasName":"an_z_dh-num.png","fontDefDictionary":{"9":{"xOffset":0,"yOffset":0,"xAdvance":8,"rect":{"x":0,"y":0,"width":0,"height":0}},"32":{"xOffset":0,"yOffset":0,"xAdvance":15,"rect":{"x":0,"y":0,"width":0,"height":0}},"48":{"xOffset":0,"yOffset":7,"xAdvance":25,"rect":{"x":184,"y":135,"width":25,"height":37}},"49":{"xOffset":0,"yOffset":7,"xAdvance":21,"rect":{"x":210,"y":0,"width":21,"height":36}},"50":{"xOffset":0,"yOffset":7,"xAdvance":24,"rect":{"x":210,"y":164,"width":24,"height":36}},"51":{"xOffset":0,"yOffset":7,"xAdvance":24,"rect":{"x":212,"y":88,"width":24,"height":37}},"52":{"xOffset":0,"yOffset":7,"xAdvance":26,"rect":{"x":183,"y":0,"width":26,"height":36}},"53":{"xOffset":0,"yOffset":7,"xAdvance":25,"rect":{"x":184,"y":173,"width":25,"height":37}},"54":{"xOffset":0,"yOffset":7,"xAdvance":25,"rect":{"x":186,"y":88,"width":25,"height":37}},"55":{"xOffset":0,"yOffset":7,"xAdvance":23,"rect":{"x":210,"y":201,"width":23,"height":36}},"56":{"xOffset":0,"yOffset":7,"xAdvance":24,"rect":{"x":210,"y":126,"width":24,"height":37}},"57":{"xOffset":0,"yOffset":7,"xAdvance":25,"rect":{"x":184,"y":211,"width":25,"height":37}},"120":{"xOffset":0,"yOffset":13,"xAdvance":27,"rect":{"x":94,"y":221,"width":27,"height":28}},"19981":{"xOffset":0,"yOffset":9,"xAdvance":45,"rect":{"x":140,"y":93,"width":45,"height":41}},"20493":{"xOffset":0,"yOffset":4,"xAdvance":46,"rect":{"x":0,"y":94,"width":46,"height":46}},"20934":{"xOffset":0,"yOffset":4,"xAdvance":46,"rect":{"x":47,"y":181,"width":46,"height":46}},"20986":{"xOffset":0,"yOffset":5,"xAdvance":39,"rect":{"x":182,"y":43,"width":39,"height":44}},"21152":{"xOffset":0,"yOffset":5,"xAdvance":43,"rect":{"x":140,"y":135,"width":43,"height":45}},"21462":{"xOffset":0,"yOffset":9,"xAdvance":46,"rect":{"x":47,"y":47,"width":46,"height":40}},"21483":{"xOffset":0,"yOffset":5,"xAdvance":40,"rect":{"x":141,"y":43,"width":40,"height":44}},"22791":{"xOffset":0,"yOffset":5,"xAdvance":46,"rect":{"x":0,"y":188,"width":46,"height":44}},"22987":{"xOffset":0,"yOffset":4,"xAdvance":46,"rect":{"x":0,"y":141,"width":46,"height":46}},"24320":{"xOffset":0,"yOffset":9,"xAdvance":45,"rect":{"x":94,"y":180,"width":45,"height":40}},"24323":{"xOffset":0,"yOffset":4,"xAdvance":45,"rect":{"x":95,"y":0,"width":45,"height":46}},"25176":{"xOffset":0,"yOffset":4,"xAdvance":46,"rect":{"x":47,"y":88,"width":46,"height":45}},"25250":{"xOffset":0,"yOffset":4,"xAdvance":46,"rect":{"x":94,"y":47,"width":46,"height":45}},"25442":{"xOffset":0,"yOffset":4,"xAdvance":46,"rect":{"x":0,"y":47,"width":46,"height":46}},"25552":{"xOffset":0,"yOffset":4,"xAdvance":47,"rect":{"x":0,"y":0,"width":47,"height":46}},"26126":{"xOffset":0,"yOffset":8,"xAdvance":41,"rect":{"x":141,"y":0,"width":41,"height":42}},"26700":{"xOffset":0,"yOffset":4,"xAdvance":46,"rect":{"x":47,"y":134,"width":46,"height":46}},"28040":{"xOffset":0,"yOffset":5,"xAdvance":43,"rect":{"x":140,"y":181,"width":43,"height":45}},"29260":{"xOffset":0,"yOffset":5,"xAdvance":45,"rect":{"x":94,"y":134,"width":45,"height":45}},"31034":{"xOffset":0,"yOffset":10,"xAdvance":45,"rect":{"x":94,"y":93,"width":45,"height":40}},"31649":{"xOffset":0,"yOffset":4,"xAdvance":46,"rect":{"x":48,"y":0,"width":46,"height":46}}},"kerningDict":{}}]],0,0,[0],[0],[0]],[[{"name":"an_z_dh-num","rect":{"x":0,"y":0,"width":236,"height":249},"offset":{"x":-10,"y":3.5},"originalSize":{"width":256,"height":256},"rotated":false,"capInsets":[0,0,0,0],"vertices":{"rawPosition":[-118,-124.5,0,118,-124.5,0,-118,124.5,0,118,124.5,0],"indexes":[0,1,2,2,1,3],"uv":[0,256,236,256,0,7,236,7],"nuv":[0,0.02734375,0.921875,0.02734375,0,1,0.921875,1],"minPos":{"x":-118,"y":-124.5,"z":0},"maxPos":{"x":118,"y":124.5,"z":0}},"packable":true,"pixelsToUnit":100,"pivot":{"x":0.5,"y":0.5},"meshType":0}],[0],0,[0],[1],[1]]]]
