[1,["acMADQzytLqKgX/hYXLeJ/@6c48a","acMADQzytLqKgX/hYXLeJ/@f9941"],["_textureSource","spriteFrame"],["cc.SpriteFrame",["cc.BitmapFont",["_name","fontSize","fntConfig"],0]],[[1,0,1,2,4]],[[[{"name":"pm_z_d-num","rect":{"x":0,"y":0,"width":413,"height":250},"offset":{"x":-49.5,"y":3},"originalSize":{"width":512,"height":256},"rotated":false,"capInsets":[0,0,0,0],"vertices":{"rawPosition":[-206.5,-125,0,206.5,-125,0,-206.5,125,0,206.5,125,0],"indexes":[0,1,2,2,1,3],"uv":[0,256,413,256,0,6,413,6],"nuv":[0,0.0234375,0.806640625,0.0234375,0,1,0.806640625,1],"minPos":{"x":-206.5,"y":-125,"z":0},"maxPos":{"x":206.5,"y":125,"z":0}},"packable":true,"pixelsToUnit":100,"pivot":{"x":0.5,"y":0.5},"meshType":0}],[0],0,[0],[0],[0]],[[[0,"pm_z_d-num",32,{"commonHeight":65,"fontSize":32,"atlasName":"pm_z_d-num.png","fontDefDictionary":{"9":{"xOffset":0,"yOffset":0,"xAdvance":8,"rect":{"x":0,"y":0,"width":0,"height":0}},"32":{"xOffset":0,"yOffset":0,"xAdvance":1,"rect":{"x":0,"y":0,"width":0,"height":0}},"12290":{"xOffset":0,"yOffset":36,"xAdvance":27,"rect":{"x":361,"y":178,"width":27,"height":28}},"19978":{"xOffset":0,"yOffset":4,"xAdvance":60,"rect":{"x":62,"y":0,"width":60,"height":58}},"19981":{"xOffset":0,"yOffset":8,"xAdvance":59,"rect":{"x":184,"y":118,"width":59,"height":57}},"20026":{"xOffset":0,"yOffset":3,"xAdvance":57,"rect":{"x":304,"y":0,"width":57,"height":61}},"20986":{"xOffset":0,"yOffset":3,"xAdvance":52,"rect":{"x":361,"y":116,"width":52,"height":61}},"21017":{"xOffset":0,"yOffset":3,"xAdvance":57,"rect":{"x":303,"y":187,"width":57,"height":62}},"21305":{"xOffset":0,"yOffset":8,"xAdvance":57,"rect":{"x":304,"y":62,"width":57,"height":53}},"21512":{"xOffset":0,"yOffset":3,"xAdvance":60,"rect":{"x":123,"y":59,"width":60,"height":62}},"22312":{"xOffset":0,"yOffset":3,"xAdvance":60,"rect":{"x":123,"y":122,"width":60,"height":62}},"22823":{"xOffset":0,"yOffset":3,"xAdvance":59,"rect":{"x":184,"y":0,"width":59,"height":62}},"23478":{"xOffset":0,"yOffset":3,"xAdvance":59,"rect":{"x":244,"y":63,"width":59,"height":62}},"23545":{"xOffset":0,"yOffset":3,"xAdvance":59,"rect":{"x":244,"y":0,"width":59,"height":62}},"24744":{"xOffset":0,"yOffset":3,"xAdvance":58,"rect":{"x":244,"y":187,"width":58,"height":60}},"25163":{"xOffset":0,"yOffset":3,"xAdvance":60,"rect":{"x":183,"y":185,"width":60,"height":62}},"25321":{"xOffset":0,"yOffset":3,"xAdvance":61,"rect":{"x":0,"y":63,"width":61,"height":62}},"26377":{"xOffset":0,"yOffset":3,"xAdvance":60,"rect":{"x":61,"y":188,"width":60,"height":62}},"27491":{"xOffset":0,"yOffset":8,"xAdvance":59,"rect":{"x":184,"y":63,"width":59,"height":54}},"27809":{"xOffset":0,"yOffset":4,"xAdvance":60,"rect":{"x":122,"y":185,"width":60,"height":61}},"29260":{"xOffset":0,"yOffset":3,"xAdvance":60,"rect":{"x":62,"y":122,"width":60,"height":62}},"30340":{"xOffset":0,"yOffset":3,"xAdvance":56,"rect":{"x":304,"y":116,"width":56,"height":62}},"31526":{"xOffset":0,"yOffset":3,"xAdvance":60,"rect":{"x":62,"y":59,"width":60,"height":62}},"35268":{"xOffset":0,"yOffset":3,"xAdvance":61,"rect":{"x":0,"y":0,"width":61,"height":62}},"36807":{"xOffset":0,"yOffset":3,"xAdvance":61,"rect":{"x":0,"y":126,"width":61,"height":61}},"36866":{"xOffset":0,"yOffset":3,"xAdvance":60,"rect":{"x":0,"y":188,"width":60,"height":61}},"36873":{"xOffset":0,"yOffset":4,"xAdvance":59,"rect":{"x":244,"y":126,"width":59,"height":60}},"37197":{"xOffset":0,"yOffset":7,"xAdvance":60,"rect":{"x":123,"y":0,"width":60,"height":58}}},"kerningDict":{}}]],0,0,[0],[1],[1]]]]
