[1,["42tYqzZyRLaabJS4JgwWRY@6c48a","bbcCirX+xBirbAPRJCoCIq@6c48a","7dj5uJT9FMn6OrOOx83tfK@f9941","8aYo7YmkhPyp1NCDYgoAma@f9941","44Ek1pSIRCiIrbKMZi7sFH","46XTzkZW5Jk51Wu+8QHYLr@f9941","f0g5dHnqNJP5CyJi857xto@f9941","43vjW7d29Je7/KHp8yI9gx","0c8fPaO1pD+6VnYrZBhzgY@6c48a","29eI8Y2ApDmbq9GUcf/3XH@6c48a","32PSChhNxDJaD32vOoQzBG@6c48a","3euwJZZ9ZLJoAmpovAFriE@6c48a","511IbxDc1NrqGYQsPB0trU@f9941","32PSChhNxDJaD32vOoQzBG@f9941","9dyQXOM8tDs4whA+GBCt9D@f9941","f5tQ8PJMVEY5yPLwxqPLCp@f9941","48mjh+wZRPI5C7CmVMwBIw@f9941","0c8fPaO1pD+6VnYrZBhzgY@f9941","46XTzkZW5Jk51Wu+8QHYLr@6c48a","48mjh+wZRPI5C7CmVMwBIw@6c48a","511IbxDc1NrqGYQsPB0trU@6c48a","7as46pH1VCpJsknjRJVIeW@6c48a","8aYo7YmkhPyp1NCDYgoAma@6c48a","9dyQXOM8tDs4whA+GBCt9D@6c48a","b0QhBTUclLcZWLK0J+kJz1@6c48a","12JAF7EBxOUI5qkpKgMnia@f9941","52SGNLLr1Lr7vXUCTakcoj@f9941","59Xc0CzWBKcKVL0ikkRCaH@86d9c","f7bJqlBEZLnrwAv3FCTQf1@f9941","59Xc0CzWBKcKVL0ikkRCaH@096e0","59Xc0CzWBKcKVL0ikkRCaH@f2d44","08PFdzsOND8r/oCMeImbQi","59Xc0CzWBKcKVL0ikkRCaH@f2d01","59Xc0CzWBKcKVL0ikkRCaH@77436","59Xc0CzWBKcKVL0ikkRCaH@6d3f6","59Xc0CzWBKcKVL0ikkRCaH@71ffc","f3XFq9WpxCUJpWt+wPFvYU@f9941","29eI8Y2ApDmbq9GUcf/3XH@f9941","3euwJZZ9ZLJoAmpovAFriE@f9941","b0QhBTUclLcZWLK0J+kJz1@f9941","7as46pH1VCpJsknjRJVIeW@f9941","e6bKTF9ahJT4ztWyDtMjjK","daTUPT53xOMLQwrE+Pvz1B@dfd3e","daTUPT53xOMLQwrE+Pvz1B@8496e","bcEtkiB/FHx6Gla90YFi2h","34oFRv35RBnpEo/TvIBUYY","daTUPT53xOMLQwrE+Pvz1B@21489","043OD6RThF14OztOW5GJkv","f0g5dHnqNJP5CyJi857xto@6c48a","f3XFq9WpxCUJpWt+wPFvYU@6c48a","f5tQ8PJMVEY5yPLwxqPLCp@6c48a","f7bJqlBEZLnrwAv3FCTQf1@6c48a"],["node","_textureSource","_spriteFrame","root","_parent","asset","data","_font","_defaultClip"],["cc.SpriteFrame",["cc.Node",["_name","_layer","_active","_objFlags","__editorExtras__","_prefab","_components","_parent","_children","_lpos","_lscale","_lrot","_euler"],-2,4,9,1,2,5,5,5,5],["cc.Widget",["_alignFlags","_isAbsBottom","_left","_bottom","_isAbsLeft","_right","_top","_enabled","_isAbsRight","_isAbsTop","_originalWidth","_originalHeight","_alignMode","node","__prefab"],-10,1,4],["cc.Sprite",["_sizeMode","_isTrimmedMode","_type","_dstBlendFactor","node","__prefab","_spriteFrame","_color"],-1,1,4,6,5],["cc.Label",["_string","_horizontalAlign","_verticalAlign","_actualFontSize","_lineHeight","_underlineHeight","_fontSize","_isSystemFontUsed","_isBold","node","__prefab","_color","_font"],-6,1,4,5,6],["cc.UITransform",["node","__prefab","_contentSize","_anchorPoint"],3,1,4,5,5],["cc.Animation",["node","__prefab","_clips","_defaultClip"],3,1,4,3,6],"cc.SpriteAtlas",["cc.UIOpacity",["_opacity","node","__prefab"],2,1,4],["cc.Prefab",["_name"],2],["cc.CompPrefabInfo",["fileId"],2],["cc.PrefabInfo",["fileId","instance","targetOverrides","nestedPrefabInstanceRoots","root","asset"],-1,1,1],["cc.PrefabInfo",["fileId","instance","targetOverrides","root","asset","nestedPrefabInstanceRoots"],0,1,1,2],["cc.PrefabInfo",["fileId","targetOverrides","nestedPrefabInstanceRoots","root","instance","asset"],0,1,4,6],["cc.BlockInputEvents",["node","__prefab"],3,1,4],["cc.TargetInfo",["localID"],2],["cc.PrefabInstance",["fileId","prefabRootNode","propertyOverrides"],2,1,9],["CCPropertyOverrideInfo",["value","propertyPath","targetInfo"],1,1],["CCPropertyOverrideInfo",["propertyPath","targetInfo","value"],2,1,8],["CCPropertyOverrideInfo",["propertyPath","targetInfo","value"],2,4,8]],[[10,0,2],[11,0,1,2,3,4,5,5],[8,1,2,1],[5,0,1,2,1],[1,0,1,7,6,5,9,3],[15,0,2],[3,0,1,4,5,6,3],[19,0,1,2,2],[5,0,1,2,3,1],[8,0,1,2,2],[2,0,2,3,4,1,13,14,6],[1,0,1,7,8,6,5,9,3],[18,0,1,2,2],[1,0,1,7,8,6,5,3],[1,0,1,7,6,5,3],[4,0,1,2,3,6,4,5,9,10,11,8],[14,0,1,1],[3,2,0,1,4,5,4],[4,0,1,2,3,6,4,5,9,10,8],[1,0,2,1,7,6,5,9,4],[1,3,4,7,5,3],[13,0,1,2,3,4,5,4],[3,0,1,4,5,7,6,3],[2,0,13,14,2],[16,0,1,2,2],[17,0,1,2,3],[9,0,2],[1,0,1,8,6,5,3],[1,0,1,8,6,5,9,3],[1,0,1,7,8,6,5,9,10,3],[3,0,1,4,5,3],[4,0,1,2,3,4,5,9,10,7],[4,0,3,6,8,9,10,11,5],[1,0,1,7,6,5,9,10,3],[2,0,3,1,13,14,4],[4,0,1,2,3,6,4,7,5,9,10,12,9],[6,0,1,2,1],[1,0,2,1,7,8,6,5,9,4],[1,0,2,1,7,8,6,5,4],[1,0,1,8,6,5,9,10,3],[1,0,1,7,6,5,10,3],[1,0,1,7,6,5,11,12,3],[5,0,1,1],[12,0,1,2,3,4,5,4],[3,4,5,6,1],[3,3,0,1,4,5,6,4],[2,0,1,13,14,3],[2,0,5,6,13,14,4],[2,7,2,5,6,3,4,8,9,1,10,11,13,14,12],[2,0,12,13,14,3],[2,0,2,4,13,14,4],[4,0,1,2,6,4,7,5,9,10,8],[6,0,1,2,3,1],[6,0,1,1]],[[[{"name":"js_tb_yjb","rect":{"x":0,"y":0,"width":95,"height":50},"offset":{"x":0,"y":0},"originalSize":{"width":95,"height":50},"rotated":false,"capInsets":[0,0,0,0],"vertices":{"rawPosition":[-47.5,-25,0,47.5,-25,0,-47.5,25,0,47.5,25,0],"indexes":[0,1,2,2,1,3],"uv":[0,50,95,50,0,0,95,0],"nuv":[0,0,1,0,0,1,1,1],"minPos":{"x":-47.5,"y":-25,"z":0},"maxPos":{"x":47.5,"y":25,"z":0}},"packable":true,"pixelsToUnit":100,"pivot":{"x":0.5,"y":0.5},"meshType":0}],[0],0,[0],[1],[8]],[[{"name":"js_tb_zfkz","rect":{"x":0,"y":0,"width":90,"height":35},"offset":{"x":0,"y":0},"originalSize":{"width":90,"height":35},"rotated":false,"capInsets":[0,0,0,0],"vertices":{"rawPosition":[-45,-17.5,0,45,-17.5,0,-45,17.5,0,45,17.5,0],"indexes":[0,1,2,2,1,3],"uv":[0,35,90,35,0,0,90,0],"nuv":[0,0,1,0,0,1,1,1],"minPos":{"x":-45,"y":-17.5,"z":0},"maxPos":{"x":45,"y":17.5,"z":0}},"packable":true,"pixelsToUnit":100,"pivot":{"x":0.5,"y":0.5},"meshType":0}],[0],0,[0],[1],[9]],[[{"name":"js_tb_pc","rect":{"x":0,"y":0,"width":72,"height":44},"offset":{"x":0,"y":0},"originalSize":{"width":72,"height":44},"rotated":false,"capInsets":[0,0,0,0],"vertices":{"rawPosition":[-36,-22,0,36,-22,0,-36,22,0,36,22,0],"indexes":[0,1,2,2,1,3],"uv":[0,44,72,44,0,0,72,0],"nuv":[0,0,1,0,0,1,1,1],"minPos":{"x":-36,"y":-22,"z":0},"maxPos":{"x":36,"y":22,"z":0}},"packable":true,"pixelsToUnit":100,"pivot":{"x":0.5,"y":0.5},"meshType":0}],[0],0,[0],[1],[10]],[[{"name":"js_sb_t","rect":{"x":0,"y":0,"width":936,"height":47},"offset":{"x":0,"y":0},"originalSize":{"width":936,"height":47},"rotated":false,"capInsets":[0,0,0,0],"vertices":{"rawPosition":[-468,-23.5,0,468,-23.5,0,-468,23.5,0,468,23.5,0],"indexes":[0,1,2,2,1,3],"uv":[0,47,936,47,0,0,936,0],"nuv":[0,0,1,0,0,1,1,1],"minPos":{"x":-468,"y":-23.5,"z":0},"maxPos":{"x":468,"y":23.5,"z":0}},"packable":true,"pixelsToUnit":100,"pivot":{"x":0.5,"y":0.5},"meshType":0}],[0],0,[0],[1],[11]],[[[26,"node_settlement_cell_of_summary"],[27,"node_settlement_cell_of_summary",33554432,[-4],[[2,-2,[0,"71kHK/NiFCrqhwhuhm+sVC"]],[3,-3,[0,"13daGkNvVOHa5eshv4aRmR"],[5,0,0]]],[1,"c6j9ll9e1HpIOnzyD73Aen",null,null,null,-1,0]],[13,"Layout_Cell",33554432,1,[-8,-9,-10,-11,-12,-13,-14,-15,-16,-17,-18],[[16,-5,[0,"c4UpRVjNFIj7Q6OTgEf6Pu"]],[2,-6,[0,"80y+ucxMxDZqapbtZpbbPe"]],[3,-7,[0,"e2BKsC0TZH14KATxuiGQTF"],[5,660,50]]],[1,"efAogRWztH6IN+Je/8ZUAU",null,null,null,1,0]],[28,"tipBg",33554432,[-22,-23,-24,-25,-26,-27,-28,-29,-30,-31,-32],[[17,1,0,false,-19,[0,"45uaa2+7BFlbzDahvWCGzq"]],[2,-20,[0,"437aQWyoxIbLmZ5g0h7nIc"]],[8,-21,[0,"64EM9X6O1EGZrz2jr5w25b"],[5,305,229],[0,0.5,1]]],[1,"ecPIzSR1BN/5Yxyrabq7Iy",null,null,null,1,0],[1,2.8900000000000006,-6.07,0]],[37,"Image_zhongjiangTip",false,33554432,2,[-36,-37,-38],[[17,1,0,false,-33,[0,"7798WfNNJPxoUgkHJrquZy"]],[2,-34,[0,"59c3vl8RtDFoKMpgoqElCg"]],[8,-35,[0,"32S6JiazxFl5FVRYL1I4Hn"],[5,200,50],[0,1,0]]],[1,"91dfmmze9F8rKZv+7muYMr",null,null,null,1,0],[1,543.032,23.573700000000002,0]],[11,"Node_DescInfo",33554432,2,[-42,-43,-44],[[10,12,1.1749,0.5,false,false,-39,[0,"a2xWg+zo1KdpxSaoCVRnkF"]],[2,-40,[0,"95HE2iexVGk7PtVMgx1iN+"]],[8,-41,[0,"70Bai2ThpPC5zLmQQLFaFC"],[5,0,0],[0,0,0]]],[1,"cfsIp43lZHW5eMzWNp+YL5",null,null,null,1,0],[1,445.4340000000001,0,0]],[4,"Text_CurrencyFluctuation",33554432,2,[[10,12,0.8152181818181817,0.01600000000000003,false,false,-45,[0,"4bhKxzAMZJBoYPFSj75Ymt"]],[31,"+2018.5万",0,0,40,0,0,-46,[0,"624Yaw2oBBLq6hD4SDWIXH"]],[2,-47,[0,"feza6BRLRMTb3FR5glR3FM"]],[3,-48,[0,"f0nPlEuFRBqaAIxnHtidDP"],[5,185.7,50.4]]],[1,"acmjJOeEdKCq5VAZnb5Ykp",null,null,null,1,0],[1,300.894,1,0]],[4,"Text_FinalMutiple",33554432,2,[[10,12,0.5032515151515151,0.01600000000000003,false,false,-49,[0,"f6NiiwzaxBdoMmP1wTx7fF"]],[31,"12345",0,0,40,0,0,-50,[0,"6cb+2wSNtD1Kgp7m9rhsTh"]],[2,-51,[0,"f7TT6dEo9JUpb3SIjdF5NJ"]],[3,-52,[0,"eeAMO79g5J4JmCTc3eRiGc"],[5,111.23,50.4]]],[1,"6aprf10zxHp4sSWzCgMxv3",null,null,null,1,0],[1,57.76099999999996,1,0]],[19,"Text_BasePoint",false,33554432,2,[[10,12,0.42269999999999996,-0.10999999999999999,false,false,-53,[0,"a7yNuHt+tG3JV1gCO4u9c9"]],[51,"10",0,0,50,0,false,0,-54,[0,"56RrcvKexPw5lMLa8ILLAM"]],[2,-55,[0,"94qY1dFgZKo6J+tQeCSF8e"]],[3,-56,[0,"e5EF6UhpZOV7WgCO9uxLug"],[5,61,64]]],[1,"9fC8jPsO9FtK7UtuRB3nFf",null,null,null,1,0],[1,-20.52600000000001,1.5,0]],[4,"DDZ_dizhubiaoshi_1",33554432,2,[[34,4,-0.12,false,-57,[0,"3fv19K5+FKwas5KjkkBG8o"]],[6,2,false,-58,[0,"3eT2k2BKhLj5FyPgkt9tL7"],0],[2,-59,[0,"49OV2JMSJIUJGNg4J8nd5I"]],[3,-60,[0,"68MS2661FLMpNGPsehW5xR"],[5,60,62]]],[1,"d9V1TK3HZGJ4zRwiNoapcr",null,null,null,1,0],[1,-354.6843,0,0]],[4,"Text_Nick",33554432,2,[[10,12,0.041265151515151526,0.006000000000000023,false,false,-61,[0,"c8GR0vPIVBHK/QZXEsojou"]],[31,"大大大大大",0,0,40,0,0,-62,[0,"25F9TQSN1GuKcFmkpKkZEG"]],[2,-63,[0,"6dkKfV59dDHItlIepJ7Cvl"]],[3,-64,[0,"6bW+Orwn5LXLUs5VnUsST6"],[5,200,50.4]]],[1,"71udANU+hIZoVmZ1p1hRmw",null,null,null,1,0],[1,-202.765,0.5,0]],[4,"Sprite_Bankrupt",33554432,2,[[10,12,0.71945,0.06,false,false,-65,[0,"57hSN2SNtKIbxq5zvJjEoY"]],[6,2,false,-66,[0,"4aVSSFiXdIlq7GYa9RZRSG"],1],[2,-67,[0,"a5P9IpVHhDNJk4J5GDMc5e"]],[3,-68,[0,"6bTMufJxBO+ZIjNMPxrIVc"],[5,72,44]]],[1,"9aHCNkG5lFtYyVFomRmg92",null,null,null,1,0],[1,180.83700000000005,0,0]],[4,"Image_zhongjiang",33554432,2,[[34,4,-0.020000000000000018,false,-69,[0,"1444saQaxOk4Y4Ai75B7K8"]],[6,0,false,-70,[0,"cb8nilAU5CSqd38aWlfvgJ"],2],[2,-71,[0,"a2FL4MYN9BZKRgfyHbk0oh"]],[3,-72,[0,"77EBHByjxOfaPn2CkFe4Il"],[5,52,52]]],[1,"46lBoVX4dJbpSaKO8q8Ugc",null,null,null,1,0],[1,501.245,0,0]],[13,"Node_Limit",33554432,5,[-75,-76],[[2,-73,[0,"d2o7yjLC5PSIRGFU8qWOhd"]],[8,-74,[0,"begJ8NYIBM1ILfKG9GIalv"],[5,0,0],[0,0,0]]],[1,"b4IqN6wntDcY+pvyP0+GVy",null,null,null,1,0]],[11,"ImageView_TipsBG",33554432,13,[-80],[[17,1,0,false,-77,[0,"d2xzBt19JOzoJAWQLZYThk"]],[2,-78,[0,"e1E7P1tAJM7q5IdEOicoRz"]],[8,-79,[0,"46FZ/vNXxBSaZ60pWbSoZu"],[5,300,50],[0,1,0]]],[1,"2awE+i7MZMyJcZQRVD6ufd",null,null,null,1,0],[1,40.3973,22.9178,0]],[13,"Node_FullCompensation",33554432,5,[-83,-84],[[2,-81,[0,"fe749k+KFOnZ3rHz6nzoVE"]],[8,-82,[0,"ddYNj6esNEdaJhXN4jzYjz"],[5,0,0],[0,0,0]]],[1,"fdVPQUUHtKibbz4A/kUoA/",null,null,null,1,0]],[11,"ImageView_TipsBG",33554432,15,[-88],[[17,1,0,false,-85,[0,"5coyHbJiNBfZayTfbCGvIe"]],[2,-86,[0,"37FrwDHTND/Zm0zyTu+olF"]],[8,-87,[0,"b46P8BaghN2olECuXkj9Lb"],[5,300,50],[0,1,0]]],[1,"50kWhZf1xO3oPoYPx4qgVM",null,null,null,1,0],[1,40.4,22.92,0]],[38,"Node_mianShu",false,33554432,5,[-91,-92],[[2,-89,[0,"d8upI6dSZDzaepso/qgnig"]],[8,-90,[0,"eaxrRoCzJM4KVl85WcrgP5"],[5,0,0],[0,0,0]]],[1,"cd31qGG15D9oE+bsO/pdUW",null,null,null,1,0]],[11,"ImageView_TipsBG",33554432,17,[3],[[30,0,false,-93,[0,"63dS6D1JZOxoneI/sKOFvl"]],[2,-94,[0,"c1fn29NZ1HmbIfQxtR0kBI"]],[3,-95,[0,"2ecfWPXetDBIzoLAeiosS4"],[5,20,12]]],[1,"58g9gERbtHAYpqqSY5NwD5",null,null,null,1,0],[1,-1.21,-38.73,0]],[4,"Image_double",33554432,2,[[46,4,false,-96,[0,"c45CwBYDpCq5tdvfiH+YF7"]],[6,0,false,-97,[0,"6ecxNhDzNBZqW/rwiMiWJl"],5],[2,-98,[0,"8bFnhyf6RDKZLVk+KdAscN"]],[3,-99,[0,"d4wD2zZOtG14ULUm0e/04Y"],[5,95,50]]],[1,"f2wVZ1dvFGdYCx7erf6lJv",null,null,null,1,0],[1,-54.5951,0,0]],[4,"Node_LandlordMarkPos",33554432,2,[[10,12,0.1173,0.5,false,false,-100,[0,"e63QsgGxFI84SsC3fYJ+Vy"]],[2,-101,[0,"daLL0Cfm1Nhr6J6yKfKHgp"]],[8,-102,[0,"74KAlOGzlCULhpSXnAPJU0"],[5,0,0],[0,0,0]]],[1,"eaUc1Gx7FBSpmcJmS1cNI0",null,null,null,1,0],[1,-252.582,0,0]],[4,"Text_noReward",33554432,4,[[15,"未获胜失去奖励",0,0,26,26,0,0,-103,[0,"1eoTKAy99OpJh4N6qxc7U2"],[4,4292474367]],[2,-104,[0,"4fbFLxhwdPXZdobdNy864O"]],[3,-105,[0,"682LJMkUtOepPd090POCQu"],[5,182,32.76]]],[1,"404LruegROwIBNJtxNna5a",null,null,null,1,0],[1,-98.5374,29.3,0]],[4,"Image_hb",33554432,4,[[30,2,false,-106,[0,"b0+tjZUU1J0aFMQKH65iqB"]],[2,-107,[0,"d9uDnYb4hB9buR6EgZ3xRD"]],[3,-108,[0,"aaPG7QxptAI46rNHHtXB0S"],[5,29,43]]],[1,"01LcndWCBHeJF/TmDei9JT",null,null,null,1,0],[1,-182.3879,26.9587,0]],[4,"Text_Reward",33554432,4,[[15,"x50000",0,0,32,32,0,0,-109,[0,"bcQK9C+G1Hbb5vORsUUQ6z"],[4,4292474367]],[2,-110,[0,"5cITJrHnlNL6gHOgtTYpQc"]],[8,-111,[0,"69qBzijTVIE5kA/RIW68lP"],[5,104.98,40.32],[0,0,0.5]]],[1,"59vRL+9GpC6J7HaLaNnYVB",null,null,null,1,0],[1,-157.0674,30.79,0]],[4,"Node_RichTextPos",33554432,14,[[10,12,0.5,0.56,false,false,-112,[0,"c7pK9ToCxLHZ43znlbQtwn"]],[2,-113,[0,"57JXBGXDxJQrpGGBVkwcWv"]],[8,-114,[0,"91z2IY1+1MaIHo6tnC9T6A"],[5,0,0],[0,0,0]]],[1,"9bGxGh+2VB3KH8b5QBNLMy",null,null,null,1,0],[1,-150,28.000000000000004,0]],[14,"Sprite_Btn",33554432,13,[[6,2,false,-115,[0,"68K4mlNCFHFoinNIrcHnE2"],3],[2,-116,[0,"baUmwA+vNF/5OoZqm3Dqn6"]],[3,-117,[0,"f42ocD+/dJd7PVFbwh56o0"],[5,52,51]]],[1,"41STNA6WtOaoUaD4QV6Dj7",null,null,null,1,0]],[4,"Node_RichTextPos",33554432,16,[[10,12,0.5,0.56,false,false,-118,[0,"80+6ih8FlK0IGRlCaC5wIG"]],[2,-119,[0,"78ysH0f1lKtpRyVQzd+6Rr"]],[8,-120,[0,"877iLF5zVK6JOCVe7pntVb"],[5,0,0],[0,0,0]]],[1,"d77Oe7Jg5CbrIe2f3xRtih",null,null,null,1,0],[1,-150,28.000000000000004,0]],[14,"Sprite_Btn",33554432,15,[[6,2,false,-121,[0,"afHlUkHU5PLqRdwLLHDRPx"],4],[2,-122,[0,"09qMWdyNVAl5+5XRKnNPgq"]],[3,-123,[0,"c4bLnwMAlOcb0Uo1a6KEl2"],[5,52,51]]],[1,"05cCZM2eFLVIF9crlqbcXf",null,null,null,1,0]],[4,"des_1",33554432,3,[[18,"免输局数:",0,0,24,24,0,0,-124,[0,"514YkQFkZPTIcg5ob1x1eu"]],[2,-125,[0,"74fykfR2hI44ntRX6aaAjz"]],[3,-126,[0,"81Wt9GnC1Ah5moDudvrz66"],[5,102.67,30.24]]],[1,"faD4CITV1Mj5Vk/Spzu6n1",null,null,null,1,0],[1,-78.94,-29.710000000000008,0]],[4,"des_2",33554432,3,[[18,"免输额度封顶:",0,0,24,24,0,0,-127,[0,"716mTqHw1PsJiZL+HhedOx"]],[2,-128,[0,"5c4BJtrNVKCIwEk7cqu8hB"]],[3,-129,[0,"c6xL1OQ4dJfIkMdpp9umn4"],[5,150.67,30.24]]],[1,"28QR+0xa1MtJL71ZT5mfN5",null,null,null,1,0],[1,-54.31999999999999,-66.02000000000001,0]],[4,"des_3",33554432,3,[[18,"本局免输:",0,0,24,24,0,0,-130,[0,"22zjpRmc1IRL8WeDdG4Gei"]],[2,-131,[0,"2eHkrJwhdPfoYBFZZ0VBtC"]],[3,-132,[0,"c6rF66/kFEOLWV66NgzoiE"],[5,102.67,30.24]]],[1,"d9KC7CStNDI4J6mu+ENQd/",null,null,null,1,0],[1,-77.42,-124.44,0]],[4,"des_4",33554432,3,[[18,"累计免输:",0,0,24,24,0,0,-133,[0,"67puw7a8NCGpwHOdoJf5TS"]],[2,-134,[0,"8dJ1tHXpdEXYfsrq4MOWx5"]],[3,-135,[0,"d3wFtEJYhAA57+Djh3G8WH"],[5,102.67,30.24]]],[1,"55S/xsrRdJxrr48KlRYZCa",null,null,null,1,0],[1,-79.61,-159.84,0]],[4,"des_5",33554432,3,[[18,"剩余免输局数:",0,0,24,24,0,0,-136,[0,"45Zi6DpSFJa4RNwZSkDSSt"]],[2,-137,[0,"41dPyQhx1GFLB45J4tu4PG"]],[3,-138,[0,"ec+PpVm+tFFLRs1CP0Nbyb"],[5,150.67,30.24]]],[1,"f4lDBkmdJHqIv4+VA40Het",null,null,null,1,0],[1,-53.86,-197.27,0]],[4,"Image_line",33554432,3,[[17,1,0,false,-139,[0,"e0j8vEqTRBx4dacRrsGfIl"]],[2,-140,[0,"1eLNZN6npDzZfmYa9phWcO"]],[3,-141,[0,"e1KFsxrplM+73CKlfxI+rr"],[5,250,2]]],[1,"d6xqGi+SBMfqJmCFt7GTFo",null,null,null,1,0],[1,-0.539999999999992,-95.72,0]],[4,"text1",33554432,3,[[15,"3",0,0,24,24,0,0,-142,[0,"9bro1aS2ZA045aBTPAhVBd"],[4,4285703733]],[2,-143,[0,"85hLUtJ7hFOLlPplVPMjhJ"]],[8,-144,[0,"d2/X21hkpPtpYaxaQ7BdbQ"],[5,13.35,30.24],[0,0,0.5]]],[1,"2dDyPcrhpHIrE8Pj/aS94X",null,null,null,1,0],[1,-10.818099999999987,-31.819999999999993,0]],[4,"text2",33554432,3,[[15,"3000",0,0,24,24,0,0,-145,[0,"abM2bpXv9Dvp7VCZ/3a9z7"],[4,4285703733]],[2,-146,[0,"98k1LbcKBN75E6ZrWWvnWg"]],[8,-147,[0,"bbn7H7YbZAUohXB+GnhPKb"],[5,53.39,30.24],[0,0,0.5]]],[1,"76v1DE73FNoIOxDLREXPrp",null,null,null,1,0],[1,40.2766,-67.2501,0]],[4,"text3",33554432,3,[[15,"0",0,0,24,24,0,0,-148,[0,"c9AmOsyNJCRZ1iT2VwZ58o"],[4,4285703733]],[2,-149,[0,"e8ohy1jYtAp5kIKxi4Clnt"]],[8,-150,[0,"43WSACOrdCWYmVcdji9Gel"],[5,13.35,30.24],[0,0,0.5]]],[1,"88QpdwO3VADb6N9x9Fz2hg",null,null,null,1,0],[1,-9.300600000000003,-126.5556,0]],[4,"text4",33554432,3,[[15,"0",0,0,24,24,0,0,-151,[0,"35j4dhE9VIgp6XSwZSmZ3/"],[4,4285703733]],[2,-152,[0,"10XKA9L/9L3qq3Wvwxh9dB"]],[8,-153,[0,"87i+al43hCDIxI+qcJp52m"],[5,13.35,30.24],[0,0,0.5]]],[1,"c2PwsHlidIAKgwCVM3mpNm",null,null,null,1,0],[1,-11.492099999999994,-161.953,0]],[4,"text5",33554432,3,[[15,"000",0,0,24,24,0,0,-154,[0,"65Qk7VttlGD7zP2yxC0RO6"],[4,4285703733]],[2,-155,[0,"f733hLlixFbohFT4I1RHF1"]],[8,-156,[0,"2djLzSBHBA6qbVnaCPnTk5"],[5,40.04,30.24],[0,0,0.5]]],[1,"12EvvFKk5GbKkc4XxWzQcM",null,null,null,1,0],[1,38.96369999999999,-197.27,0]],[14,"Sprite_Btn",33554432,17,[[30,2,false,-157,[0,"c3OFJB70lIObL6yX+AOLtH"]],[2,-158,[0,"delq4AnulJi6Qps/m2HNWm"]],[3,-159,[0,"3aQ10K3GtIMIe2uKWt7S7y"],[5,52,52]]],[1,"3bLNMaCLNMGLzrh3AD2U2q",null,null,null,1,0]]],0,[0,3,1,0,0,1,0,0,1,0,-1,2,0,0,2,0,0,2,0,0,2,0,-1,6,0,-2,7,0,-3,8,0,-4,9,0,-5,10,0,-6,20,0,-7,11,0,-8,12,0,-9,4,0,-10,5,0,-11,19,0,0,3,0,0,3,0,0,3,0,-1,28,0,-2,29,0,-3,30,0,-4,31,0,-5,32,0,-6,33,0,-7,34,0,-8,35,0,-9,36,0,-10,37,0,-11,38,0,0,4,0,0,4,0,0,4,0,-1,21,0,-2,22,0,-3,23,0,0,5,0,0,5,0,0,5,0,-1,13,0,-2,15,0,-3,17,0,0,6,0,0,6,0,0,6,0,0,6,0,0,7,0,0,7,0,0,7,0,0,7,0,0,8,0,0,8,0,0,8,0,0,8,0,0,9,0,0,9,0,0,9,0,0,9,0,0,10,0,0,10,0,0,10,0,0,10,0,0,11,0,0,11,0,0,11,0,0,11,0,0,12,0,0,12,0,0,12,0,0,12,0,0,13,0,0,13,0,-1,14,0,-2,25,0,0,14,0,0,14,0,0,14,0,-1,24,0,0,15,0,0,15,0,-1,16,0,-2,27,0,0,16,0,0,16,0,0,16,0,-1,26,0,0,17,0,0,17,0,-1,18,0,-2,39,0,0,18,0,0,18,0,0,18,0,0,19,0,0,19,0,0,19,0,0,19,0,0,20,0,0,20,0,0,20,0,0,21,0,0,21,0,0,21,0,0,22,0,0,22,0,0,22,0,0,23,0,0,23,0,0,23,0,0,24,0,0,24,0,0,24,0,0,25,0,0,25,0,0,25,0,0,26,0,0,26,0,0,26,0,0,27,0,0,27,0,0,27,0,0,28,0,0,28,0,0,28,0,0,29,0,0,29,0,0,29,0,0,30,0,0,30,0,0,30,0,0,31,0,0,31,0,0,31,0,0,32,0,0,32,0,0,32,0,0,33,0,0,33,0,0,33,0,0,34,0,0,34,0,0,34,0,0,35,0,0,35,0,0,35,0,0,36,0,0,36,0,0,36,0,0,37,0,0,37,0,0,37,0,0,38,0,0,38,0,0,38,0,0,39,0,0,39,0,0,39,0,6,1,3,4,18,159],[0,0,0,0,0,0],[2,2,2,2,2,2],[12,13,14,15,16,17]],[[{"name":"js_tb_kspz","rect":{"x":0,"y":0,"width":90,"height":35},"offset":{"x":0,"y":0},"originalSize":{"width":90,"height":35},"rotated":false,"capInsets":[0,0,0,0],"vertices":{"rawPosition":[-45,-17.5,0,45,-17.5,0,-45,17.5,0,45,17.5,0],"indexes":[0,1,2,2,1,3],"uv":[0,35,90,35,0,0,90,0],"nuv":[0,0,1,0,0,1,1,1],"minPos":{"x":-45,"y":-17.5,"z":0},"maxPos":{"x":45,"y":17.5,"z":0}},"packable":true,"pixelsToUnit":100,"pivot":{"x":0.5,"y":0.5},"meshType":0}],[0],0,[0],[1],[18]],[[{"name":"js_tb_bp","rect":{"x":0,"y":0,"width":52,"height":51},"offset":{"x":0,"y":0},"originalSize":{"width":52,"height":51},"rotated":false,"capInsets":[0,0,0,0],"vertices":{"rawPosition":[-26,-25.5,0,26,-25.5,0,-26,25.5,0,26,25.5,0],"indexes":[0,1,2,2,1,3],"uv":[0,51,52,51,0,0,52,0],"nuv":[0,0,1,0,0,1,1,1],"minPos":{"x":-26,"y":-25.5,"z":0},"maxPos":{"x":26,"y":25.5,"z":0}},"packable":true,"pixelsToUnit":100,"pivot":{"x":0.5,"y":0.5},"meshType":0}],[0],0,[0],[1],[19]],[[{"name":"js_tb_dz1","rect":{"x":0,"y":0,"width":60,"height":62},"offset":{"x":0,"y":0},"originalSize":{"width":60,"height":62},"rotated":false,"capInsets":[0,0,0,0],"vertices":{"rawPosition":[-30,-31,0,30,-31,0,-30,31,0,30,31,0],"indexes":[0,1,2,2,1,3],"uv":[0,62,60,62,0,0,60,0],"nuv":[0,0,1,0,0,1,1,1],"minPos":{"x":-30,"y":-31,"z":0},"maxPos":{"x":30,"y":31,"z":0}},"packable":true,"pixelsToUnit":100,"pivot":{"x":0.5,"y":0.5},"meshType":0}],[0],0,[0],[1],[20]],[[{"name":"2022js_sb","spriteFrames":["js_chk","59Xc0CzWBKcKVL0ikkRCaH@5ca1e","js_dft_b","59Xc0CzWBKcKVL0ikkRCaH@fcd0a","js_jdtd","59Xc0CzWBKcKVL0ikkRCaH@79bb3","js_sb_1","59Xc0CzWBKcKVL0ikkRCaH@6d3f6","js_sb_2","59Xc0CzWBKcKVL0ikkRCaH@71ffc","js_sb_di","59Xc0CzWBKcKVL0ikkRCaH@86d9c","js_sb_di2","59Xc0CzWBKcKVL0ikkRCaH@096e0","js_sb_di3","59Xc0CzWBKcKVL0ikkRCaH@f2d44","js_sb_dwd","59Xc0CzWBKcKVL0ikkRCaH@6ac29","js_sb_jx","59Xc0CzWBKcKVL0ikkRCaH@03c71","js_sb_lszd","59Xc0CzWBKcKVL0ikkRCaH@f2d01","js_sb_lszdd","59Xc0CzWBKcKVL0ikkRCaH@77436","js_sb_t","59Xc0CzWBKcKVL0ikkRCaH@7e461"]}],[7],0,[],[],[]],[[{"name":"js_sb_jx","rect":{"x":2413,"y":667,"width":66,"height":66},"offset":{"x":0,"y":0},"originalSize":{"width":66,"height":66},"rotated":false,"capInsets":[0,0,0,0],"vertices":{"rawPosition":[],"indexes":[],"uv":[],"nuv":[],"minPos":{"x":0,"y":0,"z":0},"maxPos":{"x":0,"y":0,"z":0}},"packable":true,"pixelsToUnit":100,"pivot":{"x":0.5,"y":0.5},"meshType":0}],[0],0,[0],[1],[1]],[[{"name":"js_sb_di2","rect":{"x":2,"y":2,"width":719,"height":720},"offset":{"x":0,"y":0},"originalSize":{"width":719,"height":720},"rotated":false,"capInsets":[0,0,0,0],"vertices":{"rawPosition":[],"indexes":[],"uv":[],"nuv":[],"minPos":{"x":0,"y":0,"z":0},"maxPos":{"x":0,"y":0,"z":0}},"packable":true,"pixelsToUnit":100,"pivot":{"x":0.5,"y":0.5},"meshType":0}],[0],0,[0],[1],[1]],[[{"name":"js_chk","rect":{"x":3867,"y":607,"width":180,"height":44},"offset":{"x":0,"y":0},"originalSize":{"width":180,"height":44},"rotated":false,"capInsets":[0,0,0,0],"vertices":{"rawPosition":[],"indexes":[],"uv":[],"nuv":[],"minPos":{"x":0,"y":0,"z":0},"maxPos":{"x":0,"y":0,"z":0}},"packable":true,"pixelsToUnit":100,"pivot":{"x":0.5,"y":0.5},"meshType":0}],[0],0,[0],[1],[1]],[[{"name":"js_sb_dwd","rect":{"x":3753,"y":607,"width":112,"height":118},"offset":{"x":0,"y":0},"originalSize":{"width":112,"height":118},"rotated":false,"capInsets":[0,0,0,0],"vertices":{"rawPosition":[],"indexes":[],"uv":[],"nuv":[],"minPos":{"x":0,"y":0,"z":0},"maxPos":{"x":0,"y":0,"z":0}},"packable":true,"pixelsToUnit":100,"pivot":{"x":0.5,"y":0.5},"meshType":0}],[0],0,[0],[1],[1]],[[{"name":"js_sb_1","rect":{"x":3753,"y":344,"width":277,"height":261},"offset":{"x":0,"y":0},"originalSize":{"width":277,"height":261},"rotated":false,"capInsets":[0,0,0,0],"vertices":{"rawPosition":[],"indexes":[],"uv":[],"nuv":[],"minPos":{"x":0,"y":0,"z":0},"maxPos":{"x":0,"y":0,"z":0}},"packable":true,"pixelsToUnit":100,"pivot":{"x":0.5,"y":0.5},"meshType":0}],[0],0,[0],[1],[1]],[[{"name":"js_sb_2","rect":{"x":3753,"y":2,"width":340,"height":306},"offset":{"x":0,"y":0},"originalSize":{"width":340,"height":306},"rotated":true,"capInsets":[0,0,0,0],"vertices":{"rawPosition":[],"indexes":[],"uv":[],"nuv":[],"minPos":{"x":0,"y":0,"z":0},"maxPos":{"x":0,"y":0,"z":0}},"packable":true,"pixelsToUnit":100,"pivot":{"x":0.5,"y":0.5},"meshType":0}],[0],0,[0],[1],[1]],[[{"name":"js_sb_lszdd","rect":{"x":1850,"y":667,"width":561,"height":88},"offset":{"x":0,"y":0},"originalSize":{"width":561,"height":88},"rotated":false,"capInsets":[0,0,0,0],"vertices":{"rawPosition":[],"indexes":[],"uv":[],"nuv":[],"minPos":{"x":0,"y":0,"z":0},"maxPos":{"x":0,"y":0,"z":0}},"packable":true,"pixelsToUnit":100,"pivot":{"x":0.5,"y":0.5},"meshType":0}],[0],0,[0],[1],[1]],[[{"name":"js_jdtd","rect":{"x":2,"y":724,"width":692,"height":23},"offset":{"x":0,"y":0},"originalSize":{"width":692,"height":23},"rotated":false,"capInsets":[0,0,0,0],"vertices":{"rawPosition":[],"indexes":[],"uv":[],"nuv":[],"minPos":{"x":0,"y":0,"z":0},"maxPos":{"x":0,"y":0,"z":0}},"packable":true,"pixelsToUnit":100,"pivot":{"x":0.5,"y":0.5},"meshType":0}],[0],0,[0],[1],[1]],[[{"name":"js_sb_t","rect":{"x":912,"y":691,"width":936,"height":47},"offset":{"x":0,"y":0},"originalSize":{"width":936,"height":47},"rotated":false,"capInsets":[0,0,0,0],"vertices":{"rawPosition":[],"indexes":[],"uv":[],"nuv":[],"minPos":{"x":0,"y":0,"z":0},"maxPos":{"x":0,"y":0,"z":0}},"packable":true,"pixelsToUnit":100,"pivot":{"x":0.5,"y":0.5},"meshType":0}],[0],0,[0],[1],[1]],[[{"name":"js_sb_di","rect":{"x":1411,"y":2,"width":2340,"height":663},"offset":{"x":0,"y":0},"originalSize":{"width":2340,"height":663},"rotated":false,"capInsets":[0,0,0,0],"vertices":{"rawPosition":[],"indexes":[],"uv":[],"nuv":[],"minPos":{"x":0,"y":0,"z":0},"maxPos":{"x":0,"y":0,"z":0}},"packable":true,"pixelsToUnit":100,"pivot":{"x":0.5,"y":0.5},"meshType":0}],[0],0,[0],[1],[1]],[[{"name":"js_sb_lszd","rect":{"x":723,"y":691,"width":187,"height":49},"offset":{"x":0,"y":0},"originalSize":{"width":187,"height":49},"rotated":false,"capInsets":[0,0,0,0],"vertices":{"rawPosition":[],"indexes":[],"uv":[],"nuv":[],"minPos":{"x":0,"y":0,"z":0},"maxPos":{"x":0,"y":0,"z":0}},"packable":true,"pixelsToUnit":100,"pivot":{"x":0.5,"y":0.5},"meshType":0}],[0],0,[0],[1],[1]],[[{"name":"js_sb_di3","rect":{"x":723,"y":2,"width":687,"height":686},"offset":{"x":0,"y":0},"originalSize":{"width":687,"height":686},"rotated":true,"capInsets":[0,0,0,0],"vertices":{"rawPosition":[],"indexes":[],"uv":[],"nuv":[],"minPos":{"x":0,"y":0,"z":0},"maxPos":{"x":0,"y":0,"z":0}},"packable":true,"pixelsToUnit":100,"pivot":{"x":0.5,"y":0.5},"meshType":0}],[0],0,[0],[1],[1]],[[{"name":"js_dft_b","rect":{"x":2481,"y":667,"width":936,"height":46},"offset":{"x":0,"y":0},"originalSize":{"width":936,"height":46},"rotated":false,"capInsets":[0,0,0,0],"vertices":{"rawPosition":[],"indexes":[],"uv":[],"nuv":[],"minPos":{"x":0,"y":0,"z":0},"maxPos":{"x":0,"y":0,"z":0}},"packable":true,"pixelsToUnit":100,"pivot":{"x":0.5,"y":0.5},"meshType":0}],[0],0,[0],[1],[1]],[[{"name":"js_tb_ksp2","rect":{"x":0,"y":0,"width":100,"height":90},"offset":{"x":0,"y":0},"originalSize":{"width":100,"height":90},"rotated":false,"capInsets":[0,0,0,0],"vertices":{"rawPosition":[-50,-45,0,50,-45,0,-50,45,0,50,45,0],"indexes":[0,1,2,2,1,3],"uv":[0,90,100,90,0,0,100,0],"nuv":[0,0,1,0,0,1,1,1],"minPos":{"x":-50,"y":-45,"z":0},"maxPos":{"x":50,"y":45,"z":0}},"packable":true,"pixelsToUnit":100,"pivot":{"x":0.5,"y":0.5},"meshType":0}],[0],0,[0],[1],[21]],[[{"name":"js_tb_dk","rect":{"x":0,"y":0,"width":112,"height":112},"offset":{"x":0,"y":0},"originalSize":{"width":112,"height":112},"rotated":false,"capInsets":[0,0,0,0],"vertices":{"rawPosition":[-56,-56,0,56,-56,0,-56,56,0,56,56,0],"indexes":[0,1,2,2,1,3],"uv":[0,112,112,112,0,0,112,0],"nuv":[0,0,1,0,0,1,1,1],"minPos":{"x":-56,"y":-56,"z":0},"maxPos":{"x":56,"y":56,"z":0}},"packable":true,"pixelsToUnit":100,"pivot":{"x":0.5,"y":0.5},"meshType":0}],[0],0,[0],[1],[22]],[[{"name":"js_tb_zj","rect":{"x":0,"y":0,"width":52,"height":52},"offset":{"x":0,"y":0},"originalSize":{"width":52,"height":52},"rotated":false,"capInsets":[0,0,0,0],"vertices":{"rawPosition":[-26,-26,0,26,-26,0,-26,26,0,26,26,0],"indexes":[0,1,2,2,1,3],"uv":[0,52,52,52,0,0,52,0],"nuv":[0,0,1,0,0,1,1,1],"minPos":{"x":-26,"y":-26,"z":0},"maxPos":{"x":26,"y":26,"z":0}},"packable":true,"pixelsToUnit":100,"pivot":{"x":0.5,"y":0.5},"meshType":0}],[0],0,[0],[1],[23]],[[{"name":"js_tb_ksp","rect":{"x":0,"y":0,"width":107,"height":85},"offset":{"x":0,"y":0},"originalSize":{"width":107,"height":85},"rotated":false,"capInsets":[0,0,0,0],"vertices":{"rawPosition":[-53.5,-42.5,0,53.5,-42.5,0,-53.5,42.5,0,53.5,42.5,0],"indexes":[0,1,2,2,1,3],"uv":[0,85,107,85,0,0,107,0],"nuv":[0,0,1,0,0,1,1,1],"minPos":{"x":-53.5,"y":-42.5,"z":0},"maxPos":{"x":53.5,"y":42.5,"z":0}},"packable":true,"pixelsToUnit":100,"pivot":{"x":0.5,"y":0.5},"meshType":0}],[0],0,[0],[1],[24]],[[[26,"node_settlement_fail"],[27,"node_settlement_fail",33554432,[-9],[[52,-6,[0,"b78FapCKhDWrDoizyQler7"],[31],32],[2,-7,[0,"4cUx10i4pCoYAZgYgBfgyo"]],[3,-8,[0,"91w85opwFGVJa1Z1oTVWCn"],[5,0,0]]],[43,"9dL9ABiS1D9qgx/Rvm/Lh8",null,null,-5,0,[-1,-2,-3,-4]]],[39,"node_middle",33554432,[-13,-14,-15,-16,-17,-18,-19,-20,-21,-22,-23],[[47,45,1,1,-10,[0,"74w+/YO9JDOYLo8eAXX9V3"]],[2,-11,[0,"07Qd5ONM1OH5meFSMPo7m7"]],[8,-12,[0,"68w+scUKlPIbow/nZ1nmv6"],[5,0,0],[0,0,0]]],[1,"5bVr/aadVC5qoSofysZPxK",null,null,null,1,0],[1,-0.5,-0.5,0],[1,0.666,0.666,1]],[13,"Layout",33554432,1,[-28,-29,-30,2,-31],[[16,-24,[0,"2aVMgRI4ZE9KflSZRNErGU"]],[2,-25,[0,"fb2qI3RNtAwJyYBc5tRWXx"]],[3,-26,[0,"eaecg9Bj5MuKEoWHJp1M9m"],[5,1,1]],[53,-27,[0,"cafukxW+ZLVaIKQW47MR6D"]]],[1,"513uqaMHJFw5ceAF2bqnBA",null,null,null,1,0]],[13,"Layout_close",33554432,3,[-36,-37],[[16,-32,[0,"40B3/Q/BdJg7ALzGAxZHrT"]],[48,false,-960,-960,-540,-540,false,false,false,false,1921,1081,-33,[0,"96Jgf0bL9JkaZX1NrIXzlL"]],[9,51,-34,[0,"54UojsFJpHSZeXs9NTSwHC"]],[3,-35,[0,"2ba8hEvqxFIJy7HD7kPwsd"],[5,1921,1081]]],[1,"c3s2Mb7bdOvovcjjqWnL6Q",null,null,null,1,0]],[11,"node_player_list",33554432,2,[-40,-41,-42,-43],[[42,-38,[0,"6a65kNxBNMq7xjffnJAwri"]],[9,0,-39,[0,"e6VBx7+nJCfpo0fVVl6Jgh"]]],[1,"34VbMg2MRIUq7RDrFQ3Cos",null,null,null,1,0],[1,204.01,61.31900000000002,0]],[29,"Sprite_CloseBtn",33554432,4,[-48],[[6,0,false,-44,[0,"81RX7WVOlChqcBGkS5zzsf"],4],[2,-45,[0,"aakaXJ4etPYJzxtVYrE7f+"]],[8,-46,[0,"f0OlTfL9dIT4UeVI8sHHN5"],[5,214,138],[0,0,0.5]],[49,9,1,-47,[0,"c52f7zWkRFZKMOnCuNLHYf"]]],[1,"cd0sZkPwJHsoFX8sszIg10",null,null,null,1,0],[1,-960.5,494.546,0],[1,0.666,0.666,1]],[29,"FileNode_TitleBarBG",33554432,2,[-52,-53],[[36,-49,[0,"6evA7h5bxHILXirYbX4nrD"],[9]],[2,-50,[0,"3a9SkGeepE9b17UOKFgVdb"]],[8,-51,[0,"55qGx/pNpIrq1qLcSEdkf0"],[5,0,0],[0,0,0]]],[1,"76djujUmhNd7BSBVw2bWEi",null,null,null,1,0],[1,-571.93,16.77,0],[1,1.0917,1.0917,1]],[11,"img_jumpBtn",33554432,2,[-57,-58],[[6,0,false,-54,[0,"8cSwEEaoVNw7exsUlu++Mq"],16],[9,0,-55,[0,"19Z7kgev5Maa3fqxAEi5Zo"]],[3,-56,[0,"0c3gEg7TdHZLQETk6RTGqF"],[5,112,112]]],[1,"e1wvgr6IlGSb9ogMTpbNar",null,null,null,1,0],[1,871.8496,-124.6873,0]],[11,"Layout_ListItemTitle",33554432,5,[-61,-62,-63],[[3,-59,[0,"81Co6Jl5JCUo7dpCM0vv9b"],[5,936,47]],[44,-60,[0,"2fbndZOtNGlLUNZXMGF2lq"],17]],[1,"1434k8B3BBZI4CN0Uvouy7",null,null,null,1,0],[1,30.135,79.642,0]],[28,"Image_bg",33554432,[-67,-68],[[6,0,false,-64,[0,"4dYLJZ81ZJ+aITUXffB+ic"],24],[2,-65,[0,"cf//s5qQ1Bp5/2kYLNhONm"]],[3,-66,[0,"2a0pWIFrJGN7QzI39jHxdg"],[5,112,112]]],[1,"26XxJUAs5IO6+Y2lJmWOeG",null,null,null,1,0],[1,0,19.1118,0]],[11,"Image_seeVideo",33554432,10,[-73],[[10,12,0.022299999999999986,0.12054999999999999,false,false,-69,[0,"300RGoM/pHBJOoUmOx7OAo"]],[6,0,false,-70,[0,"b9QeBHprhF77xLF2HxaFc7"],22],[2,-71,[0,"f5K5d9ejlEsaPoh/vUCBAk"]],[3,-72,[0,"14W5G5GRREVadAmaqMdDPS"],[5,107,85]]],[1,"da7XmS3sBFAKleu7xXe3d/",null,null,null,1,0],[1,-0.002400000000001512,0.001599999999996271,0]],[28,"Image_bg",33554432,[-77,-78],[[6,0,false,-74,[0,"34VACDPgpK4KgWEW38JdnH"],28],[2,-75,[0,"79eooOh/hF4qyjC8KTXnQd"]],[3,-76,[0,"30ZuyTOoNPWp+ORsgr/H3G"],[5,112,112]]],[1,"c731zkI5pDgLgNf4PQwidH",null,null,null,1,0],[1,0,19.1118,0]],[11,"Image_seeVideo",33554432,12,[-83],[[10,12,0.053549999999999986,0.09820000000000001,false,false,-79,[0,"65kDUvf15J3r9rt6x1K1KS"]],[6,0,false,-80,[0,"260HG/WNxCrKXZ6Lav3Sp7"],26],[2,-81,[0,"895sOGbTlEmbdcdMEbmT5U"]],[3,-82,[0,"1dTbJyPJ5GDrHjO9F8MAvf"],[5,100,90]]],[1,"7f1IhS+BNGe7QbSWXmAseB",null,null,null,1,0],[1,-0.002400000000001512,-0.001599999999996271,0]],[11,"Layout_ButtonGroup_For_Happy",33554432,2,[-87,-88],[[16,-84,[0,"20enWk+E5E9JYiK7XzLStI"]],[9,28,-85,[0,"a5HHpSFOxJMKE1QoG5HQDk"]],[3,-86,[0,"cbzJG3HXdKBJLSVpvWyp2C"],[5,660,144.1733]]],[1,"a9RGCz/ixJ8bMVOrd0u0+7",null,null,null,1,0],[1,176.3005,-299.7329,0]],[14,"background",33554432,3,[[22,0,false,-89,[0,"06je0gx+1MfotpuE/jv3+n"],[4,4294953110],0],[23,18,-90,[0,"08KsYrpQhHkrb/rtt0cjsb"]],[9,0,-91,[0,"f6+JCYeLJMwZJxPOoxLK3F"]],[3,-92,[0,"85NfjgWtNLOKS1HNTji2yi"],[5,1,1]]],[1,"f7PaupuhNIY7IZmIB2ro1a",null,null,null,1,0]],[11,"LayoutMask",33554432,3,[-96],[[16,-93,[0,"24rECbRI9FdogFH6xBMwkQ"]],[9,0,-94,[0,"89iBOh/ndBGqbSlxN6v0Mf"]],[3,-95,[0,"daqc/HA4xHX79m5vT3qZoo"],[5,1280,720]]],[1,"87ZdwMlPNA4IZFYJh5moBH",null,null,null,1,0],[1,-0.5,-0.5,0]],[14,"background",33554432,16,[[22,0,false,-97,[0,"e8sBz6nQJOkZ6KK3tIfdub"],[4,4278190080],1],[23,18,-98,[0,"13BPTJseJIQJw1YK1d2Owp"]],[9,102,-99,[0,"13jvFjaUVOkYtHgdCMKyZk"]],[3,-100,[0,"3fiJ6+2vVJV5K3u2jFaBgD"],[5,1920,1080]]],[1,"66PBEsEwZMCr8PnboFHMX3",null,null,null,1,0]],[14,"background",33554432,4,[[22,0,false,-101,[0,"5bAcU+GMhFa53WKrlw4BSM"],[4,4278190080],2],[23,18,-102,[0,"b0YBlKMeRLzL9JT4m/0YnN"]],[9,0,-103,[0,"55EvBxG8FM2IGNSJ7lyoad"]],[3,-104,[0,"52Q7WrWxlHrJ1MnBKlzXq5"],[5,1921,1081]]],[1,"2etWKjAZ9GiqTEtXc0nxBS",null,null,null,1,0]],[29,"JS_zhongduandb01_1",33554432,2,[-108],[[6,2,false,-105,[0,"c9RolHQEZE2IOJKtvyTcti"],11],[9,0,-106,[0,"25Z6gPha9B65WpMcBmBlUo"]],[8,-107,[0,"0a7wI7azZLm4GfkM6Wl8kT"],[5,561,88],[0,0.7598000168800354,0]]],[1,"cf6nSkzNRIioXa21e87FPp",null,null,null,1,0],[1,-430.54119873046875,235.80670166015625,0],[1,0.4375,0.4375,1]],[4,"Image_17",33554432,8,[[10,12,0.022299999999999986,0.10715000000000002,false,false,-109,[0,"19/YaZVFJEgLHfSRyqbyhc"]],[6,0,false,-110,[0,"3eRCaN+yJAsazf4hkB0/QG"],14],[2,-111,[0,"1fP1TMyjVAeYtksMFAeGe9"]],[3,-112,[0,"c67pUVkfZOebkp2Y241ejk"],[5,107,88]]],[1,"f0jwvxt5JMcojEBgmroLqY",null,null,null,1,0],[1,-0.002400000000001512,0.0007999999999981355,0]],[4,"Image_18",33554432,8,[[50,8,0.09820000000000001,false,-113,[0,"25+H7I2eRF+Kx+Q+Upjv9f"]],[6,0,false,-114,[0,"5feO5H055EObfxyywZ+s+k"],15],[2,-115,[0,"3arlVkHIpBfI/I3wPoM1y+"]],[3,-116,[0,"66diwENGRBTI/rYY0n7pec"],[5,90,35]]],[1,"736fvHiHxNfLpm4OoXCUsg",null,null,null,1,0],[1,-0.001599999999996271,-40.0376,0]],[14,"background",33554432,14,[[22,0,false,-117,[0,"d0/w5ZKftOALqpgFoPOVNx"],[4,4294953110],29],[23,18,-118,[0,"b8BAhbTvFC0qxvwnuI/6rn"]],[9,0,-119,[0,"586zQUsb1AEICYzGK0kJfL"]],[3,-120,[0,"a7qvAbF7tE9r7T1nwSHmTi"],[5,660,144.1733]]],[1,"cd9t89f4hKl578J/gZanRe",null,null,null,1,0]],[33,"Image_1",33554432,6,[[6,0,false,-121,[0,"85V/+/IyVHPpdRUXC8RghF"],3],[2,-122,[0,"1a/GODz1dKg4wO5lhndTzh"]],[3,-123,[0,"2dQW8NH8JG2ISzRInbTyKT"],[5,94,86]]],[1,"d1vn/lftdPIJR91OxkdHSl",null,null,null,1,0],[1,79.84,-15.469999999999999,0],[1,1,1.0514,1]],[13,"BG_parent",33554432,2,[-126],[[2,-124,[0,"fe5hfcFY5G2KMSJPUgHNUc"]],[8,-125,[0,"2f6sYE9oNEtImI4yiIxjeS"],[5,0,0],[0,0,0]]],[1,"4b9G90RytGsqSqEMVWkbkJ",null,null,null,1,0]],[33,"Sprite_SettlementBG",33554432,24,[[6,0,false,-127,[0,"4b0rDVVSVIOqe4gsx1OP/2"],5],[9,0,-128,[0,"43zopPxyNCv5Bm5j4I4awD"]],[8,-129,[0,"95WQwvhuFEg7gWHWzKN83L"],[5,2340,663],[0,0,0.5]]],[1,"8ftfO2fgdJHZ/mUi4EeJ6v",null,null,null,1,0],[1,-1170.1099853515625,18.950000762939453,0],[1,0.27559998631477356,1,1]],[4,"img_btn_bg",33554432,2,[[6,0,false,-130,[0,"accbT2VvBPFL+mUY0SbTx4"],6],[2,-131,[0,"7futGcyjVBNYj59ybmDwbN"]],[3,-132,[0,"432RUd5F9BFYczwI5paDix"],[5,132,445]]],[1,"29LeDCt/NEfKAiMy6bqYSL",null,null,null,1,0],[1,871.9668,-74.9763,0]],[40,"Sprite_TitleBarBG",33554432,7,[[6,2,false,-133,[0,"84Ak+W2PtNgYaKV6n2MtbA"],7],[9,0,-134,[0,"ebfeNYyVBHpbP1At46+tn0"]],[3,-135,[0,"e6fCYj2iRBeZpszK2az2R9"],[5,719,720]]],[1,"18CbuwoYVFM6d3NQ/5+rm/",null,null,null,1,0],[1,0.7434,0.7434,1]],[41,"js_sz_di3_4",33554432,7,[[6,2,false,-136,[0,"fcO2f55upIwaiKIsDsUY+8"],8],[9,0,-137,[0,"db7jm+JzRBWpeLogY3rYyF"]],[3,-138,[0,"86IGVMbC5EdrbD6zUx8SIw"],[5,687,686]]],[1,"a2XecGythOZqu4/IYH77HS",null,null,null,1,0],[3,0.3059663875971909,0.3059672602618169,-0.10454544805421377,0.8954545519454055],[1,37.7294,37.7295,0]],[4,"js_sb_lszd_8",33554432,19,[[6,2,false,-139,[0,"0blCBesa5BDb3mX/7dvW6a"],10],[2,-140,[0,"fb1FYJaKpBZbOO/c8njkSM"]],[3,-141,[0,"b6d/3gDK5HGZn1YKOdt6f2"],[5,187,49]]],[1,"4c7GXsGZ1L7ZeQ5d6rXgGZ",null,null,null,1,0],[1,-136.54650000000004,50.5384,0]],[4,"js_sb_1_5",33554432,2,[[6,2,false,-142,[0,"49gKflj75Fa6xlrujs01jq"],12],[9,0,-143,[0,"e6NSL5NCZM0Zwr94WxSJo6"]],[3,-144,[0,"cdABW3F39G8IqHaCrnqVna"],[5,277,261]]],[1,"44TPcjDRRHPYby8xZ3Xnkl",null,null,null,1,0],[1,-702.193115234375,-62.18410110473633,0]],[4,"js_sb_2_6",33554432,2,[[6,2,false,-145,[0,"d9CwT1NyNDubLHon5rZup9"],13],[9,0,-146,[0,"72S8Yn1SVMs7z0TGPGvAe4"]],[3,-147,[0,"da5NJy+q5Oe4BB/DGh8TPc"],[5,340,306]]],[1,"78Jr1KflhAaID7qVFiDQlT",null,null,null,1,0],[1,-465.8122863769531,-115.21920013427734,0]],[5,["c6j9ll9e1HpIOnzyD73Aen"]],[5,["c6j9ll9e1HpIOnzyD73Aen"]],[5,["c6j9ll9e1HpIOnzyD73Aen"]],[11,"node_see_video_recordCard",33554432,2,[10],[[9,0,-148,[0,"8bpMiykSFPt6wTbgnXvR8L"]],[8,-149,[0,"042M9fONtNq4FYUGhQ4DKR"],[5,0,0],[0,0,0]]],[1,"a1RnjM8dxHqISYlSBAFdvJ",null,null,null,1,0],[1,872.8574829101562,41.16059875488281,0]],[4,"Image_342",33554432,11,[[6,0,false,-150,[0,"6cAnIhFQpJiI1IEUuA4G5Y"],21],[2,-151,[0,"09qHYmNu1Al6PLPk8Ja7u4"]],[3,-152,[0,"e8Tog1005KTpzfJtM1ZalP"],[5,90,35]]],[1,"00aZxxoaVKiqvRdfIsci0e",null,null,null,1,0],[1,-3.0020999999999987,-42.5,0]],[19,"Image_close",false,33554432,10,[[6,0,false,-153,[0,"ccooETQ39LaaP4IM555yHH"],23],[2,-154,[0,"82Hto1ZY5JgKheMXgSblv5"]],[3,-155,[0,"a9FtIXKAFMwqurb40eINwt"],[5,60,60]]],[1,"977h+bdxFKK4rI7Zm+rvbi",null,null,null,1,0],[1,232.78699999999998,-14.744700000000002,0]],[11,"node_see_video_lookCard",33554432,2,[12],[[9,0,-156,[0,"e8tjDFfdtMYIGmD+z1AOR3"]],[8,-157,[0,"44djJsnDxKvrTA1b4dWmlz"],[5,0,0],[0,0,0]]],[1,"41VV2OM1NDuosxeeepqw9Z",null,null,null,1,0],[1,872.861083984375,41.15999984741211,0]],[4,"Image_342",33554432,13,[[6,0,false,-158,[0,"32+jFTfodDn4w44iMwvq+T"],25],[2,-159,[0,"e9WtAzeSRMaLgWNhm3bMEe"]],[3,-160,[0,"8a5THrT/pBCY9/x1sBRE+4"],[5,90,35]]],[1,"03woolUzJINoGewDixWEUV",null,null,null,1,0],[1,0.49790000000000134,-45,0]],[19,"Image_close",false,33554432,12,[[6,0,false,-161,[0,"c4pP9udahGKbzlXJC9rS6A"],27],[2,-162,[0,"fa6ml3o9NEkLezFS5aBBUx"]],[3,-163,[0,"77gcynhzhIxZrbY7JXl4js"],[5,60,60]]],[1,"31+dNuHDRJVJlR3I6pAGTx",null,null,null,1,0],[1,232.78699999999998,-14.744700000000002,0]],[5,["efhyXF44NLk70+86enJ/nq"]],[4,"Text_Nick",33554432,9,[[3,-164,[0,"7b1eAi2VFPmpN0lICI169Q"],[5,60,50.4]],[32,"昵称",30,30,true,-165,[0,"73P7JlsdBBK6EX2R0slk1t"],[4,4294964202]]],[1,"93eqnG/SlCV7DHRCjaY4wd",null,null,null,1,0],[1,-236.124,1.543,0]],[4,"Text_beishu",33554432,9,[[3,-166,[0,"a8c8a5onJDDppmyzICUmEo"],[5,60,50.4]],[32,"倍数",30,30,true,-167,[0,"2dzLbGuElGeI5SIRBFPr3u"],[4,4294964202]]],[1,"28V9+ow9pDL6ycI3sX66xf",null,null,null,1,0],[1,26.236,1.543,0]],[4,"Text_WinOrLose",33554432,9,[[3,-168,[0,"7cVjTy/dhEnpNRH3u6ulvz"],[5,60,50.4]],[32,"金币",30,30,true,-169,[0,"ccRO1CWklC37YDMvrRs8Wk"],[4,4294964202]]],[1,"5bVxMNMcVBk6d3G+m2QS1G",null,null,null,1,0],[1,265.446,1.543,0]],[20,0,null,5,[21,"c6j9ll9e1HpIOnzyD73Aen",null,null,-170,[24,"7aEsF0tkdP+5VxFM+9bvY1",1,[[25,"node_cell_0",["_name"],32],[12,["_lpos"],32,[1,0,0,0]],[12,["_lrot"],32,[3,0,0,0,1]],[12,["_euler"],32,[1,0,0,0]],[7,["_lpos"],[5,["6aprf10zxHp4sSWzCgMxv3"]],[1,52.876000000000026,1.1999999999999993,0]],[7,["_lpos"],[5,["71udANU+hIZoVmZ1p1hRmw"]],[1,-203.765,0.6999999999999993,0]],[7,["_lpos"],[5,["9aHCNkG5lFtYyVFomRmg92"]],[1,180.83700000000005,0,0]],[7,["_contentSize"],[5,["f0nPlEuFRBqaAIxnHtidDP"]],[5,185.7,50.4]],[7,["_contentSize"],[5,["eeAMO79g5J4JmCTc3eRiGc"]],[5,111.23,50.4]],[7,["_contentSize"],[5,["6bW+Orwn5LXLUs5VnUsST6"]],[5,200,50.4]],[7,["_contentSize"],[5,["682LJMkUtOepPd090POCQu"]],[5,182,32.76]],[7,["_contentSize"],[5,["69qBzijTVIE5kA/RIW68lP"]],[5,104.98,40.32]],[7,["_lpos"],[5,["acmjJOeEdKCq5VAZnb5Ykp"]],[1,294.744,1.1999999999999993,0]]]],18]],[20,0,null,5,[21,"c6j9ll9e1HpIOnzyD73Aen",null,null,-171,[24,"23kzQgIbZKxaJTdA3rEbgN",1,[[25,"node_cell_1",["_name"],33],[12,["_lpos"],33,[1,0,-88.252,0]],[12,["_lrot"],33,[3,0,0,0,1]],[12,["_euler"],33,[1,0,0,0]],[7,["_lpos"],[5,["6aprf10zxHp4sSWzCgMxv3"]],[1,52.876000000000026,1.1999999999999993,0]],[7,["_lpos"],[5,["71udANU+hIZoVmZ1p1hRmw"]],[1,-203.765,0.6999999999999993,0]],[7,["_lpos"],[5,["9aHCNkG5lFtYyVFomRmg92"]],[1,180.83700000000005,0,0]],[7,["_contentSize"],[5,["f0nPlEuFRBqaAIxnHtidDP"]],[5,185.7,50.4]],[7,["_contentSize"],[5,["eeAMO79g5J4JmCTc3eRiGc"]],[5,111.23,50.4]],[7,["_contentSize"],[5,["6bW+Orwn5LXLUs5VnUsST6"]],[5,200,50.4]],[7,["_contentSize"],[5,["682LJMkUtOepPd090POCQu"]],[5,182,32.76]],[7,["_contentSize"],[5,["69qBzijTVIE5kA/RIW68lP"]],[5,104.98,40.32]],[7,["_lpos"],[5,["acmjJOeEdKCq5VAZnb5Ykp"]],[1,294.744,1.1999999999999993,0]]]],19]],[20,0,null,5,[21,"c6j9ll9e1HpIOnzyD73Aen",null,null,-172,[24,"abfOLdBcdAyoodJAwb/4bW",1,[[25,"node_cell_2",["_name"],34],[12,["_lpos"],34,[1,0,-176.505,0]],[12,["_lrot"],34,[3,0,0,0,1]],[12,["_euler"],34,[1,0,0,0]],[7,["_lpos"],[5,["6aprf10zxHp4sSWzCgMxv3"]],[1,52.876000000000026,1.1999999999999993,0]],[7,["_lpos"],[5,["71udANU+hIZoVmZ1p1hRmw"]],[1,-203.765,0.6999999999999993,0]],[7,["_lpos"],[5,["9aHCNkG5lFtYyVFomRmg92"]],[1,180.83700000000005,0,0]],[7,["_contentSize"],[5,["f0nPlEuFRBqaAIxnHtidDP"]],[5,185.7,50.4]],[7,["_contentSize"],[5,["eeAMO79g5J4JmCTc3eRiGc"]],[5,111.23,50.4]],[7,["_contentSize"],[5,["6bW+Orwn5LXLUs5VnUsST6"]],[5,200,50.4]],[7,["_contentSize"],[5,["682LJMkUtOepPd090POCQu"]],[5,182,32.76]],[7,["_contentSize"],[5,["69qBzijTVIE5kA/RIW68lP"]],[5,104.98,40.32]],[7,["_lpos"],[5,["acmjJOeEdKCq5VAZnb5Ykp"]],[1,294.744,1.1999999999999993,0]]]],20]],[20,0,{},14,[21,"efhyXF44NLk70+86enJ/nq",null,null,-173,[24,"4bGORLD3RH6o3L+IA0EY69",1,[[25,"btn_settle_start",["_name"],41],[12,["_lpos"],41,[1,0,-114.509,0]],[12,["_lrot"],41,[3,0,0,0,1]],[12,["_euler"],41,[1,0,0,0]]]],30]],[4,"node_bottom_right",33554432,3,[[2,-174,[0,"d7AhKAIpVK94JIqQHNtvup"]],[8,-175,[0,"11zgGdzE5L7o0xwmm+Ww1s"],[5,0,0],[0,0,0]]],[1,"9cQYQDY0pM2YUBT1kQDE2A",null,null,null,1,0],[1,1919.5,-0.5,0]]],0,[0,-1,48,0,-2,47,0,-3,46,0,-4,45,0,3,1,0,0,1,0,0,1,0,0,1,0,-1,3,0,0,2,0,0,2,0,0,2,0,-1,24,0,-2,26,0,-3,7,0,-4,19,0,-5,30,0,-6,31,0,-7,8,0,-8,5,0,-9,35,0,-10,38,0,-11,14,0,0,3,0,0,3,0,0,3,0,0,3,0,-1,15,0,-2,16,0,-3,4,0,-5,49,0,0,4,0,0,4,0,0,4,0,0,4,0,-1,18,0,-2,6,0,0,5,0,0,5,0,-1,9,0,-2,45,0,-3,46,0,-4,47,0,0,6,0,0,6,0,0,6,0,0,6,0,-1,23,0,0,7,0,0,7,0,0,7,0,-1,27,0,-2,28,0,0,8,0,0,8,0,0,8,0,-1,20,0,-2,21,0,0,9,0,0,9,0,-1,42,0,-2,43,0,-3,44,0,0,10,0,0,10,0,0,10,0,-1,11,0,-2,37,0,0,11,0,0,11,0,0,11,0,0,11,0,-1,36,0,0,12,0,0,12,0,0,12,0,-1,13,0,-2,40,0,0,13,0,0,13,0,0,13,0,0,13,0,-1,39,0,0,14,0,0,14,0,0,14,0,-1,22,0,-2,48,0,0,15,0,0,15,0,0,15,0,0,15,0,0,16,0,0,16,0,0,16,0,-1,17,0,0,17,0,0,17,0,0,17,0,0,17,0,0,18,0,0,18,0,0,18,0,0,18,0,0,19,0,0,19,0,0,19,0,-1,29,0,0,20,0,0,20,0,0,20,0,0,20,0,0,21,0,0,21,0,0,21,0,0,21,0,0,22,0,0,22,0,0,22,0,0,22,0,0,23,0,0,23,0,0,23,0,0,24,0,0,24,0,-1,25,0,0,25,0,0,25,0,0,25,0,0,26,0,0,26,0,0,26,0,0,27,0,0,27,0,0,27,0,0,28,0,0,28,0,0,28,0,0,29,0,0,29,0,0,29,0,0,30,0,0,30,0,0,30,0,0,31,0,0,31,0,0,31,0,0,35,0,0,35,0,0,36,0,0,36,0,0,36,0,0,37,0,0,37,0,0,37,0,0,38,0,0,38,0,0,39,0,0,39,0,0,39,0,0,40,0,0,40,0,0,40,0,0,42,0,0,42,0,0,43,0,0,43,0,0,44,0,0,44,0,3,45,0,3,46,0,3,47,0,3,48,0,0,49,0,0,49,0,6,1,2,4,3,10,4,35,12,4,38,175],[0,0,0,0,0,0,0,0,0,0,0,0,0,0,0,0,0,0,0,0,0,0,0,0,0,0,0,0,0,0,0,0,0],[2,2,2,2,2,2,2,2,2,-1,2,2,2,2,2,2,2,2,5,5,5,2,2,2,2,2,2,2,2,2,5,-1,8],[2,2,2,25,26,27,28,29,30,31,32,33,34,35,36,37,3,38,4,4,4,5,39,6,3,5,40,6,3,2,41,7,7]],[[{"name":"2022js_anniu","spriteFrames":["an_h1","daTUPT53xOMLQwrE+Pvz1B@21489","an_h5","daTUPT53xOMLQwrE+Pvz1B@dfd3e","js_anniu2_00000","daTUPT53xOMLQwrE+Pvz1B@8496e","js_anniu2_00001","daTUPT53xOMLQwrE+Pvz1B@d29cb","js_anniu2_00002","daTUPT53xOMLQwrE+Pvz1B@f75e0","js_anniu2_00003","daTUPT53xOMLQwrE+Pvz1B@9967f","js_anniu2_00004","daTUPT53xOMLQwrE+Pvz1B@d1b4e","js_anniu2_00005","daTUPT53xOMLQwrE+Pvz1B@4379e","js_anniu2_00006","daTUPT53xOMLQwrE+Pvz1B@d9323","js_anniu2_00007","daTUPT53xOMLQwrE+Pvz1B@96dd5","js_anniu2_00008","daTUPT53xOMLQwrE+Pvz1B@3f285","js_anniu2_00009","daTUPT53xOMLQwrE+Pvz1B@b17af","js_anniu2_00010","daTUPT53xOMLQwrE+Pvz1B@c5038","js_anniu2_00011","daTUPT53xOMLQwrE+Pvz1B@e36a1","js_anniu2_00012","daTUPT53xOMLQwrE+Pvz1B@a382e","js_anniu2_00013","daTUPT53xOMLQwrE+Pvz1B@8e3cc","js_anniu2_00014","daTUPT53xOMLQwrE+Pvz1B@2fbe0","js_anniu2_00015","daTUPT53xOMLQwrE+Pvz1B@48819","js_anniu2_00016","daTUPT53xOMLQwrE+Pvz1B@192a8","js_anniu2_00017","daTUPT53xOMLQwrE+Pvz1B@8d09f","js_anniu2_00018","daTUPT53xOMLQwrE+Pvz1B@2c038","js_anniu2_00019","daTUPT53xOMLQwrE+Pvz1B@1d097","js_anniu2_00020","daTUPT53xOMLQwrE+Pvz1B@cfeeb","js_anniu2_00021","daTUPT53xOMLQwrE+Pvz1B@a71ce","js_anniu2_00022","daTUPT53xOMLQwrE+Pvz1B@32800","js_anniu2_00023","daTUPT53xOMLQwrE+Pvz1B@74289","js_anniu2_00024","daTUPT53xOMLQwrE+Pvz1B@b1e24","js_anniu2_00025","daTUPT53xOMLQwrE+Pvz1B@143eb","js_anniu2_00026","daTUPT53xOMLQwrE+Pvz1B@1c20b","js_anniu2_00027","daTUPT53xOMLQwrE+Pvz1B@03201","js_anniu2_00028","daTUPT53xOMLQwrE+Pvz1B@96353","js_anniu2_00029","daTUPT53xOMLQwrE+Pvz1B@7257f","js_anniu2_00030","daTUPT53xOMLQwrE+Pvz1B@13cba","js_anniu2_00031","daTUPT53xOMLQwrE+Pvz1B@3d865","js_anniu2_00032","daTUPT53xOMLQwrE+Pvz1B@6c90e","js_anniu2_00033","daTUPT53xOMLQwrE+Pvz1B@ec62e","js_anniu2_00034","daTUPT53xOMLQwrE+Pvz1B@30672","js_anniu2_00035","daTUPT53xOMLQwrE+Pvz1B@694f8","js_anniu2_00036","daTUPT53xOMLQwrE+Pvz1B@37072","js_anniu2_00037","daTUPT53xOMLQwrE+Pvz1B@21ddb","js_anniu2_00038","daTUPT53xOMLQwrE+Pvz1B@c2ad0","js_anniu2_00039","daTUPT53xOMLQwrE+Pvz1B@eba1d","js_anniu2_00040","daTUPT53xOMLQwrE+Pvz1B@b84a8","js_anniu2_00041","daTUPT53xOMLQwrE+Pvz1B@15b62","js_anniu2_00042","daTUPT53xOMLQwrE+Pvz1B@ac410","js_anniu2_00043","daTUPT53xOMLQwrE+Pvz1B@fd91c","js_anniu2_00044","daTUPT53xOMLQwrE+Pvz1B@3c81c","js_anniu2_00045","daTUPT53xOMLQwrE+Pvz1B@7529d","js_anniu2_00046","daTUPT53xOMLQwrE+Pvz1B@8ebc9","js_anniu2_00047","daTUPT53xOMLQwrE+Pvz1B@c0c0e","js_anniu2_00048","daTUPT53xOMLQwrE+Pvz1B@13011","js_anniu2_00049","daTUPT53xOMLQwrE+Pvz1B@41704","js_anniu2_00050","daTUPT53xOMLQwrE+Pvz1B@7d0a4","js_anniu2_00051","daTUPT53xOMLQwrE+Pvz1B@74fec","js_anniu2_00052","daTUPT53xOMLQwrE+Pvz1B@003f8","js_anniu2_00053","daTUPT53xOMLQwrE+Pvz1B@a9515","js_anniu2_00054","daTUPT53xOMLQwrE+Pvz1B@c7302","js_anniu2_00055","daTUPT53xOMLQwrE+Pvz1B@660ca","js_anniu2_00056","daTUPT53xOMLQwrE+Pvz1B@11812","js_anniu2_00057","daTUPT53xOMLQwrE+Pvz1B@2f093","js_anniu2_00058","daTUPT53xOMLQwrE+Pvz1B@ceebb","js_anniu2_00059","daTUPT53xOMLQwrE+Pvz1B@ccd32","js_anniu2_00060","daTUPT53xOMLQwrE+Pvz1B@110be","js_anniu2_00061","daTUPT53xOMLQwrE+Pvz1B@4fabf","js_anniu2_00062","daTUPT53xOMLQwrE+Pvz1B@ec1c4","js_anniu2_00063","daTUPT53xOMLQwrE+Pvz1B@857fc","js_anniu2_00064","daTUPT53xOMLQwrE+Pvz1B@dc5ad","js_anniu2_00065","daTUPT53xOMLQwrE+Pvz1B@3bb10","js_anniu2_00066","daTUPT53xOMLQwrE+Pvz1B@50d96","js_anniu2_00067","daTUPT53xOMLQwrE+Pvz1B@3acea","js_anniu2_00068","daTUPT53xOMLQwrE+Pvz1B@759dd","js_anniu2_00069","daTUPT53xOMLQwrE+Pvz1B@98ed2","js_anniu2_00070","daTUPT53xOMLQwrE+Pvz1B@cde22","js_anniu2_00071","daTUPT53xOMLQwrE+Pvz1B@ed3fa","js_anniu2_00072","daTUPT53xOMLQwrE+Pvz1B@58dc3","js_anniu2_00073","daTUPT53xOMLQwrE+Pvz1B@1d206","js_anniu2_00074","daTUPT53xOMLQwrE+Pvz1B@baab2","js_anniu2_00075","daTUPT53xOMLQwrE+Pvz1B@ce7c0","js_anniu2_00076","daTUPT53xOMLQwrE+Pvz1B@746a7","js_anniu2_00077","daTUPT53xOMLQwrE+Pvz1B@6efb9","js_anniu2_00078","daTUPT53xOMLQwrE+Pvz1B@07f38","js_anniu2_00079","daTUPT53xOMLQwrE+Pvz1B@afa61","js_anniu2_00080","daTUPT53xOMLQwrE+Pvz1B@6b8b9","js_anniu2_00081","daTUPT53xOMLQwrE+Pvz1B@a8e4b","js_anniu2_00082","daTUPT53xOMLQwrE+Pvz1B@39ba1","js_anniu2_00083","daTUPT53xOMLQwrE+Pvz1B@b2e2d","js_anniu2_00084","daTUPT53xOMLQwrE+Pvz1B@56660","js_anniu2_00085","daTUPT53xOMLQwrE+Pvz1B@1a613","js_anniu2_00086","daTUPT53xOMLQwrE+Pvz1B@6dcf8","js_anniu2_00087","daTUPT53xOMLQwrE+Pvz1B@fb00f","js_anniu2_00088","daTUPT53xOMLQwrE+Pvz1B@0d1aa","js_anniu2_00089","daTUPT53xOMLQwrE+Pvz1B@48a3f","js_anniu2_00090","daTUPT53xOMLQwrE+Pvz1B@20ef5","js_anniu2_00091","daTUPT53xOMLQwrE+Pvz1B@fdc11","js_anniu2_00092","daTUPT53xOMLQwrE+Pvz1B@8b0b2","js_anniu2_00093","daTUPT53xOMLQwrE+Pvz1B@42f12","js_anniu2_00094","daTUPT53xOMLQwrE+Pvz1B@56932","js_anniu2_00095","daTUPT53xOMLQwrE+Pvz1B@fed08","js_anniu2_00096","daTUPT53xOMLQwrE+Pvz1B@480b9","js_anniu2_00097","daTUPT53xOMLQwrE+Pvz1B@021ad","js_anniu2_00098","daTUPT53xOMLQwrE+Pvz1B@fb439","js_anniu2_00099","daTUPT53xOMLQwrE+Pvz1B@7ab36"]}],[7],0,[],[],[]],[[{"name":"js_anniu2_00052","rect":{"x":1122,"y":838,"width":278,"height":90},"offset":{"x":0,"y":0},"originalSize":{"width":278,"height":90},"rotated":true,"capInsets":[0,0,0,0],"vertices":{"rawPosition":[],"indexes":[],"uv":[],"nuv":[],"minPos":{"x":0,"y":0,"z":0},"maxPos":{"x":0,"y":0,"z":0}},"packable":true,"pixelsToUnit":100,"pivot":{"x":0.5,"y":0.5},"meshType":0}],[0],0,[0],[1],[0]],[[{"name":"js_anniu2_00097","rect":{"x":2,"y":1934,"width":278,"height":90},"offset":{"x":0,"y":0},"originalSize":{"width":278,"height":90},"rotated":false,"capInsets":[0,0,0,0],"vertices":{"rawPosition":[],"indexes":[],"uv":[],"nuv":[],"minPos":{"x":0,"y":0,"z":0},"maxPos":{"x":0,"y":0,"z":0}},"packable":true,"pixelsToUnit":100,"pivot":{"x":0.5,"y":0.5},"meshType":0}],[0],0,[0],[1],[0]],[[{"name":"js_anniu2_00027","rect":{"x":562,"y":554,"width":278,"height":90},"offset":{"x":0,"y":0},"originalSize":{"width":278,"height":90},"rotated":false,"capInsets":[0,0,0,0],"vertices":{"rawPosition":[],"indexes":[],"uv":[],"nuv":[],"minPos":{"x":0,"y":0,"z":0},"maxPos":{"x":0,"y":0,"z":0}},"packable":true,"pixelsToUnit":100,"pivot":{"x":0.5,"y":0.5},"meshType":0}],[0],0,[0],[1],[0]],[[{"name":"js_anniu2_00078","rect":{"x":562,"y":1566,"width":278,"height":90},"offset":{"x":0,"y":0},"originalSize":{"width":278,"height":90},"rotated":false,"capInsets":[0,0,0,0],"vertices":{"rawPosition":[],"indexes":[],"uv":[],"nuv":[],"minPos":{"x":0,"y":0,"z":0},"maxPos":{"x":0,"y":0,"z":0}},"packable":true,"pixelsToUnit":100,"pivot":{"x":0.5,"y":0.5},"meshType":0}],[0],0,[0],[1],[0]],[[{"name":"js_anniu2_00088","rect":{"x":282,"y":1750,"width":278,"height":90},"offset":{"x":0,"y":0},"originalSize":{"width":278,"height":90},"rotated":false,"capInsets":[0,0,0,0],"vertices":{"rawPosition":[],"indexes":[],"uv":[],"nuv":[],"minPos":{"x":0,"y":0,"z":0},"maxPos":{"x":0,"y":0,"z":0}},"packable":true,"pixelsToUnit":100,"pivot":{"x":0.5,"y":0.5},"meshType":0}],[0],0,[0],[1],[0]],[[{"name":"js_anniu2_00060","rect":{"x":562,"y":1198,"width":278,"height":90},"offset":{"x":0,"y":0},"originalSize":{"width":278,"height":90},"rotated":false,"capInsets":[0,0,0,0],"vertices":{"rawPosition":[],"indexes":[],"uv":[],"nuv":[],"minPos":{"x":0,"y":0,"z":0},"maxPos":{"x":0,"y":0,"z":0}},"packable":true,"pixelsToUnit":100,"pivot":{"x":0.5,"y":0.5},"meshType":0}],[0],0,[0],[1],[0]],[[{"name":"js_anniu2_00056","rect":{"x":562,"y":1106,"width":278,"height":90},"offset":{"x":0,"y":0},"originalSize":{"width":278,"height":90},"rotated":false,"capInsets":[0,0,0,0],"vertices":{"rawPosition":[],"indexes":[],"uv":[],"nuv":[],"minPos":{"x":0,"y":0,"z":0},"maxPos":{"x":0,"y":0,"z":0}},"packable":true,"pixelsToUnit":100,"pivot":{"x":0.5,"y":0.5},"meshType":0}],[0],0,[0],[1],[0]],[[{"name":"js_anniu2_00048","rect":{"x":2,"y":1014,"width":278,"height":90},"offset":{"x":0,"y":0},"originalSize":{"width":278,"height":90},"rotated":false,"capInsets":[0,0,0,0],"vertices":{"rawPosition":[],"indexes":[],"uv":[],"nuv":[],"minPos":{"x":0,"y":0,"z":0},"maxPos":{"x":0,"y":0,"z":0}},"packable":true,"pixelsToUnit":100,"pivot":{"x":0.5,"y":0.5},"meshType":0}],[0],0,[0],[1],[0]],[[{"name":"js_anniu2_00030","rect":{"x":282,"y":646,"width":278,"height":90},"offset":{"x":0,"y":0},"originalSize":{"width":278,"height":90},"rotated":false,"capInsets":[0,0,0,0],"vertices":{"rawPosition":[],"indexes":[],"uv":[],"nuv":[],"minPos":{"x":0,"y":0,"z":0},"maxPos":{"x":0,"y":0,"z":0}},"packable":true,"pixelsToUnit":100,"pivot":{"x":0.5,"y":0.5},"meshType":0}],[0],0,[0],[1],[0]],[[{"name":"js_anniu2_00025","rect":{"x":2,"y":554,"width":278,"height":90},"offset":{"x":0,"y":0},"originalSize":{"width":278,"height":90},"rotated":false,"capInsets":[0,0,0,0],"vertices":{"rawPosition":[],"indexes":[],"uv":[],"nuv":[],"minPos":{"x":0,"y":0,"z":0},"maxPos":{"x":0,"y":0,"z":0}},"packable":true,"pixelsToUnit":100,"pivot":{"x":0.5,"y":0.5},"meshType":0}],[0],0,[0],[1],[0]],[[{"name":"js_anniu2_00041","rect":{"x":562,"y":830,"width":278,"height":90},"offset":{"x":0,"y":0},"originalSize":{"width":278,"height":90},"rotated":false,"capInsets":[0,0,0,0],"vertices":{"rawPosition":[],"indexes":[],"uv":[],"nuv":[],"minPos":{"x":0,"y":0,"z":0},"maxPos":{"x":0,"y":0,"z":0}},"packable":true,"pixelsToUnit":100,"pivot":{"x":0.5,"y":0.5},"meshType":0}],[0],0,[0],[1],[0]],[[{"name":"js_anniu2_00016","rect":{"x":282,"y":370,"width":278,"height":90},"offset":{"x":0,"y":0},"originalSize":{"width":278,"height":90},"rotated":false,"capInsets":[0,0,0,0],"vertices":{"rawPosition":[],"indexes":[],"uv":[],"nuv":[],"minPos":{"x":0,"y":0,"z":0},"maxPos":{"x":0,"y":0,"z":0}},"packable":true,"pixelsToUnit":100,"pivot":{"x":0.5,"y":0.5},"meshType":0}],[0],0,[0],[1],[0]],[[{"name":"js_anniu2_00085","rect":{"x":562,"y":1658,"width":278,"height":90},"offset":{"x":0,"y":0},"originalSize":{"width":278,"height":90},"rotated":false,"capInsets":[0,0,0,0],"vertices":{"rawPosition":[],"indexes":[],"uv":[],"nuv":[],"minPos":{"x":0,"y":0,"z":0},"maxPos":{"x":0,"y":0,"z":0}},"packable":true,"pixelsToUnit":100,"pivot":{"x":0.5,"y":0.5},"meshType":0}],[0],0,[0],[1],[0]],[[{"name":"js_anniu2_00026","rect":{"x":282,"y":554,"width":278,"height":90},"offset":{"x":0,"y":0},"originalSize":{"width":278,"height":90},"rotated":false,"capInsets":[0,0,0,0],"vertices":{"rawPosition":[],"indexes":[],"uv":[],"nuv":[],"minPos":{"x":0,"y":0,"z":0},"maxPos":{"x":0,"y":0,"z":0}},"packable":true,"pixelsToUnit":100,"pivot":{"x":0.5,"y":0.5},"meshType":0}],[0],0,[0],[1],[0]],[[{"name":"js_anniu2_00019","rect":{"x":1122,"y":2,"width":276,"height":90},"offset":{"x":0,"y":0},"originalSize":{"width":278,"height":90},"rotated":true,"capInsets":[0,0,0,0],"vertices":{"rawPosition":[],"indexes":[],"uv":[],"nuv":[],"minPos":{"x":0,"y":0,"z":0},"maxPos":{"x":0,"y":0,"z":0}},"packable":true,"pixelsToUnit":100,"pivot":{"x":0.5,"y":0.5},"meshType":0}],[0],0,[0],[1],[0]],[[{"name":"js_anniu2_00073","rect":{"x":282,"y":1474,"width":278,"height":90},"offset":{"x":0,"y":0},"originalSize":{"width":278,"height":90},"rotated":false,"capInsets":[0,0,0,0],"vertices":{"rawPosition":[],"indexes":[],"uv":[],"nuv":[],"minPos":{"x":0,"y":0,"z":0},"maxPos":{"x":0,"y":0,"z":0}},"packable":true,"pixelsToUnit":100,"pivot":{"x":0.5,"y":0.5},"meshType":0}],[0],0,[0],[1],[0]],[[{"name":"js_anniu2_00090","rect":{"x":842,"y":1750,"width":278,"height":90},"offset":{"x":0,"y":0},"originalSize":{"width":278,"height":90},"rotated":false,"capInsets":[0,0,0,0],"vertices":{"rawPosition":[],"indexes":[],"uv":[],"nuv":[],"minPos":{"x":0,"y":0,"z":0},"maxPos":{"x":0,"y":0,"z":0}},"packable":true,"pixelsToUnit":100,"pivot":{"x":0.5,"y":0.5},"meshType":0}],[0],0,[0],[1],[0]],[[{"name":"an_h1","rect":{"x":276,"y":2,"width":278,"height":90},"offset":{"x":0,"y":0},"originalSize":{"width":278,"height":90},"rotated":false,"capInsets":[0,0,0,0],"vertices":{"rawPosition":[],"indexes":[],"uv":[],"nuv":[],"minPos":{"x":0,"y":0,"z":0},"maxPos":{"x":0,"y":0,"z":0}},"packable":true,"pixelsToUnit":100,"pivot":{"x":0.5,"y":0.5},"meshType":0}],[0],0,[0],[1],[0]],[[{"name":"js_anniu2_00037","rect":{"x":1122,"y":558,"width":278,"height":90},"offset":{"x":0,"y":0},"originalSize":{"width":278,"height":90},"rotated":true,"capInsets":[0,0,0,0],"vertices":{"rawPosition":[],"indexes":[],"uv":[],"nuv":[],"minPos":{"x":0,"y":0,"z":0},"maxPos":{"x":0,"y":0,"z":0}},"packable":true,"pixelsToUnit":100,"pivot":{"x":0.5,"y":0.5},"meshType":0}],[0],0,[0],[1],[0]],[[{"name":"js_anniu2_00018","rect":{"x":842,"y":370,"width":278,"height":90},"offset":{"x":0,"y":0},"originalSize":{"width":278,"height":90},"rotated":false,"capInsets":[0,0,0,0],"vertices":{"rawPosition":[],"indexes":[],"uv":[],"nuv":[],"minPos":{"x":0,"y":0,"z":0},"maxPos":{"x":0,"y":0,"z":0}},"packable":true,"pixelsToUnit":100,"pivot":{"x":0.5,"y":0.5},"meshType":0}],[0],0,[0],[1],[0]],[[{"name":"js_anniu2_00057","rect":{"x":842,"y":1106,"width":278,"height":90},"offset":{"x":0,"y":0},"originalSize":{"width":278,"height":90},"rotated":false,"capInsets":[0,0,0,0],"vertices":{"rawPosition":[],"indexes":[],"uv":[],"nuv":[],"minPos":{"x":0,"y":0,"z":0},"maxPos":{"x":0,"y":0,"z":0}},"packable":true,"pixelsToUnit":100,"pivot":{"x":0.5,"y":0.5},"meshType":0}],[0],0,[0],[1],[0]],[[{"name":"js_anniu2_00014","rect":{"x":842,"y":278,"width":278,"height":90},"offset":{"x":0,"y":0},"originalSize":{"width":278,"height":90},"rotated":false,"capInsets":[0,0,0,0],"vertices":{"rawPosition":[],"indexes":[],"uv":[],"nuv":[],"minPos":{"x":0,"y":0,"z":0},"maxPos":{"x":0,"y":0,"z":0}},"packable":true,"pixelsToUnit":100,"pivot":{"x":0.5,"y":0.5},"meshType":0}],[0],0,[0],[1],[0]],[[{"name":"js_anniu2_00034","rect":{"x":282,"y":738,"width":278,"height":90},"offset":{"x":0,"y":0},"originalSize":{"width":278,"height":90},"rotated":false,"capInsets":[0,0,0,0],"vertices":{"rawPosition":[],"indexes":[],"uv":[],"nuv":[],"minPos":{"x":0,"y":0,"z":0},"maxPos":{"x":0,"y":0,"z":0}},"packable":true,"pixelsToUnit":100,"pivot":{"x":0.5,"y":0.5},"meshType":0}],[0],0,[0],[1],[0]],[[{"name":"js_anniu2_00022","rect":{"x":562,"y":462,"width":278,"height":90},"offset":{"x":0,"y":0},"originalSize":{"width":278,"height":90},"rotated":false,"capInsets":[0,0,0,0],"vertices":{"rawPosition":[],"indexes":[],"uv":[],"nuv":[],"minPos":{"x":0,"y":0,"z":0},"maxPos":{"x":0,"y":0,"z":0}},"packable":true,"pixelsToUnit":100,"pivot":{"x":0.5,"y":0.5},"meshType":0}],[0],0,[0],[1],[0]],[[{"name":"js_anniu2_00036","rect":{"x":842,"y":738,"width":278,"height":90},"offset":{"x":0,"y":0},"originalSize":{"width":278,"height":90},"rotated":false,"capInsets":[0,0,0,0],"vertices":{"rawPosition":[],"indexes":[],"uv":[],"nuv":[],"minPos":{"x":0,"y":0,"z":0},"maxPos":{"x":0,"y":0,"z":0}},"packable":true,"pixelsToUnit":100,"pivot":{"x":0.5,"y":0.5},"meshType":0}],[0],0,[0],[1],[0]],[[{"name":"js_anniu2_00082","rect":{"x":1122,"y":280,"width":276,"height":90},"offset":{"x":0,"y":0},"originalSize":{"width":278,"height":90},"rotated":true,"capInsets":[0,0,0,0],"vertices":{"rawPosition":[],"indexes":[],"uv":[],"nuv":[],"minPos":{"x":0,"y":0,"z":0},"maxPos":{"x":0,"y":0,"z":0}},"packable":true,"pixelsToUnit":100,"pivot":{"x":0.5,"y":0.5},"meshType":0}],[0],0,[0],[1],[0]],[[{"name":"js_anniu2_00067","rect":{"x":1214,"y":1120,"width":278,"height":90},"offset":{"x":0,"y":0},"originalSize":{"width":278,"height":90},"rotated":true,"capInsets":[0,0,0,0],"vertices":{"rawPosition":[],"indexes":[],"uv":[],"nuv":[],"minPos":{"x":0,"y":0,"z":0},"maxPos":{"x":0,"y":0,"z":0}},"packable":true,"pixelsToUnit":100,"pivot":{"x":0.5,"y":0.5},"meshType":0}],[0],0,[0],[1],[0]],[[{"name":"js_anniu2_00065","rect":{"x":842,"y":1290,"width":278,"height":90},"offset":{"x":0,"y":0},"originalSize":{"width":278,"height":90},"rotated":false,"capInsets":[0,0,0,0],"vertices":{"rawPosition":[],"indexes":[],"uv":[],"nuv":[],"minPos":{"x":0,"y":0,"z":0},"maxPos":{"x":0,"y":0,"z":0}},"packable":true,"pixelsToUnit":100,"pivot":{"x":0.5,"y":0.5},"meshType":0}],[0],0,[0],[1],[0]],[[{"name":"js_anniu2_00044","rect":{"x":1214,"y":2,"width":276,"height":90},"offset":{"x":0,"y":0},"originalSize":{"width":278,"height":90},"rotated":true,"capInsets":[0,0,0,0],"vertices":{"rawPosition":[],"indexes":[],"uv":[],"nuv":[],"minPos":{"x":0,"y":0,"z":0},"maxPos":{"x":0,"y":0,"z":0}},"packable":true,"pixelsToUnit":100,"pivot":{"x":0.5,"y":0.5},"meshType":0}],[0],0,[0],[1],[0]],[[{"name":"js_anniu2_00031","rect":{"x":562,"y":646,"width":278,"height":90},"offset":{"x":0,"y":0},"originalSize":{"width":278,"height":90},"rotated":false,"capInsets":[0,0,0,0],"vertices":{"rawPosition":[],"indexes":[],"uv":[],"nuv":[],"minPos":{"x":0,"y":0,"z":0},"maxPos":{"x":0,"y":0,"z":0}},"packable":true,"pixelsToUnit":100,"pivot":{"x":0.5,"y":0.5},"meshType":0}],[0],0,[0],[1],[0]],[[{"name":"js_anniu2_00008","rect":{"x":282,"y":186,"width":278,"height":90},"offset":{"x":0,"y":0},"originalSize":{"width":278,"height":90},"rotated":false,"capInsets":[0,0,0,0],"vertices":{"rawPosition":[],"indexes":[],"uv":[],"nuv":[],"minPos":{"x":0,"y":0,"z":0},"maxPos":{"x":0,"y":0,"z":0}},"packable":true,"pixelsToUnit":100,"pivot":{"x":0.5,"y":0.5},"meshType":0}],[0],0,[0],[1],[0]],[[{"name":"js_anniu2_00049","rect":{"x":282,"y":1014,"width":278,"height":90},"offset":{"x":0,"y":0},"originalSize":{"width":278,"height":90},"rotated":false,"capInsets":[0,0,0,0],"vertices":{"rawPosition":[],"indexes":[],"uv":[],"nuv":[],"minPos":{"x":0,"y":0,"z":0},"maxPos":{"x":0,"y":0,"z":0}},"packable":true,"pixelsToUnit":100,"pivot":{"x":0.5,"y":0.5},"meshType":0}],[0],0,[0],[1],[0]],[[{"name":"js_anniu2_00093","rect":{"x":562,"y":1842,"width":278,"height":90},"offset":{"x":0,"y":0},"originalSize":{"width":278,"height":90},"rotated":false,"capInsets":[0,0,0,0],"vertices":{"rawPosition":[],"indexes":[],"uv":[],"nuv":[],"minPos":{"x":0,"y":0,"z":0},"maxPos":{"x":0,"y":0,"z":0}},"packable":true,"pixelsToUnit":100,"pivot":{"x":0.5,"y":0.5},"meshType":0}],[0],0,[0],[1],[0]],[[{"name":"js_anniu2_00005","rect":{"x":562,"y":94,"width":278,"height":90},"offset":{"x":0,"y":0},"originalSize":{"width":278,"height":90},"rotated":false,"capInsets":[0,0,0,0],"vertices":{"rawPosition":[],"indexes":[],"uv":[],"nuv":[],"minPos":{"x":0,"y":0,"z":0},"maxPos":{"x":0,"y":0,"z":0}},"packable":true,"pixelsToUnit":100,"pivot":{"x":0.5,"y":0.5},"meshType":0}],[0],0,[0],[1],[0]],[[{"name":"js_anniu2_00096","rect":{"x":1214,"y":1680,"width":278,"height":90},"offset":{"x":0,"y":0},"originalSize":{"width":278,"height":90},"rotated":true,"capInsets":[0,0,0,0],"vertices":{"rawPosition":[],"indexes":[],"uv":[],"nuv":[],"minPos":{"x":0,"y":0,"z":0},"maxPos":{"x":0,"y":0,"z":0}},"packable":true,"pixelsToUnit":100,"pivot":{"x":0.5,"y":0.5},"meshType":0}],[0],0,[0],[1],[0]],[[{"name":"js_anniu2_00015","rect":{"x":2,"y":370,"width":278,"height":90},"offset":{"x":0,"y":0},"originalSize":{"width":278,"height":90},"rotated":false,"capInsets":[0,0,0,0],"vertices":{"rawPosition":[],"indexes":[],"uv":[],"nuv":[],"minPos":{"x":0,"y":0,"z":0},"maxPos":{"x":0,"y":0,"z":0}},"packable":true,"pixelsToUnit":100,"pivot":{"x":0.5,"y":0.5},"meshType":0}],[0],0,[0],[1],[0]],[[{"name":"js_anniu2_00089","rect":{"x":562,"y":1750,"width":278,"height":90},"offset":{"x":0,"y":0},"originalSize":{"width":278,"height":90},"rotated":false,"capInsets":[0,0,0,0],"vertices":{"rawPosition":[],"indexes":[],"uv":[],"nuv":[],"minPos":{"x":0,"y":0,"z":0},"maxPos":{"x":0,"y":0,"z":0}},"packable":true,"pixelsToUnit":100,"pivot":{"x":0.5,"y":0.5},"meshType":0}],[0],0,[0],[1],[0]],[[{"name":"js_anniu2_00061","rect":{"x":842,"y":1198,"width":278,"height":90},"offset":{"x":0,"y":0},"originalSize":{"width":278,"height":90},"rotated":false,"capInsets":[0,0,0,0],"vertices":{"rawPosition":[],"indexes":[],"uv":[],"nuv":[],"minPos":{"x":0,"y":0,"z":0},"maxPos":{"x":0,"y":0,"z":0}},"packable":true,"pixelsToUnit":100,"pivot":{"x":0.5,"y":0.5},"meshType":0}],[0],0,[0],[1],[0]],[[{"name":"js_anniu2_00066","rect":{"x":1122,"y":1118,"width":278,"height":90},"offset":{"x":0,"y":0},"originalSize":{"width":278,"height":90},"rotated":true,"capInsets":[0,0,0,0],"vertices":{"rawPosition":[],"indexes":[],"uv":[],"nuv":[],"minPos":{"x":0,"y":0,"z":0},"maxPos":{"x":0,"y":0,"z":0}},"packable":true,"pixelsToUnit":100,"pivot":{"x":0.5,"y":0.5},"meshType":0}],[0],0,[0],[1],[0]],[[{"name":"js_anniu2_00084","rect":{"x":282,"y":1658,"width":278,"height":90},"offset":{"x":0,"y":0},"originalSize":{"width":278,"height":90},"rotated":false,"capInsets":[0,0,0,0],"vertices":{"rawPosition":[],"indexes":[],"uv":[],"nuv":[],"minPos":{"x":0,"y":0,"z":0},"maxPos":{"x":0,"y":0,"z":0}},"packable":true,"pixelsToUnit":100,"pivot":{"x":0.5,"y":0.5},"meshType":0}],[0],0,[0],[1],[0]],[[{"name":"js_anniu2_00094","rect":{"x":842,"y":1842,"width":278,"height":90},"offset":{"x":0,"y":0},"originalSize":{"width":278,"height":90},"rotated":false,"capInsets":[0,0,0,0],"vertices":{"rawPosition":[],"indexes":[],"uv":[],"nuv":[],"minPos":{"x":0,"y":0,"z":0},"maxPos":{"x":0,"y":0,"z":0}},"packable":true,"pixelsToUnit":100,"pivot":{"x":0.5,"y":0.5},"meshType":0}],[0],0,[0],[1],[0]],[[{"name":"js_anniu2_00072","rect":{"x":2,"y":1474,"width":278,"height":90},"offset":{"x":0,"y":0},"originalSize":{"width":278,"height":90},"rotated":false,"capInsets":[0,0,0,0],"vertices":{"rawPosition":[],"indexes":[],"uv":[],"nuv":[],"minPos":{"x":0,"y":0,"z":0},"maxPos":{"x":0,"y":0,"z":0}},"packable":true,"pixelsToUnit":100,"pivot":{"x":0.5,"y":0.5},"meshType":0}],[0],0,[0],[1],[0]],[[{"name":"js_anniu2_00055","rect":{"x":282,"y":1106,"width":278,"height":90},"offset":{"x":0,"y":0},"originalSize":{"width":278,"height":90},"rotated":false,"capInsets":[0,0,0,0],"vertices":{"rawPosition":[],"indexes":[],"uv":[],"nuv":[],"minPos":{"x":0,"y":0,"z":0},"maxPos":{"x":0,"y":0,"z":0}},"packable":true,"pixelsToUnit":100,"pivot":{"x":0.5,"y":0.5},"meshType":0}],[0],0,[0],[1],[0]],[[{"name":"js_anniu2_00035","rect":{"x":562,"y":738,"width":278,"height":90},"offset":{"x":0,"y":0},"originalSize":{"width":278,"height":90},"rotated":false,"capInsets":[0,0,0,0],"vertices":{"rawPosition":[],"indexes":[],"uv":[],"nuv":[],"minPos":{"x":0,"y":0,"z":0},"maxPos":{"x":0,"y":0,"z":0}},"packable":true,"pixelsToUnit":100,"pivot":{"x":0.5,"y":0.5},"meshType":0}],[0],0,[0],[1],[0]],[[{"name":"js_anniu2_00080","rect":{"x":1122,"y":1398,"width":278,"height":90},"offset":{"x":0,"y":0},"originalSize":{"width":278,"height":90},"rotated":true,"capInsets":[0,0,0,0],"vertices":{"rawPosition":[],"indexes":[],"uv":[],"nuv":[],"minPos":{"x":0,"y":0,"z":0},"maxPos":{"x":0,"y":0,"z":0}},"packable":true,"pixelsToUnit":100,"pivot":{"x":0.5,"y":0.5},"meshType":0}],[0],0,[0],[1],[0]],[[{"name":"js_anniu2_00032","rect":{"x":842,"y":646,"width":278,"height":90},"offset":{"x":0,"y":0},"originalSize":{"width":278,"height":90},"rotated":false,"capInsets":[0,0,0,0],"vertices":{"rawPosition":[],"indexes":[],"uv":[],"nuv":[],"minPos":{"x":0,"y":0,"z":0},"maxPos":{"x":0,"y":0,"z":0}},"packable":true,"pixelsToUnit":100,"pivot":{"x":0.5,"y":0.5},"meshType":0}],[0],0,[0],[1],[0]],[[{"name":"js_anniu2_00086","rect":{"x":842,"y":1658,"width":278,"height":90},"offset":{"x":0,"y":0},"originalSize":{"width":278,"height":90},"rotated":false,"capInsets":[0,0,0,0],"vertices":{"rawPosition":[],"indexes":[],"uv":[],"nuv":[],"minPos":{"x":0,"y":0,"z":0},"maxPos":{"x":0,"y":0,"z":0}},"packable":true,"pixelsToUnit":100,"pivot":{"x":0.5,"y":0.5},"meshType":0}],[0],0,[0],[1],[0]],[[{"name":"js_anniu2_00077","rect":{"x":282,"y":1566,"width":278,"height":90},"offset":{"x":0,"y":0},"originalSize":{"width":278,"height":90},"rotated":false,"capInsets":[0,0,0,0],"vertices":{"rawPosition":[],"indexes":[],"uv":[],"nuv":[],"minPos":{"x":0,"y":0,"z":0},"maxPos":{"x":0,"y":0,"z":0}},"packable":true,"pixelsToUnit":100,"pivot":{"x":0.5,"y":0.5},"meshType":0}],[0],0,[0],[1],[0]],[[{"name":"js_anniu2_00029","rect":{"x":2,"y":646,"width":278,"height":90},"offset":{"x":0,"y":0},"originalSize":{"width":278,"height":90},"rotated":false,"capInsets":[0,0,0,0],"vertices":{"rawPosition":[],"indexes":[],"uv":[],"nuv":[],"minPos":{"x":0,"y":0,"z":0},"maxPos":{"x":0,"y":0,"z":0}},"packable":true,"pixelsToUnit":100,"pivot":{"x":0.5,"y":0.5},"meshType":0}],[0],0,[0],[1],[0]],[[{"name":"js_anniu2_00023","rect":{"x":842,"y":462,"width":278,"height":90},"offset":{"x":0,"y":0},"originalSize":{"width":278,"height":90},"rotated":false,"capInsets":[0,0,0,0],"vertices":{"rawPosition":[],"indexes":[],"uv":[],"nuv":[],"minPos":{"x":0,"y":0,"z":0},"maxPos":{"x":0,"y":0,"z":0}},"packable":true,"pixelsToUnit":100,"pivot":{"x":0.5,"y":0.5},"meshType":0}],[0],0,[0],[1],[0]],[[{"name":"js_anniu2_00076","rect":{"x":2,"y":1566,"width":278,"height":90},"offset":{"x":0,"y":0},"originalSize":{"width":278,"height":90},"rotated":false,"capInsets":[0,0,0,0],"vertices":{"rawPosition":[],"indexes":[],"uv":[],"nuv":[],"minPos":{"x":0,"y":0,"z":0},"maxPos":{"x":0,"y":0,"z":0}},"packable":true,"pixelsToUnit":100,"pivot":{"x":0.5,"y":0.5},"meshType":0}],[0],0,[0],[1],[0]],[[{"name":"js_anniu2_00051","rect":{"x":842,"y":1014,"width":278,"height":90},"offset":{"x":0,"y":0},"originalSize":{"width":278,"height":90},"rotated":false,"capInsets":[0,0,0,0],"vertices":{"rawPosition":[],"indexes":[],"uv":[],"nuv":[],"minPos":{"x":0,"y":0,"z":0},"maxPos":{"x":0,"y":0,"z":0}},"packable":true,"pixelsToUnit":100,"pivot":{"x":0.5,"y":0.5},"meshType":0}],[0],0,[0],[1],[0]],[[{"name":"js_anniu2_00045","rect":{"x":282,"y":922,"width":278,"height":90},"offset":{"x":0,"y":0},"originalSize":{"width":278,"height":90},"rotated":false,"capInsets":[0,0,0,0],"vertices":{"rawPosition":[],"indexes":[],"uv":[],"nuv":[],"minPos":{"x":0,"y":0,"z":0},"maxPos":{"x":0,"y":0,"z":0}},"packable":true,"pixelsToUnit":100,"pivot":{"x":0.5,"y":0.5},"meshType":0}],[0],0,[0],[1],[0]],[[{"name":"js_anniu2_00068","rect":{"x":2,"y":1382,"width":278,"height":90},"offset":{"x":0,"y":0},"originalSize":{"width":278,"height":90},"rotated":false,"capInsets":[0,0,0,0],"vertices":{"rawPosition":[],"indexes":[],"uv":[],"nuv":[],"minPos":{"x":0,"y":0,"z":0},"maxPos":{"x":0,"y":0,"z":0}},"packable":true,"pixelsToUnit":100,"pivot":{"x":0.5,"y":0.5},"meshType":0}],[0],0,[0],[1],[0]],[[{"name":"js_anniu2_00099","rect":{"x":562,"y":1934,"width":278,"height":90},"offset":{"x":0,"y":0},"originalSize":{"width":278,"height":90},"rotated":false,"capInsets":[0,0,0,0],"vertices":{"rawPosition":[],"indexes":[],"uv":[],"nuv":[],"minPos":{"x":0,"y":0,"z":0},"maxPos":{"x":0,"y":0,"z":0}},"packable":true,"pixelsToUnit":100,"pivot":{"x":0.5,"y":0.5},"meshType":0}],[0],0,[0],[1],[0]],[[{"name":"js_anniu2_00050","rect":{"x":562,"y":1014,"width":278,"height":90},"offset":{"x":0,"y":0},"originalSize":{"width":278,"height":90},"rotated":false,"capInsets":[0,0,0,0],"vertices":{"rawPosition":[],"indexes":[],"uv":[],"nuv":[],"minPos":{"x":0,"y":0,"z":0},"maxPos":{"x":0,"y":0,"z":0}},"packable":true,"pixelsToUnit":100,"pivot":{"x":0.5,"y":0.5},"meshType":0}],[0],0,[0],[1],[0]],[[{"name":"js_anniu2_00000","rect":{"x":556,"y":2,"width":278,"height":90},"offset":{"x":0,"y":0},"originalSize":{"width":278,"height":90},"rotated":false,"capInsets":[0,0,0,0],"vertices":{"rawPosition":[],"indexes":[],"uv":[],"nuv":[],"minPos":{"x":0,"y":0,"z":0},"maxPos":{"x":0,"y":0,"z":0}},"packable":true,"pixelsToUnit":100,"pivot":{"x":0.5,"y":0.5},"meshType":0}],[0],0,[0],[1],[0]],[[{"name":"js_anniu2_00063","rect":{"x":282,"y":1290,"width":278,"height":90},"offset":{"x":0,"y":0},"originalSize":{"width":278,"height":90},"rotated":false,"capInsets":[0,0,0,0],"vertices":{"rawPosition":[],"indexes":[],"uv":[],"nuv":[],"minPos":{"x":0,"y":0,"z":0},"maxPos":{"x":0,"y":0,"z":0}},"packable":true,"pixelsToUnit":100,"pivot":{"x":0.5,"y":0.5},"meshType":0}],[0],0,[0],[1],[0]],[[{"name":"js_anniu2_00092","rect":{"x":282,"y":1842,"width":278,"height":90},"offset":{"x":0,"y":0},"originalSize":{"width":278,"height":90},"rotated":false,"capInsets":[0,0,0,0],"vertices":{"rawPosition":[],"indexes":[],"uv":[],"nuv":[],"minPos":{"x":0,"y":0,"z":0},"maxPos":{"x":0,"y":0,"z":0}},"packable":true,"pixelsToUnit":100,"pivot":{"x":0.5,"y":0.5},"meshType":0}],[0],0,[0],[1],[0]],[[{"name":"js_anniu2_00017","rect":{"x":562,"y":370,"width":278,"height":90},"offset":{"x":0,"y":0},"originalSize":{"width":278,"height":90},"rotated":false,"capInsets":[0,0,0,0],"vertices":{"rawPosition":[],"indexes":[],"uv":[],"nuv":[],"minPos":{"x":0,"y":0,"z":0},"maxPos":{"x":0,"y":0,"z":0}},"packable":true,"pixelsToUnit":100,"pivot":{"x":0.5,"y":0.5},"meshType":0}],[0],0,[0],[1],[0]],[[{"name":"js_anniu2_00013","rect":{"x":562,"y":278,"width":278,"height":90},"offset":{"x":0,"y":0},"originalSize":{"width":278,"height":90},"rotated":false,"capInsets":[0,0,0,0],"vertices":{"rawPosition":[],"indexes":[],"uv":[],"nuv":[],"minPos":{"x":0,"y":0,"z":0},"maxPos":{"x":0,"y":0,"z":0}},"packable":true,"pixelsToUnit":100,"pivot":{"x":0.5,"y":0.5},"meshType":0}],[0],0,[0],[1],[0]],[[{"name":"js_anniu2_00046","rect":{"x":562,"y":922,"width":278,"height":90},"offset":{"x":0,"y":0},"originalSize":{"width":278,"height":90},"rotated":false,"capInsets":[0,0,0,0],"vertices":{"rawPosition":[],"indexes":[],"uv":[],"nuv":[],"minPos":{"x":0,"y":0,"z":0},"maxPos":{"x":0,"y":0,"z":0}},"packable":true,"pixelsToUnit":100,"pivot":{"x":0.5,"y":0.5},"meshType":0}],[0],0,[0],[1],[0]],[[{"name":"js_anniu2_00028","rect":{"x":842,"y":554,"width":278,"height":90},"offset":{"x":0,"y":0},"originalSize":{"width":278,"height":90},"rotated":false,"capInsets":[0,0,0,0],"vertices":{"rawPosition":[],"indexes":[],"uv":[],"nuv":[],"minPos":{"x":0,"y":0,"z":0},"maxPos":{"x":0,"y":0,"z":0}},"packable":true,"pixelsToUnit":100,"pivot":{"x":0.5,"y":0.5},"meshType":0}],[0],0,[0],[1],[0]],[[{"name":"js_anniu2_00007","rect":{"x":2,"y":186,"width":278,"height":90},"offset":{"x":0,"y":0},"originalSize":{"width":278,"height":90},"rotated":false,"capInsets":[0,0,0,0],"vertices":{"rawPosition":[],"indexes":[],"uv":[],"nuv":[],"minPos":{"x":0,"y":0,"z":0},"maxPos":{"x":0,"y":0,"z":0}},"packable":true,"pixelsToUnit":100,"pivot":{"x":0.5,"y":0.5},"meshType":0}],[0],0,[0],[1],[0]],[[{"name":"js_anniu2_00069","rect":{"x":282,"y":1382,"width":278,"height":90},"offset":{"x":0,"y":0},"originalSize":{"width":278,"height":90},"rotated":false,"capInsets":[0,0,0,0],"vertices":{"rawPosition":[],"indexes":[],"uv":[],"nuv":[],"minPos":{"x":0,"y":0,"z":0},"maxPos":{"x":0,"y":0,"z":0}},"packable":true,"pixelsToUnit":100,"pivot":{"x":0.5,"y":0.5},"meshType":0}],[0],0,[0],[1],[0]],[[{"name":"js_anniu2_00003","rect":{"x":2,"y":94,"width":278,"height":90},"offset":{"x":0,"y":0},"originalSize":{"width":278,"height":90},"rotated":false,"capInsets":[0,0,0,0],"vertices":{"rawPosition":[],"indexes":[],"uv":[],"nuv":[],"minPos":{"x":0,"y":0,"z":0},"maxPos":{"x":0,"y":0,"z":0}},"packable":true,"pixelsToUnit":100,"pivot":{"x":0.5,"y":0.5},"meshType":0}],[0],0,[0],[1],[0]],[[{"name":"js_anniu2_00012","rect":{"x":282,"y":278,"width":278,"height":90},"offset":{"x":0,"y":0},"originalSize":{"width":278,"height":90},"rotated":false,"capInsets":[0,0,0,0],"vertices":{"rawPosition":[],"indexes":[],"uv":[],"nuv":[],"minPos":{"x":0,"y":0,"z":0},"maxPos":{"x":0,"y":0,"z":0}},"packable":true,"pixelsToUnit":100,"pivot":{"x":0.5,"y":0.5},"meshType":0}],[0],0,[0],[1],[0]],[[{"name":"js_anniu2_00021","rect":{"x":282,"y":462,"width":278,"height":90},"offset":{"x":0,"y":0},"originalSize":{"width":278,"height":90},"rotated":false,"capInsets":[0,0,0,0],"vertices":{"rawPosition":[],"indexes":[],"uv":[],"nuv":[],"minPos":{"x":0,"y":0,"z":0},"maxPos":{"x":0,"y":0,"z":0}},"packable":true,"pixelsToUnit":100,"pivot":{"x":0.5,"y":0.5},"meshType":0}],[0],0,[0],[1],[0]],[[{"name":"js_anniu2_00081","rect":{"x":1214,"y":1400,"width":278,"height":90},"offset":{"x":0,"y":0},"originalSize":{"width":278,"height":90},"rotated":true,"capInsets":[0,0,0,0],"vertices":{"rawPosition":[],"indexes":[],"uv":[],"nuv":[],"minPos":{"x":0,"y":0,"z":0},"maxPos":{"x":0,"y":0,"z":0}},"packable":true,"pixelsToUnit":100,"pivot":{"x":0.5,"y":0.5},"meshType":0}],[0],0,[0],[1],[0]],[[{"name":"js_anniu2_00053","rect":{"x":1214,"y":840,"width":278,"height":90},"offset":{"x":0,"y":0},"originalSize":{"width":278,"height":90},"rotated":true,"capInsets":[0,0,0,0],"vertices":{"rawPosition":[],"indexes":[],"uv":[],"nuv":[],"minPos":{"x":0,"y":0,"z":0},"maxPos":{"x":0,"y":0,"z":0}},"packable":true,"pixelsToUnit":100,"pivot":{"x":0.5,"y":0.5},"meshType":0}],[0],0,[0],[1],[0]],[[{"name":"js_anniu2_00042","rect":{"x":842,"y":830,"width":278,"height":90},"offset":{"x":0,"y":0},"originalSize":{"width":278,"height":90},"rotated":false,"capInsets":[0,0,0,0],"vertices":{"rawPosition":[],"indexes":[],"uv":[],"nuv":[],"minPos":{"x":0,"y":0,"z":0},"maxPos":{"x":0,"y":0,"z":0}},"packable":true,"pixelsToUnit":100,"pivot":{"x":0.5,"y":0.5},"meshType":0}],[0],0,[0],[1],[0]],[[{"name":"js_anniu2_00079","rect":{"x":842,"y":1566,"width":278,"height":90},"offset":{"x":0,"y":0},"originalSize":{"width":278,"height":90},"rotated":false,"capInsets":[0,0,0,0],"vertices":{"rawPosition":[],"indexes":[],"uv":[],"nuv":[],"minPos":{"x":0,"y":0,"z":0},"maxPos":{"x":0,"y":0,"z":0}},"packable":true,"pixelsToUnit":100,"pivot":{"x":0.5,"y":0.5},"meshType":0}],[0],0,[0],[1],[0]],[[{"name":"js_anniu2_00009","rect":{"x":562,"y":186,"width":278,"height":90},"offset":{"x":0,"y":0},"originalSize":{"width":278,"height":90},"rotated":false,"capInsets":[0,0,0,0],"vertices":{"rawPosition":[],"indexes":[],"uv":[],"nuv":[],"minPos":{"x":0,"y":0,"z":0},"maxPos":{"x":0,"y":0,"z":0}},"packable":true,"pixelsToUnit":100,"pivot":{"x":0.5,"y":0.5},"meshType":0}],[0],0,[0],[1],[0]],[[{"name":"js_anniu2_00024","rect":{"x":1214,"y":280,"width":278,"height":90},"offset":{"x":0,"y":0},"originalSize":{"width":278,"height":90},"rotated":true,"capInsets":[0,0,0,0],"vertices":{"rawPosition":[],"indexes":[],"uv":[],"nuv":[],"minPos":{"x":0,"y":0,"z":0},"maxPos":{"x":0,"y":0,"z":0}},"packable":true,"pixelsToUnit":100,"pivot":{"x":0.5,"y":0.5},"meshType":0}],[0],0,[0],[1],[0]],[[{"name":"js_anniu2_00083","rect":{"x":2,"y":1658,"width":278,"height":90},"offset":{"x":0,"y":0},"originalSize":{"width":278,"height":90},"rotated":false,"capInsets":[0,0,0,0],"vertices":{"rawPosition":[],"indexes":[],"uv":[],"nuv":[],"minPos":{"x":0,"y":0,"z":0},"maxPos":{"x":0,"y":0,"z":0}},"packable":true,"pixelsToUnit":100,"pivot":{"x":0.5,"y":0.5},"meshType":0}],[0],0,[0],[1],[0]],[[{"name":"js_anniu2_00040","rect":{"x":282,"y":830,"width":278,"height":90},"offset":{"x":0,"y":0},"originalSize":{"width":278,"height":90},"rotated":false,"capInsets":[0,0,0,0],"vertices":{"rawPosition":[],"indexes":[],"uv":[],"nuv":[],"minPos":{"x":0,"y":0,"z":0},"maxPos":{"x":0,"y":0,"z":0}},"packable":true,"pixelsToUnit":100,"pivot":{"x":0.5,"y":0.5},"meshType":0}],[0],0,[0],[1],[0]],[[{"name":"js_anniu2_00074","rect":{"x":562,"y":1474,"width":278,"height":90},"offset":{"x":0,"y":0},"originalSize":{"width":278,"height":90},"rotated":false,"capInsets":[0,0,0,0],"vertices":{"rawPosition":[],"indexes":[],"uv":[],"nuv":[],"minPos":{"x":0,"y":0,"z":0},"maxPos":{"x":0,"y":0,"z":0}},"packable":true,"pixelsToUnit":100,"pivot":{"x":0.5,"y":0.5},"meshType":0}],[0],0,[0],[1],[0]],[[{"name":"js_anniu2_00047","rect":{"x":842,"y":922,"width":278,"height":90},"offset":{"x":0,"y":0},"originalSize":{"width":278,"height":90},"rotated":false,"capInsets":[0,0,0,0],"vertices":{"rawPosition":[],"indexes":[],"uv":[],"nuv":[],"minPos":{"x":0,"y":0,"z":0},"maxPos":{"x":0,"y":0,"z":0}},"packable":true,"pixelsToUnit":100,"pivot":{"x":0.5,"y":0.5},"meshType":0}],[0],0,[0],[1],[0]],[[{"name":"js_anniu2_00038","rect":{"x":1214,"y":560,"width":278,"height":90},"offset":{"x":0,"y":0},"originalSize":{"width":278,"height":90},"rotated":true,"capInsets":[0,0,0,0],"vertices":{"rawPosition":[],"indexes":[],"uv":[],"nuv":[],"minPos":{"x":0,"y":0,"z":0},"maxPos":{"x":0,"y":0,"z":0}},"packable":true,"pixelsToUnit":100,"pivot":{"x":0.5,"y":0.5},"meshType":0}],[0],0,[0],[1],[0]],[[{"name":"js_anniu2_00010","rect":{"x":842,"y":186,"width":278,"height":90},"offset":{"x":0,"y":0},"originalSize":{"width":278,"height":90},"rotated":false,"capInsets":[0,0,0,0],"vertices":{"rawPosition":[],"indexes":[],"uv":[],"nuv":[],"minPos":{"x":0,"y":0,"z":0},"maxPos":{"x":0,"y":0,"z":0}},"packable":true,"pixelsToUnit":100,"pivot":{"x":0.5,"y":0.5},"meshType":0}],[0],0,[0],[1],[0]],[[{"name":"js_anniu2_00054","rect":{"x":2,"y":1106,"width":278,"height":90},"offset":{"x":0,"y":0},"originalSize":{"width":278,"height":90},"rotated":false,"capInsets":[0,0,0,0],"vertices":{"rawPosition":[],"indexes":[],"uv":[],"nuv":[],"minPos":{"x":0,"y":0,"z":0},"maxPos":{"x":0,"y":0,"z":0}},"packable":true,"pixelsToUnit":100,"pivot":{"x":0.5,"y":0.5},"meshType":0}],[0],0,[0],[1],[0]],[[{"name":"js_anniu2_00059","rect":{"x":282,"y":1198,"width":278,"height":90},"offset":{"x":0,"y":0},"originalSize":{"width":278,"height":90},"rotated":false,"capInsets":[0,0,0,0],"vertices":{"rawPosition":[],"indexes":[],"uv":[],"nuv":[],"minPos":{"x":0,"y":0,"z":0},"maxPos":{"x":0,"y":0,"z":0}},"packable":true,"pixelsToUnit":100,"pivot":{"x":0.5,"y":0.5},"meshType":0}],[0],0,[0],[1],[0]],[[{"name":"js_anniu2_00070","rect":{"x":562,"y":1382,"width":278,"height":90},"offset":{"x":0,"y":0},"originalSize":{"width":278,"height":90},"rotated":false,"capInsets":[0,0,0,0],"vertices":{"rawPosition":[],"indexes":[],"uv":[],"nuv":[],"minPos":{"x":0,"y":0,"z":0},"maxPos":{"x":0,"y":0,"z":0}},"packable":true,"pixelsToUnit":100,"pivot":{"x":0.5,"y":0.5},"meshType":0}],[0],0,[0],[1],[0]],[[{"name":"js_anniu2_00075","rect":{"x":842,"y":1474,"width":278,"height":90},"offset":{"x":0,"y":0},"originalSize":{"width":278,"height":90},"rotated":false,"capInsets":[0,0,0,0],"vertices":{"rawPosition":[],"indexes":[],"uv":[],"nuv":[],"minPos":{"x":0,"y":0,"z":0},"maxPos":{"x":0,"y":0,"z":0}},"packable":true,"pixelsToUnit":100,"pivot":{"x":0.5,"y":0.5},"meshType":0}],[0],0,[0],[1],[0]],[[{"name":"js_anniu2_00058","rect":{"x":2,"y":1198,"width":278,"height":90},"offset":{"x":0,"y":0},"originalSize":{"width":278,"height":90},"rotated":false,"capInsets":[0,0,0,0],"vertices":{"rawPosition":[],"indexes":[],"uv":[],"nuv":[],"minPos":{"x":0,"y":0,"z":0},"maxPos":{"x":0,"y":0,"z":0}},"packable":true,"pixelsToUnit":100,"pivot":{"x":0.5,"y":0.5},"meshType":0}],[0],0,[0],[1],[0]],[[{"name":"js_anniu2_00020","rect":{"x":2,"y":462,"width":278,"height":90},"offset":{"x":0,"y":0},"originalSize":{"width":278,"height":90},"rotated":false,"capInsets":[0,0,0,0],"vertices":{"rawPosition":[],"indexes":[],"uv":[],"nuv":[],"minPos":{"x":0,"y":0,"z":0},"maxPos":{"x":0,"y":0,"z":0}},"packable":true,"pixelsToUnit":100,"pivot":{"x":0.5,"y":0.5},"meshType":0}],[0],0,[0],[1],[0]],[[{"name":"js_anniu2_00004","rect":{"x":282,"y":94,"width":278,"height":90},"offset":{"x":0,"y":0},"originalSize":{"width":278,"height":90},"rotated":false,"capInsets":[0,0,0,0],"vertices":{"rawPosition":[],"indexes":[],"uv":[],"nuv":[],"minPos":{"x":0,"y":0,"z":0},"maxPos":{"x":0,"y":0,"z":0}},"packable":true,"pixelsToUnit":100,"pivot":{"x":0.5,"y":0.5},"meshType":0}],[0],0,[0],[1],[0]],[[{"name":"js_anniu2_00001","rect":{"x":556,"y":2,"width":278,"height":90},"offset":{"x":0,"y":0},"originalSize":{"width":278,"height":90},"rotated":false,"capInsets":[0,0,0,0],"vertices":{"rawPosition":[],"indexes":[],"uv":[],"nuv":[],"minPos":{"x":0,"y":0,"z":0},"maxPos":{"x":0,"y":0,"z":0}},"packable":true,"pixelsToUnit":100,"pivot":{"x":0.5,"y":0.5},"meshType":0}],[0],0,[0],[1],[0]],[[{"name":"js_anniu2_00006","rect":{"x":842,"y":94,"width":278,"height":90},"offset":{"x":0,"y":0},"originalSize":{"width":278,"height":90},"rotated":false,"capInsets":[0,0,0,0],"vertices":{"rawPosition":[],"indexes":[],"uv":[],"nuv":[],"minPos":{"x":0,"y":0,"z":0},"maxPos":{"x":0,"y":0,"z":0}},"packable":true,"pixelsToUnit":100,"pivot":{"x":0.5,"y":0.5},"meshType":0}],[0],0,[0],[1],[0]],[[{"name":"js_anniu2_00064","rect":{"x":562,"y":1290,"width":278,"height":90},"offset":{"x":0,"y":0},"originalSize":{"width":278,"height":90},"rotated":false,"capInsets":[0,0,0,0],"vertices":{"rawPosition":[],"indexes":[],"uv":[],"nuv":[],"minPos":{"x":0,"y":0,"z":0},"maxPos":{"x":0,"y":0,"z":0}},"packable":true,"pixelsToUnit":100,"pivot":{"x":0.5,"y":0.5},"meshType":0}],[0],0,[0],[1],[0]],[[{"name":"an_h5","rect":{"x":2,"y":2,"width":272,"height":84},"offset":{"x":0,"y":0},"originalSize":{"width":272,"height":84},"rotated":false,"capInsets":[0,0,0,0],"vertices":{"rawPosition":[],"indexes":[],"uv":[],"nuv":[],"minPos":{"x":0,"y":0,"z":0},"maxPos":{"x":0,"y":0,"z":0}},"packable":true,"pixelsToUnit":100,"pivot":{"x":0.5,"y":0.5},"meshType":0}],[0],0,[0],[1],[0]],[[{"name":"js_anniu2_00011","rect":{"x":2,"y":278,"width":278,"height":90},"offset":{"x":0,"y":0},"originalSize":{"width":278,"height":90},"rotated":false,"capInsets":[0,0,0,0],"vertices":{"rawPosition":[],"indexes":[],"uv":[],"nuv":[],"minPos":{"x":0,"y":0,"z":0},"maxPos":{"x":0,"y":0,"z":0}},"packable":true,"pixelsToUnit":100,"pivot":{"x":0.5,"y":0.5},"meshType":0}],[0],0,[0],[1],[0]],[[{"name":"js_anniu2_00039","rect":{"x":2,"y":830,"width":278,"height":90},"offset":{"x":0,"y":0},"originalSize":{"width":278,"height":90},"rotated":false,"capInsets":[0,0,0,0],"vertices":{"rawPosition":[],"indexes":[],"uv":[],"nuv":[],"minPos":{"x":0,"y":0,"z":0},"maxPos":{"x":0,"y":0,"z":0}},"packable":true,"pixelsToUnit":100,"pivot":{"x":0.5,"y":0.5},"meshType":0}],[0],0,[0],[1],[0]],[[{"name":"js_anniu2_00062","rect":{"x":2,"y":1290,"width":278,"height":90},"offset":{"x":0,"y":0},"originalSize":{"width":278,"height":90},"rotated":false,"capInsets":[0,0,0,0],"vertices":{"rawPosition":[],"indexes":[],"uv":[],"nuv":[],"minPos":{"x":0,"y":0,"z":0},"maxPos":{"x":0,"y":0,"z":0}},"packable":true,"pixelsToUnit":100,"pivot":{"x":0.5,"y":0.5},"meshType":0}],[0],0,[0],[1],[0]],[[{"name":"js_anniu2_00033","rect":{"x":2,"y":738,"width":278,"height":90},"offset":{"x":0,"y":0},"originalSize":{"width":278,"height":90},"rotated":false,"capInsets":[0,0,0,0],"vertices":{"rawPosition":[],"indexes":[],"uv":[],"nuv":[],"minPos":{"x":0,"y":0,"z":0},"maxPos":{"x":0,"y":0,"z":0}},"packable":true,"pixelsToUnit":100,"pivot":{"x":0.5,"y":0.5},"meshType":0}],[0],0,[0],[1],[0]],[[{"name":"js_anniu2_00071","rect":{"x":842,"y":1382,"width":278,"height":90},"offset":{"x":0,"y":0},"originalSize":{"width":278,"height":90},"rotated":false,"capInsets":[0,0,0,0],"vertices":{"rawPosition":[],"indexes":[],"uv":[],"nuv":[],"minPos":{"x":0,"y":0,"z":0},"maxPos":{"x":0,"y":0,"z":0}},"packable":true,"pixelsToUnit":100,"pivot":{"x":0.5,"y":0.5},"meshType":0}],[0],0,[0],[1],[0]],[[{"name":"js_anniu2_00002","rect":{"x":836,"y":2,"width":278,"height":90},"offset":{"x":0,"y":0},"originalSize":{"width":278,"height":90},"rotated":false,"capInsets":[0,0,0,0],"vertices":{"rawPosition":[],"indexes":[],"uv":[],"nuv":[],"minPos":{"x":0,"y":0,"z":0},"maxPos":{"x":0,"y":0,"z":0}},"packable":true,"pixelsToUnit":100,"pivot":{"x":0.5,"y":0.5},"meshType":0}],[0],0,[0],[1],[0]],[[{"name":"js_anniu2_00087","rect":{"x":2,"y":1750,"width":278,"height":90},"offset":{"x":0,"y":0},"originalSize":{"width":278,"height":90},"rotated":false,"capInsets":[0,0,0,0],"vertices":{"rawPosition":[],"indexes":[],"uv":[],"nuv":[],"minPos":{"x":0,"y":0,"z":0},"maxPos":{"x":0,"y":0,"z":0}},"packable":true,"pixelsToUnit":100,"pivot":{"x":0.5,"y":0.5},"meshType":0}],[0],0,[0],[1],[0]],[[{"name":"js_anniu2_00098","rect":{"x":282,"y":1934,"width":278,"height":90},"offset":{"x":0,"y":0},"originalSize":{"width":278,"height":90},"rotated":false,"capInsets":[0,0,0,0],"vertices":{"rawPosition":[],"indexes":[],"uv":[],"nuv":[],"minPos":{"x":0,"y":0,"z":0},"maxPos":{"x":0,"y":0,"z":0}},"packable":true,"pixelsToUnit":100,"pivot":{"x":0.5,"y":0.5},"meshType":0}],[0],0,[0],[1],[0]],[[{"name":"js_anniu2_00043","rect":{"x":2,"y":922,"width":278,"height":90},"offset":{"x":0,"y":0},"originalSize":{"width":278,"height":90},"rotated":false,"capInsets":[0,0,0,0],"vertices":{"rawPosition":[],"indexes":[],"uv":[],"nuv":[],"minPos":{"x":0,"y":0,"z":0},"maxPos":{"x":0,"y":0,"z":0}},"packable":true,"pixelsToUnit":100,"pivot":{"x":0.5,"y":0.5},"meshType":0}],[0],0,[0],[1],[0]],[[{"name":"js_anniu2_00091","rect":{"x":2,"y":1842,"width":278,"height":90},"offset":{"x":0,"y":0},"originalSize":{"width":278,"height":90},"rotated":false,"capInsets":[0,0,0,0],"vertices":{"rawPosition":[],"indexes":[],"uv":[],"nuv":[],"minPos":{"x":0,"y":0,"z":0},"maxPos":{"x":0,"y":0,"z":0}},"packable":true,"pixelsToUnit":100,"pivot":{"x":0.5,"y":0.5},"meshType":0}],[0],0,[0],[1],[0]],[[{"name":"js_anniu2_00095","rect":{"x":1122,"y":1678,"width":278,"height":90},"offset":{"x":0,"y":0},"originalSize":{"width":278,"height":90},"rotated":true,"capInsets":[0,0,0,0],"vertices":{"rawPosition":[],"indexes":[],"uv":[],"nuv":[],"minPos":{"x":0,"y":0,"z":0},"maxPos":{"x":0,"y":0,"z":0}},"packable":true,"pixelsToUnit":100,"pivot":{"x":0.5,"y":0.5},"meshType":0}],[0],0,[0],[1],[0]],[[[26,"tx_ddz_jiesuan_anniu"],[27,"tx_ddz_jiesuan_anniu",33554432,[-5],[[36,-2,[0,"4eYKDlGalBj6u0wQblEzts"],[5]],[2,-3,[0,"e8auAHNMdFZr7JVrg+lgMl"]],[3,-4,[0,"ebJY51GjVAE6CktLT4mjUH"],[5,0,0]]],[1,"efhyXF44NLk70+86enJ/nq",null,null,null,-1,0]],[13,"Sprite_PlayBtn_new",33554432,1,[-9,-10,-11,-12],[[6,2,false,-6,[0,"06p/4VRFdHUYP1hw1ab8lh"],4],[2,-7,[0,"ddPtuCTDBNuIevitfaz3Vb"]],[3,-8,[0,"3fhm3+yepPSp9T6s40bLIf"],[5,278,90]]],[1,"8bdktuwhlNyZao8Sf2yTfE",null,null,null,1,0]],[4,"Image_continue",33554432,2,[[10,12,0.21225000000000005,0.26665,false,false,-13,[0,"e8Lew565VOHYmA+SLpmCnv"]],[35,"继续游戏",0,0,32,32,42,false,0,-14,[0,"fbPz0SITRDf7gTC4Y22sfR"],2],[2,-15,[0,"63jd/JiJ5BBZYb5c9h95nA"]],[3,-16,[0,"31hiV5GMlPMLHHRu15dokv"],[5,160,42]]],[1,"2anFjm5IJA9Jx+8ZWZmU+U",null,null,null,1,0],[1,0.005500000000012051,-0.0015000000000000568,0]],[19,"BMFont_Title",false,33554432,2,[[10,12,0.11330000000000001,0.2889,false,false,-17,[0,"edUe5wHylLo6uAGm3XVcge"]],[35,"再赢2局抽奖",0,0,32,32,38,false,0,-18,[0,"bcCCd0qbFFyJYrZjwegbmC"],3],[2,-19,[0,"b61W4aOilEpbjAJfpzhLgk"]],[3,-20,[0,"41+K5FoZhOrpwXPaEPLf01"],[5,215,38]]],[1,"44oPa+YyhLoJ5V+3RrFvki",null,null,null,1,0],[1,-0.002600000000001046,0.0009999999999976694,0]],[4,"an_h5_4",33554432,2,[[6,2,false,-21,[0,"f9VuYydtpFsqXZzWRtHQAn"],0],[2,-22,[0,"5fgEHU8JxPyp6gAScdPeAy"]],[3,-23,[0,"53Ig4mFIZLPLq0Z/Kzk9TP"],[5,272,84]]],[1,"36iAv2PXRLy7nqtEbKf5dR",null,null,null,1,0],[1,0.02729999999999677,0.2927000000000035,0]],[4,"js_anniu2_00000_8",33554432,2,[[45,1,2,false,-24,[0,"32rmldGeNK+opoBOCRBJpd"],1],[9,76,-25,[0,"bazAudh4VJ3Ks+Mqhcs0oq"]],[3,-26,[0,"12krA9h89GT4BdZfhmHqYv"],[5,278,90]]],[1,"b3/qTdrRdO+4VBmVWngCvU",null,null,null,1,0],[1,0.02760000000000673,0.2927000000000035,0]]],0,[0,3,1,0,0,1,0,0,1,0,0,1,0,-1,2,0,0,2,0,0,2,0,0,2,0,-1,5,0,-2,6,0,-3,3,0,-4,4,0,0,3,0,0,3,0,0,3,0,0,3,0,0,4,0,0,4,0,0,4,0,0,4,0,0,5,0,0,5,0,0,5,0,0,6,0,0,6,0,0,6,0,6,1,26],[0,0,0,0,0,0],[2,2,7,7,2,-1],[42,43,44,45,46,47]],[[{"name":"JS_guanbi","rect":{"x":9,"y":7,"width":42,"height":46},"offset":{"x":0,"y":0},"originalSize":{"width":60,"height":60},"rotated":false,"capInsets":[0,0,0,0],"vertices":{"rawPosition":[-21,-23,0,21,-23,0,-21,23,0,21,23,0],"indexes":[0,1,2,2,1,3],"uv":[9,53,51,53,9,7,51,7],"nuv":[0.15,0.11666666666666667,0.85,0.11666666666666667,0.15,0.8833333333333333,0.85,0.8833333333333333],"minPos":{"x":-21,"y":-23,"z":0},"maxPos":{"x":21,"y":23,"z":0}},"packable":true,"pixelsToUnit":100,"pivot":{"x":0.5,"y":0.5},"meshType":0}],[0],0,[0],[1],[48]],[[{"name":"js_tb_zfk","rect":{"x":0,"y":0,"width":107,"height":88},"offset":{"x":0,"y":0},"originalSize":{"width":107,"height":88},"rotated":false,"capInsets":[0,0,0,0],"vertices":{"rawPosition":[-53.5,-44,0,53.5,-44,0,-53.5,44,0,53.5,44,0],"indexes":[0,1,2,2,1,3],"uv":[0,88,107,88,0,0,107,0],"nuv":[0,0,1,0,0,1,1,1],"minPos":{"x":-53.5,"y":-44,"z":0},"maxPos":{"x":53.5,"y":44,"z":0}},"packable":true,"pixelsToUnit":100,"pivot":{"x":0.5,"y":0.5},"meshType":0}],[0],0,[0],[1],[49]],[[{"name":"js_tb_fd","rect":{"x":0,"y":0,"width":52,"height":51},"offset":{"x":0,"y":0},"originalSize":{"width":52,"height":51},"rotated":false,"capInsets":[0,0,0,0],"vertices":{"rawPosition":[-26,-25.5,0,26,-25.5,0,-26,25.5,0,26,25.5,0],"indexes":[0,1,2,2,1,3],"uv":[0,51,52,51,0,0,52,0],"nuv":[0,0,1,0,0,1,1,1],"minPos":{"x":-26,"y":-25.5,"z":0},"maxPos":{"x":26,"y":25.5,"z":0}},"packable":true,"pixelsToUnit":100,"pivot":{"x":0.5,"y":0.5},"meshType":0}],[0],0,[0],[1],[50]],[[{"name":"js_sb_di4","rect":{"x":0,"y":0,"width":132,"height":445},"offset":{"x":0,"y":0},"originalSize":{"width":132,"height":445},"rotated":false,"capInsets":[0,0,0,0],"vertices":{"rawPosition":[-66,-222.5,0,66,-222.5,0,-66,222.5,0,66,222.5,0],"indexes":[0,1,2,2,1,3],"uv":[0,445,132,445,0,0,132,0],"nuv":[0,0,1,0,0,1,1,1],"minPos":{"x":-66,"y":-222.5,"z":0},"maxPos":{"x":66,"y":222.5,"z":0}},"packable":true,"pixelsToUnit":100,"pivot":{"x":0.5,"y":0.5},"meshType":0}],[0],0,[0],[1],[51]]]]
