[1,0,0,[["cc.JsonAsset",["_name","json"],1]],[[0,0,1,3]],[[0,"androidEMUJudgeConfig",[{"name":"雷电","package":["com.android.coreservice"]},{"name":"mumu","package":["com.mumu.acc","com.mumu.store","com.mumu.audio"]},{"name":"夜神","package":["com.android.Calendar","com.bignox.app.store.hd","com.vphone.launcher"]},{"name":"逍遥","package":["com.microvirt.market","com.microvirt.download"]},{"name":"蓝叠","package":["com.bluestacks.settings","com.bluestacks.appmart","com.bluestacks.BstCommandProcessor","com.bluestacks.filemanager"]}]]],0,0,[],[],[]]
