{"importBase":"import","nativeBase":"native","name":"AB","deps":["GameBase","resources"],"uuids":["69MkNrcNRGRq7v7fYONoBy","b6kslGvIJGKIrb7XBRnIxB","d7cOaHWApH5rOfy0MTJQPQ","17jfPyaEdBmJALomC6I7fm","14fMSiYpZO4IrblvocQoey","17jfPyaEdBmJALomC6I7fm@6c48a","17jfPyaEdBmJALomC6I7fm@f9941","507IcKSGRNW65ZhRRdR/Re","854G3LjxBOG7rUkKHnWs56","b5eRY2iohHv6cGetVlYPLN","c1IGScopNGPZBqZhoC8y9p","dcc6fpkY1J44gF0NU62q3i","f5FY6sYoNLKJ2FxpHtDt8y","02872dee0","0c5b9c1af","18V6zZ6UFNb7aYrFMBjGon","9dtD/d0bVLTZfnEGGjFK9p"],"paths":{"0":["ui/anim/arrow/animation1",1],"1":["ui/anim/arrow/animation2",1],"2":["ui/anim/arrow/animation0",1],"3":["ui/main/font/win_fnt",3],"4":["ui/main/font/win_fnt",2],"5":["ui/main/font/win_fnt/texture",4,1],"6":["ui/main/font/win_fnt/spriteFrame",5,1],"8":["ui/anim/arrow/arrow",0],"9":["ui/main/card",0],"10":["ui/main/head",0],"11":["ui/rule/rule",0],"12":["ui/main/main",0]},"scenes":{"db://assets/game/AB/AB.scene":7},"packs":{"02872dee0":["9","12"],"0c5b9c1af":["4","6","8","10"]},"versions":{"import":[13,"87772",14,"ee2f9",3,"a2533",5,"56068",7,"3e741",0,"9d08a",1,"37bc8",2,"2b488",11,"7ec82"],"native":[3,"f5047"]},"redirect":[15,"1",16,"0"],"debug":false,"extensionMap":{".ccon":["0","0","0","0","1","1","1","1","2","2","2","2"]},"hasPreloadScript":true,"types":["cc.Prefab","cc.AnimationClip","cc.BitmapFont","cc.ImageAsset","cc.Texture2D","cc.SpriteFrame"],"encrypted":true}
