[1,["d7cOaHWApH5rOfy0MTJQPQ","854G3LjxBOG7rUkKHnWs56","17jfPyaEdBmJALomC6I7fm@f9941","17jfPyaEdBmJALomC6I7fm@6c48a","69MkNrcNRGRq7v7fYONoBy","b6kslGvIJGKIrb7XBRnIxB","18V6zZ6UFNb7aYrFMBjGon","884u2B6e9NoKFHkppxidqk","14fMSiYpZO4IrblvocQoey"],["node","root","data","_font","asset","spriteFrame","_textureSource","_defaultClip","_customMaterial"],[["cc.Node",["_name","_layer","_active","_objFlags","__editorExtras__","_prefab","_components","_parent","_lpos","_children","_lscale"],-2,4,9,1,5,2,5],["cc.Label",["_string","_actualFontSize","_fontSize","_lineHeight","_isSystemFontUsed","node","__prefab","_color","_font"],-2,1,4,5,6],["cc.Sprite",["_sizeMode","_type","_fillType","_fillStart","_fillRange","_isTrimmedMode","node","__prefab","_color","_customMaterial","_fillCenter"],-3,1,4,5,6,5],["cc.UITransform",["node","__prefab","_contentSize"],3,1,4,5],["cc.UIOpacity",["_opacity","node","__prefab"],2,1,4],"cc.SpriteFrame",["cc.BitmapFont",["_name","fontSize","fntConfig"],0],["cc.Prefab",["_name"],2],["cc.CompPrefabInfo",["fileId"],2],["cc.Animation",["node","__prefab","_clips","_defaultClip"],3,1,4,3,6],["cc.PrefabInfo",["fileId","instance","targetOverrides","nestedPrefabInstanceRoots","root","asset"],-1,1,1],["cc.PrefabInfo",["fileId","instance","targetOverrides","root","asset","nestedPrefabInstanceRoots"],0,1,1,2],["cc.PrefabInfo",["fileId","targetOverrides","nestedPrefabInstanceRoots","root","instance","asset"],0,1,4,6],["cc.TargetInfo",["localID"],2],["cc.LabelOutline",["_width","node","__prefab"],2,1,4],["f52bb4Td+9B7I/o680h6mHq",["_preCacheMode","_premultipliedAlpha","defaultSkin","defaultAnimation","node","__prefab"],-1,1,4],["cc.PrefabInstance",["fileId","prefabRootNode","propertyOverrides"],2,1,9],["CCPropertyOverrideInfo",["value","propertyPath","targetInfo"],1,1],["CCPropertyOverrideInfo",["propertyPath","targetInfo","value"],2,1,8]],[[8,0,2],[10,0,1,2,3,4,5,5],[3,0,1,2,1],[2,6,7,1],[0,0,7,6,5,8,2],[0,0,7,6,5,2],[18,0,1,2,2],[3,0,1,1],[0,0,7,9,6,5,2],[0,0,7,9,6,5,8,2],[4,1,2,1],[17,0,1,2,3],[7,0,2],[0,0,9,6,5,2],[0,0,7,6,5,10,2],[0,3,4,7,5,3],[12,0,1,2,3,4,5,4],[13,0,2],[1,0,1,2,3,5,6,7,5],[15,0,1,2,3,4,5,5],[16,0,1,2,2],[6,0,1,2,4],[0,0,1,7,6,5,8,3],[0,0,2,7,6,5,3],[0,0,7,6,5,8,10,2],[9,0,1,2,3,1],[11,0,1,2,3,4,5,4],[2,6,7,8,1],[2,0,6,7,9,2],[2,1,2,0,3,4,5,6,7,10,7],[2,1,0,6,7,3],[4,0,1,2,2],[1,0,1,2,5,6,7,4],[1,0,1,2,3,4,5,6,7,8,6],[1,0,1,2,5,6,4],[1,0,1,2,3,5,6,5],[1,0,1,2,3,4,5,6,8,6],[14,0,1,2,2]],[[[[21,"win_fnt",88,{"commonHeight":40,"fontSize":88,"atlasName":"win_fnt.png","fontDefDictionary":{"9":{"xOffset":0,"yOffset":0,"xAdvance":120,"rect":{"x":0,"y":0,"width":0,"height":0}},"32":{"xOffset":0,"yOffset":0,"xAdvance":15,"rect":{"x":0,"y":0,"width":0,"height":0}},"43":{"xOffset":0,"yOffset":8,"xAdvance":26,"rect":{"x":0,"y":0,"width":29,"height":30}},"44":{"xOffset":0,"yOffset":25,"xAdvance":10,"rect":{"x":26,"y":37,"width":13,"height":18}},"46":{"xOffset":0,"yOffset":25,"xAdvance":8,"rect":{"x":39,"y":37,"width":11,"height":14}},"48":{"xOffset":0,"yOffset":3,"xAdvance":21,"rect":{"x":74,"y":37,"width":24,"height":37}},"49":{"xOffset":0,"yOffset":3,"xAdvance":18,"rect":{"x":74,"y":74,"width":21,"height":36}},"50":{"xOffset":0,"yOffset":3,"xAdvance":21,"rect":{"x":50,"y":74,"width":24,"height":36}},"51":{"xOffset":0,"yOffset":3,"xAdvance":21,"rect":{"x":29,"y":0,"width":24,"height":37}},"52":{"xOffset":0,"yOffset":3,"xAdvance":23,"rect":{"x":0,"y":30,"width":26,"height":36}},"53":{"xOffset":0,"yOffset":3,"xAdvance":20,"rect":{"x":77,"y":0,"width":23,"height":37}},"54":{"xOffset":0,"yOffset":3,"xAdvance":22,"rect":{"x":25,"y":66,"width":25,"height":37}},"55":{"xOffset":0,"yOffset":3,"xAdvance":22,"rect":{"x":0,"y":66,"width":25,"height":36}},"56":{"xOffset":0,"yOffset":3,"xAdvance":21,"rect":{"x":53,"y":0,"width":24,"height":37}},"57":{"xOffset":0,"yOffset":3,"xAdvance":21,"rect":{"x":50,"y":37,"width":24,"height":37}}},"kerningDict":{}}]],0,0,[0],[5],[2]],[[{"name":"win_fnt","rect":{"x":0,"y":0,"width":100,"height":110},"offset":{"x":0,"y":0},"originalSize":{"width":100,"height":110},"rotated":false,"capInsets":[0,0,0,0],"vertices":{"rawPosition":[-50,-55,0,50,-55,0,-50,55,0,50,55,0],"indexes":[0,1,2,2,1,3],"uv":[0,110,100,110,0,0,100,0],"nuv":[0,0,1,0,0,1,1,1],"minPos":{"x":-50,"y":-55,"z":0},"maxPos":{"x":50,"y":55,"z":0}},"packable":true,"pixelsToUnit":100,"pivot":{"x":0.5,"y":0.5},"meshType":0}],[5],0,[0],[6],[3]],[[[12,"arrow"],[13,"arrow",[-4,-5,-6],[[7,-2,[0,"8c4pXm1BBOEJRtVsnjGbql"]],[25,-3,[0,"b6oYG+vFhKaanfIljiy9pl"],[0,1,2],3]],[1,"c46/YsCPVOJYA4mWEpNYRx",null,null,null,-1,0]],[22,"Sprite_3",33554432,1,[[2,-7,[0,"9ePQ51scpNG7CziUUNxUFV"],[5,22,14]],[3,-8,[0,"c5V4+/qu5O36sKzSy2tNM0"]],[10,-9,[0,"54e9m7pV1GDKn0FIPHpQ4l"]]],[1,"66ORy2B9dGBaR0h+/qhj2G",null,null,null,1,0],[1,0,9,0]],[5,"Sprite_2",1,[[2,-10,[0,"29ygjoWktP95U5is1o4oCz"],[5,22,14]],[3,-11,[0,"2cAREOnWRJQKuuI5uzNRY7"]],[10,-12,[0,"feVcgXd0hC2YOh5t5LqRve"]]],[1,"f4vZd41klKqYP7jNJEYz2o",null,null,null,1,0]],[4,"Sprite_1",1,[[2,-13,[0,"7dvU0fgCxJu69hxMWGSG9/"],[5,22,14]],[3,-14,[0,"69gyIy2qlBprZCnd0n0bdM"]],[10,-15,[0,"f3y+liEpBHFatfzmoy2C+9"]]],[1,"2cqwu0kNxOSLVGk0JPzZ5b",null,null,null,1,0],[1,0,-9,0]]],0,[0,1,1,0,0,1,0,0,1,0,-1,2,0,-2,3,0,-3,4,0,0,2,0,0,2,0,0,2,0,0,3,0,0,3,0,0,3,0,0,4,0,0,4,0,0,4,0,2,1,15],[0,0,0,0],[-1,-2,-3,7],[0,4,5,0]],[[[12,"head"],[13,"head",[-6,-7,-8,-9,-10,-11,-12,-13,-14],[[2,-4,[0,"31gOhVVftKzpAaVE/UnEuL"],[5,129,129]],[3,-5,[0,"1dmsxPEztOUYL/38Fq1bG/"]]],[26,"d2LZ7iowpMiYTg23xxnimK",null,null,-3,0,[-1,-2]]],[8,"Node_head",1,[-16,-17,-18],[[7,-15,[0,"98mOv85rFCVYT0GdtFqqmo"]]],[1,"23nSK2iBNNaopXkQ5qg3dn",null,null,null,1,0]],[9,"Node_chip",1,[-20,-21,-22],[[2,-19,[0,"2aFX6az8pNULYmVzm9YPtY"],[5,100,40]]],[1,"5aXmDp8ZJEQ5LnfyVKWgAR",null,null,null,1,0],[1,0,-85,0]],[8,"Node_chip_ab",1,[-24,-25,-26],[[7,-23,[0,"d3ccMLyTJN9665CAgLDvLK"]]],[1,"d95jXAS8tPLrOok6Iax4Hp",null,null,null,1,0]],[9,"Node_chip_a",4,[-28,-29,-30],[[2,-27,[0,"54UeHdDC5BDL0h9NGdlstP"],[5,100,40]]],[1,"73By5B7blCFY3YoWzylPJX",null,null,null,1,0],[1,0,119,0]],[17,["c46/YsCPVOJYA4mWEpNYRx"]],[9,"Node_chip_b",4,[-32,-33,-34],[[2,-31,[0,"6cKXPSqwlJ7YpLwCVhwCsB"],[5,100,40]]],[1,"32xPcY6RhKg69x46NCQ+Wy",null,null,null,1,0],[1,0,81,0]],[8,"Node_state_skip",1,[-36,-37],[[7,-35,[0,"01mw3ibERDqZzc1uyXh0ZM"]]],[1,"fbrnjqDa9GuZuoAIvC9Fq6",null,null,null,1,0]],[5,"Sprite",8,[[2,-38,[0,"148W0fi61Gm5VeuQq5YAoi"],[5,123,123]],[27,-39,[0,"db17Tdj6NOQ6w4maJkzhfn"],[4,4278190080]],[31,128,-40,[0,"5eUgA/B6dBZZxnUfZ2os4N"]]],[1,"b7vB8YDVRGpKNYkiuoRTlk",null,null,null,1,0]],[5,"Label_skip_txt",8,[[2,-41,[0,"54lTVPL7tEK5JjyZf/ib9K"],[5,117.64,52.4]],[32,"Skipped",32,32,-42,[0,"56ZOoCakJMt66qBEuP5Zby"],[4,4283163163]],[37,1,-43,[0,"251LDLMVpPGZArzebIWDsG"]]],[1,"faTcBbmCpBGqvZcbj+u7eS",null,null,null,1,0]],[8,"Node_state",1,[-45,-46],[[7,-44,[0,"d5LvhmW91GQpIqywqEwdsG"]]],[1,"92xcbp6n5Pc7n1IkLOIdwg",null,null,null,1,0]],[17,["c46/YsCPVOJYA4mWEpNYRx"]],[14,"Node_win_xia",1,[[2,-47,[0,"6d1ozSMyRDaohTMDPXIyuI"],[5,2320.91,1244.08]],[19,0,false,"default","xia",-48,[0,"51O05hCqhMtqaNFxU+PT3a"]]],[1,"15z5tat/xPS7v/s3htSEk8",null,null,null,1,0],[1,0.625,0.625,1]],[5,"Sprite_head",2,[[2,-49,[0,"b7tBfhhqRIZYPcNkXaQVL3"],[5,129,129]],[28,0,-50,[0,"10rS9Do3VC77UUPTU7mbtd"],0]],[1,"bde1BKEI5GGLhCJWffTeG4",null,null,null,1,0]],[5,"Sprite_frame",2,[[2,-51,[0,"7exI1arelKSaoqYnrfSnuZ"],[5,129,129]],[3,-52,[0,"c6dNJBz5JDMbZb33IIG2Fj"]]],[1,"09sTFaD6pCAKnps4LJ1eOO",null,null,null,1,0]],[23,"Sprite_timer",false,2,[[2,-53,[0,"b4xLqawL5DaIIh45vakMKa"],[5,155,155]],[29,3,2,0,0.25,1,false,-54,[0,"7ccPdol4BOW69ucms0XcPr"],[0,0.5,0.5]]],[1,"d5Y95NipZGs4jSfKZzqHeu",null,null,null,1,0]],[4,"Sprite",3,[[2,-55,[0,"c3jYb8nW5DqIfIgjySVJBC"],[5,151,32]],[30,1,0,-56,[0,"09Xtg5ZbFNz5s0xUrMF9hv"]]],[1,"6009T42UBE/IxnCmBRBTvf",null,null,null,1,0],[1,5,0,0]],[24,"Sprite_chip",3,[[2,-57,[0,"d0HpO+wblED4jtCGSBEuQH"],[5,59,60]],[3,-58,[0,"87LDCm3CFGPoJJ9Byl7dZU"]]],[1,"e7LGiNg35EAZnnG9rpdEdH",null,null,null,1,0],[1,-73,0,0],[1,0.7,0.7,1]],[4,"Label_chip",3,[[2,-59,[0,"3207e0zaFJO5IGpAlXCY/Z"],[5,115,32]],[33,"999,999.99",32,32,32,false,-60,[0,"b9z2glv/ZKbrGZt4A3Vosr"],[4,4282777087],1]],[1,"91zJJvHaRHB5OsqnQjGQkg",null,null,null,1,0],[1,12,0,0]],[4,"Sprite_state",11,[[2,-61,[0,"14J0mowxtGWYAJ9v760+V6"],[5,120,36]],[3,-62,[0,"4fCVtXO2BHS7LQZ6VmGgyo"]]],[1,"f3ksiVGTJCJobChKUS22XD",null,null,null,1,0],[1,0,-51,0]],[4,"Label_state",11,[[2,-63,[0,"51SbmOynZBm7JmN9wrLD6y"],[5,96.47,50.4]],[34,"BAHAR",28,28,-64,[0,"8aHvm71aNFNoTkp7a5ArN/"]]],[1,"5drKQ/t7dNv6tl7zBtFqP/",null,null,null,1,0],[1,0,-51,0]],[4,"Label_name",1,[[2,-65,[0,"65U7p8cd9DZLgKUP/LeRtw"],[5,117.39,27.72]],[35,"Playername",22,22,22,-66,[0,"28Zmzq4ppN4YuzUj12lGSc"]]],[1,"c40BET0apES6lnahWoE4A1",null,null,null,1,0],[1,0,-80,0]],[5,"Sprite",5,[[2,-67,[0,"e9ZOPmNzdLGrJ3Vw6x9l4y"],[5,145,35]],[3,-68,[0,"39L+hFK4VCwaeyKpkl058p"]]],[1,"e5U/chkchDTKbQm6cTtMic",null,null,null,1,0]],[4,"Label_a",5,[[2,-69,[0,"beVS34k9pPBokiPyiLFz+1"],[5,33.37,25.2]],[18,"250",20,20,20,-70,[0,"82c8suTmpI1p1O2p/Bt4ix"],[4,4282777087]]],[1,"95l9HzQE5MAbeCN66vPEd8",null,null,null,1,0],[1,8,0,0]],[15,0,{},5,[16,"c46/YsCPVOJYA4mWEpNYRx",null,null,-71,[20,"0d0PwyZbVJFLJHeGukc+7Q",1,[[11,"Node_arrow_a",["_name"],6],[6,["_lpos"],6,[1,95,0,0]],[6,["_lrot"],6,[3,0,0,0,1]],[6,["_euler"],6,[1,0,0,0]],[11,true,["_active"],6]]],2]],[5,"Sprite",7,[[2,-72,[0,"59vcZDwX5IC4fua/5YZc7u"],[5,145,34]],[3,-73,[0,"0140FB7KhLC7pqgC0WllXR"]]],[1,"3cBseGDnZCh494povt4TBl",null,null,null,1,0]],[4,"Label_b",7,[[2,-74,[0,"6dMkXIj11LvZwnb9jk2bdj"],[5,33.37,25.2]],[18,"250",20,20,20,-75,[0,"74D+ehZ+FCJJ2Iuf6VYXcE"],[4,4282777087]]],[1,"fepkJSlBRFm6hxS/qDai2V",null,null,null,1,0],[1,8,0,0]],[15,0,{},7,[16,"c46/YsCPVOJYA4mWEpNYRx",null,null,-76,[20,"af2gGVJ8pK3IRDlx1IEV5w",1,[[11,"Node_arrow_b",["_name"],12],[6,["_lpos"],12,[1,95,0,0]],[6,["_lrot"],12,[3,0,0,0,1]],[6,["_euler"],12,[1,0,0,0]]]],3]],[4,"Sprite_light",4,[[2,-77,[0,"e2RI8Ga/FJPp9j7Y6cg1CS"],[5,167,56]],[3,-78,[0,"f0QUB268hJ3KlOIVbXrqEU"]]],[1,"3cWjhwtxNCtoGsHynXFIF3",null,null,null,1,0],[1,0,81,0]],[14,"Node_win_shang",1,[[2,-79,[0,"87yrEZKV5GNrlt9iZXLcwZ"],[5,2320.91,1244.08]],[19,0,false,"default","shang",-80,[0,"fdz3VkqRZKjKjrcVVTlDUy"]]],[1,"73t2kQHe5NXIxpbWAFCe9y",null,null,null,1,0],[1,0.625,0.625,1]],[9,"Node_win",1,[-82],[[2,-81,[0,"bceXHVqQBFQJLYvYvaUgDg"],[5,100,20]]],[1,"492wJt78lHqpg9Xoc7PeRn",null,null,null,1,0],[1,0,-26,0]],[5,"Label_win",31,[[2,-83,[0,"74gF2I6ABMj7FUDAn1VEUn"],[5,139.77,20]],[36,"+48.80",100,100,20,false,-84,[0,"35nexkBwVGU6uWssVvG80r"],4]],[1,"f8dsPooeNIOaoR7oJJk+pQ",null,null,null,1,0]]],0,[0,-1,28,0,-2,25,0,1,1,0,0,1,0,0,1,0,-1,13,0,-2,2,0,-3,3,0,-4,8,0,-5,11,0,-6,22,0,-7,4,0,-8,30,0,-9,31,0,0,2,0,-1,14,0,-2,15,0,-3,16,0,0,3,0,-1,17,0,-2,18,0,-3,19,0,0,4,0,-1,5,0,-2,7,0,-3,29,0,0,5,0,-1,23,0,-2,24,0,-3,25,0,0,7,0,-1,26,0,-2,27,0,-3,28,0,0,8,0,-1,9,0,-2,10,0,0,9,0,0,9,0,0,9,0,0,10,0,0,10,0,0,10,0,0,11,0,-1,20,0,-2,21,0,0,13,0,0,13,0,0,14,0,0,14,0,0,15,0,0,15,0,0,16,0,0,16,0,0,17,0,0,17,0,0,18,0,0,18,0,0,19,0,0,19,0,0,20,0,0,20,0,0,21,0,0,21,0,0,22,0,0,22,0,0,23,0,0,23,0,0,24,0,0,24,0,1,25,0,0,26,0,0,26,0,0,27,0,0,27,0,1,28,0,0,29,0,0,29,0,0,30,0,0,30,0,0,31,0,-1,32,0,0,32,0,0,32,0,2,1,84],[0,0,0,0,0],[8,3,4,4,3],[6,7,1,1,8]]]]
