{"importBase":"import","nativeBase":"native","name":"GameBase","deps":[],"uuids":["a4LbMDv09Nd5bBu0AZj2PA","00MgyGe+RP8Jj+nrDYJe1k","00WuRLRidC8rxHf6B82a0w","4fQBpZJ9tIprIemWQWsmOm","00MgyGe+RP8Jj+nrDYJe1k@6c48a","00MgyGe+RP8Jj+nrDYJe1k@f9941","00WuRLRidC8rxHf6B82a0w@6c48a","00WuRLRidC8rxHf6B82a0w@f9941","20QXzIv4hPhLY09rD2XI+K","24Dde4GXJCrLA5lt1Lfjgi","4fQBpZJ9tIprIemWQWsmOm@6c48a","4fQBpZJ9tIprIemWQWsmOm@f9941","98pvIVu19NT75DznBfasZN","9cI4LWGh5L962NUMGecGfV","9dtD/d0bVLTZfnEGGjFK9p","9e0s0nRhtJQptLh/xkDU2B","cfX38qcu5EjIaQFW/pUlLm","e1GCgWHK9CzJ+rKwvoVCDL","e1XO/HWOBJSqdsdUo07cwL","0180f7932","06d28c314","0c2ed0435","0f5df56ad","0fda3b7fe"],"paths":{"0":["ui/head/anim/score",4],"1":["ui/head/font/p_lose_1",1],"2":["ui/head/font/p_win_1",1],"3":["ui/emoji/img_mingpian",1],"4":["ui/head/font/p_lose_1/texture",2,1],"5":["ui/head/font/p_lose_1/spriteFrame",3,1],"6":["ui/head/font/p_win_1/texture",2,1],"7":["ui/head/font/p_win_1/spriteFrame",3,1],"8":["ui/emoji/anim/emojiSpine",0],"9":["ui/head/head",0],"10":["ui/emoji/img_mingpian/texture",2,1],"11":["ui/emoji/img_mingpian/spriteFrame",3,1],"12":["ui/head/font/p_win_1",5],"13":["ui/chat/chatBubble",0],"14":["ui/shop/shop",0],"15":["ui/menu/menu",0],"16":["ui/emoji/emoji",0],"17":["ui/chat/chat",0],"18":["ui/head/font/p_lose_1",5]},"scenes":{},"packs":{"0180f7932":["5","9","18"],"06d28c314":["3","2","1"],"0c2ed0435":["11","16"],"0f5df56ad":["10","6","4"],"0fda3b7fe":["7","12"]},"versions":{"import":[19,"9bc9f",20,"8ebdd",21,"4717b",22,"c6d85",23,"a9c97",8,"90c48",13,"44c1e",14,"2ef9e",15,"eda7c",0,"e96ef",17,"58851"],"native":[1,"3c1fc",2,"db98b",3,"dd599"]},"redirect":[],"debug":false,"extensionMap":{".ccon":["0","0"]},"hasPreloadScript":true,"types":["cc.Prefab","cc.ImageAsset","cc.Texture2D","cc.SpriteFrame","cc.AnimationClip","cc.BitmapFont"],"encrypted":true}
