[1,["5aY1EnWINIIKtP7V4Ku7er","97sGiQDXdAE7GaJHN2jPiD@f9941","e6+BuWPUJDurdfxmtYsbBu@f9941","18v49R1pBJg73SynSsVayN","97sGiQDXdAE7GaJHN2jPiD@6c48a","e6+BuWPUJDurdfxmtYsbBu@6c48a"],["node","_customMaterial","_spriteFrame","_textureSource","root","data"],[["cc.Node",["_name","_layer","_components","_prefab","_parent","_children","_lpos","_lscale"],1,9,4,1,2,5,5],"cc.SpriteFrame",["cc.UIOpacity",["_opacity","node","__prefab"],2,1,4],["cc.Sprite",["_sizeMode","_isTrimmedMode","_dstBlendFactor","node","__prefab","_customMaterial","_spriteFrame"],0,1,4,6,6],["cc.Prefab",["_name"],2],["cc.Animation",["node","__prefab","_clips"],3,1,4,3],["cc.CompPrefabInfo",["fileId"],2],["cc.UITransform",["node","__prefab","_contentSize"],3,1,4,5],["cc.PrefabInfo",["fileId","instance","targetOverrides","nestedPrefabInstanceRoots","root","asset"],-1,1,1]],[[6,0,2],[7,0,1,2,1],[8,0,1,2,3,4,5,5],[2,1,2,1],[4,0,2],[0,0,1,5,2,3,3],[0,0,1,4,2,3,6,3],[0,0,1,4,2,3,7,3],[5,0,1,2,1],[2,0,1,2,2],[3,0,1,3,4,5,6,3],[3,2,0,1,3,4,5,6,4]],[[[[4,"ani_card_looker"],[5,"ani_card_looker",33554432,[-5,-6],[[8,-2,[0,"a2AcFK/NJKd6Ys+mKTw/pR"],[4]],[3,-3,[0,"69YXasUglNybvhG4qUyu3s"]],[1,-4,[0,"7dSisfYG5MOJyDmYhkAiNL"],[5,0,0]]],[2,"ecomIuIK9CLIOH42Adf937",null,null,null,-1,0]],[6,"DDZ_kanpaiqi_2_2",33554432,1,[[10,2,false,-7,[0,"b8ctRl7HJFTKykilTjj8Ut"],0,1],[3,-8,[0,"fav2d9pF1C37RWIA9KNCz0"]],[1,-9,[0,"8ejnjKJS9BFbUL2A5DzDnl"],[5,74,96]]],[2,"a9BVgB285HcKLCdnheUzO8",null,null,null,1,0],[1,97.3189,-2.139,0]],[7,"tx_choujiang_honbao_kuangguang_2",33554432,1,[[11,1,2,false,-10,[0,"9dEnB8l9hHXa6PSAZYY0tW"],2,3],[9,0,-11,[0,"77ZRqjwvFG5YL/S9oy+jRC"]],[1,-12,[0,"641Zo+f/hAnY9lS5NysV1D"],[5,1415,642]]],[2,"4dcQjQVzxLv7zVmj717lV2",null,null,null,1,0],[1,0.487,0.5,1]]],0,[0,4,1,0,0,1,0,0,1,0,0,1,0,-1,2,0,-2,3,0,0,2,0,0,2,0,0,2,0,0,3,0,0,3,0,0,3,0,5,1,12],[0,0,0,0,0],[1,2,1,2,-1],[0,1,0,2,3]],[[{"name":"DDZ_kanpaiqi_2","rect":{"x":0,"y":0,"width":74,"height":95},"offset":{"x":0,"y":0.5},"originalSize":{"width":74,"height":96},"rotated":false,"capInsets":[0,0,0,0],"vertices":{"rawPosition":[-37,-47.5,0,37,-47.5,0,-37,47.5,0,37,47.5,0],"indexes":[0,1,2,2,1,3],"uv":[0,96,74,96,0,1,74,1],"nuv":[0,0.010416666666666666,1,0.010416666666666666,0,1,1,1],"minPos":{"x":-37,"y":-47.5,"z":0},"maxPos":{"x":37,"y":47.5,"z":0}},"packable":true,"pixelsToUnit":100,"pivot":{"x":0.5,"y":0.5},"meshType":0}],[1],0,[0],[3],[4]],[[{"name":"tx_ddz_dizhu_liwu_light","rect":{"x":0,"y":0,"width":1415,"height":642},"offset":{"x":0,"y":0},"originalSize":{"width":1415,"height":642},"rotated":false,"capInsets":[0,0,0,0],"vertices":{"rawPosition":[-707.5,-321,0,707.5,-321,0,-707.5,321,0,707.5,321,0],"indexes":[0,1,2,2,1,3],"uv":[0,642,1415,642,0,0,1415,0],"nuv":[0,0,1,0,0,1,1,1],"minPos":{"x":-707.5,"y":-321,"z":0},"maxPos":{"x":707.5,"y":321,"z":0}},"packable":true,"pixelsToUnit":100,"pivot":{"x":0.5,"y":0.5},"meshType":0}],[1],0,[0],[3],[5]]]]
