{"version":1,"document":[{"__type__":"cc.AnimationClip","_name":"node_famer_lose","_objFlags":0,"_native":"","sample":60,"speed":1,"wrapMode":1,"enableTrsBlending":false,"_duration":0.8333333333333334,"_hash":500763545,"_tracks":[{"__id__":1},{"__id__":8},{"__id__":15},{"__id__":22},{"__id__":29},{"__id__":36},{"__id__":43},{"__id__":50},{"__id__":57},{"__id__":63},{"__id__":74},{"__id__":79},{"__id__":84},{"__id__":90},{"__id__":96},{"__id__":107},{"__id__":113},{"__id__":119},{"__id__":130},{"__id__":136},{"__id__":142},{"__id__":153},{"__id__":164},{"__id__":169},{"__id__":174},{"__id__":180},{"__id__":186},{"__id__":197},{"__id__":208},{"__id__":213},{"__id__":218},{"__id__":224},{"__id__":230},{"__id__":236},{"__id__":242},{"__id__":248},{"__id__":254},{"__id__":260},{"__id__":271},{"__id__":277},{"__id__":288},{"__id__":294},{"__id__":300},{"__id__":311},{"__id__":317},{"__id__":323},{"__id__":334},{"__id__":340},{"__id__":346},{"__id__":357},{"__id__":362},{"__id__":367},{"__id__":373},{"__id__":379},{"__id__":390},{"__id__":401},{"__id__":406},{"__id__":411},{"__id__":417},{"__id__":423},{"__id__":434},{"__id__":445},{"__id__":450},{"__id__":455},{"__id__":461},{"__id__":467},{"__id__":478},{"__id__":489},{"__id__":494},{"__id__":499},{"__id__":505},{"__id__":511}],"_exoticAnimation":null,"_events":[],"_embeddedPlayers":[]},{"__type__":"cc.animation.UntypedTrack","_binding":{"__type__":"cc.animation.TrackBinding","path":{"__id__":2},"proxy":null},"_channels":[{"__id__":4},{"__id__":6}]},{"__type__":"cc.animation.TrackPath","_paths":[{"__id__":3},"scale"]},{"__type__":"cc.animation.HierarchyPath","path":"Layout/node_middle/sb_yuanquan_20"},{"__type__":"cc.animation.UntypedTrackChannel","_curve":{"__id__":5},"property":"x"},{"__type__":"cc.RealCurve","bytes":{"__type__":"TypedArrayRef","ctor":"Uint8Array","offset":0,"length":42},"keyframeValueEditorExtras":[null,null,null]},{"__type__":"cc.animation.UntypedTrackChannel","_curve":{"__id__":7},"property":"y"},{"__type__":"cc.RealCurve","bytes":{"__type__":"TypedArrayRef","ctor":"Uint8Array","offset":42,"length":42},"keyframeValueEditorExtras":[null,null,null]},{"__type__":"cc.animation.UntypedTrack","_binding":{"__type__":"cc.animation.TrackBinding","path":{"__id__":9},"proxy":null},"_channels":[{"__id__":11},{"__id__":13}]},{"__type__":"cc.animation.TrackPath","_paths":[{"__id__":10},"scale"]},{"__type__":"cc.animation.HierarchyPath","path":"Layout/node_middle/sb_piaodai_L_17"},{"__type__":"cc.animation.UntypedTrackChannel","_curve":{"__id__":12},"property":"x"},{"__type__":"cc.RealCurve","bytes":{"__type__":"TypedArrayRef","ctor":"Uint8Array","offset":84,"length":42},"keyframeValueEditorExtras":[null,null,null]},{"__type__":"cc.animation.UntypedTrackChannel","_curve":{"__id__":14},"property":"y"},{"__type__":"cc.RealCurve","bytes":{"__type__":"TypedArrayRef","ctor":"Uint8Array","offset":126,"length":42},"keyframeValueEditorExtras":[null,null,null]},{"__type__":"cc.animation.UntypedTrack","_binding":{"__type__":"cc.animation.TrackBinding","path":{"__id__":16},"proxy":null},"_channels":[{"__id__":18},{"__id__":20}]},{"__type__":"cc.animation.TrackPath","_paths":[{"__id__":17},"scale"]},{"__type__":"cc.animation.HierarchyPath","path":"Layout/node_middle/sb_piaodai_R_18"},{"__type__":"cc.animation.UntypedTrackChannel","_curve":{"__id__":19},"property":"x"},{"__type__":"cc.RealCurve","bytes":{"__type__":"TypedArrayRef","ctor":"Uint8Array","offset":168,"length":42},"keyframeValueEditorExtras":[null,null,null]},{"__type__":"cc.animation.UntypedTrackChannel","_curve":{"__id__":21},"property":"y"},{"__type__":"cc.RealCurve","bytes":{"__type__":"TypedArrayRef","ctor":"Uint8Array","offset":210,"length":42},"keyframeValueEditorExtras":[null,null,null]},{"__type__":"cc.animation.UntypedTrack","_binding":{"__type__":"cc.animation.TrackBinding","path":{"__id__":23},"proxy":null},"_channels":[{"__id__":25},{"__id__":27}]},{"__type__":"cc.animation.TrackPath","_paths":[{"__id__":24},"scale"]},{"__type__":"cc.animation.HierarchyPath","path":"Layout/node_middle/sb_yun_R_22"},{"__type__":"cc.animation.UntypedTrackChannel","_curve":{"__id__":26},"property":"x"},{"__type__":"cc.RealCurve","bytes":{"__type__":"TypedArrayRef","ctor":"Uint8Array","offset":252,"length":42},"keyframeValueEditorExtras":[null,null,null]},{"__type__":"cc.animation.UntypedTrackChannel","_curve":{"__id__":28},"property":"y"},{"__type__":"cc.RealCurve","bytes":{"__type__":"TypedArrayRef","ctor":"Uint8Array","offset":294,"length":42},"keyframeValueEditorExtras":[null,null,null]},{"__type__":"cc.animation.UntypedTrack","_binding":{"__type__":"cc.animation.TrackBinding","path":{"__id__":30},"proxy":null},"_channels":[{"__id__":32},{"__id__":34}]},{"__type__":"cc.animation.TrackPath","_paths":[{"__id__":31},"scale"]},{"__type__":"cc.animation.HierarchyPath","path":"Layout/node_middle/sb_yun_L_21"},{"__type__":"cc.animation.UntypedTrackChannel","_curve":{"__id__":33},"property":"x"},{"__type__":"cc.RealCurve","bytes":{"__type__":"TypedArrayRef","ctor":"Uint8Array","offset":336,"length":42},"keyframeValueEditorExtras":[null,null,null]},{"__type__":"cc.animation.UntypedTrackChannel","_curve":{"__id__":35},"property":"y"},{"__type__":"cc.RealCurve","bytes":{"__type__":"TypedArrayRef","ctor":"Uint8Array","offset":378,"length":42},"keyframeValueEditorExtras":[null,null,null]},{"__type__":"cc.animation.UntypedTrack","_binding":{"__type__":"cc.animation.TrackBinding","path":{"__id__":37},"proxy":null},"_channels":[{"__id__":39},{"__id__":41}]},{"__type__":"cc.animation.TrackPath","_paths":[{"__id__":38},"scale"]},{"__type__":"cc.animation.HierarchyPath","path":"Layout/node_middle/sb_wenziditu_23_0"},{"__type__":"cc.animation.UntypedTrackChannel","_curve":{"__id__":40},"property":"x"},{"__type__":"cc.RealCurve","bytes":{"__type__":"TypedArrayRef","ctor":"Uint8Array","offset":420,"length":30},"keyframeValueEditorExtras":[null,null]},{"__type__":"cc.animation.UntypedTrackChannel","_curve":{"__id__":42},"property":"y"},{"__type__":"cc.RealCurve","bytes":{"__type__":"TypedArrayRef","ctor":"Uint8Array","offset":450,"length":30},"keyframeValueEditorExtras":[null,null]},{"__type__":"cc.animation.UntypedTrack","_binding":{"__type__":"cc.animation.TrackBinding","path":{"__id__":44},"proxy":null},"_channels":[{"__id__":46},{"__id__":48}]},{"__type__":"cc.animation.TrackPath","_paths":[{"__id__":45},"scale"]},{"__type__":"cc.animation.HierarchyPath","path":"Layout/node_middle/Node_1/sb_nm_xian_6"},{"__type__":"cc.animation.UntypedTrackChannel","_curve":{"__id__":47},"property":"x"},{"__type__":"cc.RealCurve","bytes":{"__type__":"TypedArrayRef","ctor":"Uint8Array","offset":480,"length":30},"keyframeValueEditorExtras":[null,null]},{"__type__":"cc.animation.UntypedTrackChannel","_curve":{"__id__":49},"property":"y"},{"__type__":"cc.RealCurve","bytes":{"__type__":"TypedArrayRef","ctor":"Uint8Array","offset":510,"length":30},"keyframeValueEditorExtras":[null,null]},{"__type__":"cc.animation.UntypedTrack","_binding":{"__type__":"cc.animation.TrackBinding","path":{"__id__":51},"proxy":null},"_channels":[{"__id__":53},{"__id__":55}]},{"__type__":"cc.animation.TrackPath","_paths":[{"__id__":52},"scale"]},{"__type__":"cc.animation.HierarchyPath","path":"Layout/node_middle/Node_1_0/sb_nm_xian_6"},{"__type__":"cc.animation.UntypedTrackChannel","_curve":{"__id__":54},"property":"x"},{"__type__":"cc.RealCurve","bytes":{"__type__":"TypedArrayRef","ctor":"Uint8Array","offset":540,"length":30},"keyframeValueEditorExtras":[null,null]},{"__type__":"cc.animation.UntypedTrackChannel","_curve":{"__id__":56},"property":"y"},{"__type__":"cc.RealCurve","bytes":{"__type__":"TypedArrayRef","ctor":"Uint8Array","offset":570,"length":30},"keyframeValueEditorExtras":[null,null]},{"__type__":"cc.animation.RealTrack","_binding":{"__type__":"cc.animation.TrackBinding","path":{"__id__":58},"proxy":null},"_channel":{"__id__":61}},{"__type__":"cc.animation.TrackPath","_paths":[{"__id__":59},{"__id__":60},"opacity"]},{"__type__":"cc.animation.HierarchyPath","path":"Layout/LayoutMask"},{"__type__":"cc.animation.ComponentPath","component":"cc.UIOpacity"},{"__type__":"cc.animation.Channel","_curve":{"__id__":62}},{"__type__":"cc.RealCurve","bytes":{"__type__":"TypedArrayRef","ctor":"Uint8Array","offset":600,"length":30},"keyframeValueEditorExtras":[null,null]},{"__type__":"cc.animation.VectorTrack","_binding":{"__type__":"cc.animation.TrackBinding","path":{"__id__":64},"proxy":null},"_channels":[{"__id__":66},{"__id__":68},{"__id__":70},{"__id__":72}],"_nComponents":3},{"__type__":"cc.animation.TrackPath","_paths":[{"__id__":65},"position"]},{"__type__":"cc.animation.HierarchyPath","path":"Layout/node_middle/sb_yuanquan_20"},{"__type__":"cc.animation.Channel","_curve":{"__id__":67}},{"__type__":"cc.RealCurve","bytes":{"__type__":"TypedArrayRef","ctor":"Uint8Array","offset":630,"length":18},"keyframeValueEditorExtras":[null]},{"__type__":"cc.animation.Channel","_curve":{"__id__":69}},{"__type__":"cc.RealCurve","bytes":{"__type__":"TypedArrayRef","ctor":"Uint8Array","offset":648,"length":18},"keyframeValueEditorExtras":[null]},{"__type__":"cc.animation.Channel","_curve":{"__id__":71}},{"__type__":"cc.RealCurve","bytes":{"__type__":"TypedArrayRef","ctor":"Uint8Array","offset":666,"length":18},"keyframeValueEditorExtras":[null]},{"__type__":"cc.animation.Channel","_curve":{"__id__":73}},{"__type__":"cc.RealCurve","bytes":{"__type__":"TypedArrayRef","ctor":"Uint8Array","offset":684,"length":6}},{"__type__":"cc.animation.RealTrack","_binding":{"__type__":"cc.animation.TrackBinding","path":{"__id__":75},"proxy":null},"_channel":{"__id__":77}},{"__type__":"cc.animation.TrackPath","_paths":[{"__id__":76},"anchorX"]},{"__type__":"cc.animation.HierarchyPath","path":"Layout/node_middle/sb_yuanquan_20"},{"__type__":"cc.animation.Channel","_curve":{"__id__":78}},{"__type__":"cc.RealCurve","bytes":{"__type__":"TypedArrayRef","ctor":"Uint8Array","offset":690,"length":18},"keyframeValueEditorExtras":[null]},{"__type__":"cc.animation.RealTrack","_binding":{"__type__":"cc.animation.TrackBinding","path":{"__id__":80},"proxy":null},"_channel":{"__id__":82}},{"__type__":"cc.animation.TrackPath","_paths":[{"__id__":81},"anchorY"]},{"__type__":"cc.animation.HierarchyPath","path":"Layout/node_middle/sb_yuanquan_20"},{"__type__":"cc.animation.Channel","_curve":{"__id__":83}},{"__type__":"cc.RealCurve","bytes":{"__type__":"TypedArrayRef","ctor":"Uint8Array","offset":708,"length":18},"keyframeValueEditorExtras":[null]},{"__type__":"cc.animation.RealTrack","_binding":{"__type__":"cc.animation.TrackBinding","path":{"__id__":85},"proxy":null},"_channel":{"__id__":88}},{"__type__":"cc.animation.TrackPath","_paths":[{"__id__":86},{"__id__":87},"opacity"]},{"__type__":"cc.animation.HierarchyPath","path":"Layout/node_middle/sb_yuanquan_20"},{"__type__":"cc.animation.ComponentPath","component":"cc.UIOpacity"},{"__type__":"cc.animation.Channel","_curve":{"__id__":89}},{"__type__":"cc.RealCurve","bytes":{"__type__":"TypedArrayRef","ctor":"Uint8Array","offset":726,"length":30},"keyframeValueEditorExtras":[null,null]},{"__type__":"cc.animation.ObjectTrack","_binding":{"__type__":"cc.animation.TrackBinding","path":{"__id__":91},"proxy":null},"_channel":{"__id__":94}},{"__type__":"cc.animation.TrackPath","_paths":[{"__id__":92},{"__id__":93},"spriteFrame"]},{"__type__":"cc.animation.HierarchyPath","path":"Layout/node_middle/sb_yuanquan_20"},{"__type__":"cc.animation.ComponentPath","component":"cc.Sprite"},{"__type__":"cc.animation.Channel","_curve":{"__id__":95}},{"__type__":"cc.ObjectCurve","_times":[0],"_values":[{"__uuid__":"29ZzP1oIRH1L/Fpr9JjEut@d8a3d","__expectedType__":"cc.Asset"}]},{"__type__":"cc.animation.VectorTrack","_binding":{"__type__":"cc.animation.TrackBinding","path":{"__id__":97},"proxy":null},"_channels":[{"__id__":99},{"__id__":101},{"__id__":103},{"__id__":105}],"_nComponents":3},{"__type__":"cc.animation.TrackPath","_paths":[{"__id__":98},"position"]},{"__type__":"cc.animation.HierarchyPath","path":"Layout/node_middle/sb_piaodai_L_17"},{"__type__":"cc.animation.Channel","_curve":{"__id__":100}},{"__type__":"cc.RealCurve","bytes":{"__type__":"TypedArrayRef","ctor":"Uint8Array","offset":756,"length":18},"keyframeValueEditorExtras":[null]},{"__type__":"cc.animation.Channel","_curve":{"__id__":102}},{"__type__":"cc.RealCurve","bytes":{"__type__":"TypedArrayRef","ctor":"Uint8Array","offset":774,"length":18},"keyframeValueEditorExtras":[null]},{"__type__":"cc.animation.Channel","_curve":{"__id__":104}},{"__type__":"cc.RealCurve","bytes":{"__type__":"TypedArrayRef","ctor":"Uint8Array","offset":792,"length":18},"keyframeValueEditorExtras":[null]},{"__type__":"cc.animation.Channel","_curve":{"__id__":106}},{"__type__":"cc.RealCurve","bytes":{"__type__":"TypedArrayRef","ctor":"Uint8Array","offset":810,"length":6}},{"__type__":"cc.animation.RealTrack","_binding":{"__type__":"cc.animation.TrackBinding","path":{"__id__":108},"proxy":null},"_channel":{"__id__":111}},{"__type__":"cc.animation.TrackPath","_paths":[{"__id__":109},{"__id__":110},"opacity"]},{"__type__":"cc.animation.HierarchyPath","path":"Layout/node_middle/sb_piaodai_L_17"},{"__type__":"cc.animation.ComponentPath","component":"cc.UIOpacity"},{"__type__":"cc.animation.Channel","_curve":{"__id__":112}},{"__type__":"cc.RealCurve","bytes":{"__type__":"TypedArrayRef","ctor":"Uint8Array","offset":816,"length":30},"keyframeValueEditorExtras":[null,null]},{"__type__":"cc.animation.ObjectTrack","_binding":{"__type__":"cc.animation.TrackBinding","path":{"__id__":114},"proxy":null},"_channel":{"__id__":117}},{"__type__":"cc.animation.TrackPath","_paths":[{"__id__":115},{"__id__":116},"spriteFrame"]},{"__type__":"cc.animation.HierarchyPath","path":"Layout/node_middle/sb_piaodai_L_17"},{"__type__":"cc.animation.ComponentPath","component":"cc.Sprite"},{"__type__":"cc.animation.Channel","_curve":{"__id__":118}},{"__type__":"cc.ObjectCurve","_times":[0],"_values":[{"__uuid__":"29ZzP1oIRH1L/Fpr9JjEut@46d59","__expectedType__":"cc.Asset"}]},{"__type__":"cc.animation.VectorTrack","_binding":{"__type__":"cc.animation.TrackBinding","path":{"__id__":120},"proxy":null},"_channels":[{"__id__":122},{"__id__":124},{"__id__":126},{"__id__":128}],"_nComponents":3},{"__type__":"cc.animation.TrackPath","_paths":[{"__id__":121},"position"]},{"__type__":"cc.animation.HierarchyPath","path":"Layout/node_middle/sb_piaodai_R_18"},{"__type__":"cc.animation.Channel","_curve":{"__id__":123}},{"__type__":"cc.RealCurve","bytes":{"__type__":"TypedArrayRef","ctor":"Uint8Array","offset":846,"length":30},"keyframeValueEditorExtras":[null,null]},{"__type__":"cc.animation.Channel","_curve":{"__id__":125}},{"__type__":"cc.RealCurve","bytes":{"__type__":"TypedArrayRef","ctor":"Uint8Array","offset":876,"length":30},"keyframeValueEditorExtras":[null,null]},{"__type__":"cc.animation.Channel","_curve":{"__id__":127}},{"__type__":"cc.RealCurve","bytes":{"__type__":"TypedArrayRef","ctor":"Uint8Array","offset":906,"length":30},"keyframeValueEditorExtras":[null,null]},{"__type__":"cc.animation.Channel","_curve":{"__id__":129}},{"__type__":"cc.RealCurve","bytes":{"__type__":"TypedArrayRef","ctor":"Uint8Array","offset":936,"length":6}},{"__type__":"cc.animation.RealTrack","_binding":{"__type__":"cc.animation.TrackBinding","path":{"__id__":131},"proxy":null},"_channel":{"__id__":134}},{"__type__":"cc.animation.TrackPath","_paths":[{"__id__":132},{"__id__":133},"opacity"]},{"__type__":"cc.animation.HierarchyPath","path":"Layout/node_middle/sb_piaodai_R_18"},{"__type__":"cc.animation.ComponentPath","component":"cc.UIOpacity"},{"__type__":"cc.animation.Channel","_curve":{"__id__":135}},{"__type__":"cc.RealCurve","bytes":{"__type__":"TypedArrayRef","ctor":"Uint8Array","offset":942,"length":30},"keyframeValueEditorExtras":[null,null]},{"__type__":"cc.animation.ObjectTrack","_binding":{"__type__":"cc.animation.TrackBinding","path":{"__id__":137},"proxy":null},"_channel":{"__id__":140}},{"__type__":"cc.animation.TrackPath","_paths":[{"__id__":138},{"__id__":139},"spriteFrame"]},{"__type__":"cc.animation.HierarchyPath","path":"Layout/node_middle/sb_piaodai_R_18"},{"__type__":"cc.animation.ComponentPath","component":"cc.Sprite"},{"__type__":"cc.animation.Channel","_curve":{"__id__":141}},{"__type__":"cc.ObjectCurve","_times":[0],"_values":[{"__uuid__":"29ZzP1oIRH1L/Fpr9JjEut@63d59","__expectedType__":"cc.Asset"}]},{"__type__":"cc.animation.VectorTrack","_binding":{"__type__":"cc.animation.TrackBinding","path":{"__id__":143},"proxy":null},"_channels":[{"__id__":145},{"__id__":147},{"__id__":149},{"__id__":151}],"_nComponents":3},{"__type__":"cc.animation.TrackPath","_paths":[{"__id__":144},"position"]},{"__type__":"cc.animation.HierarchyPath","path":"Layout/node_middle/sb_yun_R_22"},{"__type__":"cc.animation.Channel","_curve":{"__id__":146}},{"__type__":"cc.RealCurve","bytes":{"__type__":"TypedArrayRef","ctor":"Uint8Array","offset":972,"length":18},"keyframeValueEditorExtras":[null]},{"__type__":"cc.animation.Channel","_curve":{"__id__":148}},{"__type__":"cc.RealCurve","bytes":{"__type__":"TypedArrayRef","ctor":"Uint8Array","offset":990,"length":18},"keyframeValueEditorExtras":[null]},{"__type__":"cc.animation.Channel","_curve":{"__id__":150}},{"__type__":"cc.RealCurve","bytes":{"__type__":"TypedArrayRef","ctor":"Uint8Array","offset":1008,"length":18},"keyframeValueEditorExtras":[null]},{"__type__":"cc.animation.Channel","_curve":{"__id__":152}},{"__type__":"cc.RealCurve","bytes":{"__type__":"TypedArrayRef","ctor":"Uint8Array","offset":1026,"length":6}},{"__type__":"cc.animation.VectorTrack","_binding":{"__type__":"cc.animation.TrackBinding","path":{"__id__":154},"proxy":null},"_channels":[{"__id__":156},{"__id__":158},{"__id__":160},{"__id__":162}],"_nComponents":3},{"__type__":"cc.animation.TrackPath","_paths":[{"__id__":155},"eulerAngles"]},{"__type__":"cc.animation.HierarchyPath","path":"Layout/node_middle/sb_yun_R_22"},{"__type__":"cc.animation.Channel","_curve":{"__id__":157}},{"__type__":"cc.RealCurve","bytes":{"__type__":"TypedArrayRef","ctor":"Uint8Array","offset":1032,"length":30},"keyframeValueEditorExtras":[null,null]},{"__type__":"cc.animation.Channel","_curve":{"__id__":159}},{"__type__":"cc.RealCurve","bytes":{"__type__":"TypedArrayRef","ctor":"Uint8Array","offset":1062,"length":30},"keyframeValueEditorExtras":[null,null]},{"__type__":"cc.animation.Channel","_curve":{"__id__":161}},{"__type__":"cc.RealCurve","bytes":{"__type__":"TypedArrayRef","ctor":"Uint8Array","offset":1092,"length":30},"keyframeValueEditorExtras":[null,null]},{"__type__":"cc.animation.Channel","_curve":{"__id__":163}},{"__type__":"cc.RealCurve","bytes":{"__type__":"TypedArrayRef","ctor":"Uint8Array","offset":1122,"length":6}},{"__type__":"cc.animation.RealTrack","_binding":{"__type__":"cc.animation.TrackBinding","path":{"__id__":165},"proxy":null},"_channel":{"__id__":167}},{"__type__":"cc.animation.TrackPath","_paths":[{"__id__":166},"anchorX"]},{"__type__":"cc.animation.HierarchyPath","path":"Layout/node_middle/sb_yun_R_22"},{"__type__":"cc.animation.Channel","_curve":{"__id__":168}},{"__type__":"cc.RealCurve","bytes":{"__type__":"TypedArrayRef","ctor":"Uint8Array","offset":1128,"length":18},"keyframeValueEditorExtras":[null]},{"__type__":"cc.animation.RealTrack","_binding":{"__type__":"cc.animation.TrackBinding","path":{"__id__":170},"proxy":null},"_channel":{"__id__":172}},{"__type__":"cc.animation.TrackPath","_paths":[{"__id__":171},"anchorY"]},{"__type__":"cc.animation.HierarchyPath","path":"Layout/node_middle/sb_yun_R_22"},{"__type__":"cc.animation.Channel","_curve":{"__id__":173}},{"__type__":"cc.RealCurve","bytes":{"__type__":"TypedArrayRef","ctor":"Uint8Array","offset":1146,"length":18},"keyframeValueEditorExtras":[null]},{"__type__":"cc.animation.RealTrack","_binding":{"__type__":"cc.animation.TrackBinding","path":{"__id__":175},"proxy":null},"_channel":{"__id__":178}},{"__type__":"cc.animation.TrackPath","_paths":[{"__id__":176},{"__id__":177},"opacity"]},{"__type__":"cc.animation.HierarchyPath","path":"Layout/node_middle/sb_yun_R_22"},{"__type__":"cc.animation.ComponentPath","component":"cc.UIOpacity"},{"__type__":"cc.animation.Channel","_curve":{"__id__":179}},{"__type__":"cc.RealCurve","bytes":{"__type__":"TypedArrayRef","ctor":"Uint8Array","offset":1164,"length":30},"keyframeValueEditorExtras":[null,null]},{"__type__":"cc.animation.ObjectTrack","_binding":{"__type__":"cc.animation.TrackBinding","path":{"__id__":181},"proxy":null},"_channel":{"__id__":184}},{"__type__":"cc.animation.TrackPath","_paths":[{"__id__":182},{"__id__":183},"spriteFrame"]},{"__type__":"cc.animation.HierarchyPath","path":"Layout/node_middle/sb_yun_R_22"},{"__type__":"cc.animation.ComponentPath","component":"cc.Sprite"},{"__type__":"cc.animation.Channel","_curve":{"__id__":185}},{"__type__":"cc.ObjectCurve","_times":[0],"_values":[{"__uuid__":"29ZzP1oIRH1L/Fpr9JjEut@8e75f","__expectedType__":"cc.Asset"}]},{"__type__":"cc.animation.VectorTrack","_binding":{"__type__":"cc.animation.TrackBinding","path":{"__id__":187},"proxy":null},"_channels":[{"__id__":189},{"__id__":191},{"__id__":193},{"__id__":195}],"_nComponents":3},{"__type__":"cc.animation.TrackPath","_paths":[{"__id__":188},"position"]},{"__type__":"cc.animation.HierarchyPath","path":"Layout/node_middle/sb_yun_L_21"},{"__type__":"cc.animation.Channel","_curve":{"__id__":190}},{"__type__":"cc.RealCurve","bytes":{"__type__":"TypedArrayRef","ctor":"Uint8Array","offset":1194,"length":18},"keyframeValueEditorExtras":[null]},{"__type__":"cc.animation.Channel","_curve":{"__id__":192}},{"__type__":"cc.RealCurve","bytes":{"__type__":"TypedArrayRef","ctor":"Uint8Array","offset":1212,"length":18},"keyframeValueEditorExtras":[null]},{"__type__":"cc.animation.Channel","_curve":{"__id__":194}},{"__type__":"cc.RealCurve","bytes":{"__type__":"TypedArrayRef","ctor":"Uint8Array","offset":1230,"length":18},"keyframeValueEditorExtras":[null]},{"__type__":"cc.animation.Channel","_curve":{"__id__":196}},{"__type__":"cc.RealCurve","bytes":{"__type__":"TypedArrayRef","ctor":"Uint8Array","offset":1248,"length":6}},{"__type__":"cc.animation.VectorTrack","_binding":{"__type__":"cc.animation.TrackBinding","path":{"__id__":198},"proxy":null},"_channels":[{"__id__":200},{"__id__":202},{"__id__":204},{"__id__":206}],"_nComponents":3},{"__type__":"cc.animation.TrackPath","_paths":[{"__id__":199},"eulerAngles"]},{"__type__":"cc.animation.HierarchyPath","path":"Layout/node_middle/sb_yun_L_21"},{"__type__":"cc.animation.Channel","_curve":{"__id__":201}},{"__type__":"cc.RealCurve","bytes":{"__type__":"TypedArrayRef","ctor":"Uint8Array","offset":1254,"length":30},"keyframeValueEditorExtras":[null,null]},{"__type__":"cc.animation.Channel","_curve":{"__id__":203}},{"__type__":"cc.RealCurve","bytes":{"__type__":"TypedArrayRef","ctor":"Uint8Array","offset":1284,"length":30},"keyframeValueEditorExtras":[null,null]},{"__type__":"cc.animation.Channel","_curve":{"__id__":205}},{"__type__":"cc.RealCurve","bytes":{"__type__":"TypedArrayRef","ctor":"Uint8Array","offset":1314,"length":30},"keyframeValueEditorExtras":[null,null]},{"__type__":"cc.animation.Channel","_curve":{"__id__":207}},{"__type__":"cc.RealCurve","bytes":{"__type__":"TypedArrayRef","ctor":"Uint8Array","offset":1344,"length":6}},{"__type__":"cc.animation.RealTrack","_binding":{"__type__":"cc.animation.TrackBinding","path":{"__id__":209},"proxy":null},"_channel":{"__id__":211}},{"__type__":"cc.animation.TrackPath","_paths":[{"__id__":210},"anchorX"]},{"__type__":"cc.animation.HierarchyPath","path":"Layout/node_middle/sb_yun_L_21"},{"__type__":"cc.animation.Channel","_curve":{"__id__":212}},{"__type__":"cc.RealCurve","bytes":{"__type__":"TypedArrayRef","ctor":"Uint8Array","offset":1350,"length":18},"keyframeValueEditorExtras":[null]},{"__type__":"cc.animation.RealTrack","_binding":{"__type__":"cc.animation.TrackBinding","path":{"__id__":214},"proxy":null},"_channel":{"__id__":216}},{"__type__":"cc.animation.TrackPath","_paths":[{"__id__":215},"anchorY"]},{"__type__":"cc.animation.HierarchyPath","path":"Layout/node_middle/sb_yun_L_21"},{"__type__":"cc.animation.Channel","_curve":{"__id__":217}},{"__type__":"cc.RealCurve","bytes":{"__type__":"TypedArrayRef","ctor":"Uint8Array","offset":1368,"length":18},"keyframeValueEditorExtras":[null]},{"__type__":"cc.animation.RealTrack","_binding":{"__type__":"cc.animation.TrackBinding","path":{"__id__":219},"proxy":null},"_channel":{"__id__":222}},{"__type__":"cc.animation.TrackPath","_paths":[{"__id__":220},{"__id__":221},"opacity"]},{"__type__":"cc.animation.HierarchyPath","path":"Layout/node_middle/sb_yun_L_21"},{"__type__":"cc.animation.ComponentPath","component":"cc.UIOpacity"},{"__type__":"cc.animation.Channel","_curve":{"__id__":223}},{"__type__":"cc.RealCurve","bytes":{"__type__":"TypedArrayRef","ctor":"Uint8Array","offset":1386,"length":30},"keyframeValueEditorExtras":[null,null]},{"__type__":"cc.animation.ObjectTrack","_binding":{"__type__":"cc.animation.TrackBinding","path":{"__id__":225},"proxy":null},"_channel":{"__id__":228}},{"__type__":"cc.animation.TrackPath","_paths":[{"__id__":226},{"__id__":227},"spriteFrame"]},{"__type__":"cc.animation.HierarchyPath","path":"Layout/node_middle/sb_yun_L_21"},{"__type__":"cc.animation.ComponentPath","component":"cc.Sprite"},{"__type__":"cc.animation.Channel","_curve":{"__id__":229}},{"__type__":"cc.ObjectCurve","_times":[0],"_values":[{"__uuid__":"29ZzP1oIRH1L/Fpr9JjEut@35323","__expectedType__":"cc.Asset"}]},{"__type__":"cc.animation.ObjectTrack","_binding":{"__type__":"cc.animation.TrackBinding","path":{"__id__":231},"proxy":null},"_channel":{"__id__":234}},{"__type__":"cc.animation.TrackPath","_paths":[{"__id__":232},{"__id__":233},"spriteFrame"]},{"__type__":"cc.animation.HierarchyPath","path":"Layout/node_middle/Node_2/sb_nm_shentiu_1"},{"__type__":"cc.animation.ComponentPath","component":"cc.Sprite"},{"__type__":"cc.animation.Channel","_curve":{"__id__":235}},{"__type__":"cc.ObjectCurve","_times":[0],"_values":[{"__uuid__":"29ZzP1oIRH1L/Fpr9JjEut@52a29","__expectedType__":"cc.Asset"}]},{"__type__":"cc.animation.ObjectTrack","_binding":{"__type__":"cc.animation.TrackBinding","path":{"__id__":237},"proxy":null},"_channel":{"__id__":240}},{"__type__":"cc.animation.TrackPath","_paths":[{"__id__":238},{"__id__":239},"spriteFrame"]},{"__type__":"cc.animation.HierarchyPath","path":"Layout/node_middle/Node_2/sb_nm_tou_2"},{"__type__":"cc.animation.ComponentPath","component":"cc.Sprite"},{"__type__":"cc.animation.Channel","_curve":{"__id__":241}},{"__type__":"cc.ObjectCurve","_times":[0],"_values":[{"__uuid__":"29ZzP1oIRH1L/Fpr9JjEut@cfad0","__expectedType__":"cc.Asset"}]},{"__type__":"cc.animation.ObjectTrack","_binding":{"__type__":"cc.animation.TrackBinding","path":{"__id__":243},"proxy":null},"_channel":{"__id__":246}},{"__type__":"cc.animation.TrackPath","_paths":[{"__id__":244},{"__id__":245},"spriteFrame"]},{"__type__":"cc.animation.HierarchyPath","path":"Layout/node_middle/Node_2/sb_nm_leihua_3"},{"__type__":"cc.animation.ComponentPath","component":"cc.Sprite"},{"__type__":"cc.animation.Channel","_curve":{"__id__":247}},{"__type__":"cc.ObjectCurve","_times":[0],"_values":[{"__uuid__":"29ZzP1oIRH1L/Fpr9JjEut@0086c","__expectedType__":"cc.Asset"}]},{"__type__":"cc.animation.ObjectTrack","_binding":{"__type__":"cc.animation.TrackBinding","path":{"__id__":249},"proxy":null},"_channel":{"__id__":252}},{"__type__":"cc.animation.TrackPath","_paths":[{"__id__":250},{"__id__":251},"spriteFrame"]},{"__type__":"cc.animation.HierarchyPath","path":"Layout/node_middle/Node_2/sb_nm_youshou_4"},{"__type__":"cc.animation.ComponentPath","component":"cc.Sprite"},{"__type__":"cc.animation.Channel","_curve":{"__id__":253}},{"__type__":"cc.ObjectCurve","_times":[0],"_values":[{"__uuid__":"29ZzP1oIRH1L/Fpr9JjEut@d28f3","__expectedType__":"cc.Asset"}]},{"__type__":"cc.animation.ObjectTrack","_binding":{"__type__":"cc.animation.TrackBinding","path":{"__id__":255},"proxy":null},"_channel":{"__id__":258}},{"__type__":"cc.animation.TrackPath","_paths":[{"__id__":256},{"__id__":257},"spriteFrame"]},{"__type__":"cc.animation.HierarchyPath","path":"Layout/node_middle/Node_2/sb_nm_zuosou_5"},{"__type__":"cc.animation.ComponentPath","component":"cc.Sprite"},{"__type__":"cc.animation.Channel","_curve":{"__id__":259}},{"__type__":"cc.ObjectCurve","_times":[0],"_values":[{"__uuid__":"29ZzP1oIRH1L/Fpr9JjEut@cbb2e","__expectedType__":"cc.Asset"}]},{"__type__":"cc.animation.VectorTrack","_binding":{"__type__":"cc.animation.TrackBinding","path":{"__id__":261},"proxy":null},"_channels":[{"__id__":263},{"__id__":265},{"__id__":267},{"__id__":269}],"_nComponents":3},{"__type__":"cc.animation.TrackPath","_paths":[{"__id__":262},"position"]},{"__type__":"cc.animation.HierarchyPath","path":"Layout/node_middle/Node_2"},{"__type__":"cc.animation.Channel","_curve":{"__id__":264}},{"__type__":"cc.RealCurve","bytes":{"__type__":"TypedArrayRef","ctor":"Uint8Array","offset":1416,"length":30},"keyframeValueEditorExtras":[null,null]},{"__type__":"cc.animation.Channel","_curve":{"__id__":266}},{"__type__":"cc.RealCurve","bytes":{"__type__":"TypedArrayRef","ctor":"Uint8Array","offset":1446,"length":30},"keyframeValueEditorExtras":[null,null]},{"__type__":"cc.animation.Channel","_curve":{"__id__":268}},{"__type__":"cc.RealCurve","bytes":{"__type__":"TypedArrayRef","ctor":"Uint8Array","offset":1476,"length":30},"keyframeValueEditorExtras":[null,null]},{"__type__":"cc.animation.Channel","_curve":{"__id__":270}},{"__type__":"cc.RealCurve","bytes":{"__type__":"TypedArrayRef","ctor":"Uint8Array","offset":1506,"length":6}},{"__type__":"cc.animation.RealTrack","_binding":{"__type__":"cc.animation.TrackBinding","path":{"__id__":272},"proxy":null},"_channel":{"__id__":275}},{"__type__":"cc.animation.TrackPath","_paths":[{"__id__":273},{"__id__":274},"opacity"]},{"__type__":"cc.animation.HierarchyPath","path":"Layout/node_middle/Node_2"},{"__type__":"cc.animation.ComponentPath","component":"cc.UIOpacity"},{"__type__":"cc.animation.Channel","_curve":{"__id__":276}},{"__type__":"cc.RealCurve","bytes":{"__type__":"TypedArrayRef","ctor":"Uint8Array","offset":1512,"length":30},"keyframeValueEditorExtras":[null,null]},{"__type__":"cc.animation.VectorTrack","_binding":{"__type__":"cc.animation.TrackBinding","path":{"__id__":278},"proxy":null},"_channels":[{"__id__":280},{"__id__":282},{"__id__":284},{"__id__":286}],"_nComponents":3},{"__type__":"cc.animation.TrackPath","_paths":[{"__id__":279},"position"]},{"__type__":"cc.animation.HierarchyPath","path":"Layout/node_middle/sb_wenziditu_23"},{"__type__":"cc.animation.Channel","_curve":{"__id__":281}},{"__type__":"cc.RealCurve","bytes":{"__type__":"TypedArrayRef","ctor":"Uint8Array","offset":1542,"length":18},"keyframeValueEditorExtras":[null]},{"__type__":"cc.animation.Channel","_curve":{"__id__":283}},{"__type__":"cc.RealCurve","bytes":{"__type__":"TypedArrayRef","ctor":"Uint8Array","offset":1560,"length":18},"keyframeValueEditorExtras":[null]},{"__type__":"cc.animation.Channel","_curve":{"__id__":285}},{"__type__":"cc.RealCurve","bytes":{"__type__":"TypedArrayRef","ctor":"Uint8Array","offset":1578,"length":18},"keyframeValueEditorExtras":[null]},{"__type__":"cc.animation.Channel","_curve":{"__id__":287}},{"__type__":"cc.RealCurve","bytes":{"__type__":"TypedArrayRef","ctor":"Uint8Array","offset":1596,"length":6}},{"__type__":"cc.animation.RealTrack","_binding":{"__type__":"cc.animation.TrackBinding","path":{"__id__":289},"proxy":null},"_channel":{"__id__":292}},{"__type__":"cc.animation.TrackPath","_paths":[{"__id__":290},{"__id__":291},"opacity"]},{"__type__":"cc.animation.HierarchyPath","path":"Layout/node_middle/sb_wenziditu_23"},{"__type__":"cc.animation.ComponentPath","component":"cc.UIOpacity"},{"__type__":"cc.animation.Channel","_curve":{"__id__":293}},{"__type__":"cc.RealCurve","bytes":{"__type__":"TypedArrayRef","ctor":"Uint8Array","offset":1602,"length":30},"keyframeValueEditorExtras":[null,null]},{"__type__":"cc.animation.ObjectTrack","_binding":{"__type__":"cc.animation.TrackBinding","path":{"__id__":295},"proxy":null},"_channel":{"__id__":298}},{"__type__":"cc.animation.TrackPath","_paths":[{"__id__":296},{"__id__":297},"spriteFrame"]},{"__type__":"cc.animation.HierarchyPath","path":"Layout/node_middle/sb_wenziditu_23"},{"__type__":"cc.animation.ComponentPath","component":"cc.Sprite"},{"__type__":"cc.animation.Channel","_curve":{"__id__":299}},{"__type__":"cc.ObjectCurve","_times":[0],"_values":[{"__uuid__":"29ZzP1oIRH1L/Fpr9JjEut@00090","__expectedType__":"cc.Asset"}]},{"__type__":"cc.animation.VectorTrack","_binding":{"__type__":"cc.animation.TrackBinding","path":{"__id__":301},"proxy":null},"_channels":[{"__id__":303},{"__id__":305},{"__id__":307},{"__id__":309}],"_nComponents":3},{"__type__":"cc.animation.TrackPath","_paths":[{"__id__":302},"position"]},{"__type__":"cc.animation.HierarchyPath","path":"Layout/node_middle/sb_dzsb_19"},{"__type__":"cc.animation.Channel","_curve":{"__id__":304}},{"__type__":"cc.RealCurve","bytes":{"__type__":"TypedArrayRef","ctor":"Uint8Array","offset":1632,"length":30},"keyframeValueEditorExtras":[null,null]},{"__type__":"cc.animation.Channel","_curve":{"__id__":306}},{"__type__":"cc.RealCurve","bytes":{"__type__":"TypedArrayRef","ctor":"Uint8Array","offset":1662,"length":30},"keyframeValueEditorExtras":[null,null]},{"__type__":"cc.animation.Channel","_curve":{"__id__":308}},{"__type__":"cc.RealCurve","bytes":{"__type__":"TypedArrayRef","ctor":"Uint8Array","offset":1692,"length":30},"keyframeValueEditorExtras":[null,null]},{"__type__":"cc.animation.Channel","_curve":{"__id__":310}},{"__type__":"cc.RealCurve","bytes":{"__type__":"TypedArrayRef","ctor":"Uint8Array","offset":1722,"length":6}},{"__type__":"cc.animation.RealTrack","_binding":{"__type__":"cc.animation.TrackBinding","path":{"__id__":312},"proxy":null},"_channel":{"__id__":315}},{"__type__":"cc.animation.TrackPath","_paths":[{"__id__":313},{"__id__":314},"opacity"]},{"__type__":"cc.animation.HierarchyPath","path":"Layout/node_middle/sb_dzsb_19"},{"__type__":"cc.animation.ComponentPath","component":"cc.UIOpacity"},{"__type__":"cc.animation.Channel","_curve":{"__id__":316}},{"__type__":"cc.RealCurve","bytes":{"__type__":"TypedArrayRef","ctor":"Uint8Array","offset":1728,"length":30},"keyframeValueEditorExtras":[null,null]},{"__type__":"cc.animation.ObjectTrack","_binding":{"__type__":"cc.animation.TrackBinding","path":{"__id__":318},"proxy":null},"_channel":{"__id__":321}},{"__type__":"cc.animation.TrackPath","_paths":[{"__id__":319},{"__id__":320},"spriteFrame"]},{"__type__":"cc.animation.HierarchyPath","path":"Layout/node_middle/sb_dzsb_19"},{"__type__":"cc.animation.ComponentPath","component":"cc.Sprite"},{"__type__":"cc.animation.Channel","_curve":{"__id__":322}},{"__type__":"cc.ObjectCurve","_times":[0],"_values":[{"__uuid__":"29ZzP1oIRH1L/Fpr9JjEut@fcbb3","__expectedType__":"cc.Asset"}]},{"__type__":"cc.animation.VectorTrack","_binding":{"__type__":"cc.animation.TrackBinding","path":{"__id__":324},"proxy":null},"_channels":[{"__id__":326},{"__id__":328},{"__id__":330},{"__id__":332}],"_nComponents":3},{"__type__":"cc.animation.TrackPath","_paths":[{"__id__":325},"position"]},{"__type__":"cc.animation.HierarchyPath","path":"Layout/node_middle/sb_wenziditu_23_0"},{"__type__":"cc.animation.Channel","_curve":{"__id__":327}},{"__type__":"cc.RealCurve","bytes":{"__type__":"TypedArrayRef","ctor":"Uint8Array","offset":1758,"length":30},"keyframeValueEditorExtras":[null,null]},{"__type__":"cc.animation.Channel","_curve":{"__id__":329}},{"__type__":"cc.RealCurve","bytes":{"__type__":"TypedArrayRef","ctor":"Uint8Array","offset":1788,"length":30},"keyframeValueEditorExtras":[null,null]},{"__type__":"cc.animation.Channel","_curve":{"__id__":331}},{"__type__":"cc.RealCurve","bytes":{"__type__":"TypedArrayRef","ctor":"Uint8Array","offset":1818,"length":30},"keyframeValueEditorExtras":[null,null]},{"__type__":"cc.animation.Channel","_curve":{"__id__":333}},{"__type__":"cc.RealCurve","bytes":{"__type__":"TypedArrayRef","ctor":"Uint8Array","offset":1848,"length":6}},{"__type__":"cc.animation.RealTrack","_binding":{"__type__":"cc.animation.TrackBinding","path":{"__id__":335},"proxy":null},"_channel":{"__id__":338}},{"__type__":"cc.animation.TrackPath","_paths":[{"__id__":336},{"__id__":337},"opacity"]},{"__type__":"cc.animation.HierarchyPath","path":"Layout/node_middle/sb_wenziditu_23_0"},{"__type__":"cc.animation.ComponentPath","component":"cc.UIOpacity"},{"__type__":"cc.animation.Channel","_curve":{"__id__":339}},{"__type__":"cc.RealCurve","bytes":{"__type__":"TypedArrayRef","ctor":"Uint8Array","offset":1854,"length":42},"keyframeValueEditorExtras":[null,null,null]},{"__type__":"cc.animation.ObjectTrack","_binding":{"__type__":"cc.animation.TrackBinding","path":{"__id__":341},"proxy":null},"_channel":{"__id__":344}},{"__type__":"cc.animation.TrackPath","_paths":[{"__id__":342},{"__id__":343},"spriteFrame"]},{"__type__":"cc.animation.HierarchyPath","path":"Layout/node_middle/sb_wenziditu_23_0"},{"__type__":"cc.animation.ComponentPath","component":"cc.Sprite"},{"__type__":"cc.animation.Channel","_curve":{"__id__":345}},{"__type__":"cc.ObjectCurve","_times":[0],"_values":[{"__uuid__":"29ZzP1oIRH1L/Fpr9JjEut@00090","__expectedType__":"cc.Asset"}]},{"__type__":"cc.animation.VectorTrack","_binding":{"__type__":"cc.animation.TrackBinding","path":{"__id__":347},"proxy":null},"_channels":[{"__id__":349},{"__id__":351},{"__id__":353},{"__id__":355}],"_nComponents":3},{"__type__":"cc.animation.TrackPath","_paths":[{"__id__":348},"position"]},{"__type__":"cc.animation.HierarchyPath","path":"Layout/node_middle/Node_1/sb_nm_xian_6"},{"__type__":"cc.animation.Channel","_curve":{"__id__":350}},{"__type__":"cc.RealCurve","bytes":{"__type__":"TypedArrayRef","ctor":"Uint8Array","offset":1896,"length":18},"keyframeValueEditorExtras":[null]},{"__type__":"cc.animation.Channel","_curve":{"__id__":352}},{"__type__":"cc.RealCurve","bytes":{"__type__":"TypedArrayRef","ctor":"Uint8Array","offset":1914,"length":18},"keyframeValueEditorExtras":[null]},{"__type__":"cc.animation.Channel","_curve":{"__id__":354}},{"__type__":"cc.RealCurve","bytes":{"__type__":"TypedArrayRef","ctor":"Uint8Array","offset":1932,"length":18},"keyframeValueEditorExtras":[null]},{"__type__":"cc.animation.Channel","_curve":{"__id__":356}},{"__type__":"cc.RealCurve","bytes":{"__type__":"TypedArrayRef","ctor":"Uint8Array","offset":1950,"length":6}},{"__type__":"cc.animation.RealTrack","_binding":{"__type__":"cc.animation.TrackBinding","path":{"__id__":358},"proxy":null},"_channel":{"__id__":360}},{"__type__":"cc.animation.TrackPath","_paths":[{"__id__":359},"anchorX"]},{"__type__":"cc.animation.HierarchyPath","path":"Layout/node_middle/Node_1/sb_nm_xian_6"},{"__type__":"cc.animation.Channel","_curve":{"__id__":361}},{"__type__":"cc.RealCurve","bytes":{"__type__":"TypedArrayRef","ctor":"Uint8Array","offset":1956,"length":18},"keyframeValueEditorExtras":[null]},{"__type__":"cc.animation.RealTrack","_binding":{"__type__":"cc.animation.TrackBinding","path":{"__id__":363},"proxy":null},"_channel":{"__id__":365}},{"__type__":"cc.animation.TrackPath","_paths":[{"__id__":364},"anchorY"]},{"__type__":"cc.animation.HierarchyPath","path":"Layout/node_middle/Node_1/sb_nm_xian_6"},{"__type__":"cc.animation.Channel","_curve":{"__id__":366}},{"__type__":"cc.RealCurve","bytes":{"__type__":"TypedArrayRef","ctor":"Uint8Array","offset":1974,"length":18},"keyframeValueEditorExtras":[null]},{"__type__":"cc.animation.RealTrack","_binding":{"__type__":"cc.animation.TrackBinding","path":{"__id__":368},"proxy":null},"_channel":{"__id__":371}},{"__type__":"cc.animation.TrackPath","_paths":[{"__id__":369},{"__id__":370},"opacity"]},{"__type__":"cc.animation.HierarchyPath","path":"Layout/node_middle/Node_1/sb_nm_xian_6"},{"__type__":"cc.animation.ComponentPath","component":"cc.UIOpacity"},{"__type__":"cc.animation.Channel","_curve":{"__id__":372}},{"__type__":"cc.RealCurve","bytes":{"__type__":"TypedArrayRef","ctor":"Uint8Array","offset":1992,"length":30},"keyframeValueEditorExtras":[null,null]},{"__type__":"cc.animation.ObjectTrack","_binding":{"__type__":"cc.animation.TrackBinding","path":{"__id__":374},"proxy":null},"_channel":{"__id__":377}},{"__type__":"cc.animation.TrackPath","_paths":[{"__id__":375},{"__id__":376},"spriteFrame"]},{"__type__":"cc.animation.HierarchyPath","path":"Layout/node_middle/Node_1/sb_nm_xian_6"},{"__type__":"cc.animation.ComponentPath","component":"cc.Sprite"},{"__type__":"cc.animation.Channel","_curve":{"__id__":378}},{"__type__":"cc.ObjectCurve","_times":[0],"_values":[{"__uuid__":"29ZzP1oIRH1L/Fpr9JjEut@86f32","__expectedType__":"cc.Asset"}]},{"__type__":"cc.animation.VectorTrack","_binding":{"__type__":"cc.animation.TrackBinding","path":{"__id__":380},"proxy":null},"_channels":[{"__id__":382},{"__id__":384},{"__id__":386},{"__id__":388}],"_nComponents":3},{"__type__":"cc.animation.TrackPath","_paths":[{"__id__":381},"position"]},{"__type__":"cc.animation.HierarchyPath","path":"Layout/node_middle/Node_1/sb_nm_yezi_7"},{"__type__":"cc.animation.Channel","_curve":{"__id__":383}},{"__type__":"cc.RealCurve","bytes":{"__type__":"TypedArrayRef","ctor":"Uint8Array","offset":2022,"length":114},"keyframeValueEditorExtras":[null,null,null,null,null,null,null,null,null]},{"__type__":"cc.animation.Channel","_curve":{"__id__":385}},{"__type__":"cc.RealCurve","bytes":{"__type__":"TypedArrayRef","ctor":"Uint8Array","offset":2136,"length":114},"keyframeValueEditorExtras":[null,null,null,null,null,null,null,null,null]},{"__type__":"cc.animation.Channel","_curve":{"__id__":387}},{"__type__":"cc.RealCurve","bytes":{"__type__":"TypedArrayRef","ctor":"Uint8Array","offset":2250,"length":114},"keyframeValueEditorExtras":[null,null,null,null,null,null,null,null,null]},{"__type__":"cc.animation.Channel","_curve":{"__id__":389}},{"__type__":"cc.RealCurve","bytes":{"__type__":"TypedArrayRef","ctor":"Uint8Array","offset":2364,"length":6}},{"__type__":"cc.animation.VectorTrack","_binding":{"__type__":"cc.animation.TrackBinding","path":{"__id__":391},"proxy":null},"_channels":[{"__id__":393},{"__id__":395},{"__id__":397},{"__id__":399}],"_nComponents":3},{"__type__":"cc.animation.TrackPath","_paths":[{"__id__":392},"eulerAngles"]},{"__type__":"cc.animation.HierarchyPath","path":"Layout/node_middle/Node_1/sb_nm_yezi_7"},{"__type__":"cc.animation.Channel","_curve":{"__id__":394}},{"__type__":"cc.RealCurve","bytes":{"__type__":"TypedArrayRef","ctor":"Uint8Array","offset":2370,"length":102},"keyframeValueEditorExtras":[null,null,null,null,null,null,null,null]},{"__type__":"cc.animation.Channel","_curve":{"__id__":396}},{"__type__":"cc.RealCurve","bytes":{"__type__":"TypedArrayRef","ctor":"Uint8Array","offset":2472,"length":102},"keyframeValueEditorExtras":[null,null,null,null,null,null,null,null]},{"__type__":"cc.animation.Channel","_curve":{"__id__":398}},{"__type__":"cc.RealCurve","bytes":{"__type__":"TypedArrayRef","ctor":"Uint8Array","offset":2574,"length":102},"keyframeValueEditorExtras":[null,null,null,null,null,null,null,null]},{"__type__":"cc.animation.Channel","_curve":{"__id__":400}},{"__type__":"cc.RealCurve","bytes":{"__type__":"TypedArrayRef","ctor":"Uint8Array","offset":2676,"length":6}},{"__type__":"cc.animation.RealTrack","_binding":{"__type__":"cc.animation.TrackBinding","path":{"__id__":402},"proxy":null},"_channel":{"__id__":404}},{"__type__":"cc.animation.TrackPath","_paths":[{"__id__":403},"anchorX"]},{"__type__":"cc.animation.HierarchyPath","path":"Layout/node_middle/Node_1/sb_nm_yezi_7"},{"__type__":"cc.animation.Channel","_curve":{"__id__":405}},{"__type__":"cc.RealCurve","bytes":{"__type__":"TypedArrayRef","ctor":"Uint8Array","offset":2682,"length":18},"keyframeValueEditorExtras":[null]},{"__type__":"cc.animation.RealTrack","_binding":{"__type__":"cc.animation.TrackBinding","path":{"__id__":407},"proxy":null},"_channel":{"__id__":409}},{"__type__":"cc.animation.TrackPath","_paths":[{"__id__":408},"anchorY"]},{"__type__":"cc.animation.HierarchyPath","path":"Layout/node_middle/Node_1/sb_nm_yezi_7"},{"__type__":"cc.animation.Channel","_curve":{"__id__":410}},{"__type__":"cc.RealCurve","bytes":{"__type__":"TypedArrayRef","ctor":"Uint8Array","offset":2700,"length":18},"keyframeValueEditorExtras":[null]},{"__type__":"cc.animation.RealTrack","_binding":{"__type__":"cc.animation.TrackBinding","path":{"__id__":412},"proxy":null},"_channel":{"__id__":415}},{"__type__":"cc.animation.TrackPath","_paths":[{"__id__":413},{"__id__":414},"opacity"]},{"__type__":"cc.animation.HierarchyPath","path":"Layout/node_middle/Node_1/sb_nm_yezi_7"},{"__type__":"cc.animation.ComponentPath","component":"cc.UIOpacity"},{"__type__":"cc.animation.Channel","_curve":{"__id__":416}},{"__type__":"cc.RealCurve","bytes":{"__type__":"TypedArrayRef","ctor":"Uint8Array","offset":2718,"length":90},"keyframeValueEditorExtras":[null,null,null,null,null,null,null]},{"__type__":"cc.animation.ObjectTrack","_binding":{"__type__":"cc.animation.TrackBinding","path":{"__id__":418},"proxy":null},"_channel":{"__id__":421}},{"__type__":"cc.animation.TrackPath","_paths":[{"__id__":419},{"__id__":420},"spriteFrame"]},{"__type__":"cc.animation.HierarchyPath","path":"Layout/node_middle/Node_1/sb_nm_yezi_7"},{"__type__":"cc.animation.ComponentPath","component":"cc.Sprite"},{"__type__":"cc.animation.Channel","_curve":{"__id__":422}},{"__type__":"cc.ObjectCurve","_times":[0],"_values":[{"__uuid__":"29ZzP1oIRH1L/Fpr9JjEut@c3323","__expectedType__":"cc.Asset"}]},{"__type__":"cc.animation.VectorTrack","_binding":{"__type__":"cc.animation.TrackBinding","path":{"__id__":424},"proxy":null},"_channels":[{"__id__":426},{"__id__":428},{"__id__":430},{"__id__":432}],"_nComponents":3},{"__type__":"cc.animation.TrackPath","_paths":[{"__id__":425},"position"]},{"__type__":"cc.animation.HierarchyPath","path":"Layout/node_middle/Node_1"},{"__type__":"cc.animation.Channel","_curve":{"__id__":427}},{"__type__":"cc.RealCurve","bytes":{"__type__":"TypedArrayRef","ctor":"Uint8Array","offset":2808,"length":18},"keyframeValueEditorExtras":[null]},{"__type__":"cc.animation.Channel","_curve":{"__id__":429}},{"__type__":"cc.RealCurve","bytes":{"__type__":"TypedArrayRef","ctor":"Uint8Array","offset":2826,"length":18},"keyframeValueEditorExtras":[null]},{"__type__":"cc.animation.Channel","_curve":{"__id__":431}},{"__type__":"cc.RealCurve","bytes":{"__type__":"TypedArrayRef","ctor":"Uint8Array","offset":2844,"length":18},"keyframeValueEditorExtras":[null]},{"__type__":"cc.animation.Channel","_curve":{"__id__":433}},{"__type__":"cc.RealCurve","bytes":{"__type__":"TypedArrayRef","ctor":"Uint8Array","offset":2862,"length":6}},{"__type__":"cc.animation.VectorTrack","_binding":{"__type__":"cc.animation.TrackBinding","path":{"__id__":435},"proxy":null},"_channels":[{"__id__":437},{"__id__":439},{"__id__":441},{"__id__":443}],"_nComponents":3},{"__type__":"cc.animation.TrackPath","_paths":[{"__id__":436},"position"]},{"__type__":"cc.animation.HierarchyPath","path":"Layout/node_middle/Node_1_0/sb_nm_xian_6"},{"__type__":"cc.animation.Channel","_curve":{"__id__":438}},{"__type__":"cc.RealCurve","bytes":{"__type__":"TypedArrayRef","ctor":"Uint8Array","offset":2868,"length":18},"keyframeValueEditorExtras":[null]},{"__type__":"cc.animation.Channel","_curve":{"__id__":440}},{"__type__":"cc.RealCurve","bytes":{"__type__":"TypedArrayRef","ctor":"Uint8Array","offset":2886,"length":18},"keyframeValueEditorExtras":[null]},{"__type__":"cc.animation.Channel","_curve":{"__id__":442}},{"__type__":"cc.RealCurve","bytes":{"__type__":"TypedArrayRef","ctor":"Uint8Array","offset":2904,"length":18},"keyframeValueEditorExtras":[null]},{"__type__":"cc.animation.Channel","_curve":{"__id__":444}},{"__type__":"cc.RealCurve","bytes":{"__type__":"TypedArrayRef","ctor":"Uint8Array","offset":2922,"length":6}},{"__type__":"cc.animation.RealTrack","_binding":{"__type__":"cc.animation.TrackBinding","path":{"__id__":446},"proxy":null},"_channel":{"__id__":448}},{"__type__":"cc.animation.TrackPath","_paths":[{"__id__":447},"anchorX"]},{"__type__":"cc.animation.HierarchyPath","path":"Layout/node_middle/Node_1_0/sb_nm_xian_6"},{"__type__":"cc.animation.Channel","_curve":{"__id__":449}},{"__type__":"cc.RealCurve","bytes":{"__type__":"TypedArrayRef","ctor":"Uint8Array","offset":2928,"length":18},"keyframeValueEditorExtras":[null]},{"__type__":"cc.animation.RealTrack","_binding":{"__type__":"cc.animation.TrackBinding","path":{"__id__":451},"proxy":null},"_channel":{"__id__":453}},{"__type__":"cc.animation.TrackPath","_paths":[{"__id__":452},"anchorY"]},{"__type__":"cc.animation.HierarchyPath","path":"Layout/node_middle/Node_1_0/sb_nm_xian_6"},{"__type__":"cc.animation.Channel","_curve":{"__id__":454}},{"__type__":"cc.RealCurve","bytes":{"__type__":"TypedArrayRef","ctor":"Uint8Array","offset":2946,"length":18},"keyframeValueEditorExtras":[null]},{"__type__":"cc.animation.RealTrack","_binding":{"__type__":"cc.animation.TrackBinding","path":{"__id__":456},"proxy":null},"_channel":{"__id__":459}},{"__type__":"cc.animation.TrackPath","_paths":[{"__id__":457},{"__id__":458},"opacity"]},{"__type__":"cc.animation.HierarchyPath","path":"Layout/node_middle/Node_1_0/sb_nm_xian_6"},{"__type__":"cc.animation.ComponentPath","component":"cc.UIOpacity"},{"__type__":"cc.animation.Channel","_curve":{"__id__":460}},{"__type__":"cc.RealCurve","bytes":{"__type__":"TypedArrayRef","ctor":"Uint8Array","offset":2964,"length":30},"keyframeValueEditorExtras":[null,null]},{"__type__":"cc.animation.ObjectTrack","_binding":{"__type__":"cc.animation.TrackBinding","path":{"__id__":462},"proxy":null},"_channel":{"__id__":465}},{"__type__":"cc.animation.TrackPath","_paths":[{"__id__":463},{"__id__":464},"spriteFrame"]},{"__type__":"cc.animation.HierarchyPath","path":"Layout/node_middle/Node_1_0/sb_nm_xian_6"},{"__type__":"cc.animation.ComponentPath","component":"cc.Sprite"},{"__type__":"cc.animation.Channel","_curve":{"__id__":466}},{"__type__":"cc.ObjectCurve","_times":[0],"_values":[{"__uuid__":"29ZzP1oIRH1L/Fpr9JjEut@86f32","__expectedType__":"cc.Asset"}]},{"__type__":"cc.animation.VectorTrack","_binding":{"__type__":"cc.animation.TrackBinding","path":{"__id__":468},"proxy":null},"_channels":[{"__id__":470},{"__id__":472},{"__id__":474},{"__id__":476}],"_nComponents":3},{"__type__":"cc.animation.TrackPath","_paths":[{"__id__":469},"position"]},{"__type__":"cc.animation.HierarchyPath","path":"Layout/node_middle/Node_1_0/sb_nm_yezi_7"},{"__type__":"cc.animation.Channel","_curve":{"__id__":471}},{"__type__":"cc.RealCurve","bytes":{"__type__":"TypedArrayRef","ctor":"Uint8Array","offset":2994,"length":54},"keyframeValueEditorExtras":[null,null,null,null]},{"__type__":"cc.animation.Channel","_curve":{"__id__":473}},{"__type__":"cc.RealCurve","bytes":{"__type__":"TypedArrayRef","ctor":"Uint8Array","offset":3048,"length":54},"keyframeValueEditorExtras":[null,null,null,null]},{"__type__":"cc.animation.Channel","_curve":{"__id__":475}},{"__type__":"cc.RealCurve","bytes":{"__type__":"TypedArrayRef","ctor":"Uint8Array","offset":3102,"length":54},"keyframeValueEditorExtras":[null,null,null,null]},{"__type__":"cc.animation.Channel","_curve":{"__id__":477}},{"__type__":"cc.RealCurve","bytes":{"__type__":"TypedArrayRef","ctor":"Uint8Array","offset":3156,"length":6}},{"__type__":"cc.animation.VectorTrack","_binding":{"__type__":"cc.animation.TrackBinding","path":{"__id__":479},"proxy":null},"_channels":[{"__id__":481},{"__id__":483},{"__id__":485},{"__id__":487}],"_nComponents":3},{"__type__":"cc.animation.TrackPath","_paths":[{"__id__":480},"eulerAngles"]},{"__type__":"cc.animation.HierarchyPath","path":"Layout/node_middle/Node_1_0/sb_nm_yezi_7"},{"__type__":"cc.animation.Channel","_curve":{"__id__":482}},{"__type__":"cc.RealCurve","bytes":{"__type__":"TypedArrayRef","ctor":"Uint8Array","offset":3162,"length":54},"keyframeValueEditorExtras":[null,null,null,null]},{"__type__":"cc.animation.Channel","_curve":{"__id__":484}},{"__type__":"cc.RealCurve","bytes":{"__type__":"TypedArrayRef","ctor":"Uint8Array","offset":3216,"length":54},"keyframeValueEditorExtras":[null,null,null,null]},{"__type__":"cc.animation.Channel","_curve":{"__id__":486}},{"__type__":"cc.RealCurve","bytes":{"__type__":"TypedArrayRef","ctor":"Uint8Array","offset":3270,"length":54},"keyframeValueEditorExtras":[null,null,null,null]},{"__type__":"cc.animation.Channel","_curve":{"__id__":488}},{"__type__":"cc.RealCurve","bytes":{"__type__":"TypedArrayRef","ctor":"Uint8Array","offset":3324,"length":6}},{"__type__":"cc.animation.RealTrack","_binding":{"__type__":"cc.animation.TrackBinding","path":{"__id__":490},"proxy":null},"_channel":{"__id__":492}},{"__type__":"cc.animation.TrackPath","_paths":[{"__id__":491},"anchorX"]},{"__type__":"cc.animation.HierarchyPath","path":"Layout/node_middle/Node_1_0/sb_nm_yezi_7"},{"__type__":"cc.animation.Channel","_curve":{"__id__":493}},{"__type__":"cc.RealCurve","bytes":{"__type__":"TypedArrayRef","ctor":"Uint8Array","offset":3330,"length":18},"keyframeValueEditorExtras":[null]},{"__type__":"cc.animation.RealTrack","_binding":{"__type__":"cc.animation.TrackBinding","path":{"__id__":495},"proxy":null},"_channel":{"__id__":497}},{"__type__":"cc.animation.TrackPath","_paths":[{"__id__":496},"anchorY"]},{"__type__":"cc.animation.HierarchyPath","path":"Layout/node_middle/Node_1_0/sb_nm_yezi_7"},{"__type__":"cc.animation.Channel","_curve":{"__id__":498}},{"__type__":"cc.RealCurve","bytes":{"__type__":"TypedArrayRef","ctor":"Uint8Array","offset":3348,"length":18},"keyframeValueEditorExtras":[null]},{"__type__":"cc.animation.RealTrack","_binding":{"__type__":"cc.animation.TrackBinding","path":{"__id__":500},"proxy":null},"_channel":{"__id__":503}},{"__type__":"cc.animation.TrackPath","_paths":[{"__id__":501},{"__id__":502},"opacity"]},{"__type__":"cc.animation.HierarchyPath","path":"Layout/node_middle/Node_1_0/sb_nm_yezi_7"},{"__type__":"cc.animation.ComponentPath","component":"cc.UIOpacity"},{"__type__":"cc.animation.Channel","_curve":{"__id__":504}},{"__type__":"cc.RealCurve","bytes":{"__type__":"TypedArrayRef","ctor":"Uint8Array","offset":3366,"length":30},"keyframeValueEditorExtras":[null,null]},{"__type__":"cc.animation.ObjectTrack","_binding":{"__type__":"cc.animation.TrackBinding","path":{"__id__":506},"proxy":null},"_channel":{"__id__":509}},{"__type__":"cc.animation.TrackPath","_paths":[{"__id__":507},{"__id__":508},"spriteFrame"]},{"__type__":"cc.animation.HierarchyPath","path":"Layout/node_middle/Node_1_0/sb_nm_yezi_7"},{"__type__":"cc.animation.ComponentPath","component":"cc.Sprite"},{"__type__":"cc.animation.Channel","_curve":{"__id__":510}},{"__type__":"cc.ObjectCurve","_times":[0],"_values":[{"__uuid__":"29ZzP1oIRH1L/Fpr9JjEut@c3323","__expectedType__":"cc.Asset"}]},{"__type__":"cc.animation.VectorTrack","_binding":{"__type__":"cc.animation.TrackBinding","path":{"__id__":512},"proxy":null},"_channels":[{"__id__":514},{"__id__":516},{"__id__":518},{"__id__":520}],"_nComponents":3},{"__type__":"cc.animation.TrackPath","_paths":[{"__id__":513},"position"]},{"__type__":"cc.animation.HierarchyPath","path":"Layout/node_middle/Node_1_0"},{"__type__":"cc.animation.Channel","_curve":{"__id__":515}},{"__type__":"cc.RealCurve","bytes":{"__type__":"TypedArrayRef","ctor":"Uint8Array","offset":3396,"length":18},"keyframeValueEditorExtras":[null]},{"__type__":"cc.animation.Channel","_curve":{"__id__":517}},{"__type__":"cc.RealCurve","bytes":{"__type__":"TypedArrayRef","ctor":"Uint8Array","offset":3414,"length":18},"keyframeValueEditorExtras":[null]},{"__type__":"cc.animation.Channel","_curve":{"__id__":519}},{"__type__":"cc.RealCurve","bytes":{"__type__":"TypedArrayRef","ctor":"Uint8Array","offset":3432,"length":18},"keyframeValueEditorExtras":[null]},{"__type__":"cc.animation.Channel","_curve":{"__id__":521}},{"__type__":"cc.RealCurve","bytes":{"__type__":"TypedArrayRef","ctor":"Uint8Array","offset":3450,"length":6}}],"chunks":[".bin"]}
