[1,["6dMdjFXLpIDaNS59AwJcCo@6c48a","c1qCnm7j9BIoHsmLNWNC7K@6c48a","c1qCnm7j9BIoHsmLNWNC7K@f9941","6dMdjFXLpIDaNS59AwJcCo@f9941"],["node","_textureSource","_spriteFrame","root","content","data"],[["cc.Node",["_name","_components","_prefab","_parent","_children","_lpos"],2,9,4,1,2,5],"cc.SpriteFrame",["cc.Prefab",["_name"],2],["cc.UITransform",["node","__prefab","_contentSize"],3,1,4,5],["cc.CompPrefabInfo",["fileId"],2],["9ba7eGgHeROApaK4bt+XQvx",["node","__prefab","content"],3,1,4,1],["cc.PrefabInfo",["fileId","instance","targetOverrides","nestedPrefabInstanceRoots","root","asset"],-1,1,1],["cc.Mask",["node","__prefab"],3,1,4],["cc.Graphics",["node","__prefab","_fillColor"],3,1,4,5],["cc.Sprite",["node","__prefab","_spriteFrame"],3,1,4,6]],[[4,0,2],[3,0,1,2,1],[6,0,1,2,3,4,5,5],[0,0,3,1,2,2],[9,0,1,2,1],[2,0,2],[0,0,4,1,2,2],[0,0,3,1,2,5,2],[5,0,1,2,1],[7,0,1,1],[8,0,1,2,1]],[[[{"name":"DT_laba","rect":{"x":0,"y":0,"width":34,"height":34},"offset":{"x":0,"y":0},"originalSize":{"width":34,"height":34},"rotated":false,"capInsets":[0,0,0,0],"vertices":{"rawPosition":[-17,-17,0,17,-17,0,-17,17,0,17,17,0],"indexes":[0,1,2,2,1,3],"uv":[0,34,34,34,0,0,34,0],"nuv":[0,0,1,0,0,1,1,1],"minPos":{"x":-17,"y":-17,"z":0},"maxPos":{"x":17,"y":17,"z":0}},"packable":true,"pixelsToUnit":100,"pivot":{"x":0.5,"y":0.5},"meshType":0}],[1],0,[0],[1],[0]],[[{"name":"DT_labadb","rect":{"x":0,"y":0,"width":827,"height":42},"offset":{"x":-0.5,"y":0},"originalSize":{"width":828,"height":42},"rotated":false,"capInsets":[0,0,0,0],"vertices":{"rawPosition":[-413.5,-21,0,413.5,-21,0,-413.5,21,0,413.5,21,0],"indexes":[0,1,2,2,1,3],"uv":[0,42,827,42,0,0,827,0],"nuv":[0,0,0.998792270531401,0,0,1,0.998792270531401,1],"minPos":{"x":-413.5,"y":-21,"z":0},"maxPos":{"x":413.5,"y":21,"z":0}},"packable":true,"pixelsToUnit":100,"pivot":{"x":0.5,"y":0.5},"meshType":0}],[1],0,[0],[1],[1]],[[[5,"laba"],[6,"laba",[-5,-6,-7],[[1,-2,[0,"10CO7hQ8RD0qtk7tmiKfoc"],[5,828,42]],[8,-4,[0,"3720Vz8bxMSYVSJJkuGjhL"],-3]],[2,"c46/YsCPVOJYA4mWEpNYRx",null,null,null,-1,0]],[3,"content_mask",1,[[1,-8,[0,"4apgID86dI/aWL3en62JWV"],[5,730,36]],[9,-9,[0,"d5uRTpH7dH9qei75RtYDSN"]],[10,-10,[0,"17qfCoAkVIVa/GIsxm6OwO"],[4,16777215]]],[2,"a4Kv0DuXdCZaT2LGHkhjas",null,null,null,1,0]],[3,"DT_labadb",1,[[1,-11,[0,"55Z+bx03RD7ooxJyAeMAqp"],[5,827,42]],[4,-12,[0,"44M/I6D5pIT7DmAdf8rOEW"],0]],[2,"cf9AipJdpDrrYWTOAmxsKp",null,null,null,1,0]],[7,"DT_laba",1,[[1,-13,[0,"62iDYHXIpAba2zKnl43ckk"],[5,34,34]],[4,-14,[0,"1d96VHJ+tA6JZlEmnkZ7ut"],1]],[2,"f4sZqTXndGzbuR3iQP8qas",null,null,null,1,0],[1,-397,0,0]]],0,[0,3,1,0,0,1,0,4,2,0,0,1,0,-1,3,0,-2,4,0,-3,2,0,0,2,0,0,2,0,0,2,0,0,3,0,0,3,0,0,4,0,0,4,0,5,1,14],[0,0],[2,2],[2,3]]]]
