{"importBase":"import","nativeBase":"native","name":"secondary","deps":["login","plaza","resources"],"uuids":["058IsMWDBDTbiHAjSDCECJ","06/Zk4EINCwbiwmS7xnNef","2aTtGEGlxJopz/JQaYW0Bw","2aws+0ykNA+Z8AwSTOjKDu","44ZhawsnRGFb0sVVR3e3w7","46GD3kUl1GiqLDOKSRuNVg","49Dtq8y3pJlqBIYlBKtnxw","53524eIqZK5Irpf4KQYtg9","598UfQKCJCY73REN2HQ1qd","5aT3VzAcJCNrK5aX9qQomz","5auqHhy+BEqo2bv6shogN0","8bhLwP+9FGsrinWxjjRySN","a1qKVfAgtJf4DAjlhPN3o9","ae/AF/NjhNJ7StjZ79aLDZ","b6gkC6FhpGh4MmQl4xCKwT","bbotEFQ29HJ6lQNnCVFH3A","c2bh4gqSRHEZsF0g2mb1+2","e66rauC7hNDrBlmioUeOZD","eakA8+sOJE+I3ds7mCK56a","ef1Ja3kgFMqKZK6o7v6vSB","f4rM1nOrFGLpXQb8bvgIKa","f7wRttGy5AvaSUkplvwcE1","058IsMWDBDTbiHAjSDCECJ@6c48a","058IsMWDBDTbiHAjSDCECJ@f9941","06/Zk4EINCwbiwmS7xnNef@6c48a","06/Zk4EINCwbiwmS7xnNef@f9941","2aTtGEGlxJopz/JQaYW0Bw@6c48a","2aTtGEGlxJopz/JQaYW0Bw@f9941","2aws+0ykNA+Z8AwSTOjKDu@6c48a","2aws+0ykNA+Z8AwSTOjKDu@f9941","3d9N1e/qtPnoiDiG3XMEMb","44ZhawsnRGFb0sVVR3e3w7@6c48a","44ZhawsnRGFb0sVVR3e3w7@f9941","46GD3kUl1GiqLDOKSRuNVg@6c48a","46GD3kUl1GiqLDOKSRuNVg@f9941","49Dtq8y3pJlqBIYlBKtnxw@6c48a","49Dtq8y3pJlqBIYlBKtnxw@f9941","53524eIqZK5Irpf4KQYtg9@6c48a","53524eIqZK5Irpf4KQYtg9@f9941","598UfQKCJCY73REN2HQ1qd@6c48a","598UfQKCJCY73REN2HQ1qd@f9941","5aT3VzAcJCNrK5aX9qQomz@6c48a","5aT3VzAcJCNrK5aX9qQomz@f9941","5auqHhy+BEqo2bv6shogN0@6c48a","5auqHhy+BEqo2bv6shogN0@f9941","60vWLXORVGnZSEveMuVI9l","76+vXGHjFGHqnrQvcIbGZE","84XRG/u9NMi5P3+8A4COys","8bhLwP+9FGsrinWxjjRySN@6c48a","8bhLwP+9FGsrinWxjjRySN@f9941","a1qKVfAgtJf4DAjlhPN3o9@6c48a","a1qKVfAgtJf4DAjlhPN3o9@f9941","ae/AF/NjhNJ7StjZ79aLDZ@6c48a","ae/AF/NjhNJ7StjZ79aLDZ@f9941","b6gkC6FhpGh4MmQl4xCKwT@6c48a","b6gkC6FhpGh4MmQl4xCKwT@f9941","bbotEFQ29HJ6lQNnCVFH3A@6c48a","bbotEFQ29HJ6lQNnCVFH3A@f9941","bdcfX+tcRER7y4VDbgP5KU","c2bh4gqSRHEZsF0g2mb1+2@6c48a","c2bh4gqSRHEZsF0g2mb1+2@f9941","c4mfinQn5GwK1WotV34lrY","e5usMI0XZGWLe9ddxPMcxj","e66rauC7hNDrBlmioUeOZD@6c48a","e66rauC7hNDrBlmioUeOZD@f9941","eakA8+sOJE+I3ds7mCK56a@6c48a","eakA8+sOJE+I3ds7mCK56a@f9941","ef1Ja3kgFMqKZK6o7v6vSB@6c48a","ef1Ja3kgFMqKZK6o7v6vSB@f9941","f4MSI6FYpEF6nF8efmt7KP","f4rM1nOrFGLpXQb8bvgIKa@6c48a","f4rM1nOrFGLpXQb8bvgIKa@f9941","f7wRttGy5AvaSUkplvwcE1@6c48a","f7wRttGy5AvaSUkplvwcE1@f9941","ffuIqPr2JI9I8dPLYGRDpD","01e50cf04","05ca82cf6","082900f98","086aec387","091db3149","0a2dc69b3","0a9f84e25","0c0719cb1","0cf5e24f0","0d17cbb2e","0eefc/xQZORoz50r8nJFWS@f9941","a5xwAq37FCz6+BLsjSCO5t","afxHkx8GZGsJC+n+YfITQo@f9941","dbVlqJkhtHeq6HycUT5jcZ","ffuIqPr2JI9I8dPLYGRDpD@6c48a","ffuIqPr2JI9I8dPLYGRDpD@f9941"],"paths":{"0":["selectedscenes_img_bottom_powder",2],"1":["selectedscenes_img_frying-export",2],"2":["selectedscenes_img_bottom_purple",2],"3":["selectedscenes_btn_return",2],"4":["selectedscenes_img_pulse",2],"5":["selectedscenes_btn_intermediate",2],"6":["selectedscenes_img_floor",2],"7":["selectedscenes_btn_king",2],"8":["selectedscenes_img_bottom_red",2],"9":["selectedscenes_img_bottom_green",2],"10":["selectedscenes_img_dot",2],"11":["selectedscenes_btn_master",2],"12":["selectedscenes_img_return_bottom",2],"13":["selectedscenes_img_divider",2],"14":["selectedscenes_btn_senior",2],"15":["selectedscenes_btn_huang",2],"16":["selectedscenes_btn_help",2],"17":["selectedscenes_btn_primary",2],"18":["selectedscenes_img_bottom_yellow",2],"19":["selectedscenes_bg",2],"20":["selectedscenes_img_bottom_blue",2],"21":["selectedscenes_btn_great master",2],"22":["selectedscenes_img_bottom_powder/texture",3,1],"23":["selectedscenes_img_bottom_powder/spriteFrame",4,1],"24":["selectedscenes_img_frying-export/texture",3,1],"25":["selectedscenes_img_frying-export/spriteFrame",4,1],"26":["selectedscenes_img_bottom_purple/texture",3,1],"27":["selectedscenes_img_bottom_purple/spriteFrame",4,1],"28":["selectedscenes_btn_return/texture",3,1],"29":["selectedscenes_btn_return/spriteFrame",4,1],"30":["room_1",0],"31":["selectedscenes_img_pulse/texture",3,1],"32":["selectedscenes_img_pulse/spriteFrame",4,1],"33":["selectedscenes_btn_intermediate/texture",3,1],"34":["selectedscenes_btn_intermediate/spriteFrame",4,1],"35":["selectedscenes_img_floor/texture",3,1],"36":["selectedscenes_img_floor/spriteFrame",4,1],"37":["selectedscenes_btn_king/texture",3,1],"38":["selectedscenes_btn_king/spriteFrame",4,1],"39":["selectedscenes_img_bottom_red/texture",3,1],"40":["selectedscenes_img_bottom_red/spriteFrame",4,1],"41":["selectedscenes_img_bottom_green/texture",3,1],"42":["selectedscenes_img_bottom_green/spriteFrame",4,1],"43":["selectedscenes_img_dot/texture",3,1],"44":["selectedscenes_img_dot/spriteFrame",4,1],"45":["room_2",0],"46":["plaza_secondary",0],"47":["selectedscenes_img_frying-export",1],"48":["selectedscenes_btn_master/texture",3,1],"49":["selectedscenes_btn_master/spriteFrame",4,1],"50":["selectedscenes_img_return_bottom/texture",3,1],"51":["selectedscenes_img_return_bottom/spriteFrame",4,1],"52":["selectedscenes_img_divider/texture",3,1],"53":["selectedscenes_img_divider/spriteFrame",4,1],"54":["selectedscenes_btn_senior/texture",3,1],"55":["selectedscenes_btn_senior/spriteFrame",4,1],"56":["selectedscenes_btn_huang/texture",3,1],"57":["selectedscenes_btn_huang/spriteFrame",4,1],"58":["room_6",0],"59":["selectedscenes_btn_help/texture",3,1],"60":["selectedscenes_btn_help/spriteFrame",4,1],"61":["room_3",0],"62":["room_5",0],"63":["selectedscenes_btn_primary/texture",3,1],"64":["selectedscenes_btn_primary/spriteFrame",4,1],"65":["selectedscenes_img_bottom_yellow/texture",3,1],"66":["selectedscenes_img_bottom_yellow/spriteFrame",4,1],"67":["selectedscenes_bg/texture",3,1],"68":["selectedscenes_bg/spriteFrame",4,1],"69":["room_4",0],"70":["selectedscenes_img_bottom_blue/texture",3,1],"71":["selectedscenes_img_bottom_blue/spriteFrame",4,1],"72":["selectedscenes_btn_great master/texture",3,1],"73":["selectedscenes_btn_great master/spriteFrame",4,1]},"scenes":{},"packs":{"01e50cf04":["26","28","41","43","22","24","48","37","39","35","33","31","50","52","54","56","59","63","65","67","70","72","89"],"05ca82cf6":["34","45","71"],"082900f98":["29","36","46","51","53","57","60","68","90"],"086aec387":["27","55","61"],"091db3149":["30","32","42","64"],"0a2dc69b3":["25","47"],"0a9f84e25":["62","66","73"],"0c0719cb1":["23","49","69"],"0cf5e24f0":["38","40","58"],"0d17cbb2e":["2","3","9","10","0","1","11","7","8","6","5","4","12","13","14","15","16","17","18","19","20","21","74"]},"versions":{"import":[75,"8281a",76,"6c591",77,"b6631",78,"6c289",79,"ade6e",80,"d4b5d",81,"ae6a7",82,"b81fb",83,"53877",84,"fdbf1",44,"d7e38"],"native":[0,"d578c",1,"a87b9",2,"2f4ec",3,"6f9d0",4,"00117",5,"cac09",6,"fe93f",7,"d05a5",8,"eeb80",9,"8b278",10,"0a2e9",11,"33f8d",12,"b0e5b",13,"3a0fd",14,"b17d8",15,"c77f6",16,"d8258",17,"e7138",18,"c145b",19,"bda6e",20,"14d44",21,"8440f",74,"6d707"]},"redirect":[85,"1",86,"1",87,"0",88,"2"],"debug":false,"extensionMap":{},"hasPreloadScript":true,"types":["cc.Prefab","cc.BitmapFont","cc.ImageAsset","cc.Texture2D","cc.SpriteFrame"],"encrypted":true}
