{"version":1,"document":[{"__type__":"cc.AnimationClip","_name":"ani_node_lianzha","_objFlags":0,"__editorExtras__":{"embeddedPlayerGroups":[]},"_native":"","sample":60,"speed":0.3333,"wrapMode":1,"enableTrsBlending":false,"_duration":0.5,"_hash":500763545,"_tracks":[{"__id__":1},{"__id__":12},{"__id__":23},{"__id__":29},{"__id__":35},{"__id__":46},{"__id__":57},{"__id__":63},{"__id__":69},{"__id__":75},{"__id__":86},{"__id__":92},{"__id__":98},{"__id__":104},{"__id__":110},{"__id__":116},{"__id__":127},{"__id__":133},{"__id__":139},{"__id__":145},{"__id__":156},{"__id__":167},{"__id__":173},{"__id__":184},{"__id__":195},{"__id__":206},{"__id__":217},{"__id__":223},{"__id__":229},{"__id__":240},{"__id__":251},{"__id__":262},{"__id__":273},{"__id__":279},{"__id__":285},{"__id__":296},{"__id__":307},{"__id__":318},{"__id__":329},{"__id__":335},{"__id__":341},{"__id__":352},{"__id__":363},{"__id__":369},{"__id__":375},{"__id__":386},{"__id__":397},{"__id__":403},{"__id__":409},{"__id__":420},{"__id__":431},{"__id__":437},{"__id__":443},{"__id__":454},{"__id__":460},{"__id__":466},{"__id__":477},{"__id__":488},{"__id__":499},{"__id__":510},{"__id__":521},{"__id__":532},{"__id__":543},{"__id__":554},{"__id__":565}],"_exoticAnimation":null,"_events":[],"_embeddedPlayers":[]},{"__type__":"cc.animation.VectorTrack","_binding":{"__type__":"cc.animation.TrackBinding","path":{"__id__":2},"proxy":null},"_channels":[{"__id__":4},{"__id__":6},{"__id__":8},{"__id__":10}],"_nComponents":3},{"__type__":"cc.animation.TrackPath","_paths":[{"__id__":3},"position"]},{"__type__":"cc.animation.HierarchyPath","path":"Sprite_2"},{"__type__":"cc.animation.Channel","_curve":{"__id__":5}},{"__type__":"cc.RealCurve","bytes":{"__type__":"TypedArrayRef","ctor":"Uint8Array","offset":0,"length":66},"keyframeValueEditorExtras":[null,null,null,null,null]},{"__type__":"cc.animation.Channel","_curve":{"__id__":7}},{"__type__":"cc.RealCurve","bytes":{"__type__":"TypedArrayRef","ctor":"Uint8Array","offset":66,"length":66},"keyframeValueEditorExtras":[null,null,null,null,null]},{"__type__":"cc.animation.Channel","_curve":{"__id__":9}},{"__type__":"cc.RealCurve","bytes":{"__type__":"TypedArrayRef","ctor":"Uint8Array","offset":132,"length":66},"keyframeValueEditorExtras":[null,null,null,null,null]},{"__type__":"cc.animation.Channel","_curve":{"__id__":11}},{"__type__":"cc.RealCurve","bytes":{"__type__":"TypedArrayRef","ctor":"Uint8Array","offset":198,"length":6}},{"__type__":"cc.animation.VectorTrack","_binding":{"__type__":"cc.animation.TrackBinding","path":{"__id__":13},"proxy":null},"_channels":[{"__id__":15},{"__id__":17},{"__id__":19},{"__id__":21}],"_nComponents":3},{"__type__":"cc.animation.TrackPath","_paths":[{"__id__":14},"eulerAngles"]},{"__type__":"cc.animation.HierarchyPath","path":"Sprite_2"},{"__type__":"cc.animation.Channel","_curve":{"__id__":16}},{"__type__":"cc.RealCurve","bytes":{"__type__":"TypedArrayRef","ctor":"Uint8Array","offset":204,"length":66},"keyframeValueEditorExtras":[null,null,null,null,null]},{"__type__":"cc.animation.Channel","_curve":{"__id__":18}},{"__type__":"cc.RealCurve","bytes":{"__type__":"TypedArrayRef","ctor":"Uint8Array","offset":270,"length":66},"keyframeValueEditorExtras":[null,null,null,null,null]},{"__type__":"cc.animation.Channel","_curve":{"__id__":20}},{"__type__":"cc.RealCurve","bytes":{"__type__":"TypedArrayRef","ctor":"Uint8Array","offset":336,"length":66},"keyframeValueEditorExtras":[null,null,null,null,null]},{"__type__":"cc.animation.Channel","_curve":{"__id__":22}},{"__type__":"cc.RealCurve","bytes":{"__type__":"TypedArrayRef","ctor":"Uint8Array","offset":402,"length":6}},{"__type__":"cc.animation.RealTrack","_binding":{"__type__":"cc.animation.TrackBinding","path":{"__id__":24},"proxy":null},"_channel":{"__id__":27}},{"__type__":"cc.animation.TrackPath","_paths":[{"__id__":25},{"__id__":26},"opacity"]},{"__type__":"cc.animation.HierarchyPath","path":"Sprite_2"},{"__type__":"cc.animation.ComponentPath","component":"cc.UIOpacity"},{"__type__":"cc.animation.Channel","_curve":{"__id__":28}},{"__type__":"cc.RealCurve","bytes":{"__type__":"TypedArrayRef","ctor":"Uint8Array","offset":408,"length":30},"keyframeValueEditorExtras":[null,null]},{"__type__":"cc.animation.ObjectTrack","_binding":{"__type__":"cc.animation.TrackBinding","path":{"__id__":30},"proxy":null},"_channel":{"__id__":33}},{"__type__":"cc.animation.TrackPath","_paths":[{"__id__":31},{"__id__":32},"spriteFrame"]},{"__type__":"cc.animation.HierarchyPath","path":"Sprite_2"},{"__type__":"cc.animation.ComponentPath","component":"cc.Sprite"},{"__type__":"cc.animation.Channel","_curve":{"__id__":34}},{"__type__":"cc.ObjectCurve","_times":[0],"_values":[{"__uuid__":"91Ilf2rtJDWJqp7BF9xS3j@58ef6","__expectedType__":"cc.Asset"}]},{"__type__":"cc.animation.VectorTrack","_binding":{"__type__":"cc.animation.TrackBinding","path":{"__id__":36},"proxy":null},"_channels":[{"__id__":38},{"__id__":40},{"__id__":42},{"__id__":44}],"_nComponents":3},{"__type__":"cc.animation.TrackPath","_paths":[{"__id__":37},"position"]},{"__type__":"cc.animation.HierarchyPath","path":"Sprite_2_0"},{"__type__":"cc.animation.Channel","_curve":{"__id__":39}},{"__type__":"cc.RealCurve","bytes":{"__type__":"TypedArrayRef","ctor":"Uint8Array","offset":438,"length":66},"keyframeValueEditorExtras":[null,null,null,null,null]},{"__type__":"cc.animation.Channel","_curve":{"__id__":41}},{"__type__":"cc.RealCurve","bytes":{"__type__":"TypedArrayRef","ctor":"Uint8Array","offset":504,"length":66},"keyframeValueEditorExtras":[null,null,null,null,null]},{"__type__":"cc.animation.Channel","_curve":{"__id__":43}},{"__type__":"cc.RealCurve","bytes":{"__type__":"TypedArrayRef","ctor":"Uint8Array","offset":570,"length":66},"keyframeValueEditorExtras":[null,null,null,null,null]},{"__type__":"cc.animation.Channel","_curve":{"__id__":45}},{"__type__":"cc.RealCurve","bytes":{"__type__":"TypedArrayRef","ctor":"Uint8Array","offset":636,"length":6}},{"__type__":"cc.animation.VectorTrack","_binding":{"__type__":"cc.animation.TrackBinding","path":{"__id__":47},"proxy":null},"_channels":[{"__id__":49},{"__id__":51},{"__id__":53},{"__id__":55}],"_nComponents":3},{"__type__":"cc.animation.TrackPath","_paths":[{"__id__":48},"eulerAngles"]},{"__type__":"cc.animation.HierarchyPath","path":"Sprite_2_0"},{"__type__":"cc.animation.Channel","_curve":{"__id__":50}},{"__type__":"cc.RealCurve","bytes":{"__type__":"TypedArrayRef","ctor":"Uint8Array","offset":642,"length":66},"keyframeValueEditorExtras":[null,null,null,null,null]},{"__type__":"cc.animation.Channel","_curve":{"__id__":52}},{"__type__":"cc.RealCurve","bytes":{"__type__":"TypedArrayRef","ctor":"Uint8Array","offset":708,"length":66},"keyframeValueEditorExtras":[null,null,null,null,null]},{"__type__":"cc.animation.Channel","_curve":{"__id__":54}},{"__type__":"cc.RealCurve","bytes":{"__type__":"TypedArrayRef","ctor":"Uint8Array","offset":774,"length":66},"keyframeValueEditorExtras":[null,null,null,null,null]},{"__type__":"cc.animation.Channel","_curve":{"__id__":56}},{"__type__":"cc.RealCurve","bytes":{"__type__":"TypedArrayRef","ctor":"Uint8Array","offset":840,"length":6}},{"__type__":"cc.animation.RealTrack","_binding":{"__type__":"cc.animation.TrackBinding","path":{"__id__":58},"proxy":null},"_channel":{"__id__":61}},{"__type__":"cc.animation.TrackPath","_paths":[{"__id__":59},{"__id__":60},"opacity"]},{"__type__":"cc.animation.HierarchyPath","path":"Sprite_2_0"},{"__type__":"cc.animation.ComponentPath","component":"cc.UIOpacity"},{"__type__":"cc.animation.Channel","_curve":{"__id__":62}},{"__type__":"cc.RealCurve","bytes":{"__type__":"TypedArrayRef","ctor":"Uint8Array","offset":846,"length":30},"keyframeValueEditorExtras":[null,null]},{"__type__":"cc.animation.ObjectTrack","_binding":{"__type__":"cc.animation.TrackBinding","path":{"__id__":64},"proxy":null},"_channel":{"__id__":67}},{"__type__":"cc.animation.TrackPath","_paths":[{"__id__":65},{"__id__":66},"spriteFrame"]},{"__type__":"cc.animation.HierarchyPath","path":"Sprite_2_0"},{"__type__":"cc.animation.ComponentPath","component":"cc.Sprite"},{"__type__":"cc.animation.Channel","_curve":{"__id__":68}},{"__type__":"cc.ObjectCurve","_times":[0],"_values":[{"__uuid__":"91Ilf2rtJDWJqp7BF9xS3j@58ef6","__expectedType__":"cc.Asset"}]},{"__type__":"cc.animation.RealTrack","_binding":{"__type__":"cc.animation.TrackBinding","path":{"__id__":70},"proxy":null},"_channel":{"__id__":73}},{"__type__":"cc.animation.TrackPath","_paths":[{"__id__":71},{"__id__":72},"opacity"]},{"__type__":"cc.animation.HierarchyPath","path":"Node_5/tx_youxichang_wangzha_light03_10"},{"__type__":"cc.animation.ComponentPath","component":"cc.UIOpacity"},{"__type__":"cc.animation.Channel","_curve":{"__id__":74}},{"__type__":"cc.RealCurve","bytes":{"__type__":"TypedArrayRef","ctor":"Uint8Array","offset":876,"length":54},"keyframeValueEditorExtras":[null,null,null,null]},{"__type__":"cc.animation.VectorTrack","_binding":{"__type__":"cc.animation.TrackBinding","path":{"__id__":76},"proxy":null},"_channels":[{"__id__":78},{"__id__":80},{"__id__":82},{"__id__":84}],"_nComponents":3},{"__type__":"cc.animation.TrackPath","_paths":[{"__id__":77},"position"]},{"__type__":"cc.animation.HierarchyPath","path":"Node_5/tx_youxichang_wangzha_light03_10"},{"__type__":"cc.animation.Channel","_curve":{"__id__":79}},{"__type__":"cc.RealCurve","bytes":{"__type__":"TypedArrayRef","ctor":"Uint8Array","offset":930,"length":30},"keyframeValueEditorExtras":[null,null]},{"__type__":"cc.animation.Channel","_curve":{"__id__":81}},{"__type__":"cc.RealCurve","bytes":{"__type__":"TypedArrayRef","ctor":"Uint8Array","offset":960,"length":30},"keyframeValueEditorExtras":[null,null]},{"__type__":"cc.animation.Channel","_curve":{"__id__":83}},{"__type__":"cc.RealCurve","bytes":{"__type__":"TypedArrayRef","ctor":"Uint8Array","offset":990,"length":30},"keyframeValueEditorExtras":[null,null]},{"__type__":"cc.animation.Channel","_curve":{"__id__":85}},{"__type__":"cc.RealCurve","bytes":{"__type__":"TypedArrayRef","ctor":"Uint8Array","offset":1020,"length":6}},{"__type__":"cc.animation.ObjectTrack","_binding":{"__type__":"cc.animation.TrackBinding","path":{"__id__":87},"proxy":null},"_channel":{"__id__":90}},{"__type__":"cc.animation.TrackPath","_paths":[{"__id__":88},{"__id__":89},"spriteFrame"]},{"__type__":"cc.animation.HierarchyPath","path":"Node_5/tx_youxichang_wangzha_light03_10"},{"__type__":"cc.animation.ComponentPath","component":"cc.Sprite"},{"__type__":"cc.animation.Channel","_curve":{"__id__":91}},{"__type__":"cc.ObjectCurve","_times":[0],"_values":[{"__uuid__":"91Ilf2rtJDWJqp7BF9xS3j@e31b2","__expectedType__":"cc.Asset"}]},{"__type__":"cc.animation.RealTrack","_binding":{"__type__":"cc.animation.TrackBinding","path":{"__id__":93},"proxy":null},"_channel":{"__id__":96}},{"__type__":"cc.animation.TrackPath","_paths":[{"__id__":94},{"__id__":95},"opacity"]},{"__type__":"cc.animation.HierarchyPath","path":"Node_5/Sprite_15"},{"__type__":"cc.animation.ComponentPath","component":"cc.UIOpacity"},{"__type__":"cc.animation.Channel","_curve":{"__id__":97}},{"__type__":"cc.RealCurve","bytes":{"__type__":"TypedArrayRef","ctor":"Uint8Array","offset":1026,"length":54},"keyframeValueEditorExtras":[null,null,null,null]},{"__type__":"cc.animation.ObjectTrack","_binding":{"__type__":"cc.animation.TrackBinding","path":{"__id__":99},"proxy":null},"_channel":{"__id__":102}},{"__type__":"cc.animation.TrackPath","_paths":[{"__id__":100},{"__id__":101},"spriteFrame"]},{"__type__":"cc.animation.HierarchyPath","path":"Node_5/Sprite_15"},{"__type__":"cc.animation.ComponentPath","component":"cc.Sprite"},{"__type__":"cc.animation.Channel","_curve":{"__id__":103}},{"__type__":"cc.ObjectCurve","_times":[0.2,0.21666666666666667,0.23333333333333334,0.25,0.26666666666666666,0.2833333333333333,0.3,0.31666666666666665,0.3333333333333333,0.36666666666666664,0.4,0.43333333333333335,0.4666666666666667,0.48333333333333334],"_values":[{"__uuid__":"91Ilf2rtJDWJqp7BF9xS3j@06909","__expectedType__":"cc.Asset"},{"__uuid__":"91Ilf2rtJDWJqp7BF9xS3j@3be59","__expectedType__":"cc.Asset"},{"__uuid__":"91Ilf2rtJDWJqp7BF9xS3j@f373a","__expectedType__":"cc.Asset"},{"__uuid__":"91Ilf2rtJDWJqp7BF9xS3j@5d4aa","__expectedType__":"cc.Asset"},{"__uuid__":"91Ilf2rtJDWJqp7BF9xS3j@0b733","__expectedType__":"cc.Asset"},{"__uuid__":"91Ilf2rtJDWJqp7BF9xS3j@0b23f","__expectedType__":"cc.Asset"},{"__uuid__":"91Ilf2rtJDWJqp7BF9xS3j@67d12","__expectedType__":"cc.Asset"},{"__uuid__":"91Ilf2rtJDWJqp7BF9xS3j@84163","__expectedType__":"cc.Asset"},{"__uuid__":"91Ilf2rtJDWJqp7BF9xS3j@7fcf9","__expectedType__":"cc.Asset"},{"__uuid__":"91Ilf2rtJDWJqp7BF9xS3j@130f0","__expectedType__":"cc.Asset"},{"__uuid__":"91Ilf2rtJDWJqp7BF9xS3j@a6525","__expectedType__":"cc.Asset"},{"__uuid__":"91Ilf2rtJDWJqp7BF9xS3j@cc3d4","__expectedType__":"cc.Asset"},{"__uuid__":"91Ilf2rtJDWJqp7BF9xS3j@737d6","__expectedType__":"cc.Asset"},{"__uuid__":"91Ilf2rtJDWJqp7BF9xS3j@ce75f","__expectedType__":"cc.Asset"}]},{"__type__":"cc.animation.RealTrack","_binding":{"__type__":"cc.animation.TrackBinding","path":{"__id__":105},"proxy":null},"_channel":{"__id__":108}},{"__type__":"cc.animation.TrackPath","_paths":[{"__id__":106},{"__id__":107},"opacity"]},{"__type__":"cc.animation.HierarchyPath","path":"Node_5/Sprite_15_0"},{"__type__":"cc.animation.ComponentPath","component":"cc.UIOpacity"},{"__type__":"cc.animation.Channel","_curve":{"__id__":109}},{"__type__":"cc.RealCurve","bytes":{"__type__":"TypedArrayRef","ctor":"Uint8Array","offset":1080,"length":54},"keyframeValueEditorExtras":[null,null,null,null]},{"__type__":"cc.animation.ObjectTrack","_binding":{"__type__":"cc.animation.TrackBinding","path":{"__id__":111},"proxy":null},"_channel":{"__id__":114}},{"__type__":"cc.animation.TrackPath","_paths":[{"__id__":112},{"__id__":113},"spriteFrame"]},{"__type__":"cc.animation.HierarchyPath","path":"Node_5/Sprite_15_0"},{"__type__":"cc.animation.ComponentPath","component":"cc.Sprite"},{"__type__":"cc.animation.Channel","_curve":{"__id__":115}},{"__type__":"cc.ObjectCurve","_times":[0.2,0.21666666666666667,0.23333333333333334,0.25,0.26666666666666666,0.2833333333333333,0.3,0.31666666666666665,0.3333333333333333,0.36666666666666664,0.4,0.43333333333333335,0.4666666666666667,0.48333333333333334],"_values":[{"__uuid__":"91Ilf2rtJDWJqp7BF9xS3j@06909","__expectedType__":"cc.Asset"},{"__uuid__":"91Ilf2rtJDWJqp7BF9xS3j@3be59","__expectedType__":"cc.Asset"},{"__uuid__":"91Ilf2rtJDWJqp7BF9xS3j@f373a","__expectedType__":"cc.Asset"},{"__uuid__":"91Ilf2rtJDWJqp7BF9xS3j@5d4aa","__expectedType__":"cc.Asset"},{"__uuid__":"91Ilf2rtJDWJqp7BF9xS3j@0b733","__expectedType__":"cc.Asset"},{"__uuid__":"91Ilf2rtJDWJqp7BF9xS3j@0b23f","__expectedType__":"cc.Asset"},{"__uuid__":"91Ilf2rtJDWJqp7BF9xS3j@67d12","__expectedType__":"cc.Asset"},{"__uuid__":"91Ilf2rtJDWJqp7BF9xS3j@84163","__expectedType__":"cc.Asset"},{"__uuid__":"91Ilf2rtJDWJqp7BF9xS3j@7fcf9","__expectedType__":"cc.Asset"},{"__uuid__":"91Ilf2rtJDWJqp7BF9xS3j@130f0","__expectedType__":"cc.Asset"},{"__uuid__":"91Ilf2rtJDWJqp7BF9xS3j@a6525","__expectedType__":"cc.Asset"},{"__uuid__":"91Ilf2rtJDWJqp7BF9xS3j@cc3d4","__expectedType__":"cc.Asset"},{"__uuid__":"91Ilf2rtJDWJqp7BF9xS3j@737d6","__expectedType__":"cc.Asset"},{"__uuid__":"91Ilf2rtJDWJqp7BF9xS3j@ce75f","__expectedType__":"cc.Asset"}]},{"__type__":"cc.animation.VectorTrack","_binding":{"__type__":"cc.animation.TrackBinding","path":{"__id__":117},"proxy":null},"_channels":[{"__id__":119},{"__id__":121},{"__id__":123},{"__id__":125}],"_nComponents":3},{"__type__":"cc.animation.TrackPath","_paths":[{"__id__":118},"position"]},{"__type__":"cc.animation.HierarchyPath","path":"Node_5/behit_huojian_04_29"},{"__type__":"cc.animation.Channel","_curve":{"__id__":120}},{"__type__":"cc.RealCurve","bytes":{"__type__":"TypedArrayRef","ctor":"Uint8Array","offset":1134,"length":18},"keyframeValueEditorExtras":[null]},{"__type__":"cc.animation.Channel","_curve":{"__id__":122}},{"__type__":"cc.RealCurve","bytes":{"__type__":"TypedArrayRef","ctor":"Uint8Array","offset":1152,"length":18},"keyframeValueEditorExtras":[null]},{"__type__":"cc.animation.Channel","_curve":{"__id__":124}},{"__type__":"cc.RealCurve","bytes":{"__type__":"TypedArrayRef","ctor":"Uint8Array","offset":1170,"length":18},"keyframeValueEditorExtras":[null]},{"__type__":"cc.animation.Channel","_curve":{"__id__":126}},{"__type__":"cc.RealCurve","bytes":{"__type__":"TypedArrayRef","ctor":"Uint8Array","offset":1188,"length":6}},{"__type__":"cc.animation.RealTrack","_binding":{"__type__":"cc.animation.TrackBinding","path":{"__id__":128},"proxy":null},"_channel":{"__id__":131}},{"__type__":"cc.animation.TrackPath","_paths":[{"__id__":129},{"__id__":130},"opacity"]},{"__type__":"cc.animation.HierarchyPath","path":"Node_5/behit_huojian_04_29"},{"__type__":"cc.animation.ComponentPath","component":"cc.UIOpacity"},{"__type__":"cc.animation.Channel","_curve":{"__id__":132}},{"__type__":"cc.RealCurve","bytes":{"__type__":"TypedArrayRef","ctor":"Uint8Array","offset":1194,"length":30},"keyframeValueEditorExtras":[null,null]},{"__type__":"cc.animation.ObjectTrack","_binding":{"__type__":"cc.animation.TrackBinding","path":{"__id__":134},"proxy":null},"_channel":{"__id__":137}},{"__type__":"cc.animation.TrackPath","_paths":[{"__id__":135},{"__id__":136},"spriteFrame"]},{"__type__":"cc.animation.HierarchyPath","path":"Node_5/behit_huojian_04_29"},{"__type__":"cc.animation.ComponentPath","component":"cc.Sprite"},{"__type__":"cc.animation.Channel","_curve":{"__id__":138}},{"__type__":"cc.ObjectCurve","_times":[0.25,0.26666666666666666,0.2833333333333333,0.3,0.31666666666666665,0.3333333333333333,0.35,0.36666666666666664,0.38333333333333336,0.4],"_values":[{"__uuid__":"91Ilf2rtJDWJqp7BF9xS3j@a45d3","__expectedType__":"cc.Asset"},{"__uuid__":"91Ilf2rtJDWJqp7BF9xS3j@32d6d","__expectedType__":"cc.Asset"},{"__uuid__":"91Ilf2rtJDWJqp7BF9xS3j@48f5d","__expectedType__":"cc.Asset"},{"__uuid__":"91Ilf2rtJDWJqp7BF9xS3j@917c5","__expectedType__":"cc.Asset"},{"__uuid__":"91Ilf2rtJDWJqp7BF9xS3j@814c8","__expectedType__":"cc.Asset"},{"__uuid__":"91Ilf2rtJDWJqp7BF9xS3j@96296","__expectedType__":"cc.Asset"},{"__uuid__":"91Ilf2rtJDWJqp7BF9xS3j@aac8e","__expectedType__":"cc.Asset"},{"__uuid__":"91Ilf2rtJDWJqp7BF9xS3j@a9fc9","__expectedType__":"cc.Asset"},{"__uuid__":"91Ilf2rtJDWJqp7BF9xS3j@be1bf","__expectedType__":"cc.Asset"},{"__uuid__":"91Ilf2rtJDWJqp7BF9xS3j@b0483","__expectedType__":"cc.Asset"}]},{"__type__":"cc.animation.RealTrack","_binding":{"__type__":"cc.animation.TrackBinding","path":{"__id__":140},"proxy":null},"_channel":{"__id__":143}},{"__type__":"cc.animation.TrackPath","_paths":[{"__id__":141},{"__id__":142},"opacity"]},{"__type__":"cc.animation.HierarchyPath","path":"Node_5/tx_youxichang_wangzha_light03_10_0"},{"__type__":"cc.animation.ComponentPath","component":"cc.UIOpacity"},{"__type__":"cc.animation.Channel","_curve":{"__id__":144}},{"__type__":"cc.RealCurve","bytes":{"__type__":"TypedArrayRef","ctor":"Uint8Array","offset":1224,"length":54},"keyframeValueEditorExtras":[null,null,null,null]},{"__type__":"cc.animation.VectorTrack","_binding":{"__type__":"cc.animation.TrackBinding","path":{"__id__":146},"proxy":null},"_channels":[{"__id__":148},{"__id__":150},{"__id__":152},{"__id__":154}],"_nComponents":3},{"__type__":"cc.animation.TrackPath","_paths":[{"__id__":147},"position"]},{"__type__":"cc.animation.HierarchyPath","path":"Node_5/tx_youxichang_wangzha_light03_10_0"},{"__type__":"cc.animation.Channel","_curve":{"__id__":149}},{"__type__":"cc.RealCurve","bytes":{"__type__":"TypedArrayRef","ctor":"Uint8Array","offset":1278,"length":18},"keyframeValueEditorExtras":[null]},{"__type__":"cc.animation.Channel","_curve":{"__id__":151}},{"__type__":"cc.RealCurve","bytes":{"__type__":"TypedArrayRef","ctor":"Uint8Array","offset":1296,"length":18},"keyframeValueEditorExtras":[null]},{"__type__":"cc.animation.Channel","_curve":{"__id__":153}},{"__type__":"cc.RealCurve","bytes":{"__type__":"TypedArrayRef","ctor":"Uint8Array","offset":1314,"length":18},"keyframeValueEditorExtras":[null]},{"__type__":"cc.animation.Channel","_curve":{"__id__":155}},{"__type__":"cc.RealCurve","bytes":{"__type__":"TypedArrayRef","ctor":"Uint8Array","offset":1332,"length":6}},{"__type__":"cc.animation.ColorTrack","_binding":{"__type__":"cc.animation.TrackBinding","path":{"__id__":157},"proxy":null},"_channels":[{"__id__":159},{"__id__":161},{"__id__":163},{"__id__":165}]},{"__type__":"cc.animation.TrackPath","_paths":[{"__id__":158},"color"]},{"__type__":"cc.animation.HierarchyPath","path":"Node_5/tx_youxichang_wangzha_light03_10_0"},{"__type__":"cc.animation.Channel","_curve":{"__id__":160}},{"__type__":"cc.RealCurve","bytes":{"__type__":"TypedArrayRef","ctor":"Uint8Array","offset":1338,"length":18},"keyframeValueEditorExtras":[null]},{"__type__":"cc.animation.Channel","_curve":{"__id__":162}},{"__type__":"cc.RealCurve","bytes":{"__type__":"TypedArrayRef","ctor":"Uint8Array","offset":1356,"length":18},"keyframeValueEditorExtras":[null]},{"__type__":"cc.animation.Channel","_curve":{"__id__":164}},{"__type__":"cc.RealCurve","bytes":{"__type__":"TypedArrayRef","ctor":"Uint8Array","offset":1374,"length":18},"keyframeValueEditorExtras":[null]},{"__type__":"cc.animation.Channel","_curve":{"__id__":166}},{"__type__":"cc.RealCurve","bytes":{"__type__":"TypedArrayRef","ctor":"Uint8Array","offset":1392,"length":18},"keyframeValueEditorExtras":[null]},{"__type__":"cc.animation.ObjectTrack","_binding":{"__type__":"cc.animation.TrackBinding","path":{"__id__":168},"proxy":null},"_channel":{"__id__":171}},{"__type__":"cc.animation.TrackPath","_paths":[{"__id__":169},{"__id__":170},"spriteFrame"]},{"__type__":"cc.animation.HierarchyPath","path":"Node_5/tx_youxichang_wangzha_light03_10_0"},{"__type__":"cc.animation.ComponentPath","component":"cc.Sprite"},{"__type__":"cc.animation.Channel","_curve":{"__id__":172}},{"__type__":"cc.ObjectCurve","_times":[0],"_values":[{"__uuid__":"91Ilf2rtJDWJqp7BF9xS3j@e31b2","__expectedType__":"cc.Asset"}]},{"__type__":"cc.animation.VectorTrack","_binding":{"__type__":"cc.animation.TrackBinding","path":{"__id__":174},"proxy":null},"_channels":[{"__id__":176},{"__id__":178},{"__id__":180},{"__id__":182}],"_nComponents":3},{"__type__":"cc.animation.TrackPath","_paths":[{"__id__":175},"position"]},{"__type__":"cc.animation.HierarchyPath","path":"Node_5"},{"__type__":"cc.animation.Channel","_curve":{"__id__":177}},{"__type__":"cc.RealCurve","bytes":{"__type__":"TypedArrayRef","ctor":"Uint8Array","offset":1410,"length":18},"keyframeValueEditorExtras":[null]},{"__type__":"cc.animation.Channel","_curve":{"__id__":179}},{"__type__":"cc.RealCurve","bytes":{"__type__":"TypedArrayRef","ctor":"Uint8Array","offset":1428,"length":18},"keyframeValueEditorExtras":[null]},{"__type__":"cc.animation.Channel","_curve":{"__id__":181}},{"__type__":"cc.RealCurve","bytes":{"__type__":"TypedArrayRef","ctor":"Uint8Array","offset":1446,"length":18},"keyframeValueEditorExtras":[null]},{"__type__":"cc.animation.Channel","_curve":{"__id__":183}},{"__type__":"cc.RealCurve","bytes":{"__type__":"TypedArrayRef","ctor":"Uint8Array","offset":1464,"length":6}},{"__type__":"cc.animation.VectorTrack","_binding":{"__type__":"cc.animation.TrackBinding","path":{"__id__":185},"proxy":null},"_channels":[{"__id__":187},{"__id__":189},{"__id__":191},{"__id__":193}],"_nComponents":3},{"__type__":"cc.animation.TrackPath","_paths":[{"__id__":186},"eulerAngles"]},{"__type__":"cc.animation.HierarchyPath","path":"Node_5"},{"__type__":"cc.animation.Channel","_curve":{"__id__":188}},{"__type__":"cc.RealCurve","bytes":{"__type__":"TypedArrayRef","ctor":"Uint8Array","offset":1470,"length":18},"keyframeValueEditorExtras":[null]},{"__type__":"cc.animation.Channel","_curve":{"__id__":190}},{"__type__":"cc.RealCurve","bytes":{"__type__":"TypedArrayRef","ctor":"Uint8Array","offset":1488,"length":18},"keyframeValueEditorExtras":[null]},{"__type__":"cc.animation.Channel","_curve":{"__id__":192}},{"__type__":"cc.RealCurve","bytes":{"__type__":"TypedArrayRef","ctor":"Uint8Array","offset":1506,"length":18},"keyframeValueEditorExtras":[null]},{"__type__":"cc.animation.Channel","_curve":{"__id__":194}},{"__type__":"cc.RealCurve","bytes":{"__type__":"TypedArrayRef","ctor":"Uint8Array","offset":1524,"length":6}},{"__type__":"cc.animation.VectorTrack","_binding":{"__type__":"cc.animation.TrackBinding","path":{"__id__":196},"proxy":null},"_channels":[{"__id__":198},{"__id__":200},{"__id__":202},{"__id__":204}],"_nComponents":3},{"__type__":"cc.animation.TrackPath","_paths":[{"__id__":197},"position"]},{"__type__":"cc.animation.HierarchyPath","path":"Node_1/Sprite_16"},{"__type__":"cc.animation.Channel","_curve":{"__id__":199}},{"__type__":"cc.RealCurve","bytes":{"__type__":"TypedArrayRef","ctor":"Uint8Array","offset":1530,"length":18},"keyframeValueEditorExtras":[null]},{"__type__":"cc.animation.Channel","_curve":{"__id__":201}},{"__type__":"cc.RealCurve","bytes":{"__type__":"TypedArrayRef","ctor":"Uint8Array","offset":1548,"length":18},"keyframeValueEditorExtras":[null]},{"__type__":"cc.animation.Channel","_curve":{"__id__":203}},{"__type__":"cc.RealCurve","bytes":{"__type__":"TypedArrayRef","ctor":"Uint8Array","offset":1566,"length":18},"keyframeValueEditorExtras":[null]},{"__type__":"cc.animation.Channel","_curve":{"__id__":205}},{"__type__":"cc.RealCurve","bytes":{"__type__":"TypedArrayRef","ctor":"Uint8Array","offset":1584,"length":6}},{"__type__":"cc.animation.VectorTrack","_binding":{"__type__":"cc.animation.TrackBinding","path":{"__id__":207},"proxy":null},"_channels":[{"__id__":209},{"__id__":211},{"__id__":213},{"__id__":215}],"_nComponents":3},{"__type__":"cc.animation.TrackPath","_paths":[{"__id__":208},"eulerAngles"]},{"__type__":"cc.animation.HierarchyPath","path":"Node_1/Sprite_16"},{"__type__":"cc.animation.Channel","_curve":{"__id__":210}},{"__type__":"cc.RealCurve","bytes":{"__type__":"TypedArrayRef","ctor":"Uint8Array","offset":1590,"length":18},"keyframeValueEditorExtras":[null]},{"__type__":"cc.animation.Channel","_curve":{"__id__":212}},{"__type__":"cc.RealCurve","bytes":{"__type__":"TypedArrayRef","ctor":"Uint8Array","offset":1608,"length":18},"keyframeValueEditorExtras":[null]},{"__type__":"cc.animation.Channel","_curve":{"__id__":214}},{"__type__":"cc.RealCurve","bytes":{"__type__":"TypedArrayRef","ctor":"Uint8Array","offset":1626,"length":18},"keyframeValueEditorExtras":[null]},{"__type__":"cc.animation.Channel","_curve":{"__id__":216}},{"__type__":"cc.RealCurve","bytes":{"__type__":"TypedArrayRef","ctor":"Uint8Array","offset":1644,"length":6}},{"__type__":"cc.animation.RealTrack","_binding":{"__type__":"cc.animation.TrackBinding","path":{"__id__":218},"proxy":null},"_channel":{"__id__":221}},{"__type__":"cc.animation.TrackPath","_paths":[{"__id__":219},{"__id__":220},"opacity"]},{"__type__":"cc.animation.HierarchyPath","path":"Node_1/Sprite_16"},{"__type__":"cc.animation.ComponentPath","component":"cc.UIOpacity"},{"__type__":"cc.animation.Channel","_curve":{"__id__":222}},{"__type__":"cc.RealCurve","bytes":{"__type__":"TypedArrayRef","ctor":"Uint8Array","offset":1650,"length":54},"keyframeValueEditorExtras":[null,null,null,null]},{"__type__":"cc.animation.ObjectTrack","_binding":{"__type__":"cc.animation.TrackBinding","path":{"__id__":224},"proxy":null},"_channel":{"__id__":227}},{"__type__":"cc.animation.TrackPath","_paths":[{"__id__":225},{"__id__":226},"spriteFrame"]},{"__type__":"cc.animation.HierarchyPath","path":"Node_1/Sprite_16"},{"__type__":"cc.animation.ComponentPath","component":"cc.Sprite"},{"__type__":"cc.animation.Channel","_curve":{"__id__":228}},{"__type__":"cc.ObjectCurve","_times":[0.2833333333333333,0.3,0.31666666666666665,0.3333333333333333,0.35,0.36666666666666664,0.38333333333333336,0.4],"_values":[{"__uuid__":"91Ilf2rtJDWJqp7BF9xS3j@f87cb","__expectedType__":"cc.Asset"},{"__uuid__":"91Ilf2rtJDWJqp7BF9xS3j@aaa46","__expectedType__":"cc.Asset"},{"__uuid__":"91Ilf2rtJDWJqp7BF9xS3j@5cb0b","__expectedType__":"cc.Asset"},{"__uuid__":"91Ilf2rtJDWJqp7BF9xS3j@ff711","__expectedType__":"cc.Asset"},{"__uuid__":"91Ilf2rtJDWJqp7BF9xS3j@27fdb","__expectedType__":"cc.Asset"},{"__uuid__":"91Ilf2rtJDWJqp7BF9xS3j@cbae4","__expectedType__":"cc.Asset"},{"__uuid__":"91Ilf2rtJDWJqp7BF9xS3j@17bc8","__expectedType__":"cc.Asset"},{"__uuid__":"91Ilf2rtJDWJqp7BF9xS3j@9ba34","__expectedType__":"cc.Asset"}]},{"__type__":"cc.animation.VectorTrack","_binding":{"__type__":"cc.animation.TrackBinding","path":{"__id__":230},"proxy":null},"_channels":[{"__id__":232},{"__id__":234},{"__id__":236},{"__id__":238}],"_nComponents":3},{"__type__":"cc.animation.TrackPath","_paths":[{"__id__":231},"position"]},{"__type__":"cc.animation.HierarchyPath","path":"Node_1"},{"__type__":"cc.animation.Channel","_curve":{"__id__":233}},{"__type__":"cc.RealCurve","bytes":{"__type__":"TypedArrayRef","ctor":"Uint8Array","offset":1704,"length":18},"keyframeValueEditorExtras":[null]},{"__type__":"cc.animation.Channel","_curve":{"__id__":235}},{"__type__":"cc.RealCurve","bytes":{"__type__":"TypedArrayRef","ctor":"Uint8Array","offset":1722,"length":18},"keyframeValueEditorExtras":[null]},{"__type__":"cc.animation.Channel","_curve":{"__id__":237}},{"__type__":"cc.RealCurve","bytes":{"__type__":"TypedArrayRef","ctor":"Uint8Array","offset":1740,"length":18},"keyframeValueEditorExtras":[null]},{"__type__":"cc.animation.Channel","_curve":{"__id__":239}},{"__type__":"cc.RealCurve","bytes":{"__type__":"TypedArrayRef","ctor":"Uint8Array","offset":1758,"length":6}},{"__type__":"cc.animation.VectorTrack","_binding":{"__type__":"cc.animation.TrackBinding","path":{"__id__":241},"proxy":null},"_channels":[{"__id__":243},{"__id__":245},{"__id__":247},{"__id__":249}],"_nComponents":3},{"__type__":"cc.animation.TrackPath","_paths":[{"__id__":242},"eulerAngles"]},{"__type__":"cc.animation.HierarchyPath","path":"Node_1"},{"__type__":"cc.animation.Channel","_curve":{"__id__":244}},{"__type__":"cc.RealCurve","bytes":{"__type__":"TypedArrayRef","ctor":"Uint8Array","offset":1764,"length":18},"keyframeValueEditorExtras":[null]},{"__type__":"cc.animation.Channel","_curve":{"__id__":246}},{"__type__":"cc.RealCurve","bytes":{"__type__":"TypedArrayRef","ctor":"Uint8Array","offset":1782,"length":18},"keyframeValueEditorExtras":[null]},{"__type__":"cc.animation.Channel","_curve":{"__id__":248}},{"__type__":"cc.RealCurve","bytes":{"__type__":"TypedArrayRef","ctor":"Uint8Array","offset":1800,"length":18},"keyframeValueEditorExtras":[null]},{"__type__":"cc.animation.Channel","_curve":{"__id__":250}},{"__type__":"cc.RealCurve","bytes":{"__type__":"TypedArrayRef","ctor":"Uint8Array","offset":1818,"length":6}},{"__type__":"cc.animation.VectorTrack","_binding":{"__type__":"cc.animation.TrackBinding","path":{"__id__":252},"proxy":null},"_channels":[{"__id__":254},{"__id__":256},{"__id__":258},{"__id__":260}],"_nComponents":3},{"__type__":"cc.animation.TrackPath","_paths":[{"__id__":253},"position"]},{"__type__":"cc.animation.HierarchyPath","path":"Node_1_0/Sprite_16"},{"__type__":"cc.animation.Channel","_curve":{"__id__":255}},{"__type__":"cc.RealCurve","bytes":{"__type__":"TypedArrayRef","ctor":"Uint8Array","offset":1824,"length":18},"keyframeValueEditorExtras":[null]},{"__type__":"cc.animation.Channel","_curve":{"__id__":257}},{"__type__":"cc.RealCurve","bytes":{"__type__":"TypedArrayRef","ctor":"Uint8Array","offset":1842,"length":18},"keyframeValueEditorExtras":[null]},{"__type__":"cc.animation.Channel","_curve":{"__id__":259}},{"__type__":"cc.RealCurve","bytes":{"__type__":"TypedArrayRef","ctor":"Uint8Array","offset":1860,"length":18},"keyframeValueEditorExtras":[null]},{"__type__":"cc.animation.Channel","_curve":{"__id__":261}},{"__type__":"cc.RealCurve","bytes":{"__type__":"TypedArrayRef","ctor":"Uint8Array","offset":1878,"length":6}},{"__type__":"cc.animation.VectorTrack","_binding":{"__type__":"cc.animation.TrackBinding","path":{"__id__":263},"proxy":null},"_channels":[{"__id__":265},{"__id__":267},{"__id__":269},{"__id__":271}],"_nComponents":3},{"__type__":"cc.animation.TrackPath","_paths":[{"__id__":264},"eulerAngles"]},{"__type__":"cc.animation.HierarchyPath","path":"Node_1_0/Sprite_16"},{"__type__":"cc.animation.Channel","_curve":{"__id__":266}},{"__type__":"cc.RealCurve","bytes":{"__type__":"TypedArrayRef","ctor":"Uint8Array","offset":1884,"length":18},"keyframeValueEditorExtras":[null]},{"__type__":"cc.animation.Channel","_curve":{"__id__":268}},{"__type__":"cc.RealCurve","bytes":{"__type__":"TypedArrayRef","ctor":"Uint8Array","offset":1902,"length":18},"keyframeValueEditorExtras":[null]},{"__type__":"cc.animation.Channel","_curve":{"__id__":270}},{"__type__":"cc.RealCurve","bytes":{"__type__":"TypedArrayRef","ctor":"Uint8Array","offset":1920,"length":18},"keyframeValueEditorExtras":[null]},{"__type__":"cc.animation.Channel","_curve":{"__id__":272}},{"__type__":"cc.RealCurve","bytes":{"__type__":"TypedArrayRef","ctor":"Uint8Array","offset":1938,"length":6}},{"__type__":"cc.animation.RealTrack","_binding":{"__type__":"cc.animation.TrackBinding","path":{"__id__":274},"proxy":null},"_channel":{"__id__":277}},{"__type__":"cc.animation.TrackPath","_paths":[{"__id__":275},{"__id__":276},"opacity"]},{"__type__":"cc.animation.HierarchyPath","path":"Node_1_0/Sprite_16"},{"__type__":"cc.animation.ComponentPath","component":"cc.UIOpacity"},{"__type__":"cc.animation.Channel","_curve":{"__id__":278}},{"__type__":"cc.RealCurve","bytes":{"__type__":"TypedArrayRef","ctor":"Uint8Array","offset":1944,"length":54},"keyframeValueEditorExtras":[null,null,null,null]},{"__type__":"cc.animation.ObjectTrack","_binding":{"__type__":"cc.animation.TrackBinding","path":{"__id__":280},"proxy":null},"_channel":{"__id__":283}},{"__type__":"cc.animation.TrackPath","_paths":[{"__id__":281},{"__id__":282},"spriteFrame"]},{"__type__":"cc.animation.HierarchyPath","path":"Node_1_0/Sprite_16"},{"__type__":"cc.animation.ComponentPath","component":"cc.Sprite"},{"__type__":"cc.animation.Channel","_curve":{"__id__":284}},{"__type__":"cc.ObjectCurve","_times":[0.2833333333333333,0.3,0.31666666666666665,0.3333333333333333,0.35,0.36666666666666664,0.38333333333333336,0.4],"_values":[{"__uuid__":"91Ilf2rtJDWJqp7BF9xS3j@f87cb","__expectedType__":"cc.Asset"},{"__uuid__":"91Ilf2rtJDWJqp7BF9xS3j@aaa46","__expectedType__":"cc.Asset"},{"__uuid__":"91Ilf2rtJDWJqp7BF9xS3j@5cb0b","__expectedType__":"cc.Asset"},{"__uuid__":"91Ilf2rtJDWJqp7BF9xS3j@ff711","__expectedType__":"cc.Asset"},{"__uuid__":"91Ilf2rtJDWJqp7BF9xS3j@27fdb","__expectedType__":"cc.Asset"},{"__uuid__":"91Ilf2rtJDWJqp7BF9xS3j@cbae4","__expectedType__":"cc.Asset"},{"__uuid__":"91Ilf2rtJDWJqp7BF9xS3j@17bc8","__expectedType__":"cc.Asset"},{"__uuid__":"91Ilf2rtJDWJqp7BF9xS3j@9ba34","__expectedType__":"cc.Asset"}]},{"__type__":"cc.animation.VectorTrack","_binding":{"__type__":"cc.animation.TrackBinding","path":{"__id__":286},"proxy":null},"_channels":[{"__id__":288},{"__id__":290},{"__id__":292},{"__id__":294}],"_nComponents":3},{"__type__":"cc.animation.TrackPath","_paths":[{"__id__":287},"position"]},{"__type__":"cc.animation.HierarchyPath","path":"Node_1_0"},{"__type__":"cc.animation.Channel","_curve":{"__id__":289}},{"__type__":"cc.RealCurve","bytes":{"__type__":"TypedArrayRef","ctor":"Uint8Array","offset":1998,"length":18},"keyframeValueEditorExtras":[null]},{"__type__":"cc.animation.Channel","_curve":{"__id__":291}},{"__type__":"cc.RealCurve","bytes":{"__type__":"TypedArrayRef","ctor":"Uint8Array","offset":2016,"length":18},"keyframeValueEditorExtras":[null]},{"__type__":"cc.animation.Channel","_curve":{"__id__":293}},{"__type__":"cc.RealCurve","bytes":{"__type__":"TypedArrayRef","ctor":"Uint8Array","offset":2034,"length":18},"keyframeValueEditorExtras":[null]},{"__type__":"cc.animation.Channel","_curve":{"__id__":295}},{"__type__":"cc.RealCurve","bytes":{"__type__":"TypedArrayRef","ctor":"Uint8Array","offset":2052,"length":6}},{"__type__":"cc.animation.VectorTrack","_binding":{"__type__":"cc.animation.TrackBinding","path":{"__id__":297},"proxy":null},"_channels":[{"__id__":299},{"__id__":301},{"__id__":303},{"__id__":305}],"_nComponents":3},{"__type__":"cc.animation.TrackPath","_paths":[{"__id__":298},"eulerAngles"]},{"__type__":"cc.animation.HierarchyPath","path":"Node_1_0"},{"__type__":"cc.animation.Channel","_curve":{"__id__":300}},{"__type__":"cc.RealCurve","bytes":{"__type__":"TypedArrayRef","ctor":"Uint8Array","offset":2058,"length":18},"keyframeValueEditorExtras":[null]},{"__type__":"cc.animation.Channel","_curve":{"__id__":302}},{"__type__":"cc.RealCurve","bytes":{"__type__":"TypedArrayRef","ctor":"Uint8Array","offset":2076,"length":18},"keyframeValueEditorExtras":[null]},{"__type__":"cc.animation.Channel","_curve":{"__id__":304}},{"__type__":"cc.RealCurve","bytes":{"__type__":"TypedArrayRef","ctor":"Uint8Array","offset":2094,"length":18},"keyframeValueEditorExtras":[null]},{"__type__":"cc.animation.Channel","_curve":{"__id__":306}},{"__type__":"cc.RealCurve","bytes":{"__type__":"TypedArrayRef","ctor":"Uint8Array","offset":2112,"length":6}},{"__type__":"cc.animation.VectorTrack","_binding":{"__type__":"cc.animation.TrackBinding","path":{"__id__":308},"proxy":null},"_channels":[{"__id__":310},{"__id__":312},{"__id__":314},{"__id__":316}],"_nComponents":3},{"__type__":"cc.animation.TrackPath","_paths":[{"__id__":309},"position"]},{"__type__":"cc.animation.HierarchyPath","path":"Sprite_20"},{"__type__":"cc.animation.Channel","_curve":{"__id__":311}},{"__type__":"cc.RealCurve","bytes":{"__type__":"TypedArrayRef","ctor":"Uint8Array","offset":2118,"length":42},"keyframeValueEditorExtras":[null,null,null]},{"__type__":"cc.animation.Channel","_curve":{"__id__":313}},{"__type__":"cc.RealCurve","bytes":{"__type__":"TypedArrayRef","ctor":"Uint8Array","offset":2160,"length":42},"keyframeValueEditorExtras":[null,null,null]},{"__type__":"cc.animation.Channel","_curve":{"__id__":315}},{"__type__":"cc.RealCurve","bytes":{"__type__":"TypedArrayRef","ctor":"Uint8Array","offset":2202,"length":42},"keyframeValueEditorExtras":[null,null,null]},{"__type__":"cc.animation.Channel","_curve":{"__id__":317}},{"__type__":"cc.RealCurve","bytes":{"__type__":"TypedArrayRef","ctor":"Uint8Array","offset":2244,"length":6}},{"__type__":"cc.animation.VectorTrack","_binding":{"__type__":"cc.animation.TrackBinding","path":{"__id__":319},"proxy":null},"_channels":[{"__id__":321},{"__id__":323},{"__id__":325},{"__id__":327}],"_nComponents":3},{"__type__":"cc.animation.TrackPath","_paths":[{"__id__":320},"eulerAngles"]},{"__type__":"cc.animation.HierarchyPath","path":"Sprite_20"},{"__type__":"cc.animation.Channel","_curve":{"__id__":322}},{"__type__":"cc.RealCurve","bytes":{"__type__":"TypedArrayRef","ctor":"Uint8Array","offset":2250,"length":42},"keyframeValueEditorExtras":[null,null,null]},{"__type__":"cc.animation.Channel","_curve":{"__id__":324}},{"__type__":"cc.RealCurve","bytes":{"__type__":"TypedArrayRef","ctor":"Uint8Array","offset":2292,"length":42},"keyframeValueEditorExtras":[null,null,null]},{"__type__":"cc.animation.Channel","_curve":{"__id__":326}},{"__type__":"cc.RealCurve","bytes":{"__type__":"TypedArrayRef","ctor":"Uint8Array","offset":2334,"length":42},"keyframeValueEditorExtras":[null,null,null]},{"__type__":"cc.animation.Channel","_curve":{"__id__":328}},{"__type__":"cc.RealCurve","bytes":{"__type__":"TypedArrayRef","ctor":"Uint8Array","offset":2376,"length":6}},{"__type__":"cc.animation.RealTrack","_binding":{"__type__":"cc.animation.TrackBinding","path":{"__id__":330},"proxy":null},"_channel":{"__id__":333}},{"__type__":"cc.animation.TrackPath","_paths":[{"__id__":331},{"__id__":332},"opacity"]},{"__type__":"cc.animation.HierarchyPath","path":"Sprite_20"},{"__type__":"cc.animation.ComponentPath","component":"cc.UIOpacity"},{"__type__":"cc.animation.Channel","_curve":{"__id__":334}},{"__type__":"cc.RealCurve","bytes":{"__type__":"TypedArrayRef","ctor":"Uint8Array","offset":2382,"length":42},"keyframeValueEditorExtras":[null,null,null]},{"__type__":"cc.animation.ObjectTrack","_binding":{"__type__":"cc.animation.TrackBinding","path":{"__id__":336},"proxy":null},"_channel":{"__id__":339}},{"__type__":"cc.animation.TrackPath","_paths":[{"__id__":337},{"__id__":338},"spriteFrame"]},{"__type__":"cc.animation.HierarchyPath","path":"Sprite_20"},{"__type__":"cc.animation.ComponentPath","component":"cc.Sprite"},{"__type__":"cc.animation.Channel","_curve":{"__id__":340}},{"__type__":"cc.ObjectCurve","_times":[0],"_values":[{"__uuid__":"91Ilf2rtJDWJqp7BF9xS3j@7356f","__expectedType__":"cc.Asset"}]},{"__type__":"cc.animation.VectorTrack","_binding":{"__type__":"cc.animation.TrackBinding","path":{"__id__":342},"proxy":null},"_channels":[{"__id__":344},{"__id__":346},{"__id__":348},{"__id__":350}],"_nComponents":3},{"__type__":"cc.animation.TrackPath","_paths":[{"__id__":343},"position"]},{"__type__":"cc.animation.HierarchyPath","path":"Sprite_21"},{"__type__":"cc.animation.Channel","_curve":{"__id__":345}},{"__type__":"cc.RealCurve","bytes":{"__type__":"TypedArrayRef","ctor":"Uint8Array","offset":2424,"length":42},"keyframeValueEditorExtras":[null,null,null]},{"__type__":"cc.animation.Channel","_curve":{"__id__":347}},{"__type__":"cc.RealCurve","bytes":{"__type__":"TypedArrayRef","ctor":"Uint8Array","offset":2466,"length":42},"keyframeValueEditorExtras":[null,null,null]},{"__type__":"cc.animation.Channel","_curve":{"__id__":349}},{"__type__":"cc.RealCurve","bytes":{"__type__":"TypedArrayRef","ctor":"Uint8Array","offset":2508,"length":42},"keyframeValueEditorExtras":[null,null,null]},{"__type__":"cc.animation.Channel","_curve":{"__id__":351}},{"__type__":"cc.RealCurve","bytes":{"__type__":"TypedArrayRef","ctor":"Uint8Array","offset":2550,"length":6}},{"__type__":"cc.animation.VectorTrack","_binding":{"__type__":"cc.animation.TrackBinding","path":{"__id__":353},"proxy":null},"_channels":[{"__id__":355},{"__id__":357},{"__id__":359},{"__id__":361}],"_nComponents":3},{"__type__":"cc.animation.TrackPath","_paths":[{"__id__":354},"eulerAngles"]},{"__type__":"cc.animation.HierarchyPath","path":"Sprite_21"},{"__type__":"cc.animation.Channel","_curve":{"__id__":356}},{"__type__":"cc.RealCurve","bytes":{"__type__":"TypedArrayRef","ctor":"Uint8Array","offset":2556,"length":42},"keyframeValueEditorExtras":[null,null,null]},{"__type__":"cc.animation.Channel","_curve":{"__id__":358}},{"__type__":"cc.RealCurve","bytes":{"__type__":"TypedArrayRef","ctor":"Uint8Array","offset":2598,"length":42},"keyframeValueEditorExtras":[null,null,null]},{"__type__":"cc.animation.Channel","_curve":{"__id__":360}},{"__type__":"cc.RealCurve","bytes":{"__type__":"TypedArrayRef","ctor":"Uint8Array","offset":2640,"length":42},"keyframeValueEditorExtras":[null,null,null]},{"__type__":"cc.animation.Channel","_curve":{"__id__":362}},{"__type__":"cc.RealCurve","bytes":{"__type__":"TypedArrayRef","ctor":"Uint8Array","offset":2682,"length":6}},{"__type__":"cc.animation.RealTrack","_binding":{"__type__":"cc.animation.TrackBinding","path":{"__id__":364},"proxy":null},"_channel":{"__id__":367}},{"__type__":"cc.animation.TrackPath","_paths":[{"__id__":365},{"__id__":366},"opacity"]},{"__type__":"cc.animation.HierarchyPath","path":"Sprite_21"},{"__type__":"cc.animation.ComponentPath","component":"cc.UIOpacity"},{"__type__":"cc.animation.Channel","_curve":{"__id__":368}},{"__type__":"cc.RealCurve","bytes":{"__type__":"TypedArrayRef","ctor":"Uint8Array","offset":2688,"length":42},"keyframeValueEditorExtras":[null,null,null]},{"__type__":"cc.animation.ObjectTrack","_binding":{"__type__":"cc.animation.TrackBinding","path":{"__id__":370},"proxy":null},"_channel":{"__id__":373}},{"__type__":"cc.animation.TrackPath","_paths":[{"__id__":371},{"__id__":372},"spriteFrame"]},{"__type__":"cc.animation.HierarchyPath","path":"Sprite_21"},{"__type__":"cc.animation.ComponentPath","component":"cc.Sprite"},{"__type__":"cc.animation.Channel","_curve":{"__id__":374}},{"__type__":"cc.ObjectCurve","_times":[0],"_values":[{"__uuid__":"91Ilf2rtJDWJqp7BF9xS3j@acb7b","__expectedType__":"cc.Asset"}]},{"__type__":"cc.animation.VectorTrack","_binding":{"__type__":"cc.animation.TrackBinding","path":{"__id__":376},"proxy":null},"_channels":[{"__id__":378},{"__id__":380},{"__id__":382},{"__id__":384}],"_nComponents":3},{"__type__":"cc.animation.TrackPath","_paths":[{"__id__":377},"position"]},{"__type__":"cc.animation.HierarchyPath","path":"Sprite_22"},{"__type__":"cc.animation.Channel","_curve":{"__id__":379}},{"__type__":"cc.RealCurve","bytes":{"__type__":"TypedArrayRef","ctor":"Uint8Array","offset":2730,"length":42},"keyframeValueEditorExtras":[null,null,null]},{"__type__":"cc.animation.Channel","_curve":{"__id__":381}},{"__type__":"cc.RealCurve","bytes":{"__type__":"TypedArrayRef","ctor":"Uint8Array","offset":2772,"length":42},"keyframeValueEditorExtras":[null,null,null]},{"__type__":"cc.animation.Channel","_curve":{"__id__":383}},{"__type__":"cc.RealCurve","bytes":{"__type__":"TypedArrayRef","ctor":"Uint8Array","offset":2814,"length":42},"keyframeValueEditorExtras":[null,null,null]},{"__type__":"cc.animation.Channel","_curve":{"__id__":385}},{"__type__":"cc.RealCurve","bytes":{"__type__":"TypedArrayRef","ctor":"Uint8Array","offset":2856,"length":6}},{"__type__":"cc.animation.VectorTrack","_binding":{"__type__":"cc.animation.TrackBinding","path":{"__id__":387},"proxy":null},"_channels":[{"__id__":389},{"__id__":391},{"__id__":393},{"__id__":395}],"_nComponents":3},{"__type__":"cc.animation.TrackPath","_paths":[{"__id__":388},"eulerAngles"]},{"__type__":"cc.animation.HierarchyPath","path":"Sprite_22"},{"__type__":"cc.animation.Channel","_curve":{"__id__":390}},{"__type__":"cc.RealCurve","bytes":{"__type__":"TypedArrayRef","ctor":"Uint8Array","offset":2862,"length":42},"keyframeValueEditorExtras":[null,null,null]},{"__type__":"cc.animation.Channel","_curve":{"__id__":392}},{"__type__":"cc.RealCurve","bytes":{"__type__":"TypedArrayRef","ctor":"Uint8Array","offset":2904,"length":42},"keyframeValueEditorExtras":[null,null,null]},{"__type__":"cc.animation.Channel","_curve":{"__id__":394}},{"__type__":"cc.RealCurve","bytes":{"__type__":"TypedArrayRef","ctor":"Uint8Array","offset":2946,"length":42},"keyframeValueEditorExtras":[null,null,null]},{"__type__":"cc.animation.Channel","_curve":{"__id__":396}},{"__type__":"cc.RealCurve","bytes":{"__type__":"TypedArrayRef","ctor":"Uint8Array","offset":2988,"length":6}},{"__type__":"cc.animation.RealTrack","_binding":{"__type__":"cc.animation.TrackBinding","path":{"__id__":398},"proxy":null},"_channel":{"__id__":401}},{"__type__":"cc.animation.TrackPath","_paths":[{"__id__":399},{"__id__":400},"opacity"]},{"__type__":"cc.animation.HierarchyPath","path":"Sprite_22"},{"__type__":"cc.animation.ComponentPath","component":"cc.UIOpacity"},{"__type__":"cc.animation.Channel","_curve":{"__id__":402}},{"__type__":"cc.RealCurve","bytes":{"__type__":"TypedArrayRef","ctor":"Uint8Array","offset":2994,"length":42},"keyframeValueEditorExtras":[null,null,null]},{"__type__":"cc.animation.ObjectTrack","_binding":{"__type__":"cc.animation.TrackBinding","path":{"__id__":404},"proxy":null},"_channel":{"__id__":407}},{"__type__":"cc.animation.TrackPath","_paths":[{"__id__":405},{"__id__":406},"spriteFrame"]},{"__type__":"cc.animation.HierarchyPath","path":"Sprite_22"},{"__type__":"cc.animation.ComponentPath","component":"cc.Sprite"},{"__type__":"cc.animation.Channel","_curve":{"__id__":408}},{"__type__":"cc.ObjectCurve","_times":[0],"_values":[{"__uuid__":"91Ilf2rtJDWJqp7BF9xS3j@36fc4","__expectedType__":"cc.Asset"}]},{"__type__":"cc.animation.VectorTrack","_binding":{"__type__":"cc.animation.TrackBinding","path":{"__id__":410},"proxy":null},"_channels":[{"__id__":412},{"__id__":414},{"__id__":416},{"__id__":418}],"_nComponents":3},{"__type__":"cc.animation.TrackPath","_paths":[{"__id__":411},"position"]},{"__type__":"cc.animation.HierarchyPath","path":"Sprite_23"},{"__type__":"cc.animation.Channel","_curve":{"__id__":413}},{"__type__":"cc.RealCurve","bytes":{"__type__":"TypedArrayRef","ctor":"Uint8Array","offset":3036,"length":42},"keyframeValueEditorExtras":[null,null,null]},{"__type__":"cc.animation.Channel","_curve":{"__id__":415}},{"__type__":"cc.RealCurve","bytes":{"__type__":"TypedArrayRef","ctor":"Uint8Array","offset":3078,"length":42},"keyframeValueEditorExtras":[null,null,null]},{"__type__":"cc.animation.Channel","_curve":{"__id__":417}},{"__type__":"cc.RealCurve","bytes":{"__type__":"TypedArrayRef","ctor":"Uint8Array","offset":3120,"length":42},"keyframeValueEditorExtras":[null,null,null]},{"__type__":"cc.animation.Channel","_curve":{"__id__":419}},{"__type__":"cc.RealCurve","bytes":{"__type__":"TypedArrayRef","ctor":"Uint8Array","offset":3162,"length":6}},{"__type__":"cc.animation.VectorTrack","_binding":{"__type__":"cc.animation.TrackBinding","path":{"__id__":421},"proxy":null},"_channels":[{"__id__":423},{"__id__":425},{"__id__":427},{"__id__":429}],"_nComponents":3},{"__type__":"cc.animation.TrackPath","_paths":[{"__id__":422},"eulerAngles"]},{"__type__":"cc.animation.HierarchyPath","path":"Sprite_23"},{"__type__":"cc.animation.Channel","_curve":{"__id__":424}},{"__type__":"cc.RealCurve","bytes":{"__type__":"TypedArrayRef","ctor":"Uint8Array","offset":3168,"length":42},"keyframeValueEditorExtras":[null,null,null]},{"__type__":"cc.animation.Channel","_curve":{"__id__":426}},{"__type__":"cc.RealCurve","bytes":{"__type__":"TypedArrayRef","ctor":"Uint8Array","offset":3210,"length":42},"keyframeValueEditorExtras":[null,null,null]},{"__type__":"cc.animation.Channel","_curve":{"__id__":428}},{"__type__":"cc.RealCurve","bytes":{"__type__":"TypedArrayRef","ctor":"Uint8Array","offset":3252,"length":42},"keyframeValueEditorExtras":[null,null,null]},{"__type__":"cc.animation.Channel","_curve":{"__id__":430}},{"__type__":"cc.RealCurve","bytes":{"__type__":"TypedArrayRef","ctor":"Uint8Array","offset":3294,"length":6}},{"__type__":"cc.animation.RealTrack","_binding":{"__type__":"cc.animation.TrackBinding","path":{"__id__":432},"proxy":null},"_channel":{"__id__":435}},{"__type__":"cc.animation.TrackPath","_paths":[{"__id__":433},{"__id__":434},"opacity"]},{"__type__":"cc.animation.HierarchyPath","path":"Sprite_23"},{"__type__":"cc.animation.ComponentPath","component":"cc.UIOpacity"},{"__type__":"cc.animation.Channel","_curve":{"__id__":436}},{"__type__":"cc.RealCurve","bytes":{"__type__":"TypedArrayRef","ctor":"Uint8Array","offset":3300,"length":42},"keyframeValueEditorExtras":[null,null,null]},{"__type__":"cc.animation.ObjectTrack","_binding":{"__type__":"cc.animation.TrackBinding","path":{"__id__":438},"proxy":null},"_channel":{"__id__":441}},{"__type__":"cc.animation.TrackPath","_paths":[{"__id__":439},{"__id__":440},"spriteFrame"]},{"__type__":"cc.animation.HierarchyPath","path":"Sprite_23"},{"__type__":"cc.animation.ComponentPath","component":"cc.Sprite"},{"__type__":"cc.animation.Channel","_curve":{"__id__":442}},{"__type__":"cc.ObjectCurve","_times":[0],"_values":[{"__uuid__":"91Ilf2rtJDWJqp7BF9xS3j@52138","__expectedType__":"cc.Asset"}]},{"__type__":"cc.animation.VectorTrack","_binding":{"__type__":"cc.animation.TrackBinding","path":{"__id__":444},"proxy":null},"_channels":[{"__id__":446},{"__id__":448},{"__id__":450},{"__id__":452}],"_nComponents":3},{"__type__":"cc.animation.TrackPath","_paths":[{"__id__":445},"position"]},{"__type__":"cc.animation.HierarchyPath","path":"Sprite_42"},{"__type__":"cc.animation.Channel","_curve":{"__id__":447}},{"__type__":"cc.RealCurve","bytes":{"__type__":"TypedArrayRef","ctor":"Uint8Array","offset":3342,"length":30},"keyframeValueEditorExtras":[null,null]},{"__type__":"cc.animation.Channel","_curve":{"__id__":449}},{"__type__":"cc.RealCurve","bytes":{"__type__":"TypedArrayRef","ctor":"Uint8Array","offset":3372,"length":30},"keyframeValueEditorExtras":[null,null]},{"__type__":"cc.animation.Channel","_curve":{"__id__":451}},{"__type__":"cc.RealCurve","bytes":{"__type__":"TypedArrayRef","ctor":"Uint8Array","offset":3402,"length":30},"keyframeValueEditorExtras":[null,null]},{"__type__":"cc.animation.Channel","_curve":{"__id__":453}},{"__type__":"cc.RealCurve","bytes":{"__type__":"TypedArrayRef","ctor":"Uint8Array","offset":3432,"length":6}},{"__type__":"cc.animation.RealTrack","_binding":{"__type__":"cc.animation.TrackBinding","path":{"__id__":455},"proxy":null},"_channel":{"__id__":458}},{"__type__":"cc.animation.TrackPath","_paths":[{"__id__":456},{"__id__":457},"opacity"]},{"__type__":"cc.animation.HierarchyPath","path":"Sprite_42"},{"__type__":"cc.animation.ComponentPath","component":"cc.UIOpacity"},{"__type__":"cc.animation.Channel","_curve":{"__id__":459}},{"__type__":"cc.RealCurve","bytes":{"__type__":"TypedArrayRef","ctor":"Uint8Array","offset":3438,"length":30},"keyframeValueEditorExtras":[null,null]},{"__type__":"cc.animation.ObjectTrack","_binding":{"__type__":"cc.animation.TrackBinding","path":{"__id__":461},"proxy":null},"_channel":{"__id__":464}},{"__type__":"cc.animation.TrackPath","_paths":[{"__id__":462},{"__id__":463},"spriteFrame"]},{"__type__":"cc.animation.HierarchyPath","path":"Sprite_42"},{"__type__":"cc.animation.ComponentPath","component":"cc.Sprite"},{"__type__":"cc.animation.Channel","_curve":{"__id__":465}},{"__type__":"cc.ObjectCurve","_times":[0],"_values":[{"__uuid__":"91Ilf2rtJDWJqp7BF9xS3j@ef438","__expectedType__":"cc.Asset"}]},{"__type__":"cc.animation.VectorTrack","_binding":{"__type__":"cc.animation.TrackBinding","path":{"__id__":467},"proxy":null},"_channels":[{"__id__":469},{"__id__":471},{"__id__":473},{"__id__":475}],"_nComponents":3},{"__type__":"cc.animation.TrackPath","_paths":[{"__id__":468},"scale"]},{"__type__":"cc.animation.HierarchyPath","path":"Sprite_2"},{"__type__":"cc.animation.Channel","_curve":{"__id__":470}},{"__type__":"cc.RealCurve","bytes":{"__type__":"TypedArrayRef","ctor":"Uint8Array","offset":3468,"length":18},"keyframeValueEditorExtras":[null]},{"__type__":"cc.animation.Channel","_curve":{"__id__":472}},{"__type__":"cc.RealCurve","bytes":{"__type__":"TypedArrayRef","ctor":"Uint8Array","offset":3486,"length":18},"keyframeValueEditorExtras":[null]},{"__type__":"cc.animation.Channel","_curve":{"__id__":474}},{"__type__":"cc.RealCurve","bytes":{"__type__":"TypedArrayRef","ctor":"Uint8Array","offset":3504,"length":6}},{"__type__":"cc.animation.Channel","_curve":{"__id__":476}},{"__type__":"cc.RealCurve","bytes":{"__type__":"TypedArrayRef","ctor":"Uint8Array","offset":3510,"length":6}},{"__type__":"cc.animation.VectorTrack","_binding":{"__type__":"cc.animation.TrackBinding","path":{"__id__":478},"proxy":null},"_channels":[{"__id__":480},{"__id__":482},{"__id__":484},{"__id__":486}],"_nComponents":3},{"__type__":"cc.animation.TrackPath","_paths":[{"__id__":479},"scale"]},{"__type__":"cc.animation.HierarchyPath","path":"Sprite_2_0"},{"__type__":"cc.animation.Channel","_curve":{"__id__":481}},{"__type__":"cc.RealCurve","bytes":{"__type__":"TypedArrayRef","ctor":"Uint8Array","offset":3516,"length":18},"keyframeValueEditorExtras":[null]},{"__type__":"cc.animation.Channel","_curve":{"__id__":483}},{"__type__":"cc.RealCurve","bytes":{"__type__":"TypedArrayRef","ctor":"Uint8Array","offset":3534,"length":18},"keyframeValueEditorExtras":[null]},{"__type__":"cc.animation.Channel","_curve":{"__id__":485}},{"__type__":"cc.RealCurve","bytes":{"__type__":"TypedArrayRef","ctor":"Uint8Array","offset":3552,"length":6}},{"__type__":"cc.animation.Channel","_curve":{"__id__":487}},{"__type__":"cc.RealCurve","bytes":{"__type__":"TypedArrayRef","ctor":"Uint8Array","offset":3558,"length":6}},{"__type__":"cc.animation.VectorTrack","_binding":{"__type__":"cc.animation.TrackBinding","path":{"__id__":489},"proxy":null},"_channels":[{"__id__":491},{"__id__":493},{"__id__":495},{"__id__":497}],"_nComponents":3},{"__type__":"cc.animation.TrackPath","_paths":[{"__id__":490},"scale"]},{"__type__":"cc.animation.HierarchyPath","path":"Node_5/tx_youxichang_wangzha_light03_10"},{"__type__":"cc.animation.Channel","_curve":{"__id__":492}},{"__type__":"cc.RealCurve","bytes":{"__type__":"TypedArrayRef","ctor":"Uint8Array","offset":3564,"length":30},"keyframeValueEditorExtras":[null,null]},{"__type__":"cc.animation.Channel","_curve":{"__id__":494}},{"__type__":"cc.RealCurve","bytes":{"__type__":"TypedArrayRef","ctor":"Uint8Array","offset":3594,"length":30},"keyframeValueEditorExtras":[null,null]},{"__type__":"cc.animation.Channel","_curve":{"__id__":496}},{"__type__":"cc.RealCurve","bytes":{"__type__":"TypedArrayRef","ctor":"Uint8Array","offset":3624,"length":6}},{"__type__":"cc.animation.Channel","_curve":{"__id__":498}},{"__type__":"cc.RealCurve","bytes":{"__type__":"TypedArrayRef","ctor":"Uint8Array","offset":3630,"length":6}},{"__type__":"cc.animation.VectorTrack","_binding":{"__type__":"cc.animation.TrackBinding","path":{"__id__":500},"proxy":null},"_channels":[{"__id__":502},{"__id__":504},{"__id__":506},{"__id__":508}],"_nComponents":3},{"__type__":"cc.animation.TrackPath","_paths":[{"__id__":501},"scale"]},{"__type__":"cc.animation.HierarchyPath","path":"Node_5/tx_youxichang_wangzha_light03_10_0"},{"__type__":"cc.animation.Channel","_curve":{"__id__":503}},{"__type__":"cc.RealCurve","bytes":{"__type__":"TypedArrayRef","ctor":"Uint8Array","offset":3636,"length":18},"keyframeValueEditorExtras":[null]},{"__type__":"cc.animation.Channel","_curve":{"__id__":505}},{"__type__":"cc.RealCurve","bytes":{"__type__":"TypedArrayRef","ctor":"Uint8Array","offset":3654,"length":18},"keyframeValueEditorExtras":[null]},{"__type__":"cc.animation.Channel","_curve":{"__id__":507}},{"__type__":"cc.RealCurve","bytes":{"__type__":"TypedArrayRef","ctor":"Uint8Array","offset":3672,"length":6}},{"__type__":"cc.animation.Channel","_curve":{"__id__":509}},{"__type__":"cc.RealCurve","bytes":{"__type__":"TypedArrayRef","ctor":"Uint8Array","offset":3678,"length":6}},{"__type__":"cc.animation.VectorTrack","_binding":{"__type__":"cc.animation.TrackBinding","path":{"__id__":511},"proxy":null},"_channels":[{"__id__":513},{"__id__":515},{"__id__":517},{"__id__":519}],"_nComponents":3},{"__type__":"cc.animation.TrackPath","_paths":[{"__id__":512},"scale"]},{"__type__":"cc.animation.HierarchyPath","path":"Node_5"},{"__type__":"cc.animation.Channel","_curve":{"__id__":514}},{"__type__":"cc.RealCurve","bytes":{"__type__":"TypedArrayRef","ctor":"Uint8Array","offset":3684,"length":18},"keyframeValueEditorExtras":[null]},{"__type__":"cc.animation.Channel","_curve":{"__id__":516}},{"__type__":"cc.RealCurve","bytes":{"__type__":"TypedArrayRef","ctor":"Uint8Array","offset":3702,"length":18},"keyframeValueEditorExtras":[null]},{"__type__":"cc.animation.Channel","_curve":{"__id__":518}},{"__type__":"cc.RealCurve","bytes":{"__type__":"TypedArrayRef","ctor":"Uint8Array","offset":3720,"length":6}},{"__type__":"cc.animation.Channel","_curve":{"__id__":520}},{"__type__":"cc.RealCurve","bytes":{"__type__":"TypedArrayRef","ctor":"Uint8Array","offset":3726,"length":6}},{"__type__":"cc.animation.VectorTrack","_binding":{"__type__":"cc.animation.TrackBinding","path":{"__id__":522},"proxy":null},"_channels":[{"__id__":524},{"__id__":526},{"__id__":528},{"__id__":530}],"_nComponents":3},{"__type__":"cc.animation.TrackPath","_paths":[{"__id__":523},"scale"]},{"__type__":"cc.animation.HierarchyPath","path":"Node_1"},{"__type__":"cc.animation.Channel","_curve":{"__id__":525}},{"__type__":"cc.RealCurve","bytes":{"__type__":"TypedArrayRef","ctor":"Uint8Array","offset":3732,"length":18},"keyframeValueEditorExtras":[null]},{"__type__":"cc.animation.Channel","_curve":{"__id__":527}},{"__type__":"cc.RealCurve","bytes":{"__type__":"TypedArrayRef","ctor":"Uint8Array","offset":3750,"length":18},"keyframeValueEditorExtras":[null]},{"__type__":"cc.animation.Channel","_curve":{"__id__":529}},{"__type__":"cc.RealCurve","bytes":{"__type__":"TypedArrayRef","ctor":"Uint8Array","offset":3768,"length":6}},{"__type__":"cc.animation.Channel","_curve":{"__id__":531}},{"__type__":"cc.RealCurve","bytes":{"__type__":"TypedArrayRef","ctor":"Uint8Array","offset":3774,"length":6}},{"__type__":"cc.animation.VectorTrack","_binding":{"__type__":"cc.animation.TrackBinding","path":{"__id__":533},"proxy":null},"_channels":[{"__id__":535},{"__id__":537},{"__id__":539},{"__id__":541}],"_nComponents":3},{"__type__":"cc.animation.TrackPath","_paths":[{"__id__":534},"scale"]},{"__type__":"cc.animation.HierarchyPath","path":"Node_1_0"},{"__type__":"cc.animation.Channel","_curve":{"__id__":536}},{"__type__":"cc.RealCurve","bytes":{"__type__":"TypedArrayRef","ctor":"Uint8Array","offset":3780,"length":18},"keyframeValueEditorExtras":[null]},{"__type__":"cc.animation.Channel","_curve":{"__id__":538}},{"__type__":"cc.RealCurve","bytes":{"__type__":"TypedArrayRef","ctor":"Uint8Array","offset":3798,"length":18},"keyframeValueEditorExtras":[null]},{"__type__":"cc.animation.Channel","_curve":{"__id__":540}},{"__type__":"cc.RealCurve","bytes":{"__type__":"TypedArrayRef","ctor":"Uint8Array","offset":3816,"length":6}},{"__type__":"cc.animation.Channel","_curve":{"__id__":542}},{"__type__":"cc.RealCurve","bytes":{"__type__":"TypedArrayRef","ctor":"Uint8Array","offset":3822,"length":6}},{"__type__":"cc.animation.VectorTrack","_binding":{"__type__":"cc.animation.TrackBinding","path":{"__id__":544},"proxy":null},"_channels":[{"__id__":546},{"__id__":548},{"__id__":550},{"__id__":552}],"_nComponents":3},{"__type__":"cc.animation.TrackPath","_paths":[{"__id__":545},"scale"]},{"__type__":"cc.animation.HierarchyPath","path":"Sprite_22"},{"__type__":"cc.animation.Channel","_curve":{"__id__":547}},{"__type__":"cc.RealCurve","bytes":{"__type__":"TypedArrayRef","ctor":"Uint8Array","offset":3828,"length":30},"keyframeValueEditorExtras":[null,null]},{"__type__":"cc.animation.Channel","_curve":{"__id__":549}},{"__type__":"cc.RealCurve","bytes":{"__type__":"TypedArrayRef","ctor":"Uint8Array","offset":3858,"length":30},"keyframeValueEditorExtras":[null,null]},{"__type__":"cc.animation.Channel","_curve":{"__id__":551}},{"__type__":"cc.RealCurve","bytes":{"__type__":"TypedArrayRef","ctor":"Uint8Array","offset":3888,"length":6}},{"__type__":"cc.animation.Channel","_curve":{"__id__":553}},{"__type__":"cc.RealCurve","bytes":{"__type__":"TypedArrayRef","ctor":"Uint8Array","offset":3894,"length":6}},{"__type__":"cc.animation.VectorTrack","_binding":{"__type__":"cc.animation.TrackBinding","path":{"__id__":555},"proxy":null},"_channels":[{"__id__":557},{"__id__":559},{"__id__":561},{"__id__":563}],"_nComponents":3},{"__type__":"cc.animation.TrackPath","_paths":[{"__id__":556},"scale"]},{"__type__":"cc.animation.HierarchyPath","path":"Sprite_23"},{"__type__":"cc.animation.Channel","_curve":{"__id__":558}},{"__type__":"cc.RealCurve","bytes":{"__type__":"TypedArrayRef","ctor":"Uint8Array","offset":3900,"length":30},"keyframeValueEditorExtras":[null,null]},{"__type__":"cc.animation.Channel","_curve":{"__id__":560}},{"__type__":"cc.RealCurve","bytes":{"__type__":"TypedArrayRef","ctor":"Uint8Array","offset":3930,"length":30},"keyframeValueEditorExtras":[null,null]},{"__type__":"cc.animation.Channel","_curve":{"__id__":562}},{"__type__":"cc.RealCurve","bytes":{"__type__":"TypedArrayRef","ctor":"Uint8Array","offset":3960,"length":6}},{"__type__":"cc.animation.Channel","_curve":{"__id__":564}},{"__type__":"cc.RealCurve","bytes":{"__type__":"TypedArrayRef","ctor":"Uint8Array","offset":3966,"length":6}},{"__type__":"cc.animation.VectorTrack","_binding":{"__type__":"cc.animation.TrackBinding","path":{"__id__":566},"proxy":null},"_channels":[{"__id__":568},{"__id__":570},{"__id__":572},{"__id__":574}],"_nComponents":3},{"__type__":"cc.animation.TrackPath","_paths":[{"__id__":567},"scale"]},{"__type__":"cc.animation.HierarchyPath","path":"Sprite_42"},{"__type__":"cc.animation.Channel","_curve":{"__id__":569}},{"__type__":"cc.RealCurve","bytes":{"__type__":"TypedArrayRef","ctor":"Uint8Array","offset":3972,"length":30},"keyframeValueEditorExtras":[null,null]},{"__type__":"cc.animation.Channel","_curve":{"__id__":571}},{"__type__":"cc.RealCurve","bytes":{"__type__":"TypedArrayRef","ctor":"Uint8Array","offset":4002,"length":30},"keyframeValueEditorExtras":[null,null]},{"__type__":"cc.animation.Channel","_curve":{"__id__":573}},{"__type__":"cc.RealCurve","bytes":{"__type__":"TypedArrayRef","ctor":"Uint8Array","offset":4032,"length":6}},{"__type__":"cc.animation.Channel","_curve":{"__id__":575}},{"__type__":"cc.RealCurve","bytes":{"__type__":"TypedArrayRef","ctor":"Uint8Array","offset":4038,"length":6}}],"chunks":[".bin"]}
