[1,["f88zeSu+1ESYP1OdZEB2Qg@6c48a"],["_textureSource"],["cc.SpriteFrame"],0,[{"name":"DDZ_2bei","rect":{"x":2,"y":1,"width":125,"height":74},"offset":{"x":0,"y":0.5},"originalSize":{"width":129,"height":77},"rotated":false,"capInsets":[0,0,0,0],"vertices":{"rawPosition":[-62.5,-37,0,62.5,-37,0,-62.5,37,0,62.5,37,0],"indexes":[0,1,2,2,1,3],"uv":[2,76,127,76,2,2,127,2],"nuv":[0.015503875968992248,0.025974025974025976,0.9844961240310077,0.025974025974025976,0.015503875968992248,0.987012987012987,0.9844961240310077,0.987012987012987],"minPos":{"x":-62.5,"y":-37,"z":0},"maxPos":{"x":62.5,"y":37,"z":0}},"packable":true,"pixelsToUnit":100,"pivot":{"x":0.5,"y":0.5},"meshType":0}],[0],0,[0],[0],[0]]
