[1,["c8FFbedjRB+5yDO79frGma@f9941","c8FFbedjRB+5yDO79frGma@6c48a"],["spriteFrame","_textureSource"],["cc.SpriteFrame",["cc.BitmapFont",["_name","fontSize","fntConfig"],0]],[[1,0,1,2,4]],[[[[0,"yxc_pz_sz_yy-num",32,{"commonHeight":60,"fontSize":32,"atlasName":"yxc_pz_sz_yy-num.png","fontDefDictionary":{"9":{"xOffset":0,"yOffset":0,"xAdvance":8,"rect":{"x":0,"y":0,"width":0,"height":0}},"32":{"xOffset":0,"yOffset":0,"xAdvance":1,"rect":{"x":0,"y":0,"width":0,"height":0}},"40":{"xOffset":0,"yOffset":-4,"xAdvance":106,"rect":{"x":0,"y":0,"width":106,"height":76}},"43":{"xOffset":0,"yOffset":10,"xAdvance":48,"rect":{"x":0,"y":215,"width":48,"height":48}},"46":{"xOffset":0,"yOffset":40,"xAdvance":19,"rect":{"x":49,"y":222,"width":19,"height":20}},"48":{"xOffset":0,"yOffset":2,"xAdvance":41,"rect":{"x":188,"y":118,"width":41,"height":58}},"49":{"xOffset":0,"yOffset":2,"xAdvance":36,"rect":{"x":195,"y":58,"width":36,"height":57}},"50":{"xOffset":0,"yOffset":1,"xAdvance":44,"rect":{"x":107,"y":0,"width":44,"height":58}},"51":{"xOffset":0,"yOffset":1,"xAdvance":43,"rect":{"x":144,"y":195,"width":43,"height":59}},"52":{"xOffset":0,"yOffset":2,"xAdvance":42,"rect":{"x":152,"y":60,"width":42,"height":57}},"53":{"xOffset":0,"yOffset":2,"xAdvance":45,"rect":{"x":106,"y":77,"width":45,"height":58}},"54":{"xOffset":0,"yOffset":2,"xAdvance":43,"rect":{"x":144,"y":136,"width":43,"height":58}},"55":{"xOffset":0,"yOffset":2,"xAdvance":40,"rect":{"x":195,"y":0,"width":40,"height":57}},"56":{"xOffset":0,"yOffset":1,"xAdvance":42,"rect":{"x":152,"y":0,"width":42,"height":59}},"57":{"xOffset":0,"yOffset":1,"xAdvance":41,"rect":{"x":188,"y":177,"width":41,"height":59}},"19975":{"xOffset":0,"yOffset":3,"xAdvance":77,"rect":{"x":0,"y":153,"width":77,"height":61}},"20159":{"xOffset":0,"yOffset":-4,"xAdvance":65,"rect":{"x":78,"y":153,"width":65,"height":68}},"23553":{"xOffset":0,"yOffset":-3,"xAdvance":105,"rect":{"x":0,"y":77,"width":105,"height":75}}},"kerningDict":{}}]],0,0,[0],[0],[0]],[[{"name":"yxc_pz_sz_yy-num","rect":{"x":0,"y":0,"width":235,"height":263},"offset":{"x":-0.5,"y":0.5},"originalSize":{"width":236,"height":264},"rotated":false,"capInsets":[0,0,0,0],"vertices":{"rawPosition":[-117.5,-131.5,0,117.5,-131.5,0,-117.5,131.5,0,117.5,131.5,0],"indexes":[0,1,2,2,1,3],"uv":[0,264,235,264,0,1,235,1],"nuv":[0,0.003787878787878788,0.9957627118644068,0.003787878787878788,0,1,0.9957627118644068,1],"minPos":{"x":-117.5,"y":-131.5,"z":0},"maxPos":{"x":117.5,"y":131.5,"z":0}},"packable":true,"pixelsToUnit":100,"pivot":{"x":0.5,"y":0.5},"meshType":0}],[0],0,[0],[1],[1]]]]
