[1,["2eCBTo+Y5EV7TcFaoos8a+@6c48a","2eCBTo+Y5EV7TcFaoos8a+@f9941"],["_textureSource","spriteFrame"],["cc.SpriteFrame",["cc.BitmapFont",["_name","fontSize","fntConfig"],0]],[[1,0,1,2,4]],[[[{"name":"yxc_img_djs-export","rect":{"x":0,"y":0,"width":63,"height":232},"offset":{"x":-0.5,"y":12},"originalSize":{"width":64,"height":256},"rotated":false,"capInsets":[0,0,0,0],"vertices":{"rawPosition":[-31.5,-116,0,31.5,-116,0,-31.5,116,0,31.5,116,0],"indexes":[0,1,2,2,1,3],"uv":[0,256,63,256,0,24,63,24],"nuv":[0,0.09375,0.984375,0.09375,0,1,0.984375,1],"minPos":{"x":-31.5,"y":-116,"z":0},"maxPos":{"x":31.5,"y":116,"z":0}},"packable":true,"pixelsToUnit":100,"pivot":{"x":0.5,"y":0.5},"meshType":0}],[0],0,[0],[0],[0]],[[[0,"yxc_img_djs-export",32,{"commonHeight":46,"fontSize":32,"atlasName":"yxc_img_djs-export.png","fontDefDictionary":{"9":{"xOffset":0,"yOffset":0,"xAdvance":160,"rect":{"x":0,"y":0,"width":0,"height":0}},"32":{"xOffset":0,"yOffset":0,"xAdvance":20,"rect":{"x":0,"y":0,"width":0,"height":0}},"48":{"xOffset":0,"yOffset":1,"xAdvance":31,"rect":{"x":0,"y":186,"width":31,"height":46}},"49":{"xOffset":0,"yOffset":1,"xAdvance":19,"rect":{"x":33,"y":0,"width":19,"height":45}},"50":{"xOffset":0,"yOffset":1,"xAdvance":30,"rect":{"x":32,"y":186,"width":30,"height":45}},"51":{"xOffset":0,"yOffset":1,"xAdvance":30,"rect":{"x":32,"y":93,"width":30,"height":46}},"52":{"xOffset":0,"yOffset":1,"xAdvance":32,"rect":{"x":0,"y":0,"width":32,"height":45}},"53":{"xOffset":0,"yOffset":1,"xAdvance":31,"rect":{"x":32,"y":46,"width":31,"height":46}},"54":{"xOffset":0,"yOffset":1,"xAdvance":31,"rect":{"x":0,"y":139,"width":31,"height":46}},"55":{"xOffset":0,"yOffset":1,"xAdvance":30,"rect":{"x":32,"y":140,"width":30,"height":45}},"56":{"xOffset":0,"yOffset":1,"xAdvance":31,"rect":{"x":0,"y":92,"width":31,"height":46}},"57":{"xOffset":0,"yOffset":1,"xAdvance":31,"rect":{"x":0,"y":46,"width":31,"height":45}}},"kerningDict":{}}]],0,0,[0],[1],[1]]]]
