[1,["a0KikN2KlHf6iF61GV6w5+@f9941","a0KikN2KlHf6iF61GV6w5+@6c48a"],["spriteFrame","_textureSource"],["cc.SpriteFrame",["cc.BitmapFont",["_name","fontSize","fntConfig"],0]],[[1,0,1,2,4]],[[[[0,"fonts_upgrade",32,{"commonHeight":50,"fontSize":32,"atlasName":"fonts_upgrade.png","fontDefDictionary":{"9":{"xOffset":0,"yOffset":0,"xAdvance":160,"rect":{"x":0,"y":0,"width":0,"height":0}},"32":{"xOffset":0,"yOffset":0,"xAdvance":20,"rect":{"x":0,"y":0,"width":0,"height":0}},"20013":{"xOffset":0,"yOffset":2,"xAdvance":45,"rect":{"x":49,"y":0,"width":44,"height":47}},"21021":{"xOffset":0,"yOffset":3,"xAdvance":47,"rect":{"x":48,"y":146,"width":46,"height":47}},"21435":{"xOffset":0,"yOffset":2,"xAdvance":47,"rect":{"x":48,"y":97,"width":46,"height":48}},"22330":{"xOffset":0,"yOffset":2,"xAdvance":48,"rect":{"x":0,"y":146,"width":47,"height":47}},"22909":{"xOffset":0,"yOffset":2,"xAdvance":49,"rect":{"x":0,"y":49,"width":48,"height":47}},"24377":{"xOffset":0,"yOffset":2,"xAdvance":49,"rect":{"x":0,"y":0,"width":48,"height":48}},"28856":{"xOffset":0,"yOffset":2,"xAdvance":48,"rect":{"x":0,"y":97,"width":47,"height":48}},"30340":{"xOffset":0,"yOffset":2,"xAdvance":45,"rect":{"x":48,"y":194,"width":44,"height":47}},"39640":{"xOffset":0,"yOffset":1,"xAdvance":48,"rect":{"x":0,"y":194,"width":47,"height":49}}},"kerningDict":{}}]],0,0,[0],[0],[0]],[[{"name":"fonts_upgrade","rect":{"x":0,"y":0,"width":94,"height":243},"offset":{"x":-17,"y":6.5},"originalSize":{"width":128,"height":256},"rotated":false,"capInsets":[0,0,0,0],"vertices":{"rawPosition":[-47,-121.5,0,47,-121.5,0,-47,121.5,0,47,121.5,0],"indexes":[0,1,2,2,1,3],"uv":[0,256,94,256,0,13,94,13],"nuv":[0,0.05078125,0.734375,0.05078125,0,1,0.734375,1],"minPos":{"x":-47,"y":-121.5,"z":0},"maxPos":{"x":47,"y":121.5,"z":0}},"packable":true,"pixelsToUnit":100,"pivot":{"x":0.5,"y":0.5},"meshType":0}],[0],0,[0],[1],[1]]]]
