[1,["d9NFSmARpNw77OGIAkXTgN@f9941","d9NFSmARpNw77OGIAkXTgN@6c48a"],["spriteFrame","_textureSource"],["cc.SpriteFrame",["cc.BitmapFont",["_name","fontSize","fntConfig"],0]],[[1,0,1,2,4]],[[[[0,"yxc_an_jpqsz-num",32,{"commonHeight":35,"fontSize":32,"atlasName":"yxc_an_jpqsz-num.png","fontDefDictionary":{"9":{"xOffset":0,"yOffset":0,"xAdvance":8,"rect":{"x":0,"y":0,"width":0,"height":0}},"32":{"xOffset":0,"yOffset":0,"xAdvance":1,"rect":{"x":0,"y":0,"width":0,"height":0}},"49":{"xOffset":0,"yOffset":2,"xAdvance":12,"rect":{"x":21,"y":70,"width":12,"height":33}},"50":{"xOffset":0,"yOffset":1,"xAdvance":21,"rect":{"x":0,"y":35,"width":21,"height":34}},"51":{"xOffset":0,"yOffset":1,"xAdvance":20,"rect":{"x":0,"y":70,"width":20,"height":34}},"52":{"xOffset":0,"yOffset":1,"xAdvance":24,"rect":{"x":0,"y":0,"width":24,"height":34}}},"kerningDict":{}}]],0,0,[0],[0],[0]],[[{"name":"yxc_an_jpqsz-num","rect":{"x":0,"y":0,"width":33,"height":104},"offset":{"x":-15.5,"y":12},"originalSize":{"width":64,"height":128},"rotated":false,"capInsets":[0,0,0,0],"vertices":{"rawPosition":[-16.5,-52,0,16.5,-52,0,-16.5,52,0,16.5,52,0],"indexes":[0,1,2,2,1,3],"uv":[0,128,33,128,0,24,33,24],"nuv":[0,0.1875,0.515625,0.1875,0,1,0.515625,1],"minPos":{"x":-16.5,"y":-52,"z":0},"maxPos":{"x":16.5,"y":52,"z":0}},"packable":true,"pixelsToUnit":100,"pivot":{"x":0.5,"y":0.5},"meshType":0}],[0],0,[0],[1],[1]]]]
