[1,["06/Zk4EINCwbiwmS7xnNef@6c48a","06/Zk4EINCwbiwmS7xnNef@f9941"],["_textureSource","spriteFrame"],["cc.SpriteFrame",["cc.BitmapFont",["_name","fontSize","fntConfig"],0]],[[1,0,1,2,4]],[[[{"name":"selectedscenes_img_frying-export","rect":{"x":0,"y":0,"width":110,"height":56},"offset":{"x":-9,"y":4},"originalSize":{"width":128,"height":64},"rotated":false,"capInsets":[0,0,0,0],"vertices":{"rawPosition":[-55,-28,0,55,-28,0,-55,28,0,55,28,0],"indexes":[0,1,2,2,1,3],"uv":[0,64,110,64,0,8,110,8],"nuv":[0,0.125,0.859375,0.125,0,1,0.859375,1],"minPos":{"x":-55,"y":-28,"z":0},"maxPos":{"x":55,"y":28,"z":0}},"packable":true,"pixelsToUnit":100,"pivot":{"x":0.5,"y":0.5},"meshType":0}],[0],0,[0],[0],[0]],[[[0,"selectedscenes_img_frying-export",32,{"commonHeight":29,"fontSize":32,"atlasName":"selectedscenes_img_frying-export.png","fontDefDictionary":{"9":{"xOffset":0,"yOffset":0,"xAdvance":152,"rect":{"x":0,"y":0,"width":0,"height":0}},"32":{"xOffset":0,"yOffset":0,"xAdvance":19,"rect":{"x":0,"y":0,"width":0,"height":0}},"20027":{"xOffset":0,"yOffset":1,"xAdvance":31,"rect":{"x":0,"y":28,"width":28,"height":27}},"20856":{"xOffset":0,"yOffset":1,"xAdvance":31,"rect":{"x":0,"y":0,"width":28,"height":28}},"22320":{"xOffset":0,"yOffset":0,"xAdvance":30,"rect":{"x":83,"y":28,"width":27,"height":28}},"26007":{"xOffset":0,"yOffset":1,"xAdvance":31,"rect":{"x":56,"y":0,"width":28,"height":28}},"28856":{"xOffset":0,"yOffset":1,"xAdvance":31,"rect":{"x":28,"y":0,"width":28,"height":28}},"32463":{"xOffset":0,"yOffset":1,"xAdvance":30,"rect":{"x":56,"y":28,"width":27,"height":27}},"36830":{"xOffset":0,"yOffset":1,"xAdvance":31,"rect":{"x":28,"y":28,"width":28,"height":28}}},"kerningDict":{}}]],0,0,[0],[1],[1]]]]
