{"version":1,"document":[{"__type__":"cc.AnimationClip","_name":"ani_jinbaoqi","_objFlags":0,"__editorExtras__":{"embeddedPlayerGroups":[]},"_native":"","sample":60,"speed":0.3333,"wrapMode":1,"enableTrsBlending":false,"_duration":0.4166666666666667,"_hash":500763545,"_tracks":[{"__id__":1},{"__id__":12},{"__id__":18},{"__id__":24},{"__id__":35},{"__id__":46},{"__id__":52},{"__id__":58}],"_exoticAnimation":null,"_events":[],"_embeddedPlayers":[]},{"__type__":"cc.animation.VectorTrack","_binding":{"__type__":"cc.animation.TrackBinding","path":{"__id__":2},"proxy":null},"_channels":[{"__id__":4},{"__id__":6},{"__id__":8},{"__id__":10}],"_nComponents":3},{"__type__":"cc.animation.TrackPath","_paths":[{"__id__":3},"position"]},{"__type__":"cc.animation.HierarchyPath","path":"Sprite_4"},{"__type__":"cc.animation.Channel","_curve":{"__id__":5}},{"__type__":"cc.RealCurve","bytes":{"__type__":"TypedArrayRef","ctor":"Uint8Array","offset":0,"length":18},"keyframeValueEditorExtras":[null]},{"__type__":"cc.animation.Channel","_curve":{"__id__":7}},{"__type__":"cc.RealCurve","bytes":{"__type__":"TypedArrayRef","ctor":"Uint8Array","offset":18,"length":18},"keyframeValueEditorExtras":[null]},{"__type__":"cc.animation.Channel","_curve":{"__id__":9}},{"__type__":"cc.RealCurve","bytes":{"__type__":"TypedArrayRef","ctor":"Uint8Array","offset":36,"length":18},"keyframeValueEditorExtras":[null]},{"__type__":"cc.animation.Channel","_curve":{"__id__":11}},{"__type__":"cc.RealCurve","bytes":{"__type__":"TypedArrayRef","ctor":"Uint8Array","offset":54,"length":6}},{"__type__":"cc.animation.RealTrack","_binding":{"__type__":"cc.animation.TrackBinding","path":{"__id__":13},"proxy":null},"_channel":{"__id__":16}},{"__type__":"cc.animation.TrackPath","_paths":[{"__id__":14},{"__id__":15},"opacity"]},{"__type__":"cc.animation.HierarchyPath","path":"Sprite_4"},{"__type__":"cc.animation.ComponentPath","component":"cc.UIOpacity"},{"__type__":"cc.animation.Channel","_curve":{"__id__":17}},{"__type__":"cc.RealCurve","bytes":{"__type__":"TypedArrayRef","ctor":"Uint8Array","offset":60,"length":42},"keyframeValueEditorExtras":[null,null,null]},{"__type__":"cc.animation.ObjectTrack","_binding":{"__type__":"cc.animation.TrackBinding","path":{"__id__":19},"proxy":null},"_channel":{"__id__":22}},{"__type__":"cc.animation.TrackPath","_paths":[{"__id__":20},{"__id__":21},"spriteFrame"]},{"__type__":"cc.animation.HierarchyPath","path":"Sprite_4"},{"__type__":"cc.animation.ComponentPath","component":"cc.Sprite"},{"__type__":"cc.animation.Channel","_curve":{"__id__":23}},{"__type__":"cc.ObjectCurve","_times":[0],"_values":[{"__uuid__":"523t7yzFZACoKVFypBvqAA@3ad89","__expectedType__":"cc.Asset"}]},{"__type__":"cc.animation.VectorTrack","_binding":{"__type__":"cc.animation.TrackBinding","path":{"__id__":25},"proxy":null},"_channels":[{"__id__":27},{"__id__":29},{"__id__":31},{"__id__":33}],"_nComponents":3},{"__type__":"cc.animation.TrackPath","_paths":[{"__id__":26},"position"]},{"__type__":"cc.animation.HierarchyPath","path":"Sprite_3"},{"__type__":"cc.animation.Channel","_curve":{"__id__":28}},{"__type__":"cc.RealCurve","bytes":{"__type__":"TypedArrayRef","ctor":"Uint8Array","offset":102,"length":30},"keyframeValueEditorExtras":[null,null]},{"__type__":"cc.animation.Channel","_curve":{"__id__":30}},{"__type__":"cc.RealCurve","bytes":{"__type__":"TypedArrayRef","ctor":"Uint8Array","offset":132,"length":30},"keyframeValueEditorExtras":[null,null]},{"__type__":"cc.animation.Channel","_curve":{"__id__":32}},{"__type__":"cc.RealCurve","bytes":{"__type__":"TypedArrayRef","ctor":"Uint8Array","offset":162,"length":30},"keyframeValueEditorExtras":[null,null]},{"__type__":"cc.animation.Channel","_curve":{"__id__":34}},{"__type__":"cc.RealCurve","bytes":{"__type__":"TypedArrayRef","ctor":"Uint8Array","offset":192,"length":6}},{"__type__":"cc.animation.VectorTrack","_binding":{"__type__":"cc.animation.TrackBinding","path":{"__id__":36},"proxy":null},"_channels":[{"__id__":38},{"__id__":40},{"__id__":42},{"__id__":44}],"_nComponents":3},{"__type__":"cc.animation.TrackPath","_paths":[{"__id__":37},"eulerAngles"]},{"__type__":"cc.animation.HierarchyPath","path":"Sprite_3"},{"__type__":"cc.animation.Channel","_curve":{"__id__":39}},{"__type__":"cc.RealCurve","bytes":{"__type__":"TypedArrayRef","ctor":"Uint8Array","offset":198,"length":18},"keyframeValueEditorExtras":[null]},{"__type__":"cc.animation.Channel","_curve":{"__id__":41}},{"__type__":"cc.RealCurve","bytes":{"__type__":"TypedArrayRef","ctor":"Uint8Array","offset":216,"length":18},"keyframeValueEditorExtras":[null]},{"__type__":"cc.animation.Channel","_curve":{"__id__":43}},{"__type__":"cc.RealCurve","bytes":{"__type__":"TypedArrayRef","ctor":"Uint8Array","offset":234,"length":18},"keyframeValueEditorExtras":[null]},{"__type__":"cc.animation.Channel","_curve":{"__id__":45}},{"__type__":"cc.RealCurve","bytes":{"__type__":"TypedArrayRef","ctor":"Uint8Array","offset":252,"length":6}},{"__type__":"cc.animation.RealTrack","_binding":{"__type__":"cc.animation.TrackBinding","path":{"__id__":47},"proxy":null},"_channel":{"__id__":50}},{"__type__":"cc.animation.TrackPath","_paths":[{"__id__":48},{"__id__":49},"opacity"]},{"__type__":"cc.animation.HierarchyPath","path":"Sprite_3"},{"__type__":"cc.animation.ComponentPath","component":"cc.UIOpacity"},{"__type__":"cc.animation.Channel","_curve":{"__id__":51}},{"__type__":"cc.RealCurve","bytes":{"__type__":"TypedArrayRef","ctor":"Uint8Array","offset":258,"length":54},"keyframeValueEditorExtras":[null,null,null,null]},{"__type__":"cc.animation.ObjectTrack","_binding":{"__type__":"cc.animation.TrackBinding","path":{"__id__":53},"proxy":null},"_channel":{"__id__":56}},{"__type__":"cc.animation.TrackPath","_paths":[{"__id__":54},{"__id__":55},"spriteFrame"]},{"__type__":"cc.animation.HierarchyPath","path":"Sprite_3"},{"__type__":"cc.animation.ComponentPath","component":"cc.Sprite"},{"__type__":"cc.animation.Channel","_curve":{"__id__":57}},{"__type__":"cc.ObjectCurve","_times":[0],"_values":[{"__uuid__":"523t7yzFZACoKVFypBvqAA@f38dc","__expectedType__":"cc.Asset"}]},{"__type__":"cc.animation.VectorTrack","_binding":{"__type__":"cc.animation.TrackBinding","path":{"__id__":59},"proxy":null},"_channels":[{"__id__":61},{"__id__":63},{"__id__":65},{"__id__":67}],"_nComponents":3},{"__type__":"cc.animation.TrackPath","_paths":[{"__id__":60},"scale"]},{"__type__":"cc.animation.HierarchyPath","path":"Sprite_3"},{"__type__":"cc.animation.Channel","_curve":{"__id__":62}},{"__type__":"cc.RealCurve","bytes":{"__type__":"TypedArrayRef","ctor":"Uint8Array","offset":312,"length":54},"keyframeValueEditorExtras":[null,null,null,null]},{"__type__":"cc.animation.Channel","_curve":{"__id__":64}},{"__type__":"cc.RealCurve","bytes":{"__type__":"TypedArrayRef","ctor":"Uint8Array","offset":366,"length":54},"keyframeValueEditorExtras":[null,null,null,null]},{"__type__":"cc.animation.Channel","_curve":{"__id__":66}},{"__type__":"cc.RealCurve","bytes":{"__type__":"TypedArrayRef","ctor":"Uint8Array","offset":420,"length":6}},{"__type__":"cc.animation.Channel","_curve":{"__id__":68}},{"__type__":"cc.RealCurve","bytes":{"__type__":"TypedArrayRef","ctor":"Uint8Array","offset":426,"length":6}}],"chunks":[".bin"]}
