[1,["00WuRLRidC8rxHf6B82a0w@6c48a","00WuRLRidC8rxHf6B82a0w@f9941"],["_textureSource","spriteFrame"],["cc.SpriteFrame",["cc.BitmapFont",["_name","fontSize","fntConfig"],0]],[[1,0,1,2,4]],[[[{"name":"p_win_1","rect":{"x":0,"y":0,"width":105,"height":254},"offset":{"x":-11.5,"y":1},"originalSize":{"width":128,"height":256},"rotated":false,"capInsets":[0,0,0,0],"vertices":{"rawPosition":[-52.5,-127,0,52.5,-127,0,-52.5,127,0,52.5,127,0],"indexes":[0,1,2,2,1,3],"uv":[0,256,105,256,0,2,105,2],"nuv":[0,0.0078125,0.8203125,0.0078125,0,1,0.8203125,1],"minPos":{"x":-52.5,"y":-127,"z":0},"maxPos":{"x":52.5,"y":127,"z":0}},"packable":true,"pixelsToUnit":100,"pivot":{"x":0.5,"y":0.5},"meshType":0}],[0],0,[0],[0],[0]],[[[0,"p_win_1",32,{"commonHeight":44,"fontSize":32,"atlasName":"p_win_1.png","fontDefDictionary":{"9":{"xOffset":0,"yOffset":0,"xAdvance":160,"rect":{"x":0,"y":0,"width":0,"height":0}},"32":{"xOffset":0,"yOffset":0,"xAdvance":20,"rect":{"x":0,"y":0,"width":0,"height":0}},"43":{"xOffset":0,"yOffset":5,"xAdvance":32,"rect":{"x":36,"y":220,"width":32,"height":34}},"46":{"xOffset":0,"yOffset":25,"xAdvance":16,"rect":{"x":0,"y":222,"width":16,"height":14}},"48":{"xOffset":0,"yOffset":0,"xAdvance":34,"rect":{"x":71,"y":89,"width":34,"height":44}},"49":{"xOffset":0,"yOffset":0,"xAdvance":27,"rect":{"x":39,"y":0,"width":27,"height":43}},"50":{"xOffset":0,"yOffset":0,"xAdvance":38,"rect":{"x":0,"y":0,"width":38,"height":43}},"51":{"xOffset":0,"yOffset":0,"xAdvance":34,"rect":{"x":36,"y":175,"width":34,"height":44}},"52":{"xOffset":0,"yOffset":0,"xAdvance":36,"rect":{"x":0,"y":88,"width":36,"height":43}},"53":{"xOffset":0,"yOffset":1,"xAdvance":36,"rect":{"x":0,"y":44,"width":36,"height":43}},"54":{"xOffset":0,"yOffset":0,"xAdvance":35,"rect":{"x":0,"y":132,"width":35,"height":44}},"55":{"xOffset":0,"yOffset":1,"xAdvance":34,"rect":{"x":36,"y":132,"width":34,"height":42}},"56":{"xOffset":0,"yOffset":0,"xAdvance":34,"rect":{"x":37,"y":44,"width":34,"height":44}},"57":{"xOffset":0,"yOffset":0,"xAdvance":35,"rect":{"x":0,"y":177,"width":35,"height":44}}},"kerningDict":{}}]],0,0,[0],[1],[1]]]]
