[1,["1f82696d5@6c48a"],["_textureSource"],["cc.SpriteFrame"],0,[[[{"name":"num_red_K","rect":{"x":145,"y":906,"width":37,"height":50},"offset":{"x":0,"y":-0.5},"originalSize":{"width":43,"height":57},"rotated":false,"capInsets":[0,0,0,0],"packable":true,"pixelsToUnit":100,"pivot":{"x":0.5,"y":0.5},"meshType":0}],[0],0,[0],[0],[0]],[[{"name":"yxc_zd3","rect":{"x":169,"y":643,"width":42,"height":78},"offset":{"x":0,"y":0},"originalSize":{"width":42,"height":78},"rotated":false,"capInsets":[0,0,0,0],"packable":true,"pixelsToUnit":100,"pivot":{"x":0.5,"y":0.5},"meshType":0}],[0],0,[0],[0],[0]],[[{"name":"type.heart","rect":{"x":51,"y":843,"width":55,"height":50},"offset":{"x":-0.5,"y":0},"originalSize":{"width":58,"height":58},"rotated":false,"capInsets":[0,0,0,0],"packable":true,"pixelsToUnit":100,"pivot":{"x":0.5,"y":0.5},"meshType":0}],[0],0,[0],[0],[0]],[[{"name":"num_red_2","rect":{"x":270,"y":955,"width":32,"height":51},"offset":{"x":0.5,"y":0},"originalSize":{"width":43,"height":57},"rotated":false,"capInsets":[0,0,0,0],"packable":true,"pixelsToUnit":100,"pivot":{"x":0.5,"y":0.5},"meshType":0}],[0],0,[0],[0],[0]],[[{"name":"num_red_JRs","rect":{"x":144,"y":674,"width":15,"height":42},"offset":{"x":0,"y":0},"originalSize":{"width":15,"height":42},"rotated":false,"capInsets":[0,0,0,0],"packable":true,"pixelsToUnit":100,"pivot":{"x":0.5,"y":0.5},"meshType":0}],[0],0,[0],[0],[0]],[[{"name":"num_red_10","rect":{"x":60,"y":970,"width":43,"height":50},"offset":{"x":0,"y":-0.5},"originalSize":{"width":43,"height":57},"rotated":false,"capInsets":[0,0,0,0],"packable":true,"pixelsToUnit":100,"pivot":{"x":0.5,"y":0.5},"meshType":0}],[0],0,[0],[0],[0]],[[{"name":"yxc_zd5","rect":{"x":90,"y":701,"width":42,"height":78},"offset":{"x":0,"y":0},"originalSize":{"width":42,"height":78},"rotated":false,"capInsets":[0,0,0,0],"packable":true,"pixelsToUnit":100,"pivot":{"x":0.5,"y":0.5},"meshType":0}],[0],0,[0],[0],[0]],[[{"name":"yxc_zd2","rect":{"x":308,"y":609,"width":42,"height":78},"offset":{"x":0,"y":0},"originalSize":{"width":42,"height":78},"rotated":false,"capInsets":[0,0,0,0],"packable":true,"pixelsToUnit":100,"pivot":{"x":0.5,"y":0.5},"meshType":0}],[0],0,[0],[0],[0]],[[{"name":"DDZ_tisp_dizhu","rect":{"x":3,"y":343,"width":168,"height":172},"offset":{"x":0,"y":0},"originalSize":{"width":168,"height":172},"rotated":true,"capInsets":[0,0,0,0],"packable":true,"pixelsToUnit":100,"pivot":{"x":0.5,"y":0.5},"meshType":0}],[0],0,[0],[0],[0]],[[{"name":"num_black_4","rect":{"x":268,"y":900,"width":34,"height":49},"offset":{"x":0.5,"y":0},"originalSize":{"width":43,"height":57},"rotated":false,"capInsets":[0,0,0,0],"packable":true,"pixelsToUnit":100,"pivot":{"x":0.5,"y":0.5},"meshType":0}],[0],0,[0],[0],[0]],[[{"name":"logo.black.JR","rect":{"x":227,"y":3,"width":154,"height":132},"offset":{"x":-1,"y":1},"originalSize":{"width":156,"height":134},"rotated":true,"capInsets":[0,0,0,0],"packable":true,"pixelsToUnit":100,"pivot":{"x":0.5,"y":0.5},"meshType":0}],[0],0,[0],[0],[0]],[[{"name":"yxc_img_mp_s","rect":{"x":144,"y":633,"width":19,"height":35},"offset":{"x":0,"y":0},"originalSize":{"width":19,"height":35},"rotated":false,"capInsets":[0,0,0,0],"packable":true,"pixelsToUnit":100,"pivot":{"x":0.5,"y":0.5},"meshType":0}],[0],0,[0],[0],[0]],[[{"name":"num_black_K","rect":{"x":154,"y":860,"width":37,"height":50},"offset":{"x":0,"y":-0.5},"originalSize":{"width":43,"height":57},"rotated":true,"capInsets":[0,0,0,0],"packable":true,"pixelsToUnit":100,"pivot":{"x":0.5,"y":0.5},"meshType":0}],[0],0,[0],[0],[0]],[[{"name":"type.spade","rect":{"x":156,"y":797,"width":55,"height":57},"offset":{"x":-0.5,"y":-0.5},"originalSize":{"width":58,"height":58},"rotated":false,"capInsets":[0,0,0,0],"packable":true,"pixelsToUnit":100,"pivot":{"x":0.5,"y":0.5},"meshType":0}],[0],0,[0],[0],[0]],[[{"name":"logo.club","rect":{"x":3,"y":681,"width":72,"height":81},"offset":{"x":0,"y":0},"originalSize":{"width":72,"height":81},"rotated":true,"capInsets":[0,0,0,0],"packable":true,"pixelsToUnit":100,"pivot":{"x":0.5,"y":0.5},"meshType":0}],[0],0,[0],[0],[0]],[[{"name":"num_red_4","rect":{"x":306,"y":840,"width":34,"height":49},"offset":{"x":0.5,"y":0},"originalSize":{"width":43,"height":57},"rotated":true,"capInsets":[0,0,0,0],"packable":true,"pixelsToUnit":100,"pivot":{"x":0.5,"y":0.5},"meshType":0}],[0],0,[0],[0],[0]],[[{"name":"logo.spade","rect":{"x":3,"y":597,"width":78,"height":82},"offset":{"x":0,"y":0},"originalSize":{"width":78,"height":82},"rotated":true,"capInsets":[0,0,0,0],"packable":true,"pixelsToUnit":100,"pivot":{"x":0.5,"y":0.5},"meshType":0}],[0],0,[0],[0],[0]],[[{"name":"num_red_6","rect":{"x":274,"y":802,"width":32,"height":52},"offset":{"x":0.5,"y":-0.5},"originalSize":{"width":43,"height":57},"rotated":true,"capInsets":[0,0,0,0],"packable":true,"pixelsToUnit":100,"pivot":{"x":0.5,"y":0.5},"meshType":0}],[0],0,[0],[0],[0]],[[{"name":"DDZ_dizhupai_paimian","rect":{"x":3,"y":517,"width":74,"height":96},"offset":{"x":0,"y":0},"originalSize":{"width":74,"height":96},"rotated":true,"capInsets":[0,0,0,0],"packable":true,"pixelsToUnit":100,"pivot":{"x":0.5,"y":0.5},"meshType":0}],[0],0,[0],[0],[0]],[[{"name":"DDZ_mingpai","rect":{"x":217,"y":686,"width":52,"height":86},"offset":{"x":0,"y":0},"originalSize":{"width":52,"height":86},"rotated":false,"capInsets":[0,0,0,0],"packable":true,"pixelsToUnit":100,"pivot":{"x":0.5,"y":0.5},"meshType":0}],[0],0,[0],[0],[0]],[[{"name":"num_red_JR","rect":{"x":181,"y":343,"width":33,"height":178},"offset":{"x":0,"y":0},"originalSize":{"width":33,"height":178},"rotated":false,"capInsets":[0,0,0,0],"packable":true,"pixelsToUnit":100,"pivot":{"x":0.5,"y":0.5},"meshType":0}],[0],0,[0],[0],[0]],[[{"name":"num_red_5","rect":{"x":181,"y":527,"width":33,"height":52},"offset":{"x":0,"y":-0.5},"originalSize":{"width":43,"height":57},"rotated":false,"capInsets":[0,0,0,0],"packable":true,"pixelsToUnit":100,"pivot":{"x":0.5,"y":0.5},"meshType":0}],[0],0,[0],[0],[0]],[[{"name":"logo.diamond","rect":{"x":220,"y":609,"width":71,"height":82},"offset":{"x":0,"y":0},"originalSize":{"width":71,"height":82},"rotated":true,"capInsets":[0,0,0,0],"packable":true,"pixelsToUnit":100,"pivot":{"x":0.5,"y":0.5},"meshType":0}],[0],0,[0],[0],[0]],[[{"name":"num_red_Q","rect":{"x":112,"y":843,"width":36,"height":57},"offset":{"x":0.5,"y":0},"originalSize":{"width":43,"height":57},"rotated":false,"capInsets":[0,0,0,0],"packable":true,"pixelsToUnit":100,"pivot":{"x":0.5,"y":0.5},"meshType":0}],[0],0,[0],[0],[0]],[[{"name":"bg.front","rect":{"x":3,"y":3,"width":164,"height":218},"offset":{"x":0,"y":0},"originalSize":{"width":164,"height":218},"rotated":true,"capInsets":[0,0,0,0],"packable":true,"pixelsToUnit":100,"pivot":{"x":0.5,"y":0.5},"meshType":0}],[0],0,[0],[0],[0]],[[{"name":"bg.back","rect":{"x":3,"y":173,"width":164,"height":218},"offset":{"x":0,"y":0},"originalSize":{"width":164,"height":218},"rotated":true,"capInsets":[0,0,0,0],"packable":true,"pixelsToUnit":100,"pivot":{"x":0.5,"y":0.5},"meshType":0}],[0],0,[0],[0],[0]],[[{"name":"yxc_zd4","rect":{"x":3,"y":839,"width":42,"height":78},"offset":{"x":0,"y":0},"originalSize":{"width":42,"height":78},"rotated":false,"capInsets":[0,0,0,0],"packable":true,"pixelsToUnit":100,"pivot":{"x":0.5,"y":0.5},"meshType":0}],[0],0,[0],[0],[0]],[[{"name":"num_black_JR","rect":{"x":105,"y":517,"width":33,"height":178},"offset":{"x":0,"y":0},"originalSize":{"width":33,"height":178},"rotated":false,"capInsets":[0,0,0,0],"packable":true,"pixelsToUnit":100,"pivot":{"x":0.5,"y":0.5},"meshType":0}],[0],0,[0],[0],[0]],[[{"name":"num_red_9","rect":{"x":181,"y":585,"width":33,"height":52},"offset":{"x":0,"y":-0.5},"originalSize":{"width":43,"height":57},"rotated":false,"capInsets":[0,0,0,0],"packable":true,"pixelsToUnit":100,"pivot":{"x":0.5,"y":0.5},"meshType":0}],[0],0,[0],[0],[0]],[[{"name":"num_red_8","rect":{"x":151,"y":962,"width":35,"height":52},"offset":{"x":0,"y":-0.5},"originalSize":{"width":43,"height":57},"rotated":false,"capInsets":[0,0,0,0],"packable":true,"pixelsToUnit":100,"pivot":{"x":0.5,"y":0.5},"meshType":0}],[0],0,[0],[0],[0]],[[{"name":"type.diamond","rect":{"x":217,"y":778,"width":51,"height":58},"offset":{"x":-0.5,"y":0},"originalSize":{"width":58,"height":58},"rotated":false,"capInsets":[0,0,0,0],"packable":true,"pixelsToUnit":100,"pivot":{"x":0.5,"y":0.5},"meshType":0}],[0],0,[0],[0],[0]],[[{"name":"num_black_Q","rect":{"x":109,"y":962,"width":36,"height":57},"offset":{"x":0.5,"y":0},"originalSize":{"width":43,"height":57},"rotated":false,"capInsets":[0,0,0,0],"packable":true,"pixelsToUnit":100,"pivot":{"x":0.5,"y":0.5},"meshType":0}],[0],0,[0],[0],[0]],[[{"name":"num_black_10","rect":{"x":96,"y":906,"width":43,"height":50},"offset":{"x":0,"y":-0.5},"originalSize":{"width":43,"height":57},"rotated":false,"capInsets":[0,0,0,0],"packable":true,"pixelsToUnit":100,"pivot":{"x":0.5,"y":0.5},"meshType":0}],[0],0,[0],[0],[0]],[[{"name":"num_black_6","rect":{"x":232,"y":958,"width":32,"height":52},"offset":{"x":0.5,"y":-0.5},"originalSize":{"width":43,"height":57},"rotated":false,"capInsets":[0,0,0,0],"packable":true,"pixelsToUnit":100,"pivot":{"x":0.5,"y":0.5},"meshType":0}],[0],0,[0],[0],[0]],[[{"name":"logo.laizi","rect":{"x":227,"y":321,"width":120,"height":118},"offset":{"x":0,"y":0},"originalSize":{"width":120,"height":124},"rotated":false,"capInsets":[0,0,0,0],"packable":true,"pixelsToUnit":100,"pivot":{"x":0.5,"y":0.5},"meshType":0}],[0],0,[0],[0],[0]],[[{"name":"yxc_img_mp_l","rect":{"x":51,"y":899,"width":39,"height":65},"offset":{"x":0,"y":0},"originalSize":{"width":39,"height":65},"rotated":false,"capInsets":[0,0,0,0],"packable":true,"pixelsToUnit":100,"pivot":{"x":0.5,"y":0.5},"meshType":0}],[0],0,[0],[0],[0]],[[{"name":"num_black_8","rect":{"x":188,"y":903,"width":35,"height":52},"offset":{"x":0,"y":-0.5},"originalSize":{"width":43,"height":57},"rotated":false,"capInsets":[0,0,0,0],"packable":true,"pixelsToUnit":100,"pivot":{"x":0.5,"y":0.5},"meshType":0}],[0],0,[0],[0],[0]],[[{"name":"num_red_3","rect":{"x":144,"y":517,"width":31,"height":52},"offset":{"x":0,"y":-0.5},"originalSize":{"width":43,"height":57},"rotated":false,"capInsets":[0,0,0,0],"packable":true,"pixelsToUnit":100,"pivot":{"x":0.5,"y":0.5},"meshType":0}],[0],0,[0],[0],[0]],[[{"name":"num_black_A","rect":{"x":3,"y":923,"width":41,"height":51},"offset":{"x":0,"y":0},"originalSize":{"width":43,"height":57},"rotated":false,"capInsets":[0,0,0,0],"packable":true,"pixelsToUnit":100,"pivot":{"x":0.5,"y":0.5},"meshType":0}],[0],0,[0],[0],[0]],[[{"name":"num_red_A","rect":{"x":3,"y":980,"width":41,"height":51},"offset":{"x":0,"y":0},"originalSize":{"width":43,"height":57},"rotated":true,"capInsets":[0,0,0,0],"packable":true,"pixelsToUnit":100,"pivot":{"x":0.5,"y":0.5},"meshType":0}],[0],0,[0],[0],[0]],[[{"name":"num_black_5","rect":{"x":229,"y":900,"width":33,"height":52},"offset":{"x":0,"y":-0.5},"originalSize":{"width":43,"height":57},"rotated":false,"capInsets":[0,0,0,0],"packable":true,"pixelsToUnit":100,"pivot":{"x":0.5,"y":0.5},"meshType":0}],[0],0,[0],[0],[0]],[[{"name":"DDZ_qipai","rect":{"x":227,"y":163,"width":118,"height":152},"offset":{"x":0,"y":0},"originalSize":{"width":118,"height":152},"rotated":false,"capInsets":[0,0,0,0],"packable":true,"pixelsToUnit":100,"pivot":{"x":0.5,"y":0.5},"meshType":0}],[0],0,[0],[0],[0]],[[{"name":"num_red_J","rect":{"x":308,"y":880,"width":32,"height":51},"offset":{"x":0.5,"y":0},"originalSize":{"width":43,"height":57},"rotated":true,"capInsets":[0,0,0,0],"packable":true,"pixelsToUnit":100,"pivot":{"x":0.5,"y":0.5},"meshType":0}],[0],0,[0],[0],[0]],[[{"name":"pai_img_pm_s","rect":{"x":159,"y":727,"width":64,"height":52},"offset":{"x":0,"y":0},"originalSize":{"width":64,"height":52},"rotated":true,"capInsets":[0,0,0,0],"packable":true,"pixelsToUnit":100,"pivot":{"x":0.5,"y":0.5},"meshType":0}],[0],0,[0],[0],[0]],[[{"name":"num_black_JRs","rect":{"x":138,"y":722,"width":15,"height":42},"offset":{"x":0,"y":0},"originalSize":{"width":15,"height":42},"rotated":false,"capInsets":[0,0,0,0],"packable":true,"pixelsToUnit":100,"pivot":{"x":0.5,"y":0.5},"meshType":0}],[0],0,[0],[0],[0]],[[{"name":"num_black_J","rect":{"x":308,"y":918,"width":32,"height":51},"offset":{"x":0.5,"y":0},"originalSize":{"width":43,"height":57},"rotated":true,"capInsets":[0,0,0,0],"packable":true,"pixelsToUnit":100,"pivot":{"x":0.5,"y":0.5},"meshType":0}],[0],0,[0],[0],[0]],[[{"name":"logo.heart","rect":{"x":3,"y":759,"width":74,"height":77},"offset":{"x":0,"y":0},"originalSize":{"width":74,"height":77},"rotated":true,"capInsets":[0,0,0,0],"packable":true,"pixelsToUnit":100,"pivot":{"x":0.5,"y":0.5},"meshType":0}],[0],0,[0],[0],[0]],[[{"name":"num_black_2","rect":{"x":308,"y":956,"width":32,"height":51},"offset":{"x":0.5,"y":0},"originalSize":{"width":43,"height":57},"rotated":true,"capInsets":[0,0,0,0],"packable":true,"pixelsToUnit":100,"pivot":{"x":0.5,"y":0.5},"meshType":0}],[0],0,[0],[0],[0]],[[{"name":"num_black_3","rect":{"x":144,"y":575,"width":31,"height":52},"offset":{"x":0,"y":-0.5},"originalSize":{"width":43,"height":57},"rotated":false,"capInsets":[0,0,0,0],"packable":true,"pixelsToUnit":100,"pivot":{"x":0.5,"y":0.5},"meshType":0}],[0],0,[0],[0],[0]],[[{"name":"num_black_9","rect":{"x":267,"y":842,"width":33,"height":52},"offset":{"x":0,"y":-0.5},"originalSize":{"width":43,"height":57},"rotated":false,"capInsets":[0,0,0,0],"packable":true,"pixelsToUnit":100,"pivot":{"x":0.5,"y":0.5},"meshType":0}],[0],0,[0],[0],[0]],[[{"name":"pai_bm_s","rect":{"x":86,"y":785,"width":64,"height":52},"offset":{"x":0,"y":0},"originalSize":{"width":64,"height":52},"rotated":false,"capInsets":[0,0,0,0],"packable":true,"pixelsToUnit":100,"pivot":{"x":0.5,"y":0.5},"meshType":0}],[0],0,[0],[0],[0]],[[{"name":"num_black_7","rect":{"x":210,"y":860,"width":34,"height":51},"offset":{"x":0.5,"y":0},"originalSize":{"width":43,"height":57},"rotated":true,"capInsets":[0,0,0,0],"packable":true,"pixelsToUnit":100,"pivot":{"x":0.5,"y":0.5},"meshType":0}],[0],0,[0],[0],[0]],[[{"name":"yxc_zd1","rect":{"x":275,"y":693,"width":42,"height":78},"offset":{"x":0,"y":0},"originalSize":{"width":42,"height":78},"rotated":true,"capInsets":[0,0,0,0],"packable":true,"pixelsToUnit":100,"pivot":{"x":0.5,"y":0.5},"meshType":0}],[0],0,[0],[0],[0]],[[{"name":"logo.red.JR","rect":{"x":220,"y":445,"width":158,"height":135},"offset":{"x":0,"y":-0.5},"originalSize":{"width":158,"height":138},"rotated":true,"capInsets":[0,0,0,0],"packable":true,"pixelsToUnit":100,"pivot":{"x":0.5,"y":0.5},"meshType":0}],[0],0,[0],[0],[0]],[[{"name":"type.club","rect":{"x":275,"y":741,"width":55,"height":58},"offset":{"x":-0.5,"y":0},"originalSize":{"width":58,"height":58},"rotated":true,"capInsets":[0,0,0,0],"packable":true,"pixelsToUnit":100,"pivot":{"x":0.5,"y":0.5},"meshType":0}],[0],0,[0],[0],[0]],[[{"name":"num_red_7","rect":{"x":192,"y":961,"width":34,"height":51},"offset":{"x":0.5,"y":0},"originalSize":{"width":43,"height":57},"rotated":false,"capInsets":[0,0,0,0],"packable":true,"pixelsToUnit":100,"pivot":{"x":0.5,"y":0.5},"meshType":0}],[0],0,[0],[0],[0]]]]
