[1,["6di1XEPbhEhp+D6Oj4kXm7@6c48a","6di1XEPbhEhp+D6Oj4kXm7@f9941"],["_textureSource","spriteFrame"],["cc.SpriteFrame",["cc.BitmapFont",["_name","fontSize","fntConfig"],0]],[[1,0,1,2,4]],[[[{"name":"yxc_img_djs-num","rect":{"x":0,"y":0,"width":124,"height":135},"offset":{"x":0,"y":0},"originalSize":{"width":124,"height":135},"rotated":false,"capInsets":[0,0,0,0],"vertices":{"rawPosition":[-62,-67.5,0,62,-67.5,0,-62,67.5,0,62,67.5,0],"indexes":[0,1,2,2,1,3],"uv":[0,135,124,135,0,0,124,0],"nuv":[0,0,1,0,0,1,1,1],"minPos":{"x":-62,"y":-67.5,"z":0},"maxPos":{"x":62,"y":67.5,"z":0}},"packable":true,"pixelsToUnit":100,"pivot":{"x":0.5,"y":0.5},"meshType":0}],[0],0,[0],[0],[0]],[[[0,"yxc_img_djs-num",32,{"commonHeight":46,"fontSize":32,"atlasName":"D:\\workspace\\art\\003_爱玩斗地主（新项目）\\美术资源\\02_UI\\游戏场切图\\yxc_img_djs-num.png","fontDefDictionary":{"9":{"xOffset":0,"yOffset":0,"xAdvance":0,"rect":{"x":0,"y":0,"width":0,"height":0}},"32":{"xOffset":0,"yOffset":0,"xAdvance":0,"rect":{"x":0,"y":0,"width":0,"height":0}},"48":{"xOffset":0,"yOffset":0,"xAdvance":31,"rect":{"x":63,"y":0,"width":31,"height":46}},"49":{"xOffset":0,"yOffset":1,"xAdvance":20,"rect":{"x":94,"y":90,"width":20,"height":45}},"50":{"xOffset":0,"yOffset":0,"xAdvance":31,"rect":{"x":63,"y":46,"width":31,"height":46}},"51":{"xOffset":0,"yOffset":1,"xAdvance":30,"rect":{"x":94,"y":45,"width":30,"height":45}},"52":{"xOffset":0,"yOffset":1,"xAdvance":32,"rect":{"x":0,"y":45,"width":32,"height":45}},"53":{"xOffset":0,"yOffset":1,"xAdvance":31,"rect":{"x":0,"y":90,"width":31,"height":45}},"54":{"xOffset":0,"yOffset":1,"xAdvance":32,"rect":{"x":0,"y":0,"width":32,"height":45}},"55":{"xOffset":0,"yOffset":1,"xAdvance":30,"rect":{"x":94,"y":0,"width":30,"height":45}},"56":{"xOffset":0,"yOffset":0,"xAdvance":31,"rect":{"x":32,"y":46,"width":31,"height":46}},"57":{"xOffset":0,"yOffset":0,"xAdvance":31,"rect":{"x":32,"y":0,"width":31,"height":46}}},"kerningDict":{}}]],0,0,[0],[1],[1]]]]
