[1,["45Jeumuf1GBKHr1FoX41r2@6c48a","8e+pIi0qZNK4DpWRONLmvS@6c48a","be6qyfVrdJlJkHzESYc2Yh@6c48a","5aY1EnWINIIKtP7V4Ku7er","0eMxudrVFF5qxYTOiyP1NB@ad712","cc1bLzm19Db4GsRSNnFn0p","9bnpJJ51xFYYQr58Z9FUdY@9606b","2cpi794PtCSpmRpGs+Z1ry@e31b2","0eMxudrVFF5qxYTOiyP1NB@84aea","860EuLZmRMx4CcBUk9cKHu","609xlc7CpF67qUiVX2DoHQ"],["_textureSource","node","_customMaterial","_spriteFrame","root","data","_font","_effectAsset"],["cc.SpriteFrame",["cc.Node",["_name","_layer","_components","_prefab","_parent","_children","_lscale","_lpos"],1,9,4,1,2,5,5],"cc.SpriteAtlas",["cc.UIOpacity",["_opacity","node","__prefab"],2,1,4],["cc.UITransform",["node","__prefab","_contentSize","_anchorPoint"],3,1,4,5,5],["cc.Sprite",["_dstBlendFactor","_sizeMode","_isTrimmedMode","node","__prefab","_customMaterial","_spriteFrame","_color"],0,1,4,6,6,5],["cc.Prefab",["_name"],2],["cc.Animation",["node","__prefab","_clips"],3,1,4,3],["cc.CompPrefabInfo",["fileId"],2],["cc.PrefabInfo",["fileId","instance","targetOverrides","nestedPrefabInstanceRoots","root","asset"],-1,1,1],["cc.Label",["_string","_horizontalAlign","_verticalAlign","_actualFontSize","_fontSize","_lineHeight","_isSystemFontUsed","_underlineHeight","node","__prefab","_font"],-5,1,4,6],["cc.Material",["_name","_props","_states","_defines"],-1]],[[8,0,2],[9,0,1,2,3,4,5,5],[4,0,1,2,1],[3,0,1,2,2],[1,0,1,4,2,3,7,6,3],[3,1,2,1],[5,0,1,2,3,4,5,6,4],[1,0,1,4,2,3,7,3],[5,0,1,2,3,4,7,5,6,4],[6,0,2],[1,0,1,5,2,3,3],[1,0,1,4,5,2,3,3],[1,0,1,4,2,3,6,3],[7,0,1,2,1],[4,0,1,2,3,1],[10,0,1,2,3,4,5,6,7,8,9,10,9],[11,0,1,2,3,5]],[[[{"name":"tx_youxichang_jiesuan_dontai","spriteFrames":["main_btn_exit","0eMxudrVFF5qxYTOiyP1NB@b3d3b","settlement_btn_tips","0eMxudrVFF5qxYTOiyP1NB@3c31a","settlement_img_xingxing_light","0eMxudrVFF5qxYTOiyP1NB@84aea","tx_dizhushengli_douzii","0eMxudrVFF5qxYTOiyP1NB@62e3d","tx_dizhushengli_maozi","0eMxudrVFF5qxYTOiyP1NB@39b83","tx_dizhushengli_wenzi","0eMxudrVFF5qxYTOiyP1NB@94995","tx_dizhushibai_wenzi","0eMxudrVFF5qxYTOiyP1NB@ca5d2","tx_nonmingshengli_wenzi","0eMxudrVFF5qxYTOiyP1NB@4d09b","tx_nonmingshibai_wenzi","0eMxudrVFF5qxYTOiyP1NB@4ff7f","tx_shibai_chibang.png","0eMxudrVFF5qxYTOiyP1NB@71a5a","tx_shibai_douzii","0eMxudrVFF5qxYTOiyP1NB@932e7","tx_shibai_maozi.png","0eMxudrVFF5qxYTOiyP1NB@a5400","tx_youxichang_jiesuan_anniu01","0eMxudrVFF5qxYTOiyP1NB@12093","tx_youxichang_jiesuan_anniu02","0eMxudrVFF5qxYTOiyP1NB@d0564","tx_youxichang_jiesuan_caidai01","0eMxudrVFF5qxYTOiyP1NB@3657d","tx_youxichang_jiesuan_caidai02","0eMxudrVFF5qxYTOiyP1NB@a5b3d","tx_youxichang_jiesuan_caidai03","0eMxudrVFF5qxYTOiyP1NB@2f59d","tx_youxichang_jiesuan_caidai04","0eMxudrVFF5qxYTOiyP1NB@b2885","tx_youxichang_jiesuan_guangxiao_light01","0eMxudrVFF5qxYTOiyP1NB@ad712","tx_youxichang_jiesuan_guangxiao_light02","0eMxudrVFF5qxYTOiyP1NB@3df05","tx_youxichang_jiesuan_jindutiao_di","0eMxudrVFF5qxYTOiyP1NB@a287a","tx_youxichang_jiesuan_jindutiao_dizhu","0eMxudrVFF5qxYTOiyP1NB@77070","tx_youxichang_jiesuan_jindutiao_honbao","0eMxudrVFF5qxYTOiyP1NB@5f4de","tx_youxichang_jiesuan_jindutiao_honbaodi","0eMxudrVFF5qxYTOiyP1NB@a895d","tx_youxichang_jiesuan_jindutiao_jindu","0eMxudrVFF5qxYTOiyP1NB@5f0ba","tx_youxichang_jiesuan_shengli_hontiao","0eMxudrVFF5qxYTOiyP1NB@78afc","tx_youxichang_jiesuan_shengli_wenzi","0eMxudrVFF5qxYTOiyP1NB@48049","tx_youxichang_jiesuan_shibai_lantiao","0eMxudrVFF5qxYTOiyP1NB@2fe69","tx_youxichang_jiesuan_shibai_wenzi","0eMxudrVFF5qxYTOiyP1NB@b19e4","tx_youxichang_jiesuan_shuye","0eMxudrVFF5qxYTOiyP1NB@86922","tx_youxichang_jiesuan_tishi_baikuang","0eMxudrVFF5qxYTOiyP1NB@dfe74","tx_youxichang_jiesuan_tubiao_baopei","0eMxudrVFF5qxYTOiyP1NB@03532","tx_youxichang_jiesuan_tubiao_fengding","0eMxudrVFF5qxYTOiyP1NB@0ffe7","tx_youxichang_jiesuan_tubiao_pochan","0eMxudrVFF5qxYTOiyP1NB@aacbf","tx_youxichang_jiesuan_tubiao_tishengshangxian","0eMxudrVFF5qxYTOiyP1NB@9c52b","tx_youxichang_jiesuan_xingxing","0eMxudrVFF5qxYTOiyP1NB@e141e","tx_youxichang_jiesuan_xingxi_dikuang","0eMxudrVFF5qxYTOiyP1NB@fc5c9","tx_youxichang_jiesuan_xingxi_heitiao","0eMxudrVFF5qxYTOiyP1NB@e41d0","tx_youxichang_renwu_dizhu_ku01","0eMxudrVFF5qxYTOiyP1NB@63f49","tx_youxichang_renwu_dizhu_ku02","0eMxudrVFF5qxYTOiyP1NB@302b7","tx_youxichang_renwu_dizhu_xiao01","0eMxudrVFF5qxYTOiyP1NB@1b534","tx_youxichang_renwu_dizhu_xiao02","0eMxudrVFF5qxYTOiyP1NB@e9e27","tx_youxichang_renwu_nonming_ku01","0eMxudrVFF5qxYTOiyP1NB@a9fd9","tx_youxichang_renwu_nonming_ku02","0eMxudrVFF5qxYTOiyP1NB@1d4ce","tx_youxichang_renwu_nonming_xiao01","0eMxudrVFF5qxYTOiyP1NB@54c18","tx_youxichang_renwu_nonming_xiao02","0eMxudrVFF5qxYTOiyP1NB@d428f"]}],[2],0,[],[],[]],[[{"name":"tx_youxichang_jiesuan_tubiao_baopei","rect":{"x":512,"y":1742,"width":78,"height":41},"offset":{"x":0,"y":0},"originalSize":{"width":78,"height":41},"rotated":true,"capInsets":[0,0,0,0],"vertices":{"rawPosition":[],"indexes":[],"uv":[],"nuv":[],"minPos":{"x":0,"y":0,"z":0},"maxPos":{"x":0,"y":0,"z":0}},"packable":true,"pixelsToUnit":100,"pivot":{"x":0.5,"y":0.5},"meshType":0}],[0],0,[0],[0],[0]],[[{"name":"tx_youxichang_jiesuan_tubiao_fengding","rect":{"x":512,"y":1820,"width":78,"height":41},"offset":{"x":0,"y":0},"originalSize":{"width":78,"height":41},"rotated":true,"capInsets":[0,0,0,0],"vertices":{"rawPosition":[],"indexes":[],"uv":[],"nuv":[],"minPos":{"x":0,"y":0,"z":0},"maxPos":{"x":0,"y":0,"z":0}},"packable":true,"pixelsToUnit":100,"pivot":{"x":0.5,"y":0.5},"meshType":0}],[0],0,[0],[0],[0]],[[{"name":"tx_youxichang_jiesuan_anniu01","rect":{"x":1755,"y":656,"width":398,"height":146},"offset":{"x":0,"y":0},"originalSize":{"width":398,"height":146},"rotated":true,"capInsets":[0,0,0,0],"vertices":{"rawPosition":[],"indexes":[],"uv":[],"nuv":[],"minPos":{"x":0,"y":0,"z":0},"maxPos":{"x":0,"y":0,"z":0}},"packable":true,"pixelsToUnit":100,"pivot":{"x":0.5,"y":0.5},"meshType":0}],[0],0,[0],[0],[0]],[[{"name":"tx_youxichang_renwu_dizhu_xiao01","rect":{"x":0,"y":1544,"width":294,"height":374},"offset":{"x":0,"y":0},"originalSize":{"width":294,"height":374},"rotated":false,"capInsets":[0,0,0,0],"vertices":{"rawPosition":[],"indexes":[],"uv":[],"nuv":[],"minPos":{"x":0,"y":0,"z":0},"maxPos":{"x":0,"y":0,"z":0}},"packable":true,"pixelsToUnit":100,"pivot":{"x":0.5,"y":0.5},"meshType":0}],[0],0,[0],[0],[0]],[[{"name":"tx_youxichang_renwu_nonming_ku02","rect":{"x":1737,"y":308,"width":198,"height":348},"offset":{"x":0,"y":0},"originalSize":{"width":198,"height":348},"rotated":false,"capInsets":[0,0,0,0],"vertices":{"rawPosition":[],"indexes":[],"uv":[],"nuv":[],"minPos":{"x":0,"y":0,"z":0},"maxPos":{"x":0,"y":0,"z":0}},"packable":true,"pixelsToUnit":100,"pivot":{"x":0.5,"y":0.5},"meshType":0}],[0],0,[0],[0],[0]],[[{"name":"tx_youxichang_jiesuan_caidai03","rect":{"x":228,"y":1974,"width":39,"height":52},"offset":{"x":0,"y":0},"originalSize":{"width":39,"height":52},"rotated":false,"capInsets":[0,0,0,0],"vertices":{"rawPosition":[],"indexes":[],"uv":[],"nuv":[],"minPos":{"x":0,"y":0,"z":0},"maxPos":{"x":0,"y":0,"z":0}},"packable":true,"pixelsToUnit":100,"pivot":{"x":0.5,"y":0.5},"meshType":0}],[0],0,[0],[0],[0]],[[{"name":"tx_youxichang_jiesuan_shibai_lantiao","rect":{"x":765,"y":991,"width":880,"height":212},"offset":{"x":0,"y":0},"originalSize":{"width":880,"height":212},"rotated":true,"capInsets":[0,0,0,0],"vertices":{"rawPosition":[],"indexes":[],"uv":[],"nuv":[],"minPos":{"x":0,"y":0,"z":0},"maxPos":{"x":0,"y":0,"z":0}},"packable":true,"pixelsToUnit":100,"pivot":{"x":0.5,"y":0.5},"meshType":0}],[0],0,[0],[0],[0]],[[{"name":"tx_youxichang_renwu_dizhu_ku02","rect":{"x":1265,"y":1405,"width":205,"height":350},"offset":{"x":0,"y":0},"originalSize":{"width":205,"height":350},"rotated":true,"capInsets":[0,0,0,0],"vertices":{"rawPosition":[],"indexes":[],"uv":[],"nuv":[],"minPos":{"x":0,"y":0,"z":0},"maxPos":{"x":0,"y":0,"z":0}},"packable":true,"pixelsToUnit":100,"pivot":{"x":0.5,"y":0.5},"meshType":0}],[0],0,[0],[0],[0]],[[{"name":"tx_youxichang_jiesuan_caidai01","rect":{"x":0,"y":1918,"width":118,"height":111},"offset":{"x":0,"y":0},"originalSize":{"width":118,"height":111},"rotated":false,"capInsets":[0,0,0,0],"vertices":{"rawPosition":[],"indexes":[],"uv":[],"nuv":[],"minPos":{"x":0,"y":0,"z":0},"maxPos":{"x":0,"y":0,"z":0}},"packable":true,"pixelsToUnit":100,"pivot":{"x":0.5,"y":0.5},"meshType":0}],[0],0,[0],[0],[0]],[[{"name":"tx_dizhushengli_maozi","rect":{"x":520,"y":2000,"width":34,"height":30},"offset":{"x":0,"y":0},"originalSize":{"width":34,"height":30},"rotated":true,"capInsets":[0,0,0,0],"vertices":{"rawPosition":[],"indexes":[],"uv":[],"nuv":[],"minPos":{"x":0,"y":0,"z":0},"maxPos":{"x":0,"y":0,"z":0}},"packable":true,"pixelsToUnit":100,"pivot":{"x":0.5,"y":0.5},"meshType":0}],[0],0,[0],[0],[0]],[[{"name":"settlement_btn_tips","rect":{"x":267,"y":1974,"width":25,"height":26},"offset":{"x":0,"y":0},"originalSize":{"width":25,"height":26},"rotated":true,"capInsets":[0,0,0,0],"vertices":{"rawPosition":[],"indexes":[],"uv":[],"nuv":[],"minPos":{"x":0,"y":0,"z":0},"maxPos":{"x":0,"y":0,"z":0}},"packable":true,"pixelsToUnit":100,"pivot":{"x":0.5,"y":0.5},"meshType":0}],[0],0,[0],[0],[0]],[[{"name":"tx_youxichang_jiesuan_guangxiao_light02","rect":{"x":0,"y":991,"width":553,"height":553},"offset":{"x":0,"y":0},"originalSize":{"width":553,"height":553},"rotated":false,"capInsets":[0,0,0,0],"vertices":{"rawPosition":[],"indexes":[],"uv":[],"nuv":[],"minPos":{"x":0,"y":0,"z":0},"maxPos":{"x":0,"y":0,"z":0}},"packable":true,"pixelsToUnit":100,"pivot":{"x":0.5,"y":0.5},"meshType":0}],[0],0,[0],[0],[0]],[[{"name":"tx_youxichang_jiesuan_shengli_wenzi","rect":{"x":1739,"y":1815,"width":259,"height":144},"offset":{"x":0,"y":0},"originalSize":{"width":259,"height":144},"rotated":false,"capInsets":[0,0,0,0],"vertices":{"rawPosition":[],"indexes":[],"uv":[],"nuv":[],"minPos":{"x":0,"y":0,"z":0},"maxPos":{"x":0,"y":0,"z":0}},"packable":true,"pixelsToUnit":100,"pivot":{"x":0.5,"y":0.5},"meshType":0}],[0],0,[0],[0],[0]],[[{"name":"tx_nonmingshengli_wenzi","rect":{"x":1041,"y":1832,"width":351,"height":124},"offset":{"x":0,"y":0},"originalSize":{"width":351,"height":124},"rotated":false,"capInsets":[0,0,0,0],"vertices":{"rawPosition":[],"indexes":[],"uv":[],"nuv":[],"minPos":{"x":0,"y":0,"z":0},"maxPos":{"x":0,"y":0,"z":0}},"packable":true,"pixelsToUnit":100,"pivot":{"x":0.5,"y":0.5},"meshType":0}],[0],0,[0],[0],[0]],[[{"name":"tx_nonmingshibai_wenzi","rect":{"x":1484,"y":0,"width":347,"height":122},"offset":{"x":0,"y":0},"originalSize":{"width":347,"height":122},"rotated":true,"capInsets":[0,0,0,0],"vertices":{"rawPosition":[],"indexes":[],"uv":[],"nuv":[],"minPos":{"x":0,"y":0,"z":0},"maxPos":{"x":0,"y":0,"z":0}},"packable":true,"pixelsToUnit":100,"pivot":{"x":0.5,"y":0.5},"meshType":0}],[0],0,[0],[0],[0]],[[{"name":"tx_youxichang_renwu_nonming_xiao01","rect":{"x":294,"y":1544,"width":218,"height":346},"offset":{"x":0,"y":0},"originalSize":{"width":218,"height":346},"rotated":false,"capInsets":[0,0,0,0],"vertices":{"rawPosition":[],"indexes":[],"uv":[],"nuv":[],"minPos":{"x":0,"y":0,"z":0},"maxPos":{"x":0,"y":0,"z":0}},"packable":true,"pixelsToUnit":100,"pivot":{"x":0.5,"y":0.5},"meshType":0}],[0],0,[0],[0],[0]],[[{"name":"tx_youxichang_jiesuan_jindutiao_jindu","rect":{"x":483,"y":1976,"width":65,"height":24},"offset":{"x":0,"y":0},"originalSize":{"width":65,"height":24},"rotated":false,"capInsets":[0,0,0,0],"vertices":{"rawPosition":[],"indexes":[],"uv":[],"nuv":[],"minPos":{"x":0,"y":0,"z":0},"maxPos":{"x":0,"y":0,"z":0}},"packable":true,"pixelsToUnit":100,"pivot":{"x":0.5,"y":0.5},"meshType":0}],[0],0,[0],[0],[0]],[[{"name":"tx_youxichang_jiesuan_jindutiao_honbao","rect":{"x":294,"y":1890,"width":143,"height":150},"offset":{"x":0,"y":0},"originalSize":{"width":143,"height":150},"rotated":true,"capInsets":[0,0,0,0],"vertices":{"rawPosition":[],"indexes":[],"uv":[],"nuv":[],"minPos":{"x":0,"y":0,"z":0},"maxPos":{"x":0,"y":0,"z":0}},"packable":true,"pixelsToUnit":100,"pivot":{"x":0.5,"y":0.5},"meshType":0}],[0],0,[0],[0],[0]],[[{"name":"tx_dizhushengli_douzii","rect":{"x":483,"y":2000,"width":37,"height":34},"offset":{"x":0,"y":0},"originalSize":{"width":37,"height":34},"rotated":false,"capInsets":[0,0,0,0],"vertices":{"rawPosition":[],"indexes":[],"uv":[],"nuv":[],"minPos":{"x":0,"y":0,"z":0},"maxPos":{"x":0,"y":0,"z":0}},"packable":true,"pixelsToUnit":100,"pivot":{"x":0.5,"y":0.5},"meshType":0}],[0],0,[0],[0],[0]],[[{"name":"tx_youxichang_renwu_dizhu_ku01","rect":{"x":977,"y":1405,"width":288,"height":289},"offset":{"x":0,"y":0},"originalSize":{"width":288,"height":289},"rotated":false,"capInsets":[0,0,0,0],"vertices":{"rawPosition":[],"indexes":[],"uv":[],"nuv":[],"minPos":{"x":0,"y":0,"z":0},"maxPos":{"x":0,"y":0,"z":0}},"packable":true,"pixelsToUnit":100,"pivot":{"x":0.5,"y":0.5},"meshType":0}],[0],0,[0],[0],[0]],[[{"name":"tx_shibai_chibang.png","rect":{"x":588,"y":1976,"width":38,"height":40},"offset":{"x":0,"y":0},"originalSize":{"width":38,"height":40},"rotated":false,"capInsets":[0,0,0,0],"vertices":{"rawPosition":[],"indexes":[],"uv":[],"nuv":[],"minPos":{"x":0,"y":0,"z":0},"maxPos":{"x":0,"y":0,"z":0}},"packable":true,"pixelsToUnit":100,"pivot":{"x":0.5,"y":0.5},"meshType":0}],[0],0,[0],[0],[0]],[[{"name":"tx_youxichang_jiesuan_jindutiao_dizhu","rect":{"x":952,"y":1871,"width":93,"height":89},"offset":{"x":0,"y":0},"originalSize":{"width":93,"height":89},"rotated":true,"capInsets":[0,0,0,0],"vertices":{"rawPosition":[],"indexes":[],"uv":[],"nuv":[],"minPos":{"x":0,"y":0,"z":0},"maxPos":{"x":0,"y":0,"z":0}},"packable":true,"pixelsToUnit":100,"pivot":{"x":0.5,"y":0.5},"meshType":0}],[0],0,[0],[0],[0]],[[{"name":"tx_youxichang_jiesuan_shengli_hontiao","rect":{"x":553,"y":991,"width":880,"height":212},"offset":{"x":0,"y":0},"originalSize":{"width":880,"height":212},"rotated":true,"capInsets":[0,0,0,0],"vertices":{"rawPosition":[],"indexes":[],"uv":[],"nuv":[],"minPos":{"x":0,"y":0,"z":0},"maxPos":{"x":0,"y":0,"z":0}},"packable":true,"pixelsToUnit":100,"pivot":{"x":0.5,"y":0.5},"meshType":0}],[0],0,[0],[0],[0]],[[{"name":"settlement_img_xingxing_light","rect":{"x":1484,"y":1054,"width":261,"height":263},"offset":{"x":0,"y":0},"originalSize":{"width":261,"height":263},"rotated":false,"capInsets":[0,0,0,0],"vertices":{"rawPosition":[],"indexes":[],"uv":[],"nuv":[],"minPos":{"x":0,"y":0,"z":0},"maxPos":{"x":0,"y":0,"z":0}},"packable":true,"pixelsToUnit":100,"pivot":{"x":0.5,"y":0.5},"meshType":0}],[0],0,[0],[0],[0]],[[{"name":"tx_youxichang_jiesuan_shuye","rect":{"x":550,"y":1976,"width":38,"height":41},"offset":{"x":0,"y":0},"originalSize":{"width":38,"height":41},"rotated":false,"capInsets":[0,0,0,0],"vertices":{"rawPosition":[],"indexes":[],"uv":[],"nuv":[],"minPos":{"x":0,"y":0,"z":0},"maxPos":{"x":0,"y":0,"z":0}},"packable":true,"pixelsToUnit":100,"pivot":{"x":0.5,"y":0.5},"meshType":0}],[0],0,[0],[0],[0]],[[{"name":"tx_shibai_douzii","rect":{"x":444,"y":1976,"width":40,"height":39},"offset":{"x":0,"y":0},"originalSize":{"width":40,"height":39},"rotated":true,"capInsets":[0,0,0,0],"vertices":{"rawPosition":[],"indexes":[],"uv":[],"nuv":[],"minPos":{"x":0,"y":0,"z":0},"maxPos":{"x":0,"y":0,"z":0}},"packable":true,"pixelsToUnit":100,"pivot":{"x":0.5,"y":0.5},"meshType":0}],[0],0,[0],[0],[0]],[[{"name":"tx_dizhushengli_wenzi","rect":{"x":1392,"y":1832,"width":347,"height":124},"offset":{"x":0,"y":0},"originalSize":{"width":347,"height":124},"rotated":false,"capInsets":[0,0,0,0],"vertices":{"rawPosition":[],"indexes":[],"uv":[],"nuv":[],"minPos":{"x":0,"y":0,"z":0},"maxPos":{"x":0,"y":0,"z":0}},"packable":true,"pixelsToUnit":100,"pivot":{"x":0.5,"y":0.5},"meshType":0}],[0],0,[0],[0],[0]],[[{"name":"tx_youxichang_jiesuan_tubiao_tishengshangxian","rect":{"x":118,"y":1918,"width":172,"height":56},"offset":{"x":0,"y":0},"originalSize":{"width":172,"height":56},"rotated":false,"capInsets":[0,0,0,0],"vertices":{"rawPosition":[],"indexes":[],"uv":[],"nuv":[],"minPos":{"x":0,"y":0,"z":0},"maxPos":{"x":0,"y":0,"z":0}},"packable":true,"pixelsToUnit":100,"pivot":{"x":0.5,"y":0.5},"meshType":0}],[0],0,[0],[0],[0]],[[{"name":"tx_youxichang_jiesuan_jindutiao_di","rect":{"x":512,"y":1544,"width":198,"height":28},"offset":{"x":0,"y":0},"originalSize":{"width":198,"height":28},"rotated":true,"capInsets":[0,0,0,0],"vertices":{"rawPosition":[],"indexes":[],"uv":[],"nuv":[],"minPos":{"x":0,"y":0,"z":0},"maxPos":{"x":0,"y":0,"z":0}},"packable":true,"pixelsToUnit":100,"pivot":{"x":0.5,"y":0.5},"meshType":0}],[0],0,[0],[0],[0]],[[{"name":"tx_shibai_maozi.png","rect":{"x":626,"y":1976,"width":34,"height":30},"offset":{"x":0,"y":0},"originalSize":{"width":34,"height":30},"rotated":true,"capInsets":[0,0,0,0],"vertices":{"rawPosition":[],"indexes":[],"uv":[],"nuv":[],"minPos":{"x":0,"y":0,"z":0},"maxPos":{"x":0,"y":0,"z":0}},"packable":true,"pixelsToUnit":100,"pivot":{"x":0.5,"y":0.5},"meshType":0}],[0],0,[0],[0],[0]],[[{"name":"tx_youxichang_jiesuan_caidai02","rect":{"x":118,"y":1974,"width":63,"height":60},"offset":{"x":0,"y":0},"originalSize":{"width":63,"height":60},"rotated":false,"capInsets":[0,0,0,0],"vertices":{"rawPosition":[],"indexes":[],"uv":[],"nuv":[],"minPos":{"x":0,"y":0,"z":0},"maxPos":{"x":0,"y":0,"z":0}},"packable":true,"pixelsToUnit":100,"pivot":{"x":0.5,"y":0.5},"meshType":0}],[0],0,[0],[0],[0]],[[{"name":"tx_youxichang_jiesuan_jindutiao_honbaodi","rect":{"x":977,"y":1694,"width":428,"height":138},"offset":{"x":0,"y":0},"originalSize":{"width":428,"height":138},"rotated":false,"capInsets":[0,0,0,0],"vertices":{"rawPosition":[],"indexes":[],"uv":[],"nuv":[],"minPos":{"x":0,"y":0,"z":0},"maxPos":{"x":0,"y":0,"z":0}},"packable":true,"pixelsToUnit":100,"pivot":{"x":0.5,"y":0.5},"meshType":0}],[0],0,[0],[0],[0]],[[{"name":"tx_youxichang_renwu_nonming_ku01","rect":{"x":1755,"y":0,"width":227,"height":308},"offset":{"x":0,"y":0},"originalSize":{"width":227,"height":308},"rotated":false,"capInsets":[0,0,0,0],"vertices":{"rawPosition":[],"indexes":[],"uv":[],"nuv":[],"minPos":{"x":0,"y":0,"z":0},"maxPos":{"x":0,"y":0,"z":0}},"packable":true,"pixelsToUnit":100,"pivot":{"x":0.5,"y":0.5},"meshType":0}],[0],0,[0],[0],[0]],[[{"name":"tx_youxichang_jiesuan_tubiao_pochan","rect":{"x":1516,"y":1956,"width":104,"height":74},"offset":{"x":0,"y":0},"originalSize":{"width":104,"height":74},"rotated":false,"capInsets":[0,0,0,0],"vertices":{"rawPosition":[],"indexes":[],"uv":[],"nuv":[],"minPos":{"x":0,"y":0,"z":0},"maxPos":{"x":0,"y":0,"z":0}},"packable":true,"pixelsToUnit":100,"pivot":{"x":0.5,"y":0.5},"meshType":0}],[0],0,[0],[0],[0]],[[{"name":"tx_youxichang_jiesuan_guangxiao_light01","rect":{"x":0,"y":0,"width":991,"height":998},"offset":{"x":0,"y":0},"originalSize":{"width":991,"height":998},"rotated":true,"capInsets":[0,0,0,0],"vertices":{"rawPosition":[],"indexes":[],"uv":[],"nuv":[],"minPos":{"x":0,"y":0,"z":0},"maxPos":{"x":0,"y":0,"z":0}},"packable":true,"pixelsToUnit":100,"pivot":{"x":0.5,"y":0.5},"meshType":0}],[0],0,[0],[0],[0]],[[{"name":"tx_youxichang_jiesuan_shibai_wenzi","rect":{"x":1484,"y":695,"width":265,"height":143},"offset":{"x":0,"y":0},"originalSize":{"width":265,"height":143},"rotated":false,"capInsets":[0,0,0,0],"vertices":{"rawPosition":[],"indexes":[],"uv":[],"nuv":[],"minPos":{"x":0,"y":0,"z":0},"maxPos":{"x":0,"y":0,"z":0}},"packable":true,"pixelsToUnit":100,"pivot":{"x":0.5,"y":0.5},"meshType":0}],[0],0,[0],[0],[0]],[[{"name":"tx_youxichang_jiesuan_caidai04","rect":{"x":181,"y":1974,"width":47,"height":58},"offset":{"x":0,"y":0},"originalSize":{"width":47,"height":58},"rotated":false,"capInsets":[0,0,0,0],"vertices":{"rawPosition":[],"indexes":[],"uv":[],"nuv":[],"minPos":{"x":0,"y":0,"z":0},"maxPos":{"x":0,"y":0,"z":0}},"packable":true,"pixelsToUnit":100,"pivot":{"x":0.5,"y":0.5},"meshType":0}],[0],0,[0],[0],[0]],[[{"name":"main_btn_exit","rect":{"x":444,"y":1890,"width":80,"height":63},"offset":{"x":0,"y":0},"originalSize":{"width":80,"height":63},"rotated":true,"capInsets":[0,0,0,0],"vertices":{"rawPosition":[],"indexes":[],"uv":[],"nuv":[],"minPos":{"x":0,"y":0,"z":0},"maxPos":{"x":0,"y":0,"z":0}},"packable":true,"pixelsToUnit":100,"pivot":{"x":0.5,"y":0.5},"meshType":0}],[0],0,[0],[0],[0]],[[{"name":"tx_dizhushibai_wenzi","rect":{"x":1615,"y":0,"width":347,"height":122},"offset":{"x":0,"y":0},"originalSize":{"width":347,"height":122},"rotated":true,"capInsets":[0,0,0,0],"vertices":{"rawPosition":[],"indexes":[],"uv":[],"nuv":[],"minPos":{"x":0,"y":0,"z":0},"maxPos":{"x":0,"y":0,"z":0}},"packable":true,"pixelsToUnit":100,"pivot":{"x":0.5,"y":0.5},"meshType":0}],[0],0,[0],[0],[0]],[[{"name":"tx_youxichang_jiesuan_anniu02","rect":{"x":1745,"y":1054,"width":398,"height":146},"offset":{"x":0,"y":0},"originalSize":{"width":398,"height":146},"rotated":true,"capInsets":[0,0,0,0],"vertices":{"rawPosition":[],"indexes":[],"uv":[],"nuv":[],"minPos":{"x":0,"y":0,"z":0},"maxPos":{"x":0,"y":0,"z":0}},"packable":true,"pixelsToUnit":100,"pivot":{"x":0.5,"y":0.5},"meshType":0}],[0],0,[0],[0],[0]],[[{"name":"tx_youxichang_renwu_nonming_xiao02","rect":{"x":1484,"y":347,"width":198,"height":348},"offset":{"x":0,"y":0},"originalSize":{"width":198,"height":348},"rotated":false,"capInsets":[0,0,0,0],"vertices":{"rawPosition":[],"indexes":[],"uv":[],"nuv":[],"minPos":{"x":0,"y":0,"z":0},"maxPos":{"x":0,"y":0,"z":0}},"packable":true,"pixelsToUnit":100,"pivot":{"x":0.5,"y":0.5},"meshType":0}],[0],0,[0],[0],[0]],[[{"name":"tx_youxichang_jiesuan_tishi_baikuang","rect":{"x":553,"y":1871,"width":399,"height":73},"offset":{"x":0,"y":0},"originalSize":{"width":399,"height":73},"rotated":false,"capInsets":[0,0,0,0],"vertices":{"rawPosition":[],"indexes":[],"uv":[],"nuv":[],"minPos":{"x":0,"y":0,"z":0},"maxPos":{"x":0,"y":0,"z":0}},"packable":true,"pixelsToUnit":100,"pivot":{"x":0.5,"y":0.5},"meshType":0}],[0],0,[0],[0],[0]],[[{"name":"tx_youxichang_jiesuan_xingxing","rect":{"x":1620,"y":1956,"width":74,"height":75},"offset":{"x":0,"y":0},"originalSize":{"width":74,"height":75},"rotated":false,"capInsets":[0,0,0,0],"vertices":{"rawPosition":[],"indexes":[],"uv":[],"nuv":[],"minPos":{"x":0,"y":0,"z":0},"maxPos":{"x":0,"y":0,"z":0}},"packable":true,"pixelsToUnit":100,"pivot":{"x":0.5,"y":0.5},"meshType":0}],[0],0,[0],[0],[0]],[[{"name":"tx_youxichang_jiesuan_xingxi_heitiao","rect":{"x":444,"y":1970,"width":1072,"height":6},"offset":{"x":0,"y":0},"originalSize":{"width":1072,"height":6},"rotated":false,"capInsets":[0,0,0,0],"vertices":{"rawPosition":[],"indexes":[],"uv":[],"nuv":[],"minPos":{"x":0,"y":0,"z":0},"maxPos":{"x":0,"y":0,"z":0}},"packable":true,"pixelsToUnit":100,"pivot":{"x":0.5,"y":0.5},"meshType":0}],[0],0,[0],[0],[0]],[[{"name":"tx_youxichang_renwu_dizhu_xiao02","rect":{"x":1405,"y":1610,"width":205,"height":350},"offset":{"x":0,"y":0},"originalSize":{"width":205,"height":350},"rotated":true,"capInsets":[0,0,0,0],"vertices":{"rawPosition":[],"indexes":[],"uv":[],"nuv":[],"minPos":{"x":0,"y":0,"z":0},"maxPos":{"x":0,"y":0,"z":0}},"packable":true,"pixelsToUnit":100,"pivot":{"x":0.5,"y":0.5},"meshType":0}],[0],0,[0],[0],[0]],[[{"name":"tx_youxichang_jiesuan_xingxi_dikuang","rect":{"x":998,"y":0,"width":1405,"height":486},"offset":{"x":0,"y":0},"originalSize":{"width":1405,"height":486},"rotated":true,"capInsets":[0,0,0,0],"vertices":{"rawPosition":[],"indexes":[],"uv":[],"nuv":[],"minPos":{"x":0,"y":0,"z":0},"maxPos":{"x":0,"y":0,"z":0}},"packable":true,"pixelsToUnit":100,"pivot":{"x":0.5,"y":0.5},"meshType":0}],[0],0,[0],[0],[0]],[[{"name":"tx_youxichang_wangzha_baozha02","spriteFrames":["tx_youxichang_wangzha_huojian","2cpi794PtCSpmRpGs+Z1ry@477ea","tx_youxichang_wangzha_lieheng","2cpi794PtCSpmRpGs+Z1ry@46dd0","tx_youxichang_wangzha_light02","2cpi794PtCSpmRpGs+Z1ry@7c66b","tx_youxichang_wangzha_light03","2cpi794PtCSpmRpGs+Z1ry@e31b2","tx_youxichang_wangzha_light04","2cpi794PtCSpmRpGs+Z1ry@3c03d","tx_youxichang_wangzha_light_01","2cpi794PtCSpmRpGs+Z1ry@7d865","tx_youxichang_wangzha_lizi_00","2cpi794PtCSpmRpGs+Z1ry@be66c","tx_youxichang_wangzha_lizi_01","2cpi794PtCSpmRpGs+Z1ry@d796a","tx_youxichang_wangzha_lizi_02","2cpi794PtCSpmRpGs+Z1ry@e1041","tx_youxichang_wangzha_lizi_03","2cpi794PtCSpmRpGs+Z1ry@2e484","tx_youxichang_wangzha_lizi_04","2cpi794PtCSpmRpGs+Z1ry@db663","tx_youxichang_wangzha_lizi_05","2cpi794PtCSpmRpGs+Z1ry@d04ca","tx_youxichang_wangzha_lizi_06","2cpi794PtCSpmRpGs+Z1ry@4aaf1","tx_youxichang_wangzha_lizi_07","2cpi794PtCSpmRpGs+Z1ry@9ddab","tx_youxichang_wangzha_lizi_08","2cpi794PtCSpmRpGs+Z1ry@ec648","tx_youxichang_wangzha_lizi_09","2cpi794PtCSpmRpGs+Z1ry@251db","tx_youxichang_wangzha_lizi_10","2cpi794PtCSpmRpGs+Z1ry@3b047","tx_youxichang_wangzha_lizi_11","2cpi794PtCSpmRpGs+Z1ry@8f907","tx_youxichang_wangzha_lizi_12","2cpi794PtCSpmRpGs+Z1ry@247e3","tx_youxichang_wangzha_lizi_13","2cpi794PtCSpmRpGs+Z1ry@c9853","tx_youxichang_wangzha_lizi_14","2cpi794PtCSpmRpGs+Z1ry@39ff5","tx_youxichang_wangzha_lizi_15","2cpi794PtCSpmRpGs+Z1ry@c8dca","tx_youxichang_wangzha_lizi_16","2cpi794PtCSpmRpGs+Z1ry@57b3b","tx_youxichang_wangzha_wenzi_zi","2cpi794PtCSpmRpGs+Z1ry@b5d33","tx_youxichang_wangzha_wenzi_zi02","2cpi794PtCSpmRpGs+Z1ry@9f33c","tx_youxichang_wangzha_yanwu_00","2cpi794PtCSpmRpGs+Z1ry@5fe40","tx_youxichang_wangzha_yanwu_01","2cpi794PtCSpmRpGs+Z1ry@cbdf7","tx_youxichang_wangzha_yanwu_02","2cpi794PtCSpmRpGs+Z1ry@3ce66","tx_youxichang_wangzha_yanwu_03","2cpi794PtCSpmRpGs+Z1ry@50cc5","tx_youxichang_wangzha_yanwu_04","2cpi794PtCSpmRpGs+Z1ry@619d9","tx_youxichang_wangzha_yanwu_05","2cpi794PtCSpmRpGs+Z1ry@4d679","tx_youxichang_wangzha_yanwu_06","2cpi794PtCSpmRpGs+Z1ry@7c4fb","tx_youxichang_wangzha_yanwu_07","2cpi794PtCSpmRpGs+Z1ry@b21ec"]}],[2],0,[],[],[]],[[{"name":"tx_youxichang_wangzha_lizi_12","rect":{"x":1630,"y":2,"width":237,"height":384},"offset":{"x":-5,"y":1},"originalSize":{"width":251,"height":406},"rotated":true,"capInsets":[0,0,0,0],"vertices":{"rawPosition":[],"indexes":[],"uv":[],"nuv":[],"minPos":{"x":0,"y":0,"z":0},"maxPos":{"x":0,"y":0,"z":0}},"packable":true,"pixelsToUnit":100,"pivot":{"x":0.5,"y":0.5},"meshType":0}],[0],0,[0],[0],[2]],[[{"name":"tx_youxichang_wangzha_lizi_09","rect":{"x":1302,"y":223,"width":241,"height":342},"offset":{"x":-4,"y":-31},"originalSize":{"width":251,"height":406},"rotated":false,"capInsets":[0,0,0,0],"vertices":{"rawPosition":[],"indexes":[],"uv":[],"nuv":[],"minPos":{"x":0,"y":0,"z":0},"maxPos":{"x":0,"y":0,"z":0}},"packable":true,"pixelsToUnit":100,"pivot":{"x":0.5,"y":0.5},"meshType":0}],[0],0,[0],[0],[2]],[[{"name":"tx_youxichang_wangzha_lizi_03","rect":{"x":1677,"y":758,"width":191,"height":204},"offset":{"x":-5,"y":-91},"originalSize":{"width":251,"height":406},"rotated":false,"capInsets":[0,0,0,0],"vertices":{"rawPosition":[],"indexes":[],"uv":[],"nuv":[],"minPos":{"x":0,"y":0,"z":0},"maxPos":{"x":0,"y":0,"z":0}},"packable":true,"pixelsToUnit":100,"pivot":{"x":0.5,"y":0.5},"meshType":0}],[0],0,[0],[0],[2]],[[{"name":"tx_youxichang_wangzha_lizi_14","rect":{"x":1238,"y":2,"width":219,"height":390},"offset":{"x":11,"y":8},"originalSize":{"width":251,"height":406},"rotated":true,"capInsets":[0,0,0,0],"vertices":{"rawPosition":[],"indexes":[],"uv":[],"nuv":[],"minPos":{"x":0,"y":0,"z":0},"maxPos":{"x":0,"y":0,"z":0}},"packable":true,"pixelsToUnit":100,"pivot":{"x":0.5,"y":0.5},"meshType":0}],[0],0,[0],[0],[2]],[[{"name":"tx_youxichang_wangzha_lizi_10","rect":{"x":1071,"y":298,"width":229,"height":354},"offset":{"x":-11,"y":-21},"originalSize":{"width":251,"height":406},"rotated":false,"capInsets":[0,0,0,0],"vertices":{"rawPosition":[],"indexes":[],"uv":[],"nuv":[],"minPos":{"x":0,"y":0,"z":0},"maxPos":{"x":0,"y":0,"z":0}},"packable":true,"pixelsToUnit":100,"pivot":{"x":0.5,"y":0.5},"meshType":0}],[0],0,[0],[0],[2]],[[{"name":"tx_youxichang_wangzha_light04","rect":{"x":555,"y":1053,"width":99,"height":325},"offset":{"x":0,"y":0},"originalSize":{"width":99,"height":325},"rotated":true,"capInsets":[0,0,0,0],"vertices":{"rawPosition":[],"indexes":[],"uv":[],"nuv":[],"minPos":{"x":0,"y":0,"z":0},"maxPos":{"x":0,"y":0,"z":0}},"packable":true,"pixelsToUnit":100,"pivot":{"x":0.5,"y":0.5},"meshType":0}],[0],0,[0],[0],[2]],[[{"name":"tx_youxichang_wangzha_yanwu_02","rect":{"x":713,"y":672,"width":327,"height":154},"offset":{"x":-9,"y":0},"originalSize":{"width":369,"height":158},"rotated":true,"capInsets":[0,0,0,0],"vertices":{"rawPosition":[],"indexes":[],"uv":[],"nuv":[],"minPos":{"x":0,"y":0,"z":0},"maxPos":{"x":0,"y":0,"z":0}},"packable":true,"pixelsToUnit":100,"pivot":{"x":0.5,"y":0.5},"meshType":0}],[0],0,[0],[0],[2]],[[{"name":"tx_youxichang_wangzha_lieheng","rect":{"x":869,"y":679,"width":282,"height":195},"offset":{"x":0,"y":0},"originalSize":{"width":282,"height":195},"rotated":true,"capInsets":[0,0,0,0],"vertices":{"rawPosition":[],"indexes":[],"uv":[],"nuv":[],"minPos":{"x":0,"y":0,"z":0},"maxPos":{"x":0,"y":0,"z":0}},"packable":true,"pixelsToUnit":100,"pivot":{"x":0.5,"y":0.5},"meshType":0}],[0],0,[0],[0],[2]],[[{"name":"tx_youxichang_wangzha_huojian","rect":{"x":892,"y":302,"width":177,"height":375},"offset":{"x":0,"y":0},"originalSize":{"width":177,"height":375},"rotated":false,"capInsets":[0,0,0,0],"vertices":{"rawPosition":[],"indexes":[],"uv":[],"nuv":[],"minPos":{"x":0,"y":0,"z":0},"maxPos":{"x":0,"y":0,"z":0}},"packable":true,"pixelsToUnit":100,"pivot":{"x":0.5,"y":0.5},"meshType":0}],[0],0,[0],[0],[2]],[[{"name":"tx_youxichang_wangzha_lizi_06","rect":{"x":1302,"y":717,"width":227,"height":276},"offset":{"x":-3,"y":-65},"originalSize":{"width":251,"height":406},"rotated":false,"capInsets":[0,0,0,0],"vertices":{"rawPosition":[],"indexes":[],"uv":[],"nuv":[],"minPos":{"x":0,"y":0,"z":0},"maxPos":{"x":0,"y":0,"z":0}},"packable":true,"pixelsToUnit":100,"pivot":{"x":0.5,"y":0.5},"meshType":0}],[0],0,[0],[0],[2]],[[{"name":"tx_youxichang_wangzha_yanwu_05","rect":{"x":652,"y":142,"width":361,"height":158},"offset":{"x":2,"y":0},"originalSize":{"width":369,"height":158},"rotated":false,"capInsets":[0,0,0,0],"vertices":{"rawPosition":[],"indexes":[],"uv":[],"nuv":[],"minPos":{"x":0,"y":0,"z":0},"maxPos":{"x":0,"y":0,"z":0}},"packable":true,"pixelsToUnit":100,"pivot":{"x":0.5,"y":0.5},"meshType":0}],[0],0,[0],[0],[2]],[[{"name":"tx_youxichang_wangzha_yanwu_03","rect":{"x":399,"y":755,"width":351,"height":154},"offset":{"x":-9,"y":2},"originalSize":{"width":369,"height":158},"rotated":true,"capInsets":[0,0,0,0],"vertices":{"rawPosition":[],"indexes":[],"uv":[],"nuv":[],"minPos":{"x":0,"y":0,"z":0},"maxPos":{"x":0,"y":0,"z":0}},"packable":true,"pixelsToUnit":100,"pivot":{"x":0.5,"y":0.5},"meshType":0}],[0],0,[0],[0],[2]],[[{"name":"tx_youxichang_wangzha_lizi_16","rect":{"x":1870,"y":758,"width":223,"height":156},"offset":{"x":14,"y":-103},"originalSize":{"width":251,"height":406},"rotated":true,"capInsets":[0,0,0,0],"vertices":{"rawPosition":[],"indexes":[],"uv":[],"nuv":[],"minPos":{"x":0,"y":0,"z":0},"maxPos":{"x":0,"y":0,"z":0}},"packable":true,"pixelsToUnit":100,"pivot":{"x":0.5,"y":0.5},"meshType":0}],[0],0,[0],[0],[2]],[[{"name":"tx_youxichang_wangzha_yanwu_00","rect":{"x":1063,"y":1011,"width":253,"height":126},"offset":{"x":-7,"y":6},"originalSize":{"width":369,"height":158},"rotated":false,"capInsets":[0,0,0,0],"vertices":{"rawPosition":[],"indexes":[],"uv":[],"nuv":[],"minPos":{"x":0,"y":0,"z":0},"maxPos":{"x":0,"y":0,"z":0}},"packable":true,"pixelsToUnit":100,"pivot":{"x":0.5,"y":0.5},"meshType":0}],[0],0,[0],[0],[2]],[[{"name":"tx_youxichang_wangzha_yanwu_04","rect":{"x":555,"y":702,"width":349,"height":156},"offset":{"x":1,"y":-1},"originalSize":{"width":369,"height":158},"rotated":true,"capInsets":[0,0,0,0],"vertices":{"rawPosition":[],"indexes":[],"uv":[],"nuv":[],"minPos":{"x":0,"y":0,"z":0},"maxPos":{"x":0,"y":0,"z":0}},"packable":true,"pixelsToUnit":100,"pivot":{"x":0.5,"y":0.5},"meshType":0}],[0],0,[0],[0],[2]],[[{"name":"tx_youxichang_wangzha_yanwu_06","rect":{"x":1302,"y":567,"width":365,"height":148},"offset":{"x":2,"y":-4},"originalSize":{"width":369,"height":158},"rotated":false,"capInsets":[0,0,0,0],"vertices":{"rawPosition":[],"indexes":[],"uv":[],"nuv":[],"minPos":{"x":0,"y":0,"z":0},"maxPos":{"x":0,"y":0,"z":0}},"packable":true,"pixelsToUnit":100,"pivot":{"x":0.5,"y":0.5},"meshType":0}],[0],0,[0],[0],[2]],[[{"name":"tx_youxichang_wangzha_light02","rect":{"x":2,"y":755,"width":395,"height":388},"offset":{"x":0,"y":0},"originalSize":{"width":395,"height":388},"rotated":false,"capInsets":[0,0,0,0],"vertices":{"rawPosition":[],"indexes":[],"uv":[],"nuv":[],"minPos":{"x":0,"y":0,"z":0},"maxPos":{"x":0,"y":0,"z":0}},"packable":true,"pixelsToUnit":100,"pivot":{"x":0.5,"y":0.5},"meshType":0}],[0],0,[0],[0],[2]],[[{"name":"tx_youxichang_wangzha_light_01","rect":{"x":652,"y":2,"width":138,"height":584},"offset":{"x":0,"y":0},"originalSize":{"width":138,"height":584},"rotated":true,"capInsets":[0,0,0,0],"vertices":{"rawPosition":[],"indexes":[],"uv":[],"nuv":[],"minPos":{"x":0,"y":0,"z":0},"maxPos":{"x":0,"y":0,"z":0}},"packable":true,"pixelsToUnit":100,"pivot":{"x":0.5,"y":0.5},"meshType":0}],[0],0,[0],[0],[2]],[[{"name":"tx_youxichang_wangzha_lizi_11","rect":{"x":657,"y":302,"width":233,"height":368},"offset":{"x":-9,"y":-11},"originalSize":{"width":251,"height":406},"rotated":false,"capInsets":[0,0,0,0],"vertices":{"rawPosition":[],"indexes":[],"uv":[],"nuv":[],"minPos":{"x":0,"y":0,"z":0},"maxPos":{"x":0,"y":0,"z":0}},"packable":true,"pixelsToUnit":100,"pivot":{"x":0.5,"y":0.5},"meshType":0}],[0],0,[0],[0],[2]],[[{"name":"tx_youxichang_wangzha_lizi_07","rect":{"x":1786,"y":241,"width":233,"height":296},"offset":{"x":-3,"y":-55},"originalSize":{"width":251,"height":406},"rotated":false,"capInsets":[0,0,0,0],"vertices":{"rawPosition":[],"indexes":[],"uv":[],"nuv":[],"minPos":{"x":0,"y":0,"z":0},"maxPos":{"x":0,"y":0,"z":0}},"packable":true,"pixelsToUnit":100,"pivot":{"x":0.5,"y":0.5},"meshType":0}],[0],0,[0],[0],[2]],[[{"name":"tx_youxichang_wangzha_wenzi_zi02","rect":{"x":2,"y":2,"width":648,"height":304},"offset":{"x":0,"y":0},"originalSize":{"width":648,"height":304},"rotated":false,"capInsets":[0,0,0,0],"vertices":{"rawPosition":[],"indexes":[],"uv":[],"nuv":[],"minPos":{"x":0,"y":0,"z":0},"maxPos":{"x":0,"y":0,"z":0}},"packable":true,"pixelsToUnit":100,"pivot":{"x":0.5,"y":0.5},"meshType":0}],[0],0,[0],[0],[2]],[[{"name":"tx_youxichang_wangzha_yanwu_07","rect":{"x":1071,"y":654,"width":229,"height":148},"offset":{"x":52,"y":-5},"originalSize":{"width":369,"height":158},"rotated":false,"capInsets":[0,0,0,0],"vertices":{"rawPosition":[],"indexes":[],"uv":[],"nuv":[],"minPos":{"x":0,"y":0,"z":0},"maxPos":{"x":0,"y":0,"z":0}},"packable":true,"pixelsToUnit":100,"pivot":{"x":0.5,"y":0.5},"meshType":0}],[0],0,[0],[0],[2]],[[{"name":"tx_youxichang_wangzha_wenzi_zi","rect":{"x":1479,"y":1014,"width":216,"height":123},"offset":{"x":0,"y":0},"originalSize":{"width":216,"height":123},"rotated":false,"capInsets":[0,0,0,0],"vertices":{"rawPosition":[],"indexes":[],"uv":[],"nuv":[],"minPos":{"x":0,"y":0,"z":0},"maxPos":{"x":0,"y":0,"z":0}},"packable":true,"pixelsToUnit":100,"pivot":{"x":0.5,"y":0.5},"meshType":0}],[0],0,[0],[0],[2]],[[{"name":"tx_youxichang_wangzha_lizi_00","rect":{"x":1318,"y":995,"width":159,"height":152},"offset":{"x":-8,"y":-112},"originalSize":{"width":251,"height":406},"rotated":false,"capInsets":[0,0,0,0],"vertices":{"rawPosition":[],"indexes":[],"uv":[],"nuv":[],"minPos":{"x":0,"y":0,"z":0},"maxPos":{"x":0,"y":0,"z":0}},"packable":true,"pixelsToUnit":100,"pivot":{"x":0.5,"y":0.5},"meshType":0}],[0],0,[0],[0],[2]],[[{"name":"tx_youxichang_wangzha_lizi_15","rect":{"x":1015,"y":142,"width":221,"height":154},"offset":{"x":13,"y":-107},"originalSize":{"width":251,"height":406},"rotated":false,"capInsets":[0,0,0,0],"vertices":{"rawPosition":[],"indexes":[],"uv":[],"nuv":[],"minPos":{"x":0,"y":0,"z":0},"maxPos":{"x":0,"y":0,"z":0}},"packable":true,"pixelsToUnit":100,"pivot":{"x":0.5,"y":0.5},"meshType":0}],[0],0,[0],[0],[2]],[[{"name":"tx_youxichang_wangzha_lizi_13","rect":{"x":432,"y":308,"width":223,"height":392},"offset":{"x":6,"y":7},"originalSize":{"width":251,"height":406},"rotated":false,"capInsets":[0,0,0,0],"vertices":{"rawPosition":[],"indexes":[],"uv":[],"nuv":[],"minPos":{"x":0,"y":0,"z":0},"maxPos":{"x":0,"y":0,"z":0}},"packable":true,"pixelsToUnit":100,"pivot":{"x":0.5,"y":0.5},"meshType":0}],[0],0,[0],[0],[2]],[[{"name":"tx_youxichang_wangzha_yanwu_01","rect":{"x":1531,"y":717,"width":295,"height":144},"offset":{"x":-9,"y":3},"originalSize":{"width":369,"height":158},"rotated":true,"capInsets":[0,0,0,0],"vertices":{"rawPosition":[],"indexes":[],"uv":[],"nuv":[],"minPos":{"x":0,"y":0,"z":0},"maxPos":{"x":0,"y":0,"z":0}},"packable":true,"pixelsToUnit":100,"pivot":{"x":0.5,"y":0.5},"meshType":0}],[0],0,[0],[0],[2]],[[{"name":"tx_youxichang_wangzha_lizi_05","rect":{"x":1786,"y":539,"width":217,"height":256},"offset":{"x":-3,"y":-74},"originalSize":{"width":251,"height":406},"rotated":true,"capInsets":[0,0,0,0],"vertices":{"rawPosition":[],"indexes":[],"uv":[],"nuv":[],"minPos":{"x":0,"y":0,"z":0},"maxPos":{"x":0,"y":0,"z":0}},"packable":true,"pixelsToUnit":100,"pivot":{"x":0.5,"y":0.5},"meshType":0}],[0],0,[0],[0],[2]],[[{"name":"tx_youxichang_wangzha_lizi_01","rect":{"x":1697,"y":983,"width":169,"height":170},"offset":{"x":-7,"y":-106},"originalSize":{"width":251,"height":406},"rotated":true,"capInsets":[0,0,0,0],"vertices":{"rawPosition":[],"indexes":[],"uv":[],"nuv":[],"minPos":{"x":0,"y":0,"z":0},"maxPos":{"x":0,"y":0,"z":0}},"packable":true,"pixelsToUnit":100,"pivot":{"x":0.5,"y":0.5},"meshType":0}],[0],0,[0],[0],[2]],[[{"name":"tx_youxichang_wangzha_lizi_04","rect":{"x":1066,"y":804,"width":205,"height":234},"offset":{"x":-3,"y":-81},"originalSize":{"width":251,"height":406},"rotated":true,"capInsets":[0,0,0,0],"vertices":{"rawPosition":[],"indexes":[],"uv":[],"nuv":[],"minPos":{"x":0,"y":0,"z":0},"maxPos":{"x":0,"y":0,"z":0}},"packable":true,"pixelsToUnit":100,"pivot":{"x":0.5,"y":0.5},"meshType":0}],[0],0,[0],[0],[2]],[[{"name":"tx_youxichang_wangzha_lizi_02","rect":{"x":882,"y":963,"width":179,"height":188},"offset":{"x":-6,"y":-100},"originalSize":{"width":251,"height":406},"rotated":false,"capInsets":[0,0,0,0],"vertices":{"rawPosition":[],"indexes":[],"uv":[],"nuv":[],"minPos":{"x":0,"y":0,"z":0},"maxPos":{"x":0,"y":0,"z":0}},"packable":true,"pixelsToUnit":100,"pivot":{"x":0.5,"y":0.5},"meshType":0}],[0],0,[0],[0],[2]],[[{"name":"tx_youxichang_wangzha_light03","rect":{"x":2,"y":308,"width":428,"height":445},"offset":{"x":0,"y":0},"originalSize":{"width":428,"height":445},"rotated":false,"capInsets":[0,0,0,0],"vertices":{"rawPosition":[],"indexes":[],"uv":[],"nuv":[],"minPos":{"x":0,"y":0,"z":0},"maxPos":{"x":0,"y":0,"z":0}},"packable":true,"pixelsToUnit":100,"pivot":{"x":0.5,"y":0.5},"meshType":0}],[0],0,[0],[0],[2]],[[{"name":"tx_youxichang_wangzha_lizi_08","rect":{"x":1545,"y":241,"width":239,"height":324},"offset":{"x":-3,"y":-41},"originalSize":{"width":251,"height":406},"rotated":false,"capInsets":[0,0,0,0],"vertices":{"rawPosition":[],"indexes":[],"uv":[],"nuv":[],"minPos":{"x":0,"y":0,"z":0},"maxPos":{"x":0,"y":0,"z":0}},"packable":true,"pixelsToUnit":100,"pivot":{"x":0.5,"y":0.5},"meshType":0}],[0],0,[0],[0],[2]],[[[9,"ani_beishubianhua"],[10,"ani_beishubianhua",33554432,[-5],[[13,-2,[0,"2dIq6VQPFJ6qnfKVap9xfm"],[11]],[5,-3,[0,"aaW7w8pgdMXa5VcMxqU5gS"]],[2,-4,[0,"e8byX3G3hHRZvH8wKj2HN0"],[5,0,0]]],[1,"aa1GTzAytHNqljiKABSvUd",null,null,null,-1,0]],[11,"Node_1",33554432,1,[-8,-9,-10,-11,-12,-13],[[5,-6,[0,"86mSnnvMROQ5lQVzbW1+sG"]],[14,-7,[0,"19gRj8vRhGwZiUrEt0vQ5K"],[5,0,0],[0,0,0]]],[1,"f5iCN2u21HS5OvtDcXzj0z",null,null,null,1,0]],[12,"BitmapFontLabel_1",33554432,2,[[15,"X3",0,0,32,32,110,false,0,-14,[0,"9d939/Z05MPI/Pi11e4sMP"],0],[5,-15,[0,"47n+k5HnJDsLBXN8FB0ZYp"]],[2,-16,[0,"bdo+ZgAKlBr41j9VNwBdXi"],[5,122,110]]],[1,"65yOnXN+1DBoXrHlVtJsPB",null,null,null,1,0],[1,0.3733,0.3733,1]],[4,"tx_youxichang_liandui_light_yuan_2",33554432,2,[[8,1,2,false,-17,[0,"01SbxQmQpEwaaJsP06KlM1"],[4,4278232575],1,2],[3,0,-18,[0,"987ucS9qxMMIAw54KK+d5X"]],[2,-19,[0,"1bCjF/xBdJmqPZW8iAy/FV"],[5,425,425]]],[1,"5byuAiaHVGf7QNi2URGqYi",null,null,null,1,0],[1,-1.2717,-13.0298,0],[1,0.3,0.3,1]],[4,"tx_youxichang_jiesuan_guangxiao_light01_3",33554432,2,[[6,1,2,false,-20,[0,"d2X9nnY91BNoLx+dXILHtL"],3,4],[3,0,-21,[0,"66WqXroytAELh8GY/7lqWM"]],[2,-22,[0,"07lbnoabJNWYhDeSLPHXVy"],[5,991,998]]],[1,"fcMwXxXNtCH71nFJe7JaVP",null,null,null,1,0],[1,-6.519,-7.7824,0],[1,0.3,0.3,1]],[7,"tx_youxichang_wangzha_light03_4",33554432,2,[[8,1,2,false,-23,[0,"5c37oKEwhKLrfz9ZyIPFXi"],[4,4278232575],5,6],[3,0,-24,[0,"ec1NZ+rNhCbYiOHirISUeX"]],[2,-25,[0,"66WhjcbClB97bIpH+MDYIs"],[5,428,445]]],[1,"5dNfMqkWFBDo7EVq/gUHvR",null,null,null,1,0],[1,-3.8956,-6.4704,0]],[7,"settlement_img_xingxing_light_62",33554432,2,[[6,1,2,false,-26,[0,"3cAxe5a19KqpVOuCEaQcUL"],7,8],[3,0,-27,[0,"abx3matypAxq8bcIW67FDs"]],[2,-28,[0,"38YeGvJK9ISqr74U/Nnvvy"],[5,261,263]]],[1,"a8J/4SB8RE9LOhSJgxNq0i",null,null,null,1,0],[1,6.7799,-9.4025,0]],[4,"tx_youxichang_jiesuan_guangxiao_light01_63",33554432,2,[[6,1,2,false,-29,[0,"eaGilQVA5L66ob6a8CdHf9"],9,10],[3,0,-30,[0,"87guscVW9IO49Nie2KSmCa"]],[2,-31,[0,"29J4sZGDRMVqqAo6a1Fv7+"],[5,991,998]]],[1,"e8x3vXFcpH86Nt0j1Fj4EZ",null,null,null,1,0],[1,-2.4743,-3.2332,0],[1,0.3,0.3,1]]],0,[0,4,1,0,1,1,0,1,1,0,1,1,0,-1,2,0,1,2,0,1,2,0,-1,3,0,-2,4,0,-3,5,0,-4,6,0,-5,7,0,-6,8,0,1,3,0,1,3,0,1,3,0,1,4,0,1,4,0,1,4,0,1,5,0,1,5,0,1,5,0,1,6,0,1,6,0,1,6,0,1,7,0,1,7,0,1,7,0,1,8,0,1,8,0,1,8,0,5,1,31],[0,0,0,0,0,0,0,0,0,0,0,0],[6,2,3,2,3,2,3,2,3,2,3,-1],[5,3,6,3,4,3,7,3,8,3,4,9]],[[[16,"effect_material",[{}],[{"rasterizerState":{},"depthStencilState":{},"blendState":{"targets":[{}]}}],[{"USE_TEXTURE":true}]]],0,0,[0],[7],[10]],[[{"name":"tx_youxichang_lianduishunzi","spriteFrames":["tx_youxichang_liandui_guangxiao_00","9bnpJJ51xFYYQr58Z9FUdY@eaf49","tx_youxichang_liandui_guangxiao_01","9bnpJJ51xFYYQr58Z9FUdY@a3d58","tx_youxichang_liandui_guangxiao_02","9bnpJJ51xFYYQr58Z9FUdY@77cd1","tx_youxichang_liandui_guangxiao_03","9bnpJJ51xFYYQr58Z9FUdY@17d58","tx_youxichang_liandui_guangxiao_04","9bnpJJ51xFYYQr58Z9FUdY@e747a","tx_youxichang_liandui_guangxiao_05","9bnpJJ51xFYYQr58Z9FUdY@850b3","tx_youxichang_liandui_guangxiao_06","9bnpJJ51xFYYQr58Z9FUdY@e8e1e","tx_youxichang_liandui_light_01","9bnpJJ51xFYYQr58Z9FUdY@fec8b","tx_youxichang_liandui_light_yuan","9bnpJJ51xFYYQr58Z9FUdY@9606b","tx_youxichang_liandui_lizi_00","9bnpJJ51xFYYQr58Z9FUdY@376b5","tx_youxichang_liandui_lizi_01","9bnpJJ51xFYYQr58Z9FUdY@7bdbc","tx_youxichang_liandui_lizi_02","9bnpJJ51xFYYQr58Z9FUdY@74282","tx_youxichang_liandui_lizi_03","9bnpJJ51xFYYQr58Z9FUdY@7ae64","tx_youxichang_liandui_lizi_04","9bnpJJ51xFYYQr58Z9FUdY@a52b5","tx_youxichang_liandui_lizi_05","9bnpJJ51xFYYQr58Z9FUdY@afddd","tx_youxichang_liandui_lizi_06","9bnpJJ51xFYYQr58Z9FUdY@67ada","tx_youxichang_liandui_lizi_07","9bnpJJ51xFYYQr58Z9FUdY@f54b7","tx_youxichang_liandui_lizi_08","9bnpJJ51xFYYQr58Z9FUdY@67f94","tx_youxichang_liandui_lizi_09","9bnpJJ51xFYYQr58Z9FUdY@195be","tx_youxichang_liandui_zi","9bnpJJ51xFYYQr58Z9FUdY@b0618","tx_youxichang_shunzi_guangxiao_00","9bnpJJ51xFYYQr58Z9FUdY@5bbff","tx_youxichang_shunzi_guangxiao_01","9bnpJJ51xFYYQr58Z9FUdY@785ba","tx_youxichang_shunzi_guangxiao_02","9bnpJJ51xFYYQr58Z9FUdY@a860a","tx_youxichang_shunzi_guangxiao_03","9bnpJJ51xFYYQr58Z9FUdY@54577","tx_youxichang_shunzi_guangxiao_04","9bnpJJ51xFYYQr58Z9FUdY@c9849","tx_youxichang_shunzi_guangxiao_05","9bnpJJ51xFYYQr58Z9FUdY@23bfe","tx_youxichang_shunzi_guangxiao_06","9bnpJJ51xFYYQr58Z9FUdY@df83a","tx_youxichang_shunzi_guangxiao_07","9bnpJJ51xFYYQr58Z9FUdY@64a25","tx_youxichang_shunzi_lizi_00","9bnpJJ51xFYYQr58Z9FUdY@56ee2","tx_youxichang_shunzi_lizi_01","9bnpJJ51xFYYQr58Z9FUdY@e21db","tx_youxichang_shunzi_lizi_02","9bnpJJ51xFYYQr58Z9FUdY@9201e","tx_youxichang_shunzi_lizi_03","9bnpJJ51xFYYQr58Z9FUdY@92425","tx_youxichang_shunzi_lizi_04","9bnpJJ51xFYYQr58Z9FUdY@db414","tx_youxichang_shunzi_lizi_05","9bnpJJ51xFYYQr58Z9FUdY@51bac","tx_youxichang_shunzi_lizi_06","9bnpJJ51xFYYQr58Z9FUdY@00a59","tx_youxichang_shunzi_lizi_07","9bnpJJ51xFYYQr58Z9FUdY@add78","tx_youxichang_shunzi_lizi_08","9bnpJJ51xFYYQr58Z9FUdY@a5723","tx_youxichang_shunzi_lizi_09","9bnpJJ51xFYYQr58Z9FUdY@7e480","tx_youxichang_shunzi_lizi_10","9bnpJJ51xFYYQr58Z9FUdY@ccfa2","tx_youxichang_shunzi_lizi_11","9bnpJJ51xFYYQr58Z9FUdY@a5824","tx_youxichang_shunzi_lizi_12","9bnpJJ51xFYYQr58Z9FUdY@e4be3","tx_youxichang_shunzi_lizi_13","9bnpJJ51xFYYQr58Z9FUdY@2adb6","tx_youxichang_shunzi_lizi_14","9bnpJJ51xFYYQr58Z9FUdY@b4381","tx_youxichang_shunzi_zi","9bnpJJ51xFYYQr58Z9FUdY@b7941"]}],[2],0,[],[],[]],[[{"name":"tx_youxichang_shunzi_lizi_06","rect":{"x":880,"y":952,"width":283,"height":55},"offset":{"x":-4,"y":3},"originalSize":{"width":293,"height":83},"rotated":true,"capInsets":[0,0,0,0],"vertices":{"rawPosition":[],"indexes":[],"uv":[],"nuv":[],"minPos":{"x":0,"y":0,"z":0},"maxPos":{"x":0,"y":0,"z":0}},"packable":true,"pixelsToUnit":100,"pivot":{"x":0.5,"y":0.5},"meshType":0}],[0],0,[0],[0],[1]],[[{"name":"tx_youxichang_liandui_guangxiao_03","rect":{"x":2,"y":1435,"width":615,"height":55},"offset":{"x":-2,"y":-2},"originalSize":{"width":791,"height":63},"rotated":false,"capInsets":[0,0,0,0],"vertices":{"rawPosition":[],"indexes":[],"uv":[],"nuv":[],"minPos":{"x":0,"y":0,"z":0},"maxPos":{"x":0,"y":0,"z":0}},"packable":true,"pixelsToUnit":100,"pivot":{"x":0.5,"y":0.5},"meshType":0}],[0],0,[0],[0],[1]],[[{"name":"tx_youxichang_liandui_lizi_09","rect":{"x":658,"y":339,"width":3,"height":4},"offset":{"x":-144,"y":31},"originalSize":{"width":291,"height":260},"rotated":true,"capInsets":[0,0,0,0],"vertices":{"rawPosition":[],"indexes":[],"uv":[],"nuv":[],"minPos":{"x":0,"y":0,"z":0},"maxPos":{"x":0,"y":0,"z":0}},"packable":true,"pixelsToUnit":100,"pivot":{"x":0.5,"y":0.5},"meshType":0}],[0],0,[0],[0],[1]],[[{"name":"tx_youxichang_shunzi_guangxiao_05","rect":{"x":297,"y":1337,"width":350,"height":50},"offset":{"x":3,"y":-2},"originalSize":{"width":356,"height":56},"rotated":false,"capInsets":[0,0,0,0],"vertices":{"rawPosition":[],"indexes":[],"uv":[],"nuv":[],"minPos":{"x":0,"y":0,"z":0},"maxPos":{"x":0,"y":0,"z":0}},"packable":true,"pixelsToUnit":100,"pivot":{"x":0.5,"y":0.5},"meshType":0}],[0],0,[0],[0],[1]],[[{"name":"tx_youxichang_shunzi_lizi_13","rect":{"x":478,"y":1389,"width":169,"height":43},"offset":{"x":62,"y":-19},"originalSize":{"width":293,"height":83},"rotated":false,"capInsets":[0,0,0,0],"vertices":{"rawPosition":[],"indexes":[],"uv":[],"nuv":[],"minPos":{"x":0,"y":0,"z":0},"maxPos":{"x":0,"y":0,"z":0}},"packable":true,"pixelsToUnit":100,"pivot":{"x":0.5,"y":0.5},"meshType":0}],[0],0,[0],[0],[1]],[[{"name":"tx_youxichang_liandui_lizi_00","rect":{"x":665,"y":976,"width":185,"height":174},"offset":{"x":-9,"y":14},"originalSize":{"width":291,"height":260},"rotated":false,"capInsets":[0,0,0,0],"vertices":{"rawPosition":[],"indexes":[],"uv":[],"nuv":[],"minPos":{"x":0,"y":0,"z":0},"maxPos":{"x":0,"y":0,"z":0}},"packable":true,"pixelsToUnit":100,"pivot":{"x":0.5,"y":0.5},"meshType":0}],[0],0,[0],[0],[1]],[[{"name":"tx_youxichang_shunzi_lizi_05","rect":{"x":665,"y":289,"width":237,"height":53},"offset":{"x":-28,"y":3},"originalSize":{"width":293,"height":83},"rotated":false,"capInsets":[0,0,0,0],"vertices":{"rawPosition":[],"indexes":[],"uv":[],"nuv":[],"minPos":{"x":0,"y":0,"z":0},"maxPos":{"x":0,"y":0,"z":0}},"packable":true,"pixelsToUnit":100,"pivot":{"x":0.5,"y":0.5},"meshType":0}],[0],0,[0],[0],[1]],[[{"name":"tx_youxichang_shunzi_guangxiao_03","rect":{"x":332,"y":766,"width":352,"height":56},"offset":{"x":-2,"y":0},"originalSize":{"width":356,"height":56},"rotated":true,"capInsets":[0,0,0,0],"vertices":{"rawPosition":[],"indexes":[],"uv":[],"nuv":[],"minPos":{"x":0,"y":0,"z":0},"maxPos":{"x":0,"y":0,"z":0}},"packable":true,"pixelsToUnit":100,"pivot":{"x":0.5,"y":0.5},"meshType":0}],[0],0,[0],[0],[1]],[[{"name":"tx_youxichang_shunzi_lizi_00","rect":{"x":984,"y":291,"width":177,"height":21},"offset":{"x":-49,"y":5},"originalSize":{"width":293,"height":83},"rotated":true,"capInsets":[0,0,0,0],"vertices":{"rawPosition":[],"indexes":[],"uv":[],"nuv":[],"minPos":{"x":0,"y":0,"z":0},"maxPos":{"x":0,"y":0,"z":0}},"packable":true,"pixelsToUnit":100,"pivot":{"x":0.5,"y":0.5},"meshType":0}],[0],0,[0],[0],[1]],[[{"name":"tx_youxichang_shunzi_guangxiao_00","rect":{"x":852,"y":976,"width":194,"height":26},"offset":{"x":5,"y":5},"originalSize":{"width":356,"height":56},"rotated":true,"capInsets":[0,0,0,0],"vertices":{"rawPosition":[],"indexes":[],"uv":[],"nuv":[],"minPos":{"x":0,"y":0,"z":0},"maxPos":{"x":0,"y":0,"z":0}},"packable":true,"pixelsToUnit":100,"pivot":{"x":0.5,"y":0.5},"meshType":0}],[0],0,[0],[0],[1]],[[{"name":"tx_youxichang_shunzi_guangxiao_07","rect":{"x":913,"y":582,"width":330,"height":40},"offset":{"x":2,"y":1},"originalSize":{"width":356,"height":56},"rotated":true,"capInsets":[0,0,0,0],"vertices":{"rawPosition":[],"indexes":[],"uv":[],"nuv":[],"minPos":{"x":0,"y":0,"z":0},"maxPos":{"x":0,"y":0,"z":0}},"packable":true,"pixelsToUnit":100,"pivot":{"x":0.5,"y":0.5},"meshType":0}],[0],0,[0],[0],[1]],[[{"name":"tx_youxichang_liandui_lizi_06","rect":{"x":390,"y":790,"width":223,"height":238},"offset":{"x":-2,"y":11},"originalSize":{"width":291,"height":260},"rotated":false,"capInsets":[0,0,0,0],"vertices":{"rawPosition":[],"indexes":[],"uv":[],"nuv":[],"minPos":{"x":0,"y":0,"z":0},"maxPos":{"x":0,"y":0,"z":0}},"packable":true,"pixelsToUnit":100,"pivot":{"x":0.5,"y":0.5},"meshType":0}],[0],0,[0],[0],[1]],[[{"name":"tx_youxichang_liandui_lizi_08","rect":{"x":658,"y":344,"width":203,"height":212},"offset":{"x":-36,"y":-24},"originalSize":{"width":291,"height":260},"rotated":false,"capInsets":[0,0,0,0],"vertices":{"rawPosition":[],"indexes":[],"uv":[],"nuv":[],"minPos":{"x":0,"y":0,"z":0},"maxPos":{"x":0,"y":0,"z":0}},"packable":true,"pixelsToUnit":100,"pivot":{"x":0.5,"y":0.5},"meshType":0}],[0],0,[0],[0],[1]],[[{"name":"tx_youxichang_liandui_lizi_02","rect":{"x":332,"y":1146,"width":189,"height":212},"offset":{"x":15,"y":11},"originalSize":{"width":291,"height":260},"rotated":true,"capInsets":[0,0,0,0],"vertices":{"rawPosition":[],"indexes":[],"uv":[],"nuv":[],"minPos":{"x":0,"y":0,"z":0},"maxPos":{"x":0,"y":0,"z":0}},"packable":true,"pixelsToUnit":100,"pivot":{"x":0.5,"y":0.5},"meshType":0}],[0],0,[0],[0],[1]],[[{"name":"tx_youxichang_liandui_guangxiao_02","rect":{"x":193,"y":766,"width":607,"height":51},"offset":{"x":37,"y":-3},"originalSize":{"width":791,"height":63},"rotated":true,"capInsets":[0,0,0,0],"vertices":{"rawPosition":[],"indexes":[],"uv":[],"nuv":[],"minPos":{"x":0,"y":0,"z":0},"maxPos":{"x":0,"y":0,"z":0}},"packable":true,"pixelsToUnit":100,"pivot":{"x":0.5,"y":0.5},"meshType":0}],[0],0,[0],[0],[1]],[[{"name":"tx_youxichang_shunzi_guangxiao_01","rect":{"x":863,"y":344,"width":262,"height":40},"offset":{"x":4,"y":5},"originalSize":{"width":356,"height":56},"rotated":true,"capInsets":[0,0,0,0],"vertices":{"rawPosition":[],"indexes":[],"uv":[],"nuv":[],"minPos":{"x":0,"y":0,"z":0},"maxPos":{"x":0,"y":0,"z":0}},"packable":true,"pixelsToUnit":100,"pivot":{"x":0.5,"y":0.5},"meshType":0}],[0],0,[0],[0],[1]],[[{"name":"tx_youxichang_liandui_lizi_03","rect":{"x":429,"y":579,"width":209,"height":232},"offset":{"x":18,"y":9},"originalSize":{"width":291,"height":260},"rotated":true,"capInsets":[0,0,0,0],"vertices":{"rawPosition":[],"indexes":[],"uv":[],"nuv":[],"minPos":{"x":0,"y":0,"z":0},"maxPos":{"x":0,"y":0,"z":0}},"packable":true,"pixelsToUnit":100,"pivot":{"x":0.5,"y":0.5},"meshType":0}],[0],0,[0],[0],[1]],[[{"name":"tx_youxichang_liandui_lizi_01","rect":{"x":665,"y":771,"width":203,"height":194},"offset":{"x":-6,"y":13},"originalSize":{"width":291,"height":260},"rotated":true,"capInsets":[0,0,0,0],"vertices":{"rawPosition":[],"indexes":[],"uv":[],"nuv":[],"minPos":{"x":0,"y":0,"z":0},"maxPos":{"x":0,"y":0,"z":0}},"packable":true,"pixelsToUnit":100,"pivot":{"x":0.5,"y":0.5},"meshType":0}],[0],0,[0],[0],[1]],[[{"name":"tx_youxichang_shunzi_lizi_09","rect":{"x":546,"y":1229,"width":287,"height":71},"offset":{"x":1,"y":3},"originalSize":{"width":293,"height":83},"rotated":false,"capInsets":[0,0,0,0],"vertices":{"rawPosition":[],"indexes":[],"uv":[],"nuv":[],"minPos":{"x":0,"y":0,"z":0},"maxPos":{"x":0,"y":0,"z":0}},"packable":true,"pixelsToUnit":100,"pivot":{"x":0.5,"y":0.5},"meshType":0}],[0],0,[0],[0],[1]],[[{"name":"tx_youxichang_liandui_guangxiao_05","rect":{"x":67,"y":766,"width":663,"height":63},"offset":{"x":-51,"y":0},"originalSize":{"width":791,"height":63},"rotated":true,"capInsets":[0,0,0,0],"vertices":{"rawPosition":[],"indexes":[],"uv":[],"nuv":[],"minPos":{"x":0,"y":0,"z":0},"maxPos":{"x":0,"y":0,"z":0}},"packable":true,"pixelsToUnit":100,"pivot":{"x":0.5,"y":0.5},"meshType":0}],[0],0,[0],[0],[1]],[[{"name":"tx_youxichang_shunzi_lizi_02","rect":{"x":619,"y":1454,"width":203,"height":29},"offset":{"x":-30,"y":10},"originalSize":{"width":293,"height":83},"rotated":false,"capInsets":[0,0,0,0],"vertices":{"rawPosition":[],"indexes":[],"uv":[],"nuv":[],"minPos":{"x":0,"y":0,"z":0},"maxPos":{"x":0,"y":0,"z":0}},"packable":true,"pixelsToUnit":100,"pivot":{"x":0.5,"y":0.5},"meshType":0}],[0],0,[0],[0],[1]],[[{"name":"tx_youxichang_shunzi_lizi_03","rect":{"x":665,"y":256,"width":247,"height":31},"offset":{"x":-10,"y":10},"originalSize":{"width":293,"height":83},"rotated":false,"capInsets":[0,0,0,0],"vertices":{"rawPosition":[],"indexes":[],"uv":[],"nuv":[],"minPos":{"x":0,"y":0,"z":0},"maxPos":{"x":0,"y":0,"z":0}},"packable":true,"pixelsToUnit":100,"pivot":{"x":0.5,"y":0.5},"meshType":0}],[0],0,[0],[0],[1]],[[{"name":"tx_youxichang_liandui_light_yuan","rect":{"x":2,"y":339,"width":425,"height":425},"offset":{"x":0,"y":0},"originalSize":{"width":425,"height":425},"rotated":false,"capInsets":[0,0,0,0],"vertices":{"rawPosition":[],"indexes":[],"uv":[],"nuv":[],"minPos":{"x":0,"y":0,"z":0},"maxPos":{"x":0,"y":0,"z":0}},"packable":true,"pixelsToUnit":100,"pivot":{"x":0.5,"y":0.5},"meshType":0}],[0],0,[0],[0],[1]],[[{"name":"tx_youxichang_liandui_guangxiao_01","rect":{"x":246,"y":766,"width":593,"height":49},"offset":{"x":76,"y":-2},"originalSize":{"width":791,"height":63},"rotated":true,"capInsets":[0,0,0,0],"vertices":{"rawPosition":[],"indexes":[],"uv":[],"nuv":[],"minPos":{"x":0,"y":0,"z":0},"maxPos":{"x":0,"y":0,"z":0}},"packable":true,"pixelsToUnit":100,"pivot":{"x":0.5,"y":0.5},"meshType":0}],[0],0,[0],[0],[1]],[[{"name":"tx_youxichang_liandui_lizi_04","rect":{"x":429,"y":339,"width":227,"height":238},"offset":{"x":21,"y":2},"originalSize":{"width":291,"height":260},"rotated":false,"capInsets":[0,0,0,0],"vertices":{"rawPosition":[],"indexes":[],"uv":[],"nuv":[],"minPos":{"x":0,"y":0,"z":0},"maxPos":{"x":0,"y":0,"z":0}},"packable":true,"pixelsToUnit":100,"pivot":{"x":0.5,"y":0.5},"meshType":0}],[0],0,[0],[0],[1]],[[{"name":"tx_youxichang_shunzi_lizi_08","rect":{"x":937,"y":1201,"width":285,"height":63},"offset":{"x":0,"y":5},"originalSize":{"width":293,"height":83},"rotated":true,"capInsets":[0,0,0,0],"vertices":{"rawPosition":[],"indexes":[],"uv":[],"nuv":[],"minPos":{"x":0,"y":0,"z":0},"maxPos":{"x":0,"y":0,"z":0}},"packable":true,"pixelsToUnit":100,"pivot":{"x":0.5,"y":0.5},"meshType":0}],[0],0,[0],[0],[1]],[[{"name":"tx_youxichang_shunzi_lizi_11","rect":{"x":905,"y":291,"width":289,"height":77},"offset":{"x":2,"y":2},"originalSize":{"width":293,"height":83},"rotated":true,"capInsets":[0,0,0,0],"vertices":{"rawPosition":[],"indexes":[],"uv":[],"nuv":[],"minPos":{"x":0,"y":0,"z":0},"maxPos":{"x":0,"y":0,"z":0}},"packable":true,"pixelsToUnit":100,"pivot":{"x":0.5,"y":0.5},"meshType":0}],[0],0,[0],[0],[1]],[[{"name":"tx_youxichang_shunzi_guangxiao_02","rect":{"x":615,"y":790,"width":322,"height":48},"offset":{"x":2,"y":1},"originalSize":{"width":356,"height":56},"rotated":true,"capInsets":[0,0,0,0],"vertices":{"rawPosition":[],"indexes":[],"uv":[],"nuv":[],"minPos":{"x":0,"y":0,"z":0},"maxPos":{"x":0,"y":0,"z":0}},"packable":true,"pixelsToUnit":100,"pivot":{"x":0.5,"y":0.5},"meshType":0}],[0],0,[0],[0],[1]],[[{"name":"tx_youxichang_shunzi_lizi_07","rect":{"x":937,"y":914,"width":285,"height":61},"offset":{"x":-2,"y":5},"originalSize":{"width":293,"height":83},"rotated":true,"capInsets":[0,0,0,0],"vertices":{"rawPosition":[],"indexes":[],"uv":[],"nuv":[],"minPos":{"x":0,"y":0,"z":0},"maxPos":{"x":0,"y":0,"z":0}},"packable":true,"pixelsToUnit":100,"pivot":{"x":0.5,"y":0.5},"meshType":0}],[0],0,[0],[0],[1]],[[{"name":"tx_youxichang_liandui_lizi_05","rect":{"x":665,"y":2,"width":247,"height":252},"offset":{"x":22,"y":0},"originalSize":{"width":291,"height":260},"rotated":false,"capInsets":[0,0,0,0],"vertices":{"rawPosition":[],"indexes":[],"uv":[],"nuv":[],"minPos":{"x":0,"y":0,"z":0},"maxPos":{"x":0,"y":0,"z":0}},"packable":true,"pixelsToUnit":100,"pivot":{"x":0.5,"y":0.5},"meshType":0}],[0],0,[0],[0],[1]],[[{"name":"tx_youxichang_liandui_zi","rect":{"x":649,"y":1331,"width":204,"height":121},"offset":{"x":0,"y":0},"originalSize":{"width":204,"height":121},"rotated":false,"capInsets":[0,0,0,0],"vertices":{"rawPosition":[],"indexes":[],"uv":[],"nuv":[],"minPos":{"x":0,"y":0,"z":0},"maxPos":{"x":0,"y":0,"z":0}},"packable":true,"pixelsToUnit":100,"pivot":{"x":0.5,"y":0.5},"meshType":0}],[0],0,[0],[0],[1]],[[{"name":"tx_youxichang_shunzi_lizi_14","rect":{"x":955,"y":793,"width":113,"height":43},"offset":{"x":90,"y":-20},"originalSize":{"width":293,"height":83},"rotated":true,"capInsets":[0,0,0,0],"vertices":{"rawPosition":[],"indexes":[],"uv":[],"nuv":[],"minPos":{"x":0,"y":0,"z":0},"maxPos":{"x":0,"y":0,"z":0}},"packable":true,"pixelsToUnit":100,"pivot":{"x":0.5,"y":0.5},"meshType":0}],[0],0,[0],[0],[1]],[[{"name":"tx_youxichang_shunzi_zi","rect":{"x":390,"y":1030,"width":222,"height":114},"offset":{"x":0,"y":0},"originalSize":{"width":222,"height":114},"rotated":false,"capInsets":[0,0,0,0],"vertices":{"rawPosition":[],"indexes":[],"uv":[],"nuv":[],"minPos":{"x":0,"y":0,"z":0},"maxPos":{"x":0,"y":0,"z":0}},"packable":true,"pixelsToUnit":100,"pivot":{"x":0.5,"y":0.5},"meshType":0}],[0],0,[0],[0],[1]],[[{"name":"tx_youxichang_shunzi_guangxiao_04","rect":{"x":132,"y":1389,"width":344,"height":44},"offset":{"x":-4,"y":-6},"originalSize":{"width":356,"height":56},"rotated":false,"capInsets":[0,0,0,0],"vertices":{"rawPosition":[],"indexes":[],"uv":[],"nuv":[],"minPos":{"x":0,"y":0,"z":0},"maxPos":{"x":0,"y":0,"z":0}},"packable":true,"pixelsToUnit":100,"pivot":{"x":0.5,"y":0.5},"meshType":0}],[0],0,[0],[0],[1]],[[{"name":"tx_youxichang_shunzi_lizi_10","rect":{"x":546,"y":1152,"width":289,"height":75},"offset":{"x":2,"y":2},"originalSize":{"width":293,"height":83},"rotated":false,"capInsets":[0,0,0,0],"vertices":{"rawPosition":[],"indexes":[],"uv":[],"nuv":[],"minPos":{"x":0,"y":0,"z":0},"maxPos":{"x":0,"y":0,"z":0}},"packable":true,"pixelsToUnit":100,"pivot":{"x":0.5,"y":0.5},"meshType":0}],[0],0,[0],[0],[1]],[[{"name":"tx_youxichang_shunzi_lizi_04","rect":{"x":955,"y":582,"width":209,"height":47},"offset":{"x":-31,"y":4},"originalSize":{"width":293,"height":83},"rotated":true,"capInsets":[0,0,0,0],"vertices":{"rawPosition":[],"indexes":[],"uv":[],"nuv":[],"minPos":{"x":0,"y":0,"z":0},"maxPos":{"x":0,"y":0,"z":0}},"packable":true,"pixelsToUnit":100,"pivot":{"x":0.5,"y":0.5},"meshType":0}],[0],0,[0],[0],[1]],[[{"name":"tx_youxichang_shunzi_guangxiao_06","rect":{"x":861,"y":608,"width":342,"height":50},"offset":{"x":4,"y":1},"originalSize":{"width":356,"height":56},"rotated":true,"capInsets":[0,0,0,0],"vertices":{"rawPosition":[],"indexes":[],"uv":[],"nuv":[],"minPos":{"x":0,"y":0,"z":0},"maxPos":{"x":0,"y":0,"z":0}},"packable":true,"pixelsToUnit":100,"pivot":{"x":0.5,"y":0.5},"meshType":0}],[0],0,[0],[0],[1]],[[{"name":"tx_youxichang_shunzi_lizi_01","rect":{"x":546,"y":1302,"width":211,"height":27},"offset":{"x":-28,"y":4},"originalSize":{"width":293,"height":83},"rotated":false,"capInsets":[0,0,0,0],"vertices":{"rawPosition":[],"indexes":[],"uv":[],"nuv":[],"minPos":{"x":0,"y":0,"z":0},"maxPos":{"x":0,"y":0,"z":0}},"packable":true,"pixelsToUnit":100,"pivot":{"x":0.5,"y":0.5},"meshType":0}],[0],0,[0],[0],[1]],[[{"name":"tx_youxichang_shunzi_lizi_12","rect":{"x":914,"y":2,"width":287,"height":81},"offset":{"x":2,"y":1},"originalSize":{"width":293,"height":83},"rotated":true,"capInsets":[0,0,0,0],"vertices":{"rawPosition":[],"indexes":[],"uv":[],"nuv":[],"minPos":{"x":0,"y":0,"z":0},"maxPos":{"x":0,"y":0,"z":0}},"packable":true,"pixelsToUnit":100,"pivot":{"x":0.5,"y":0.5},"meshType":0}],[0],0,[0],[0],[1]],[[{"name":"tx_youxichang_liandui_guangxiao_04","rect":{"x":132,"y":766,"width":621,"height":59},"offset":{"x":-30,"y":-1},"originalSize":{"width":791,"height":63},"rotated":true,"capInsets":[0,0,0,0],"vertices":{"rawPosition":[],"indexes":[],"uv":[],"nuv":[],"minPos":{"x":0,"y":0,"z":0},"maxPos":{"x":0,"y":0,"z":0}},"packable":true,"pixelsToUnit":100,"pivot":{"x":0.5,"y":0.5},"meshType":0}],[0],0,[0],[0],[1]],[[{"name":"tx_youxichang_liandui_guangxiao_06","rect":{"x":2,"y":766,"width":667,"height":63},"offset":{"x":-62,"y":0},"originalSize":{"width":791,"height":63},"rotated":true,"capInsets":[0,0,0,0],"vertices":{"rawPosition":[],"indexes":[],"uv":[],"nuv":[],"minPos":{"x":0,"y":0,"z":0},"maxPos":{"x":0,"y":0,"z":0}},"packable":true,"pixelsToUnit":100,"pivot":{"x":0.5,"y":0.5},"meshType":0}],[0],0,[0],[0],[1]],[[{"name":"tx_youxichang_liandui_guangxiao_00","rect":{"x":297,"y":766,"width":565,"height":33},"offset":{"x":113,"y":3},"originalSize":{"width":791,"height":63},"rotated":true,"capInsets":[0,0,0,0],"vertices":{"rawPosition":[],"indexes":[],"uv":[],"nuv":[],"minPos":{"x":0,"y":0,"z":0},"maxPos":{"x":0,"y":0,"z":0}},"packable":true,"pixelsToUnit":100,"pivot":{"x":0.5,"y":0.5},"meshType":0}],[0],0,[0],[0],[1]],[[{"name":"tx_youxichang_liandui_lizi_07","rect":{"x":663,"y":558,"width":211,"height":194},"offset":{"x":-20,"y":-22},"originalSize":{"width":291,"height":260},"rotated":true,"capInsets":[0,0,0,0],"vertices":{"rawPosition":[],"indexes":[],"uv":[],"nuv":[],"minPos":{"x":0,"y":0,"z":0},"maxPos":{"x":0,"y":0,"z":0}},"packable":true,"pixelsToUnit":100,"pivot":{"x":0.5,"y":0.5},"meshType":0}],[0],0,[0],[0],[1]],[[{"name":"tx_youxichang_liandui_light_01","rect":{"x":2,"y":2,"width":661,"height":335},"offset":{"x":0,"y":0},"originalSize":{"width":661,"height":335},"rotated":false,"capInsets":[0,0,0,0],"vertices":{"rawPosition":[],"indexes":[],"uv":[],"nuv":[],"minPos":{"x":0,"y":0,"z":0},"maxPos":{"x":0,"y":0,"z":0}},"packable":true,"pixelsToUnit":100,"pivot":{"x":0.5,"y":0.5},"meshType":0}],[0],0,[0],[0],[1]]]]
