{"importBase":"import","nativeBase":"native","name":"login","deps":["resources"],"uuids":["22PuEYxjJGnpGDDMASI1lZ","30tx+MF3FGxJnZTMvMny/O","97kr32991GYJmoYbe4MX3R","30tx+MF3FGxJnZTMvMny/O@6c48a","30tx+MF3FGxJnZTMvMny/O@f9941","34/8nBtjlASrd95VlBGfbX","4f1BPeCZ1LcrJ1MyYb61hu","5bqgoyYtVMaYjNL+OgK9rE","97kr32991GYJmoYbe4MX3R@6c48a","97kr32991GYJmoYbe4MX3R@f9941","afxHkx8GZGsJC+n+YfITQo","b7MFJ8MjNBwqr3fNq1j5dJ","f1Ot8X6ytMpZzvdyXPKfRp","0288ca579","02e6631b8","03c16ef79","0e18b6084","23CZKvpnhMY4//4bAwy0CO@f9941","3fedFMDQ9Jzb6jMyBkYZIJ@f9941","61W27PAtlA1qcGRM0Qbltc@f9941","84XxI0aoFOtLoSwoA2WJ9n@f9941","ad+uQ/gyFAr4nObB2FuC6j@f9941","afxHkx8GZGsJC+n+YfITQo@6c48a","afxHkx8GZGsJC+n+YfITQo@f9941","b7MFJ8MjNBwqr3fNq1j5dJ@6c48a","b7MFJ8MjNBwqr3fNq1j5dJ@f9941"],"paths":{"0":["selectServer/test",1],"1":["testlogin/DL_btn_youke",2],"2":["testlogin/DL_btn_weixin",2],"3":["testlogin/DL_btn_youke/texture",3,1],"4":["testlogin/DL_btn_youke/spriteFrame",4,1],"5":["testlogin/login_notice",0],"7":["selectServer/selectServer",0],"8":["testlogin/DL_btn_weixin/texture",3,1],"9":["testlogin/DL_btn_weixin/spriteFrame",4,1],"12":["testlogin/login_main",0]},"scenes":{"db://assets/login/login.scene":6},"packs":{"0288ca579":["1","2","10","11"],"02e6631b8":["4","5","9","23","12"],"03c16ef79":["3","8","22","24"],"0e18b6084":["7","25"]},"versions":{"import":[13,"b0df4",14,"2cc8b",15,"9e12b",16,"30012",0,"f3144",6,"bb09c"],"native":[0,"ccf87",1,"efbe9",2,"072a8",10,"d55c2",11,"cdbc9"]},"redirect":[17,"0",18,"0",19,"0",20,"0",21,"0"],"debug":false,"extensionMap":{},"hasPreloadScript":true,"types":["cc.Prefab","cc.BufferAsset","cc.ImageAsset","cc.Texture2D","cc.SpriteFrame"],"encrypted":true}
