[1,["eeNcLrhTVCI7L9CxsXI8YM@6c48a"],["_textureSource"],["cc.SpriteFrame","cc.SpriteAtlas"],0,[[[{"name":"DDZ_effect_VS","spriteFrames":["1","6cWoaMxEFAgqjsVIXoMO1J@c30fb","2_00000","6cWoaMxEFAgqjsVIXoMO1J@29992","3_00000","6cWoaMxEFAgqjsVIXoMO1J@ce072","bai","6cWoaMxEFAgqjsVIXoMO1J@7a669","dian2_00000","6cWoaMxEFAgqjsVIXoMO1J@5663d","dian2_00001","6cWoaMxEFAgqjsVIXoMO1J@71789","dian2_00002","6cWoaMxEFAgqjsVIXoMO1J@999f3","dian2_00003","6cWoaMxEFAgqjsVIXoMO1J@06110","dian4_00000","6cWoaMxEFAgqjsVIXoMO1J@f9dcb","dian4_00001","6cWoaMxEFAgqjsVIXoMO1J@fe801","dian4_00002","6cWoaMxEFAgqjsVIXoMO1J@a5098","dian4_00003","6cWoaMxEFAgqjsVIXoMO1J@cf726","dian4_00004","6cWoaMxEFAgqjsVIXoMO1J@7437a","dian4_00005","6cWoaMxEFAgqjsVIXoMO1J@990ed","dian4_00006","6cWoaMxEFAgqjsVIXoMO1J@21870","dian4_00007","6cWoaMxEFAgqjsVIXoMO1J@8a852","dian8_000","6cWoaMxEFAgqjsVIXoMO1J@0ef17","dian8_001","6cWoaMxEFAgqjsVIXoMO1J@12493","dian8_002","6cWoaMxEFAgqjsVIXoMO1J@2eeb4","dian8_003","6cWoaMxEFAgqjsVIXoMO1J@d85d7","dian8_004","6cWoaMxEFAgqjsVIXoMO1J@baabd","dian8_005","6cWoaMxEFAgqjsVIXoMO1J@0ce53","dian8_006","6cWoaMxEFAgqjsVIXoMO1J@6bd43","dian8_007","6cWoaMxEFAgqjsVIXoMO1J@bd1ec","glow 2_000","6cWoaMxEFAgqjsVIXoMO1J@b8f14","glow_00000","6cWoaMxEFAgqjsVIXoMO1J@fbb7c","huohua_000","6cWoaMxEFAgqjsVIXoMO1J@21ee4","huohua_001","6cWoaMxEFAgqjsVIXoMO1J@d9934","huohua_002","6cWoaMxEFAgqjsVIXoMO1J@b7baf","huohua_003","6cWoaMxEFAgqjsVIXoMO1J@d3e03","huohua_004","6cWoaMxEFAgqjsVIXoMO1J@53924","huohua_005","6cWoaMxEFAgqjsVIXoMO1J@1a6b3","huohua_006","6cWoaMxEFAgqjsVIXoMO1J@7d558","huohua_007","6cWoaMxEFAgqjsVIXoMO1J@c73f6","huohua_008","6cWoaMxEFAgqjsVIXoMO1J@ccaca","huohua_009","6cWoaMxEFAgqjsVIXoMO1J@eb761","huohua_010","6cWoaMxEFAgqjsVIXoMO1J@90cf2","huohua_011","6cWoaMxEFAgqjsVIXoMO1J@c9dd4","huohua_012","6cWoaMxEFAgqjsVIXoMO1J@6829e","huohua_013","6cWoaMxEFAgqjsVIXoMO1J@53ef3","huohua_014","6cWoaMxEFAgqjsVIXoMO1J@de284","img_dz","6cWoaMxEFAgqjsVIXoMO1J@ecf2a","img_hong","6cWoaMxEFAgqjsVIXoMO1J@11c98","img_jt","6cWoaMxEFAgqjsVIXoMO1J@4e3ac","img_lan","6cWoaMxEFAgqjsVIXoMO1J@574fa","img_nm","6cWoaMxEFAgqjsVIXoMO1J@39fb5","img_pw_di","6cWoaMxEFAgqjsVIXoMO1J@2b656","img_pwks","6cWoaMxEFAgqjsVIXoMO1J@c2eda","img_vs","6cWoaMxEFAgqjsVIXoMO1J@cbb83","img_vs1","6cWoaMxEFAgqjsVIXoMO1J@2b840"]}],[1],0,[],[],[]],[[{"name":"dian2_00003","rect":{"x":754,"y":1261,"width":152,"height":242},"offset":{"x":12,"y":3},"originalSize":{"width":256,"height":256},"rotated":true,"capInsets":[0,0,0,0],"vertices":{"rawPosition":[],"indexes":[],"uv":[],"nuv":[],"minPos":{"x":0,"y":0,"z":0},"maxPos":{"x":0,"y":0,"z":0}},"packable":true,"pixelsToUnit":100,"pivot":{"x":0.5,"y":0.5},"meshType":0}],[0],0,[0],[0],[0]],[[{"name":"dian8_005","rect":{"x":1360,"y":1167,"width":102,"height":232},"offset":{"x":5,"y":-6},"originalSize":{"width":128,"height":256},"rotated":true,"capInsets":[0,0,0,0],"vertices":{"rawPosition":[],"indexes":[],"uv":[],"nuv":[],"minPos":{"x":0,"y":0,"z":0},"maxPos":{"x":0,"y":0,"z":0}},"packable":true,"pixelsToUnit":100,"pivot":{"x":0.5,"y":0.5},"meshType":0}],[0],0,[0],[0],[0]],[[{"name":"dian8_000","rect":{"x":1394,"y":1401,"width":116,"height":160},"offset":{"x":-6,"y":-46},"originalSize":{"width":128,"height":256},"rotated":true,"capInsets":[0,0,0,0],"vertices":{"rawPosition":[],"indexes":[],"uv":[],"nuv":[],"minPos":{"x":0,"y":0,"z":0},"maxPos":{"x":0,"y":0,"z":0}},"packable":true,"pixelsToUnit":100,"pivot":{"x":0.5,"y":0.5},"meshType":0}],[0],0,[0],[0],[0]],[[{"name":"img_hong","rect":{"x":946,"y":122,"width":942,"height":739},"offset":{"x":0,"y":0},"originalSize":{"width":942,"height":739},"rotated":false,"capInsets":[0,0,0,0],"vertices":{"rawPosition":[],"indexes":[],"uv":[],"nuv":[],"minPos":{"x":0,"y":0,"z":0},"maxPos":{"x":0,"y":0,"z":0}},"packable":true,"pixelsToUnit":100,"pivot":{"x":0.5,"y":0.5},"meshType":0}],[0],0,[0],[0],[0]],[[{"name":"dian8_001","rect":{"x":1268,"y":1271,"width":128,"height":186},"offset":{"x":0,"y":-33},"originalSize":{"width":128,"height":256},"rotated":true,"capInsets":[0,0,0,0],"vertices":{"rawPosition":[],"indexes":[],"uv":[],"nuv":[],"minPos":{"x":0,"y":0,"z":0},"maxPos":{"x":0,"y":0,"z":0}},"packable":true,"pixelsToUnit":100,"pivot":{"x":0.5,"y":0.5},"meshType":0}],[0],0,[0],[0],[0]],[[{"name":"huohua_005","rect":{"x":1948,"y":1109,"width":66,"height":70},"offset":{"x":-4,"y":-4},"originalSize":{"width":100,"height":100},"rotated":false,"capInsets":[0,0,0,0],"vertices":{"rawPosition":[],"indexes":[],"uv":[],"nuv":[],"minPos":{"x":0,"y":0,"z":0},"maxPos":{"x":0,"y":0,"z":0}},"packable":true,"pixelsToUnit":100,"pivot":{"x":0.5,"y":0.5},"meshType":0}],[0],0,[0],[0],[0]],[[{"name":"dian4_00006","rect":{"x":1268,"y":1401,"width":124,"height":126},"offset":{"x":2,"y":1},"originalSize":{"width":128,"height":128},"rotated":false,"capInsets":[0,0,0,0],"vertices":{"rawPosition":[],"indexes":[],"uv":[],"nuv":[],"minPos":{"x":0,"y":0,"z":0},"maxPos":{"x":0,"y":0,"z":0}},"packable":true,"pixelsToUnit":100,"pivot":{"x":0.5,"y":0.5},"meshType":0}],[0],0,[0],[0],[0]],[[{"name":"huohua_000","rect":{"x":998,"y":1389,"width":46,"height":24},"offset":{"x":1,"y":-5},"originalSize":{"width":100,"height":100},"rotated":false,"capInsets":[0,0,0,0],"vertices":{"rawPosition":[],"indexes":[],"uv":[],"nuv":[],"minPos":{"x":0,"y":0,"z":0},"maxPos":{"x":0,"y":0,"z":0}},"packable":true,"pixelsToUnit":100,"pivot":{"x":0.5,"y":0.5},"meshType":0}],[0],0,[0],[0],[0]],[[{"name":"2_00000","rect":{"x":1680,"y":1423,"width":96,"height":94},"offset":{"x":0,"y":0},"originalSize":{"width":128,"height":128},"rotated":false,"capInsets":[0,0,0,0],"vertices":{"rawPosition":[],"indexes":[],"uv":[],"nuv":[],"minPos":{"x":0,"y":0,"z":0},"maxPos":{"x":0,"y":0,"z":0}},"packable":true,"pixelsToUnit":100,"pivot":{"x":0.5,"y":0.5},"meshType":0}],[0],0,[0],[0],[0]],[[{"name":"img_pw_di","rect":{"x":2,"y":2,"width":1765,"height":118},"offset":{"x":0,"y":0},"originalSize":{"width":1765,"height":118},"rotated":false,"capInsets":[0,0,0,0],"vertices":{"rawPosition":[],"indexes":[],"uv":[],"nuv":[],"minPos":{"x":0,"y":0,"z":0},"maxPos":{"x":0,"y":0,"z":0}},"packable":true,"pixelsToUnit":100,"pivot":{"x":0.5,"y":0.5},"meshType":0}],[0],0,[0],[0],[0]],[[{"name":"img_vs1","rect":{"x":1317,"y":863,"width":285,"height":302},"offset":{"x":0,"y":0},"originalSize":{"width":285,"height":302},"rotated":false,"capInsets":[0,0,0,0],"vertices":{"rawPosition":[],"indexes":[],"uv":[],"nuv":[],"minPos":{"x":0,"y":0,"z":0},"maxPos":{"x":0,"y":0,"z":0}},"packable":true,"pixelsToUnit":100,"pivot":{"x":0.5,"y":0.5},"meshType":0}],[0],0,[0],[0],[0]],[[{"name":"dian8_002","rect":{"x":754,"y":1415,"width":112,"height":216},"offset":{"x":7,"y":-18},"originalSize":{"width":128,"height":256},"rotated":true,"capInsets":[0,0,0,0],"vertices":{"rawPosition":[],"indexes":[],"uv":[],"nuv":[],"minPos":{"x":0,"y":0,"z":0},"maxPos":{"x":0,"y":0,"z":0}},"packable":true,"pixelsToUnit":100,"pivot":{"x":0.5,"y":0.5},"meshType":0}],[0],0,[0],[0],[0]],[[{"name":"img_nm","rect":{"x":2,"y":864,"width":531,"height":395},"offset":{"x":0,"y":0},"originalSize":{"width":531,"height":395},"rotated":false,"capInsets":[0,0,0,0],"vertices":{"rawPosition":[],"indexes":[],"uv":[],"nuv":[],"minPos":{"x":0,"y":0,"z":0},"maxPos":{"x":0,"y":0,"z":0}},"packable":true,"pixelsToUnit":100,"pivot":{"x":0.5,"y":0.5},"meshType":0}],[0],0,[0],[0],[0]],[[{"name":"img_jt","rect":{"x":1092,"y":1456,"width":103,"height":60},"offset":{"x":0,"y":0},"originalSize":{"width":103,"height":60},"rotated":false,"capInsets":[0,0,0,0],"vertices":{"rawPosition":[],"indexes":[],"uv":[],"nuv":[],"minPos":{"x":0,"y":0,"z":0},"maxPos":{"x":0,"y":0,"z":0}},"packable":true,"pixelsToUnit":100,"pivot":{"x":0.5,"y":0.5},"meshType":0}],[0],0,[0],[0],[0]],[[{"name":"huohua_004","rect":{"x":1846,"y":1447,"width":64,"height":70},"offset":{"x":-10,"y":-8},"originalSize":{"width":100,"height":100},"rotated":true,"capInsets":[0,0,0,0],"vertices":{"rawPosition":[],"indexes":[],"uv":[],"nuv":[],"minPos":{"x":0,"y":0,"z":0},"maxPos":{"x":0,"y":0,"z":0}},"packable":true,"pixelsToUnit":100,"pivot":{"x":0.5,"y":0.5},"meshType":0}],[0],0,[0],[0],[0]],[[{"name":"huohua_013","rect":{"x":1948,"y":1181,"width":58,"height":70},"offset":{"x":-11,"y":-1},"originalSize":{"width":100,"height":100},"rotated":true,"capInsets":[0,0,0,0],"vertices":{"rawPosition":[],"indexes":[],"uv":[],"nuv":[],"minPos":{"x":0,"y":0,"z":0},"maxPos":{"x":0,"y":0,"z":0}},"packable":true,"pixelsToUnit":100,"pivot":{"x":0.5,"y":0.5},"meshType":0}],[0],0,[0],[0],[0]],[[{"name":"dian2_00000","rect":{"x":1604,"y":1121,"width":170,"height":212},"offset":{"x":-6,"y":4},"originalSize":{"width":256,"height":256},"rotated":true,"capInsets":[0,0,0,0],"vertices":{"rawPosition":[],"indexes":[],"uv":[],"nuv":[],"minPos":{"x":0,"y":0,"z":0},"maxPos":{"x":0,"y":0,"z":0}},"packable":true,"pixelsToUnit":100,"pivot":{"x":0.5,"y":0.5},"meshType":0}],[0],0,[0],[0],[0]],[[{"name":"img_lan","rect":{"x":2,"y":122,"width":942,"height":740},"offset":{"x":0,"y":0},"originalSize":{"width":942,"height":740},"rotated":false,"capInsets":[0,0,0,0],"vertices":{"rawPosition":[],"indexes":[],"uv":[],"nuv":[],"minPos":{"x":0,"y":0,"z":0},"maxPos":{"x":0,"y":0,"z":0}},"packable":true,"pixelsToUnit":100,"pivot":{"x":0.5,"y":0.5},"meshType":0}],[0],0,[0],[0],[0]],[[{"name":"huohua_012","rect":{"x":1050,"y":1260,"width":34,"height":58},"offset":{"x":-3,"y":0},"originalSize":{"width":100,"height":100},"rotated":false,"capInsets":[0,0,0,0],"vertices":{"rawPosition":[],"indexes":[],"uv":[],"nuv":[],"minPos":{"x":0,"y":0,"z":0},"maxPos":{"x":0,"y":0,"z":0}},"packable":true,"pixelsToUnit":100,"pivot":{"x":0.5,"y":0.5},"meshType":0}],[0],0,[0],[0],[0]],[[{"name":"dian8_006","rect":{"x":1890,"y":598,"width":114,"height":230},"offset":{"x":6,"y":-6},"originalSize":{"width":128,"height":256},"rotated":false,"capInsets":[0,0,0,0],"vertices":{"rawPosition":[],"indexes":[],"uv":[],"nuv":[],"minPos":{"x":0,"y":0,"z":0},"maxPos":{"x":0,"y":0,"z":0}},"packable":true,"pixelsToUnit":100,"pivot":{"x":0.5,"y":0.5},"meshType":0}],[0],0,[0],[0],[0]],[[{"name":"dian2_00001","rect":{"x":1092,"y":1260,"width":174,"height":194},"offset":{"x":-3,"y":3},"originalSize":{"width":256,"height":256},"rotated":false,"capInsets":[0,0,0,0],"vertices":{"rawPosition":[],"indexes":[],"uv":[],"nuv":[],"minPos":{"x":0,"y":0,"z":0},"maxPos":{"x":0,"y":0,"z":0}},"packable":true,"pixelsToUnit":100,"pivot":{"x":0.5,"y":0.5},"meshType":0}],[0],0,[0],[0],[0]],[[{"name":"dian4_00004","rect":{"x":1818,"y":1121,"width":128,"height":128},"offset":{"x":0,"y":0},"originalSize":{"width":128,"height":128},"rotated":false,"capInsets":[0,0,0,0],"vertices":{"rawPosition":[],"indexes":[],"uv":[],"nuv":[],"minPos":{"x":0,"y":0,"z":0},"maxPos":{"x":0,"y":0,"z":0}},"packable":true,"pixelsToUnit":100,"pivot":{"x":0.5,"y":0.5},"meshType":0}],[0],0,[0],[0],[0]],[[{"name":"bai","rect":{"x":518,"y":1497,"width":30,"height":60},"offset":{"x":0,"y":0},"originalSize":{"width":30,"height":60},"rotated":true,"capInsets":[0,0,0,0],"vertices":{"rawPosition":[],"indexes":[],"uv":[],"nuv":[],"minPos":{"x":0,"y":0,"z":0},"maxPos":{"x":0,"y":0,"z":0}},"packable":true,"pixelsToUnit":100,"pivot":{"x":0.5,"y":0.5},"meshType":0}],[0],0,[0],[0],[0]],[[{"name":"huohua_006","rect":{"x":1994,"y":1381,"width":64,"height":52},"offset":{"x":4,"y":-6},"originalSize":{"width":100,"height":100},"rotated":true,"capInsets":[0,0,0,0],"vertices":{"rawPosition":[],"indexes":[],"uv":[],"nuv":[],"minPos":{"x":0,"y":0,"z":0},"maxPos":{"x":0,"y":0,"z":0}},"packable":true,"pixelsToUnit":100,"pivot":{"x":0.5,"y":0.5},"meshType":0}],[0],0,[0],[0],[0]],[[{"name":"dian4_00007","rect":{"x":1556,"y":1423,"width":98,"height":122},"offset":{"x":1,"y":2},"originalSize":{"width":128,"height":128},"rotated":true,"capInsets":[0,0,0,0],"vertices":{"rawPosition":[],"indexes":[],"uv":[],"nuv":[],"minPos":{"x":0,"y":0,"z":0},"maxPos":{"x":0,"y":0,"z":0}},"packable":true,"pixelsToUnit":100,"pivot":{"x":0.5,"y":0.5},"meshType":0}],[0],0,[0],[0],[0]],[[{"name":"huohua_010","rect":{"x":1972,"y":1313,"width":66,"height":56},"offset":{"x":-6,"y":-13},"originalSize":{"width":100,"height":100},"rotated":true,"capInsets":[0,0,0,0],"vertices":{"rawPosition":[],"indexes":[],"uv":[],"nuv":[],"minPos":{"x":0,"y":0,"z":0},"maxPos":{"x":0,"y":0,"z":0}},"packable":true,"pixelsToUnit":100,"pivot":{"x":0.5,"y":0.5},"meshType":0}],[0],0,[0],[0],[0]],[[{"name":"dian4_00005","rect":{"x":1846,"y":1251,"width":124,"height":128},"offset":{"x":2,"y":0},"originalSize":{"width":128,"height":128},"rotated":false,"capInsets":[0,0,0,0],"vertices":{"rawPosition":[],"indexes":[],"uv":[],"nuv":[],"minPos":{"x":0,"y":0,"z":0},"maxPos":{"x":0,"y":0,"z":0}},"packable":true,"pixelsToUnit":100,"pivot":{"x":0.5,"y":0.5},"meshType":0}],[0],0,[0],[0],[0]],[[{"name":"dian2_00002","rect":{"x":1862,"y":863,"width":184,"height":244},"offset":{"x":-1,"y":5},"originalSize":{"width":256,"height":256},"rotated":false,"capInsets":[0,0,0,0],"vertices":{"rawPosition":[],"indexes":[],"uv":[],"nuv":[],"minPos":{"x":0,"y":0,"z":0},"maxPos":{"x":0,"y":0,"z":0}},"packable":true,"pixelsToUnit":100,"pivot":{"x":0.5,"y":0.5},"meshType":0}],[0],0,[0],[0],[0]],[[{"name":"dian4_00002","rect":{"x":1586,"y":1293,"width":128,"height":128},"offset":{"x":0,"y":0},"originalSize":{"width":128,"height":128},"rotated":false,"capInsets":[0,0,0,0],"vertices":{"rawPosition":[],"indexes":[],"uv":[],"nuv":[],"minPos":{"x":0,"y":0,"z":0},"maxPos":{"x":0,"y":0,"z":0}},"packable":true,"pixelsToUnit":100,"pivot":{"x":0.5,"y":0.5},"meshType":0}],[0],0,[0],[0],[0]],[[{"name":"huohua_002","rect":{"x":1197,"y":1456,"width":68,"height":60},"offset":{"x":-4,"y":-11},"originalSize":{"width":100,"height":100},"rotated":false,"capInsets":[0,0,0,0],"vertices":{"rawPosition":[],"indexes":[],"uv":[],"nuv":[],"minPos":{"x":0,"y":0,"z":0},"maxPos":{"x":0,"y":0,"z":0}},"packable":true,"pixelsToUnit":100,"pivot":{"x":0.5,"y":0.5},"meshType":0}],[0],0,[0],[0],[0]],[[{"name":"glow 2_000","rect":{"x":1604,"y":863,"width":256,"height":256},"offset":{"x":0,"y":0},"originalSize":{"width":256,"height":256},"rotated":false,"capInsets":[0,0,0,0],"vertices":{"rawPosition":[],"indexes":[],"uv":[],"nuv":[],"minPos":{"x":0,"y":0,"z":0},"maxPos":{"x":0,"y":0,"z":0}},"packable":true,"pixelsToUnit":100,"pivot":{"x":0.5,"y":0.5},"meshType":0}],[0],0,[0],[0],[0]],[[{"name":"dian8_004","rect":{"x":1769,"y":2,"width":108,"height":252},"offset":{"x":9,"y":0},"originalSize":{"width":128,"height":256},"rotated":true,"capInsets":[0,0,0,0],"vertices":{"rawPosition":[],"indexes":[],"uv":[],"nuv":[],"minPos":{"x":0,"y":0,"z":0},"maxPos":{"x":0,"y":0,"z":0}},"packable":true,"pixelsToUnit":100,"pivot":{"x":0.5,"y":0.5},"meshType":0}],[0],0,[0],[0],[0]],[[{"name":"dian8_007","rect":{"x":1890,"y":366,"width":116,"height":230},"offset":{"x":-6,"y":-8},"originalSize":{"width":128,"height":256},"rotated":false,"capInsets":[0,0,0,0],"vertices":{"rawPosition":[],"indexes":[],"uv":[],"nuv":[],"minPos":{"x":0,"y":0,"z":0},"maxPos":{"x":0,"y":0,"z":0}},"packable":true,"pixelsToUnit":100,"pivot":{"x":0.5,"y":0.5},"meshType":0}],[0],0,[0],[0],[0]],[[{"name":"img_pwks","rect":{"x":1033,"y":1176,"width":325,"height":82},"offset":{"x":0,"y":0},"originalSize":{"width":325,"height":82},"rotated":false,"capInsets":[0,0,0,0],"vertices":{"rawPosition":[],"indexes":[],"uv":[],"nuv":[],"minPos":{"x":0,"y":0,"z":0},"maxPos":{"x":0,"y":0,"z":0}},"packable":true,"pixelsToUnit":100,"pivot":{"x":0.5,"y":0.5},"meshType":0}],[0],0,[0],[0],[0]],[[{"name":"1","rect":{"x":518,"y":1261,"width":234,"height":234},"offset":{"x":-1,"y":1},"originalSize":{"width":256,"height":256},"rotated":false,"capInsets":[0,0,0,0],"vertices":{"rawPosition":[],"indexes":[],"uv":[],"nuv":[],"minPos":{"x":0,"y":0,"z":0},"maxPos":{"x":0,"y":0,"z":0}},"packable":true,"pixelsToUnit":100,"pivot":{"x":0.5,"y":0.5},"meshType":0}],[0],0,[0],[0],[0]],[[{"name":"huohua_007","rect":{"x":1778,"y":1423,"width":84,"height":66},"offset":{"x":-1,"y":-7},"originalSize":{"width":100,"height":100},"rotated":true,"capInsets":[0,0,0,0],"vertices":{"rawPosition":[],"indexes":[],"uv":[],"nuv":[],"minPos":{"x":0,"y":0,"z":0},"maxPos":{"x":0,"y":0,"z":0}},"packable":true,"pixelsToUnit":100,"pivot":{"x":0.5,"y":0.5},"meshType":0}],[0],0,[0],[0],[0]],[[{"name":"huohua_011","rect":{"x":1932,"y":1381,"width":60,"height":58},"offset":{"x":0,"y":-7},"originalSize":{"width":100,"height":100},"rotated":false,"capInsets":[0,0,0,0],"vertices":{"rawPosition":[],"indexes":[],"uv":[],"nuv":[],"minPos":{"x":0,"y":0,"z":0},"maxPos":{"x":0,"y":0,"z":0}},"packable":true,"pixelsToUnit":100,"pivot":{"x":0.5,"y":0.5},"meshType":0}],[0],0,[0],[0],[0]],[[{"name":"img_vs","rect":{"x":1033,"y":863,"width":282,"height":311},"offset":{"x":0,"y":0},"originalSize":{"width":282,"height":311},"rotated":false,"capInsets":[0,0,0,0],"vertices":{"rawPosition":[],"indexes":[],"uv":[],"nuv":[],"minPos":{"x":0,"y":0,"z":0},"maxPos":{"x":0,"y":0,"z":0}},"packable":true,"pixelsToUnit":100,"pivot":{"x":0.5,"y":0.5},"meshType":0}],[0],0,[0],[0],[0]],[[{"name":"huohua_008","rect":{"x":1846,"y":1381,"width":84,"height":64},"offset":{"x":4,"y":-3},"originalSize":{"width":100,"height":100},"rotated":false,"capInsets":[0,0,0,0],"vertices":{"rawPosition":[],"indexes":[],"uv":[],"nuv":[],"minPos":{"x":0,"y":0,"z":0},"maxPos":{"x":0,"y":0,"z":0}},"packable":true,"pixelsToUnit":100,"pivot":{"x":0.5,"y":0.5},"meshType":0}],[0],0,[0],[0],[0]],[[{"name":"3_00000","rect":{"x":2,"y":1261,"width":256,"height":256},"offset":{"x":0,"y":0},"originalSize":{"width":256,"height":256},"rotated":false,"capInsets":[0,0,0,0],"vertices":{"rawPosition":[],"indexes":[],"uv":[],"nuv":[],"minPos":{"x":0,"y":0,"z":0},"maxPos":{"x":0,"y":0,"z":0}},"packable":true,"pixelsToUnit":100,"pivot":{"x":0.5,"y":0.5},"meshType":0}],[0],0,[0],[0],[0]],[[{"name":"dian4_00003","rect":{"x":1716,"y":1293,"width":128,"height":128},"offset":{"x":0,"y":0},"originalSize":{"width":128,"height":128},"rotated":false,"capInsets":[0,0,0,0],"vertices":{"rawPosition":[],"indexes":[],"uv":[],"nuv":[],"minPos":{"x":0,"y":0,"z":0},"maxPos":{"x":0,"y":0,"z":0}},"packable":true,"pixelsToUnit":100,"pivot":{"x":0.5,"y":0.5},"meshType":0}],[0],0,[0],[0],[0]],[[{"name":"huohua_003","rect":{"x":998,"y":1329,"width":44,"height":58},"offset":{"x":-7,"y":-6},"originalSize":{"width":100,"height":100},"rotated":false,"capInsets":[0,0,0,0],"vertices":{"rawPosition":[],"indexes":[],"uv":[],"nuv":[],"minPos":{"x":0,"y":0,"z":0},"maxPos":{"x":0,"y":0,"z":0}},"packable":true,"pixelsToUnit":100,"pivot":{"x":0.5,"y":0.5},"meshType":0}],[0],0,[0],[0],[0]],[[{"name":"dian8_003","rect":{"x":1890,"y":112,"width":128,"height":252},"offset":{"x":0,"y":0},"originalSize":{"width":128,"height":256},"rotated":false,"capInsets":[0,0,0,0],"vertices":{"rawPosition":[],"indexes":[],"uv":[],"nuv":[],"minPos":{"x":0,"y":0,"z":0},"maxPos":{"x":0,"y":0,"z":0}},"packable":true,"pixelsToUnit":100,"pivot":{"x":0.5,"y":0.5},"meshType":0}],[0],0,[0],[0],[0]],[[{"name":"huohua_001","rect":{"x":1972,"y":1241,"width":70,"height":56},"offset":{"x":-7,"y":-16},"originalSize":{"width":100,"height":100},"rotated":true,"capInsets":[0,0,0,0],"vertices":{"rawPosition":[],"indexes":[],"uv":[],"nuv":[],"minPos":{"x":0,"y":0,"z":0},"maxPos":{"x":0,"y":0,"z":0}},"packable":true,"pixelsToUnit":100,"pivot":{"x":0.5,"y":0.5},"meshType":0}],[0],0,[0],[0],[0]],[[{"name":"huohua_014","rect":{"x":998,"y":1261,"width":50,"height":66},"offset":{"x":-5,"y":5},"originalSize":{"width":100,"height":100},"rotated":false,"capInsets":[0,0,0,0],"vertices":{"rawPosition":[],"indexes":[],"uv":[],"nuv":[],"minPos":{"x":0,"y":0,"z":0},"maxPos":{"x":0,"y":0,"z":0}},"packable":true,"pixelsToUnit":100,"pivot":{"x":0.5,"y":0.5},"meshType":0}],[0],0,[0],[0],[0]],[[{"name":"huohua_009","rect":{"x":1918,"y":1447,"width":54,"height":36},"offset":{"x":-4,"y":-7},"originalSize":{"width":100,"height":100},"rotated":true,"capInsets":[0,0,0,0],"vertices":{"rawPosition":[],"indexes":[],"uv":[],"nuv":[],"minPos":{"x":0,"y":0,"z":0},"maxPos":{"x":0,"y":0,"z":0}},"packable":true,"pixelsToUnit":100,"pivot":{"x":0.5,"y":0.5},"meshType":0}],[0],0,[0],[0],[0]],[[{"name":"img_dz","rect":{"x":535,"y":864,"width":496,"height":395},"offset":{"x":0,"y":0},"originalSize":{"width":496,"height":395},"rotated":false,"capInsets":[0,0,0,0],"vertices":{"rawPosition":[],"indexes":[],"uv":[],"nuv":[],"minPos":{"x":0,"y":0,"z":0},"maxPos":{"x":0,"y":0,"z":0}},"packable":true,"pixelsToUnit":100,"pivot":{"x":0.5,"y":0.5},"meshType":0}],[0],0,[0],[0],[0]],[[{"name":"dian4_00000","rect":{"x":972,"y":1415,"width":118,"height":112},"offset":{"x":-5,"y":2},"originalSize":{"width":128,"height":128},"rotated":false,"capInsets":[0,0,0,0],"vertices":{"rawPosition":[],"indexes":[],"uv":[],"nuv":[],"minPos":{"x":0,"y":0,"z":0},"maxPos":{"x":0,"y":0,"z":0}},"packable":true,"pixelsToUnit":100,"pivot":{"x":0.5,"y":0.5},"meshType":0}],[0],0,[0],[0],[0]],[[{"name":"glow_00000","rect":{"x":260,"y":1261,"width":256,"height":256},"offset":{"x":0,"y":0},"originalSize":{"width":256,"height":256},"rotated":false,"capInsets":[0,0,0,0],"vertices":{"rawPosition":[],"indexes":[],"uv":[],"nuv":[],"minPos":{"x":0,"y":0,"z":0},"maxPos":{"x":0,"y":0,"z":0}},"packable":true,"pixelsToUnit":100,"pivot":{"x":0.5,"y":0.5},"meshType":0}],[0],0,[0],[0],[0]],[[{"name":"dian4_00001","rect":{"x":1456,"y":1271,"width":128,"height":128},"offset":{"x":0,"y":0},"originalSize":{"width":128,"height":128},"rotated":false,"capInsets":[0,0,0,0],"vertices":{"rawPosition":[],"indexes":[],"uv":[],"nuv":[],"minPos":{"x":0,"y":0,"z":0},"maxPos":{"x":0,"y":0,"z":0}},"packable":true,"pixelsToUnit":100,"pivot":{"x":0.5,"y":0.5},"meshType":0}],[0],0,[0],[0],[0]]]]
