{"version":1,"document":[{"__type__":"cc.AnimationClip","_name":"ani_dizhu_liwu","_objFlags":0,"_native":"","sample":60,"speed":0.3333,"wrapMode":1,"enableTrsBlending":false,"_duration":1,"_hash":500763545,"_tracks":[{"__id__":1}],"_exoticAnimation":null,"_events":[],"_embeddedPlayers":[]},{"__type__":"cc.animation.RealTrack","_binding":{"__type__":"cc.animation.TrackBinding","path":{"__id__":2},"proxy":null},"_channel":{"__id__":5}},{"__type__":"cc.animation.TrackPath","_paths":[{"__id__":3},{"__id__":4},"opacity"]},{"__type__":"cc.animation.HierarchyPath","path":"tx_ddz_dizhu_liwu_light_1"},{"__type__":"cc.animation.ComponentPath","component":"cc.UIOpacity"},{"__type__":"cc.animation.Channel","_curve":{"__id__":6}},{"__type__":"cc.RealCurve","bytes":{"__type__":"TypedArrayRef","ctor":"Uint8Array","offset":0,"length":90},"keyframeValueEditorExtras":[null,null,null,null,null,null,null]}],"chunks":[".bin"]}
