[1,["34vb8P1L5PcYA4Cc0rc1mo@6c48a","7dj5uJT9FMn6OrOOx83tfK@f9941","29ZzP1oIRH1L/Fpr9JjEut@00090","29ZzP1oIRH1L/Fpr9JjEut@86f32","29ZzP1oIRH1L/Fpr9JjEut@c3323","7dj5uJT9FMn6OrOOx83tfK@6c48a","29ZzP1oIRH1L/Fpr9JjEut@d8a3d","29ZzP1oIRH1L/Fpr9JjEut@46d59","29ZzP1oIRH1L/Fpr9JjEut@63d59","29ZzP1oIRH1L/Fpr9JjEut@8e75f","29ZzP1oIRH1L/Fpr9JjEut@35323","29ZzP1oIRH1L/Fpr9JjEut@52a29","29ZzP1oIRH1L/Fpr9JjEut@cfad0","29ZzP1oIRH1L/Fpr9JjEut@0086c","29ZzP1oIRH1L/Fpr9JjEut@d28f3","29ZzP1oIRH1L/Fpr9JjEut@cbb2e","29ZzP1oIRH1L/Fpr9JjEut@fcbb3","9boANtK61Kq76inrkovfLp"],["node","_textureSource","_spriteFrame","root","data","_parent"],["cc.SpriteFrame",["cc.Node",["_name","_layer","_components","_prefab","_parent","_lpos","_children","_lscale","_lrot","_euler"],1,9,4,1,5,2,5,5,5],["cc.Sprite",["_sizeMode","_isTrimmedMode","_dstBlendFactor","node","__prefab","_spriteFrame","_color"],0,1,4,6,5],["cc.UIOpacity",["_opacity","node","__prefab"],2,1,4],["cc.UITransform",["node","__prefab","_contentSize","_anchorPoint"],3,1,4,5,5],"cc.SpriteAtlas",["cc.Prefab",["_name"],2],["cc.Animation",["node","__prefab","_clips"],3,1,4,3],["cc.CompPrefabInfo",["fileId"],2],["cc.PrefabInfo",["fileId","instance","targetOverrides","nestedPrefabInstanceRoots","root","asset"],-1,1,1],["cc.Widget",["_alignFlags","node","__prefab"],2,1,4],["cc.BlockInputEvents",["node","__prefab"],3,1,4]],[[8,0,2],[9,0,1,2,3,4,5,5],[3,0,1,2,2],[2,0,1,3,4,5,3],[4,0,1,2,1],[4,0,1,2,3,1],[3,1,2,1],[1,0,1,4,2,3,5,3],[1,0,1,4,2,3,5,7,3],[1,0,1,4,6,2,3,5,3],[10,0,1,2,2],[1,0,1,6,2,3,3],[1,0,1,4,6,2,3,3],[1,0,1,4,2,3,3],[1,0,1,4,2,3,5,8,7,9,3],[1,0,1,4,2,3,5,8,9,3],[11,0,1,1],[2,0,1,3,4,6,5,3],[6,0,2],[7,0,1,2,1],[2,2,0,1,3,4,5,4]],[[[{"name":"2022sb_1","spriteFrames":["sb_dz_leihua","29ZzP1oIRH1L/Fpr9JjEut@1a913","sb_dz_leihua1","29ZzP1oIRH1L/Fpr9JjEut@1a508","sb_dz_shenti","29ZzP1oIRH1L/Fpr9JjEut@53691","sb_dz_youtui","29ZzP1oIRH1L/Fpr9JjEut@9abc5","sb_dz_zuoshou","29ZzP1oIRH1L/Fpr9JjEut@b0bf1","sb_dz_zuotui","29ZzP1oIRH1L/Fpr9JjEut@fb122","sb_dzsb","29ZzP1oIRH1L/Fpr9JjEut@fe9cd","sb_nm_leihua","29ZzP1oIRH1L/Fpr9JjEut@0086c","sb_nm_shentiu","29ZzP1oIRH1L/Fpr9JjEut@52a29","sb_nm_tou","29ZzP1oIRH1L/Fpr9JjEut@cfad0","sb_nm_xian","29ZzP1oIRH1L/Fpr9JjEut@86f32","sb_nm_yezi","29ZzP1oIRH1L/Fpr9JjEut@c3323","sb_nm_youshou","29ZzP1oIRH1L/Fpr9JjEut@d28f3","sb_nm_zuosou","29ZzP1oIRH1L/Fpr9JjEut@cbb2e","sb_nmsb","29ZzP1oIRH1L/Fpr9JjEut@fcbb3","sb_piaodai_L","29ZzP1oIRH1L/Fpr9JjEut@46d59","sb_piaodai_R","29ZzP1oIRH1L/Fpr9JjEut@63d59","sb_wenziditu","29ZzP1oIRH1L/Fpr9JjEut@00090","sb_yuanquan","29ZzP1oIRH1L/Fpr9JjEut@d8a3d","sb_yun_L","29ZzP1oIRH1L/Fpr9JjEut@35323","sb_yun_R","29ZzP1oIRH1L/Fpr9JjEut@8e75f"]}],[5],0,[],[],[]],[[{"name":"sb_wenziditu","rect":{"x":2,"y":268,"width":515,"height":202},"offset":{"x":0,"y":0},"originalSize":{"width":515,"height":202},"rotated":true,"capInsets":[0,0,0,0],"vertices":{"rawPosition":[],"indexes":[],"uv":[],"nuv":[],"minPos":{"x":0,"y":0,"z":0},"maxPos":{"x":0,"y":0,"z":0}},"packable":true,"pixelsToUnit":100,"pivot":{"x":0.5,"y":0.5},"meshType":0}],[0],0,[0],[1],[0]],[[{"name":"sb_nm_leihua","rect":{"x":412,"y":873,"width":129,"height":55},"offset":{"x":0,"y":0},"originalSize":{"width":129,"height":55},"rotated":true,"capInsets":[0,0,0,0],"vertices":{"rawPosition":[],"indexes":[],"uv":[],"nuv":[],"minPos":{"x":0,"y":0,"z":0},"maxPos":{"x":0,"y":0,"z":0}},"packable":true,"pixelsToUnit":100,"pivot":{"x":0.5,"y":0.5},"meshType":0}],[0],0,[0],[1],[0]],[[{"name":"sb_dz_leihua1","rect":{"x":161,"y":1035,"width":101,"height":128},"offset":{"x":0,"y":0},"originalSize":{"width":101,"height":128},"rotated":false,"capInsets":[0,0,0,0],"vertices":{"rawPosition":[],"indexes":[],"uv":[],"nuv":[],"minPos":{"x":0,"y":0,"z":0},"maxPos":{"x":0,"y":0,"z":0}},"packable":true,"pixelsToUnit":100,"pivot":{"x":0.5,"y":0.5},"meshType":0}],[0],0,[0],[1],[0]],[[{"name":"sb_dz_leihua","rect":{"x":356,"y":780,"width":134,"height":91},"offset":{"x":0,"y":0},"originalSize":{"width":134,"height":91},"rotated":false,"capInsets":[0,0,0,0],"vertices":{"rawPosition":[],"indexes":[],"uv":[],"nuv":[],"minPos":{"x":0,"y":0,"z":0},"maxPos":{"x":0,"y":0,"z":0}},"packable":true,"pixelsToUnit":100,"pivot":{"x":0.5,"y":0.5},"meshType":0}],[0],0,[0],[1],[0]],[[{"name":"sb_yun_L","rect":{"x":376,"y":1008,"width":160,"height":60},"offset":{"x":0,"y":0},"originalSize":{"width":160,"height":60},"rotated":true,"capInsets":[0,0,0,0],"vertices":{"rawPosition":[],"indexes":[],"uv":[],"nuv":[],"minPos":{"x":0,"y":0,"z":0},"maxPos":{"x":0,"y":0,"z":0}},"packable":true,"pixelsToUnit":100,"pivot":{"x":0.5,"y":0.5},"meshType":0}],[0],0,[0],[1],[0]],[[{"name":"sb_piaodai_L","rect":{"x":206,"y":641,"width":372,"height":148},"offset":{"x":0,"y":0},"originalSize":{"width":372,"height":148},"rotated":true,"capInsets":[0,0,0,0],"vertices":{"rawPosition":[],"indexes":[],"uv":[],"nuv":[],"minPos":{"x":0,"y":0,"z":0},"maxPos":{"x":0,"y":0,"z":0}},"packable":true,"pixelsToUnit":100,"pivot":{"x":0.5,"y":0.5},"meshType":0}],[0],0,[0],[1],[0]],[[{"name":"sb_nm_shentiu","rect":{"x":264,"y":1015,"width":110,"height":114},"offset":{"x":5,"y":-4},"originalSize":{"width":120,"height":122},"rotated":false,"capInsets":[0,0,0,0],"vertices":{"rawPosition":[],"indexes":[],"uv":[],"nuv":[],"minPos":{"x":0,"y":0,"z":0},"maxPos":{"x":0,"y":0,"z":0}},"packable":true,"pixelsToUnit":100,"pivot":{"x":0.5,"y":0.5},"meshType":0}],[0],0,[0],[1],[0]],[[{"name":"sb_dz_shenti","rect":{"x":2,"y":785,"width":200,"height":198},"offset":{"x":0,"y":0},"originalSize":{"width":200,"height":198},"rotated":false,"capInsets":[0,0,0,0],"vertices":{"rawPosition":[],"indexes":[],"uv":[],"nuv":[],"minPos":{"x":0,"y":0,"z":0},"maxPos":{"x":0,"y":0,"z":0}},"packable":true,"pixelsToUnit":100,"pivot":{"x":0.5,"y":0.5},"meshType":0}],[0],0,[0],[1],[0]],[[{"name":"sb_piaodai_R","rect":{"x":206,"y":268,"width":371,"height":160},"offset":{"x":0,"y":0},"originalSize":{"width":371,"height":160},"rotated":true,"capInsets":[0,0,0,0],"vertices":{"rawPosition":[],"indexes":[],"uv":[],"nuv":[],"minPos":{"x":0,"y":0,"z":0},"maxPos":{"x":0,"y":0,"z":0}},"packable":true,"pixelsToUnit":100,"pivot":{"x":0.5,"y":0.5},"meshType":0}],[0],0,[0],[1],[0]],[[{"name":"sb_nm_xian","rect":{"x":438,"y":1004,"width":59,"height":88},"offset":{"x":0,"y":0},"originalSize":{"width":59,"height":88},"rotated":false,"capInsets":[0,0,0,0],"vertices":{"rawPosition":[],"indexes":[],"uv":[],"nuv":[],"minPos":{"x":0,"y":0,"z":0},"maxPos":{"x":0,"y":0,"z":0}},"packable":true,"pixelsToUnit":100,"pivot":{"x":0.5,"y":0.5},"meshType":0}],[0],0,[0],[1],[0]],[[{"name":"sb_yun_R","rect":{"x":356,"y":873,"width":133,"height":54},"offset":{"x":0,"y":0},"originalSize":{"width":133,"height":54},"rotated":true,"capInsets":[0,0,0,0],"vertices":{"rawPosition":[],"indexes":[],"uv":[],"nuv":[],"minPos":{"x":0,"y":0,"z":0},"maxPos":{"x":0,"y":0,"z":0}},"packable":true,"pixelsToUnit":100,"pivot":{"x":0.5,"y":0.5},"meshType":0}],[0],0,[0],[1],[0]],[[{"name":"sb_dz_youtui","rect":{"x":264,"y":1131,"width":32,"height":49},"offset":{"x":0,"y":0},"originalSize":{"width":32,"height":49},"rotated":true,"capInsets":[0,0,0,0],"vertices":{"rawPosition":[],"indexes":[],"uv":[],"nuv":[],"minPos":{"x":0,"y":0,"z":0},"maxPos":{"x":0,"y":0,"z":0}},"packable":true,"pixelsToUnit":100,"pivot":{"x":0.5,"y":0.5},"meshType":0}],[0],0,[0],[1],[0]],[[{"name":"sb_dz_zuoshou","rect":{"x":438,"y":1094,"width":77,"height":49},"offset":{"x":0,"y":0},"originalSize":{"width":77,"height":49},"rotated":true,"capInsets":[0,0,0,0],"vertices":{"rawPosition":[],"indexes":[],"uv":[],"nuv":[],"minPos":{"x":0,"y":0,"z":0},"maxPos":{"x":0,"y":0,"z":0}},"packable":true,"pixelsToUnit":100,"pivot":{"x":0.5,"y":0.5},"meshType":0}],[0],0,[0],[1],[0]],[[{"name":"sb_nm_yezi","rect":{"x":315,"y":1131,"width":35,"height":34},"offset":{"x":0,"y":0},"originalSize":{"width":35,"height":34},"rotated":true,"capInsets":[0,0,0,0],"vertices":{"rawPosition":[],"indexes":[],"uv":[],"nuv":[],"minPos":{"x":0,"y":0,"z":0},"maxPos":{"x":0,"y":0,"z":0}},"packable":true,"pixelsToUnit":100,"pivot":{"x":0.5,"y":0.5},"meshType":0}],[0],0,[0],[1],[0]],[[{"name":"sb_nm_zuosou","rect":{"x":368,"y":268,"width":33,"height":21},"offset":{"x":0,"y":0},"originalSize":{"width":33,"height":21},"rotated":true,"capInsets":[0,0,0,0],"vertices":{"rawPosition":[],"indexes":[],"uv":[],"nuv":[],"minPos":{"x":0,"y":0,"z":0},"maxPos":{"x":0,"y":0,"z":0}},"packable":true,"pixelsToUnit":100,"pivot":{"x":0.5,"y":0.5},"meshType":0}],[0],0,[0],[1],[0]],[[{"name":"sb_nm_tou","rect":{"x":2,"y":985,"width":157,"height":162},"offset":{"x":0,"y":0},"originalSize":{"width":157,"height":162},"rotated":false,"capInsets":[0,0,0,0],"vertices":{"rawPosition":[],"indexes":[],"uv":[],"nuv":[],"minPos":{"x":0,"y":0,"z":0},"maxPos":{"x":0,"y":0,"z":0}},"packable":true,"pixelsToUnit":100,"pivot":{"x":0.5,"y":0.5},"meshType":0}],[0],0,[0],[1],[0]],[[{"name":"sb_nm_youshou","rect":{"x":368,"y":303,"width":26,"height":23},"offset":{"x":0,"y":0},"originalSize":{"width":26,"height":23},"rotated":false,"capInsets":[0,0,0,0],"vertices":{"rawPosition":[],"indexes":[],"uv":[],"nuv":[],"minPos":{"x":0,"y":0,"z":0},"maxPos":{"x":0,"y":0,"z":0}},"packable":true,"pixelsToUnit":100,"pivot":{"x":0.5,"y":0.5},"meshType":0}],[0],0,[0],[1],[0]],[[{"name":"sb_yuanquan","rect":{"x":2,"y":2,"width":396,"height":264},"offset":{"x":0,"y":0},"originalSize":{"width":396,"height":264},"rotated":false,"capInsets":[0,0,0,0],"vertices":{"rawPosition":[],"indexes":[],"uv":[],"nuv":[],"minPos":{"x":0,"y":0,"z":0},"maxPos":{"x":0,"y":0,"z":0}},"packable":true,"pixelsToUnit":100,"pivot":{"x":0.5,"y":0.5},"meshType":0}],[0],0,[0],[1],[0]],[[{"name":"sb_dz_zuotui","rect":{"x":161,"y":985,"width":48,"height":36},"offset":{"x":0,"y":0},"originalSize":{"width":48,"height":36},"rotated":true,"capInsets":[0,0,0,0],"vertices":{"rawPosition":[],"indexes":[],"uv":[],"nuv":[],"minPos":{"x":0,"y":0,"z":0},"maxPos":{"x":0,"y":0,"z":0}},"packable":true,"pixelsToUnit":100,"pivot":{"x":0.5,"y":0.5},"meshType":0}],[0],0,[0],[1],[0]],[[{"name":"sb_nmsb","rect":{"x":368,"y":394,"width":384,"height":108},"offset":{"x":-1,"y":0},"originalSize":{"width":472,"height":144},"rotated":true,"capInsets":[0,0,0,0],"vertices":{"rawPosition":[],"indexes":[],"uv":[],"nuv":[],"minPos":{"x":0,"y":0,"z":0},"maxPos":{"x":0,"y":0,"z":0}},"packable":true,"pixelsToUnit":100,"pivot":{"x":0.5,"y":0.5},"meshType":0}],[0],0,[0],[1],[0]],[[{"name":"sb_dzsb","rect":{"x":400,"y":2,"width":390,"height":104},"offset":{"x":-1,"y":1},"originalSize":{"width":472,"height":144},"rotated":true,"capInsets":[0,0,0,0],"vertices":{"rawPosition":[],"indexes":[],"uv":[],"nuv":[],"minPos":{"x":0,"y":0,"z":0},"maxPos":{"x":0,"y":0,"z":0}},"packable":true,"pixelsToUnit":100,"pivot":{"x":0.5,"y":0.5},"meshType":0}],[0],0,[0],[1],[0]],[[{"name":"default_sprite_splash","rect":{"x":0,"y":0,"width":2,"height":2},"offset":{"x":0,"y":0},"originalSize":{"width":2,"height":2},"rotated":false,"capInsets":[0,0,0,0],"vertices":{"rawPosition":[-1,-1,0,1,-1,0,-1,1,0,1,1,0],"indexes":[0,1,2,2,1,3],"uv":[0,2,2,2,0,0,2,0],"nuv":[0,0,1,0,0,1,1,1],"minPos":{"x":-1,"y":-1,"z":0},"maxPos":{"x":1,"y":1,"z":0}},"packable":true,"pixelsToUnit":100,"pivot":{"x":0.5,"y":0.5},"meshType":0}],[0],0,[0],[1],[5]],[[[18,"node_famer_lose"],[11,"node_famer_lose",33554432,[-5],[[19,-2,[0,"52kV8w6G1DfbzW7LK4inAW"],[19]],[6,-3,[0,"36nqNh40dHNYu6VZR/oRZX"]],[4,-4,[0,"f8bl3zSNxPVLofB6DXHJzm"],[5,0,0]]],[1,"2dc85xG4dMtrbh/pZgp9TB",null,null,null,-1,0]],[11,"node_middle",33554432,[-9,-10,-11,-12,-13,-14,-15,-16,-17,-18,-19],[[10,45,-6,[0,"4aNrZpQ8RLrJ7tSFOXgGaT"]],[6,-7,[0,"c6QFW3W5FEpJo9CnpmZWU5"]],[5,-8,[0,"24uGE7VE1OaYHqNG9qby2d"],[5,0,0],[0,0,0]]],[1,"55TlVlZQFCd7KnHKOrpedZ",null,null,null,1,0]],[9,"Node_2",33554432,2,[-22,-23,-24,-25,-26],[[2,0,-20,[0,"4d2KCV5q9I8rjuQkRgrZTR"]],[5,-21,[0,"449BI2bb5BHrgeUSz4YDxa"],[5,0,0],[0,0,0]]],[1,"d1KBPvrPlDarpO1ZP2s/rj",null,null,null,1,0],[1,30.2224,-24.9315,0]],[12,"Layout",33554432,1,[-30,-31,2],[[16,-27,[0,"8cOg1kdA5KiadSu0DbIxXl"]],[6,-28,[0,"4deh+54xtPe5REu1XvTkgY"]],[4,-29,[0,"8cUnnrCjRNjZXpmtzroY3K"],[5,0,0]]],[1,"afutBKSPZO55Hvaog+T11O",null,null,null,1,0]],[13,"background",33554432,4,[[17,0,false,-32,[0,"0fr9uSYHlHopOGlxHHBCXW"],[4,4294953110],0],[10,18,-33,[0,"fa8ZO89hVPaoKuZ0nhdpl6"]],[2,0,-34,[0,"b3zTScgtFORaRysBjjlhJi"]],[4,-35,[0,"66AaOogCFJG7Q+NzlbJBSA"],[5,0,0]]],[1,"7fNp1t8B1ORpGBNFlcZKzy",null,null,null,1,0]],[12,"LayoutMask",33554432,4,[-39],[[16,-36,[0,"01JEiMdxRLeb399jziuYGe"]],[2,0,-37,[0,"33cZcpLKVH5YvHyIymIM+R"]],[4,-38,[0,"e6PhHFhylF17BanSAf5nqU"],[5,2400,1080]]],[1,"e8wtffu0dFmKZJRlticYER",null,null,null,1,0]],[13,"background",33554432,6,[[17,0,false,-40,[0,"0fyI4q6XNPiIH90EGdWK1U"],[4,4278190080],1],[10,18,-41,[0,"0fDOuPjc1MIIYmFJ3DtumT"]],[2,102,-42,[0,"4817aJ7pVD3ZSfdw9KCFA9"]],[4,-43,[0,"4aFSF9zPdAvr8SBmnrrCd+"],[5,2400,1080]]],[1,"d749u7YsJJcbfeV6D6thJx",null,null,null,1,0]],[9,"Node_1",33554432,2,[-46,-47],[[6,-44,[0,"08qv1VxulBxauujEyz/fmD"]],[5,-45,[0,"18zoSJXWNKCoMCEnRDkOht"],[5,0,0],[0,0,0]]],[1,"ce7qnvbYtAM5OinWTyd7s8",null,null,null,1,0],[1,-185.9149,158.548,0]],[9,"Node_1_0",33554432,2,[-50,-51],[[6,-48,[0,"1dtQ2Uz9JB2oGBGrr698JH"]],[5,-49,[0,"24Zq4YzLBJnYtj170YTBpF"],[5,0,0],[0,0,0]]],[1,"64Ex61OfxOxadhPLEFOcs7",null,null,null,1,0],[1,129.9081,172.2907,0]],[8,"sb_yuanquan_20",33554432,2,[[3,2,false,-52,[0,"28fKjZW+9LqqBDSj4jqb01"],2],[2,0,-53,[0,"97MpdEG7FFLo9piPi947O5"]],[5,-54,[0,"77cBhPoJ9G3LOt3JRLa97x"],[5,396,264],[0,0.5,0]]],[1,"39AE4K3jdH1pgsBOYLNFV1",null,null,null,1,0],[1,-1.5373,-59.8628,0],[1,0.5808,0.5808,1]],[8,"sb_piaodai_L_17",33554432,2,[[3,2,false,-55,[0,"5dLfYhzylDI7CfTpi+BbyF"],3],[2,0,-56,[0,"e1SU/i8+tKLpDJORLkpBl1"]],[5,-57,[0,"d0GOcWmvdBQIbFnRT48+vy"],[5,372,148],[0,1,0]]],[1,"41bp5PhypNXYcRUlAFCC7j",null,null,null,1,0],[1,16.2002,-62.3859,0],[1,0.3,0.3,1]],[8,"sb_piaodai_R_18",33554432,2,[[3,2,false,-58,[0,"0cC6nwL/5LTpsah66X/Uln"],4],[2,0,-59,[0,"77/NiJkbtGn6D3rR0yIv2j"]],[5,-60,[0,"3bpw7OvLNIS4fOftUar8/X"],[5,371,160],[0,0,0]]],[1,"c3OMNuIrRBNo4JzlfxMuZH",null,null,null,1,0],[1,15.4539,-63.5587,0],[1,0.3,0.3,1]],[14,"sb_yun_R_22",33554432,2,[[3,2,false,-61,[0,"a9Z1U0nuxBarsbELKZe/44"],5],[2,0,-62,[0,"eedqvZQbNIy7aSMfUG5xp5"]],[5,-63,[0,"76KQRlBLxHppWlP9ZzHUri"],[5,133,54],[0,0,0.6129]]],[1,"29xlazvl5NIbih/wtAL3VR",null,null,null,1,0],[1,160.7008,-17.6619,0],[3,-0.1652820660515408,-0.16530562799644055,-0.028112360548618123,0.9718876391737993],[1,0.4111,0.4111,1],[1,-19.3031,-19.3058,0]],[14,"sb_yun_L_21",33554432,2,[[3,2,false,-64,[0,"a2y8mt0ghJHa3knNbMXZQP"],6],[2,0,-65,[0,"77R3opAPlOtIKx/Xc5jm6i"]],[5,-66,[0,"d5xYTX8btCyr4UATOFWod8"],[5,160,60],[0,1,0.2089]]],[1,"68W51QyaJAFZ4azycOC1aQ",null,null,null,1,0],[1,-115.9064,-31.8803,0],[3,0,0,0.16920329180134236,0.9855811717172714],[1,0.4043,0.4043,1],[1,0,0,19.483]],[7,"sb_nm_shentiu_1",33554432,3,[[3,2,false,-67,[0,"50jOkJU2BGeLEwVPlcUY+C"],7],[6,-68,[0,"511j6QCztF0IMqNoj5PQkt"]],[4,-69,[0,"27ChGSS7RJHKisJ6s1hEw1"],[5,120,122]]],[1,"23+CXifmpHs6xsVjqaI9t0",null,null,null,1,0],[1,-24.4854,32.1253,0]],[7,"sb_nm_tou_2",33554432,3,[[3,2,false,-70,[0,"caCKOF265F6JVfORU1tKC3"],8],[6,-71,[0,"e5xUck7yJPkbsWSbWWssDA"]],[4,-72,[0,"ccxTsy+yhOsaB29uXIct7F"],[5,157,162]]],[1,"a9d3MNKoRF/pnpBv0mPMt2",null,null,null,1,0],[1,-30.0218,146.9326,0]],[7,"sb_nm_leihua_3",33554432,3,[[3,2,false,-73,[0,"3bH4C2ndRNyIhOm1xDdiZ6"],9],[6,-74,[0,"e1nCgdVHxJmLp8v74CbPW7"]],[4,-75,[0,"f6sl7g+txKhbcdl90CuThd"],[5,129,55]]],[1,"c6IpKSU8RNyJOZQswGCotx",null,null,null,1,0],[1,-24.7426,96.7817,0]],[7,"sb_nm_youshou_4",33554432,3,[[3,2,false,-76,[0,"805Btg7pdAYL9NihbOVIgo"],10],[6,-77,[0,"37I+flOfNCBaCGKw2NJAk1"]],[4,-78,[0,"c5bDZgiehCi7jIdPzZKoB0"],[5,26,23]]],[1,"44vnrHmXxCjL0LrCcvCTqc",null,null,null,1,0],[1,15.9143,48.2144,0]],[7,"sb_nm_zuosou_5",33554432,3,[[3,2,false,-79,[0,"80x6HDOlRKobYC8b2uAp9h"],11],[6,-80,[0,"ce//x7au1KHqEoeHDPi0gj"]],[4,-81,[0,"21J2EtjypOMI4c0Ovr6oGA"],[5,33,21]]],[1,"4d2WcnLaVFzZx3qUNeAoPi",null,null,null,1,0],[1,-12.0652,49.27,0]],[7,"sb_wenziditu_23",33554432,2,[[3,2,false,-82,[0,"9bW+tf48tGh6hURAwmo2+o"],12],[2,0,-83,[0,"45EpA1JR1FwZQIdC3l94Sf"]],[4,-84,[0,"daEKUAyntOLKf6k3oouIiN"],[5,515,202]]],[1,"902yXZSLJGsocxTY4lZDwW",null,null,null,1,0],[1,13.344,-0.4335,0]],[7,"sb_dzsb_19",33554432,2,[[3,2,false,-85,[0,"2aXISOZYlMga2TACChv8nD"],13],[2,0,-86,[0,"19K+tsVV9J4Yh4RkQ7fqwD"]],[4,-87,[0,"3cKuJ/ChhDxZRWpzB4TIer"],[5,472,144]]],[1,"d4oMg7zxlM96L5fyBsWZn+",null,null,null,1,0],[1,-0.7199,-104.2155,0]],[8,"sb_wenziditu_23_0",33554432,2,[[20,1,2,false,-88,[0,"33gSn8xTxIHZyG8gzLUmJ8"],14],[2,0,-89,[0,"dfTUgt/5JBv7VcLfuYJLfI"]],[4,-90,[0,"fcOK51/TFGE4uVlHqpNPxB"],[5,515,202]]],[1,"da1r5GsHhNroCIkN5KNUd7",null,null,null,1,0],[1,13.3403,-0.4337,0],[1,1.1635,1.2438,1]],[8,"sb_nm_xian_6",33554432,8,[[3,2,false,-91,[0,"10OwFapENKSoK0NrlIx0HH"],15],[2,0,-92,[0,"71It6ahSRPKJXYjSLahQXD"]],[5,-93,[0,"62ThodhYVBIZ1fv1Hkz+4r"],[5,59,88],[0,0,1]]],[1,"1dDrxm1bVPEKb11WyZXnNz",null,null,null,1,0],[1,3.4084,15.8952,0],[1,0.3282,0.3282,1]],[15,"sb_nm_yezi_7",33554432,8,[[3,2,false,-94,[0,"cf3N7yADxP05+Y7jmeDAKd"],16],[2,0,-95,[0,"00HXVdRNtIxJu46onNo01r"]],[5,-96,[0,"31mb+gWN5FSJtwlhNb+n25"],[5,35,34],[0,0.4991,0.4842]]],[1,"f5K+LuYFdCBr5nZ1r5+53q",null,null,null,1,0],[1,8.675,-5.4401,0],[3,-0.21829482390536945,-0.2182965692346214,-0.050170044506031575,0.9498299554924453],[1,-25.8865,-25.8867,0]],[8,"sb_nm_xian_6",33554432,9,[[3,2,false,-97,[0,"e7hsM/GQdHXpPkqKfpKe2L"],17],[2,0,-98,[0,"7c0TbyT0VICq7tsshPhxhT"]],[5,-99,[0,"62JzPzwvxMg4UDCfMWKglU"],[5,59,88],[0,0,1]]],[1,"01bbNhnflNrp84qCQX0O2m",null,null,null,1,0],[1,3.4084,15.8952,0],[1,0.3282,0.3282,1]],[15,"sb_nm_yezi_7",33554432,9,[[3,2,false,-100,[0,"a3vwOxbrpJhpLtXmafDF7f"],18],[2,0,-101,[0,"32yg8naDVBU5aL8Pr4lfVl"]],[5,-102,[0,"19C8wW/2xCUJDnsnnI3gRZ"],[5,35,34],[0,0.4991,0.4842]]],[1,"9eQBPGS4RDT4mSSs+XlASY",null,null,null,1,0],[1,8.675,-5.4401,0],[3,-0.21829482390536945,-0.2182965692346214,-0.050170044506031575,0.9498299554924453],[1,-25.8865,-25.8867,0]]],0,[0,3,1,0,0,1,0,0,1,0,0,1,0,-1,4,0,0,2,0,0,2,0,0,2,0,-1,10,0,-2,11,0,-3,12,0,-4,13,0,-5,14,0,-6,3,0,-7,20,0,-8,21,0,-9,22,0,-10,8,0,-11,9,0,0,3,0,0,3,0,-1,15,0,-2,16,0,-3,17,0,-4,18,0,-5,19,0,0,4,0,0,4,0,0,4,0,-1,5,0,-2,6,0,0,5,0,0,5,0,0,5,0,0,5,0,0,6,0,0,6,0,0,6,0,-1,7,0,0,7,0,0,7,0,0,7,0,0,7,0,0,8,0,0,8,0,-1,23,0,-2,24,0,0,9,0,0,9,0,-1,25,0,-2,26,0,0,10,0,0,10,0,0,10,0,0,11,0,0,11,0,0,11,0,0,12,0,0,12,0,0,12,0,0,13,0,0,13,0,0,13,0,0,14,0,0,14,0,0,14,0,0,15,0,0,15,0,0,15,0,0,16,0,0,16,0,0,16,0,0,17,0,0,17,0,0,17,0,0,18,0,0,18,0,0,18,0,0,19,0,0,19,0,0,19,0,0,20,0,0,20,0,0,20,0,0,21,0,0,21,0,0,21,0,0,22,0,0,22,0,0,22,0,0,23,0,0,23,0,0,23,0,0,24,0,0,24,0,0,24,0,0,25,0,0,25,0,0,25,0,0,26,0,0,26,0,0,26,0,4,1,2,5,4,102],[0,0,0,0,0,0,0,0,0,0,0,0,0,0,0,0,0,0,0,0],[2,2,2,2,2,2,2,2,2,2,2,2,2,2,2,2,2,2,2,-1],[1,1,6,7,8,9,10,11,12,13,14,15,2,16,2,3,4,3,4,17]]]]
