{"importBase":"import","nativeBase":"native","name":"plaza","deps":["resources"],"uuids":["0cAoFsXOVB1JMWdPuX8GAo","0eefc/xQZORoz50r8nJFWS","16qc9/2VxPL4cki55ixljf","21N/sIFo1EvbibsBP62VqT","21btSSX+VMmJCOfzv2x7sc","36zmBQLiRJ3qaTFpi0rkVM","3cwr7WsrdEcbV9kjR5Mgrj","415rl8PK5EmIX8h9746WuH","42nFvQlalGeZoxhhjhuKGQ","5afynGLVVFJ6mJ5Zej02LQ","65wi6cBXJFQKy0EuzMWqYa","687DQppSxEnKVtr56SRw7L","6dMdjFXLpIDaNS59AwJcCo","8271JH+flAVYv+0R5h83yC","83BcCLrrxLHayerS/DtEqB","98COULRdVJiLvVZit2NZap","98R7DS97xGj7y84tB9MJI0","9815z5rgNF+J5TJiZcG429","9cABAUDZ9P4pNxDj7WWJkj","a0piUUC8tI8rxd3JWNUkQ4","a0zUCplmBG2KBwhJ5Hez1s","a3SJwrX89ICYSApkqU1SAb","a4kI2GO6hKA7dXO+p0n1I/","a6PFj/zuBDmJl5KUrbhekd","a8aj7T60JH9aQUXpIWX2Jc","b0NXzRS2RPgKGs4JxPI0Ir","b0Ng5xh8NIq6qVsxeC+xeY","b71dnE36FOjriipvUmlsZy","c1qCnm7j9BIoHsmLNWNC7K","d12aLJMV1H3rOru3QqxXYE","da/YuN//pPvYCecgtGoQXB","dcQJKovKBHq7pYEaNdV6EJ","eb+mzcPb1LiLS+hqGlVnHS","edzjWK+YFCD7cb5aKI4+Py","0cAoFsXOVB1JMWdPuX8GAo@6c48a","0cAoFsXOVB1JMWdPuX8GAo@f9941","0eefc/xQZORoz50r8nJFWS@6c48a","0eefc/xQZORoz50r8nJFWS@f9941","16qc9/2VxPL4cki55ixljf@6c48a","16qc9/2VxPL4cki55ixljf@f9941","20g1ukYUVPvKWKBRznAKo+","21N/sIFo1EvbibsBP62VqT@6c48a","21N/sIFo1EvbibsBP62VqT@f9941","21btSSX+VMmJCOfzv2x7sc@6c48a","21btSSX+VMmJCOfzv2x7sc@f9941","310eod5MdJrLXTDpDRmBfM","36zmBQLiRJ3qaTFpi0rkVM@6c48a","36zmBQLiRJ3qaTFpi0rkVM@f9941","3cwr7WsrdEcbV9kjR5Mgrj@6c48a","3cwr7WsrdEcbV9kjR5Mgrj@f9941","415rl8PK5EmIX8h9746WuH@6c48a","415rl8PK5EmIX8h9746WuH@f9941","42nFvQlalGeZoxhhjhuKGQ@6c48a","42nFvQlalGeZoxhhjhuKGQ@f9941","54TknWPwVPqJqeCR+Y/Czo","5afynGLVVFJ6mJ5Zej02LQ@6c48a","5afynGLVVFJ6mJ5Zej02LQ@f9941","65wi6cBXJFQKy0EuzMWqYa@6c48a","65wi6cBXJFQKy0EuzMWqYa@f9941","687DQppSxEnKVtr56SRw7L@6c48a","687DQppSxEnKVtr56SRw7L@f9941","6dMdjFXLpIDaNS59AwJcCo@6c48a","6dMdjFXLpIDaNS59AwJcCo@f9941","8271JH+flAVYv+0R5h83yC@6c48a","8271JH+flAVYv+0R5h83yC@f9941","83BcCLrrxLHayerS/DtEqB@6c48a","83BcCLrrxLHayerS/DtEqB@f9941","95EkngnxZFbYuFpsqVTaFr","98COULRdVJiLvVZit2NZap@6c48a","98COULRdVJiLvVZit2NZap@f9941","98R7DS97xGj7y84tB9MJI0@6c48a","98R7DS97xGj7y84tB9MJI0@f9941","9815z5rgNF+J5TJiZcG429@6c48a","9815z5rgNF+J5TJiZcG429@f9941","9cABAUDZ9P4pNxDj7WWJkj@6c48a","9cABAUDZ9P4pNxDj7WWJkj@f9941","a0piUUC8tI8rxd3JWNUkQ4@6c48a","a0piUUC8tI8rxd3JWNUkQ4@f9941","a0zUCplmBG2KBwhJ5Hez1s@6c48a","a0zUCplmBG2KBwhJ5Hez1s@f9941","a3SJwrX89ICYSApkqU1SAb@6c48a","a3SJwrX89ICYSApkqU1SAb@f9941","a4kI2GO6hKA7dXO+p0n1I/@6c48a","a4kI2GO6hKA7dXO+p0n1I/@f9941","a5xwAq37FCz6+BLsjSCO5t","a8aj7T60JH9aQUXpIWX2Jc@6c48a","a8aj7T60JH9aQUXpIWX2Jc@f9941","b0NXzRS2RPgKGs4JxPI0Ir@6c48a","b0NXzRS2RPgKGs4JxPI0Ir@f9941","b0Ng5xh8NIq6qVsxeC+xeY@6c48a","b0Ng5xh8NIq6qVsxeC+xeY@f9941","b71dnE36FOjriipvUmlsZy@6c48a","b71dnE36FOjriipvUmlsZy@f9941","ba3wPKLiFBiJZAgdfprHku","c1qCnm7j9BIoHsmLNWNC7K@6c48a","c1qCnm7j9BIoHsmLNWNC7K@f9941","d12aLJMV1H3rOru3QqxXYE@6c48a","d12aLJMV1H3rOru3QqxXYE@f9941","da/YuN//pPvYCecgtGoQXB@6c48a","da/YuN//pPvYCecgtGoQXB@f9941","dcQJKovKBHq7pYEaNdV6EJ@6c48a","dcQJKovKBHq7pYEaNdV6EJ@f9941","eb+mzcPb1LiLS+hqGlVnHS@6c48a","eb+mzcPb1LiLS+hqGlVnHS@f9941","edzjWK+YFCD7cb5aKI4+Py@6c48a","edzjWK+YFCD7cb5aKI4+Py@f9941","fcMnYkxx9Geb+QYGYCj758","0401ec718","056ba8f4d","05fdd3715","0f068fb04","0fc5d5963","20g1ukYUVPvKWKBRznAKo+@6c48a","20g1ukYUVPvKWKBRznAKo+@f9941","54TknWPwVPqJqeCR+Y/Czo@6c48a","54TknWPwVPqJqeCR+Y/Czo@f9941","95EkngnxZFbYuFpsqVTaFr@6c48a","95EkngnxZFbYuFpsqVTaFr@f9941","dbVlqJkhtHeq6HycUT5jcZ"],"paths":{"0":["img/DT_pic_beijing",2],"1":["img/ICON_haoyoufang",2],"2":["img/ICON_zhuanpan",2],"3":["img/vip_tb",2],"4":["img/bisaichang",2],"5":["img/ICON_gengduo",2],"6":["img/ICON_kefu",2],"7":["img/shequn",2],"8":["img/ICON_yueka",2],"9":["img/ruko_btn_hpmj_l",2],"10":["img/dating_btn_jia",2],"11":["img/dating_btn_youjian",2],"12":["ui/laba/DT_laba",2],"13":["img/dating_img_jinbi",2],"14":["img/head/TX_moren_2",2],"15":["img/head/TX_moren_3",2],"16":["img/ICON_shangcheng",2],"17":["img/head/TX_moren_4",2],"18":["img/dating_img_jbdb",2],"19":["img/DT_tiuxiangk",2],"20":["img/ruko_btn_doudizhu_l",2],"21":["img/dating_img_zuansi",2],"22":["img/ICON_fuli",2],"23":["audio/BGM",1],"24":["img/head/TX_moren_1",2],"25":["img/ICON_beibao",2],"26":["img/head/TX_moren_5",2],"27":["img/ICON_renwu",2],"28":["ui/laba/DT_labadb",2],"29":["img/ICON_yaoqinghaoyou",2],"30":["img/DT_tiuxiangd",2],"31":["img/dating_img_xxdb",2],"32":["img/ruko_btn_gdyx_s",2],"33":["img/ICON_huodong",2],"34":["img/DT_pic_beijing/texture",3,1],"35":["img/DT_pic_beijing/spriteFrame",4,1],"36":["img/ICON_haoyoufang/texture",3,1],"37":["img/ICON_haoyoufang/spriteFrame",4,1],"38":["img/ICON_zhuanpan/texture",3,1],"39":["img/ICON_zhuanpan/spriteFrame",4,1],"41":["img/vip_tb/texture",3,1],"42":["img/vip_tb/spriteFrame",4,1],"43":["img/bisaichang/texture",3,1],"44":["img/bisaichang/spriteFrame",4,1],"45":["plaza_main",0],"46":["img/ICON_gengduo/texture",3,1],"47":["img/ICON_gengduo/spriteFrame",4,1],"48":["img/ICON_kefu/texture",3,1],"49":["img/ICON_kefu/spriteFrame",4,1],"50":["img/shequn/texture",3,1],"51":["img/shequn/spriteFrame",4,1],"52":["img/ICON_yueka/texture",3,1],"53":["img/ICON_yueka/spriteFrame",4,1],"55":["img/ruko_btn_hpmj_l/texture",3,1],"56":["img/ruko_btn_hpmj_l/spriteFrame",4,1],"57":["img/dating_btn_jia/texture",3,1],"58":["img/dating_btn_jia/spriteFrame",4,1],"59":["img/dating_btn_youjian/texture",3,1],"60":["img/dating_btn_youjian/spriteFrame",4,1],"61":["ui/laba/DT_laba/texture",3,1],"62":["ui/laba/DT_laba/spriteFrame",4,1],"63":["img/dating_img_jinbi/texture",3,1],"64":["img/dating_img_jinbi/spriteFrame",4,1],"65":["img/head/TX_moren_2/texture",3,1],"66":["img/head/TX_moren_2/spriteFrame",4,1],"68":["img/head/TX_moren_3/texture",3,1],"69":["img/head/TX_moren_3/spriteFrame",4,1],"70":["img/ICON_shangcheng/texture",3,1],"71":["img/ICON_shangcheng/spriteFrame",4,1],"72":["img/head/TX_moren_4/texture",3,1],"73":["img/head/TX_moren_4/spriteFrame",4,1],"74":["img/dating_img_jbdb/texture",3,1],"75":["img/dating_img_jbdb/spriteFrame",4,1],"76":["img/DT_tiuxiangk/texture",3,1],"77":["img/DT_tiuxiangk/spriteFrame",4,1],"78":["img/ruko_btn_doudizhu_l/texture",3,1],"79":["img/ruko_btn_doudizhu_l/spriteFrame",4,1],"80":["img/dating_img_zuansi/texture",3,1],"81":["img/dating_img_zuansi/spriteFrame",4,1],"82":["img/ICON_fuli/texture",3,1],"83":["img/ICON_fuli/spriteFrame",4,1],"84":["plaza_bg",0],"85":["img/head/TX_moren_1/texture",3,1],"86":["img/head/TX_moren_1/spriteFrame",4,1],"87":["img/ICON_beibao/texture",3,1],"88":["img/ICON_beibao/spriteFrame",4,1],"89":["img/head/TX_moren_5/texture",3,1],"90":["img/head/TX_moren_5/spriteFrame",4,1],"91":["img/ICON_renwu/texture",3,1],"92":["img/ICON_renwu/spriteFrame",4,1],"94":["ui/laba/DT_labadb/texture",3,1],"95":["ui/laba/DT_labadb/spriteFrame",4,1],"96":["img/ICON_yaoqinghaoyou/texture",3,1],"97":["img/ICON_yaoqinghaoyou/spriteFrame",4,1],"98":["img/DT_tiuxiangd/texture",3,1],"99":["img/DT_tiuxiangd/spriteFrame",4,1],"100":["img/dating_img_xxdb/texture",3,1],"101":["img/dating_img_xxdb/spriteFrame",4,1],"102":["img/ruko_btn_gdyx_s/texture",3,1],"103":["img/ruko_btn_gdyx_s/spriteFrame",4,1],"104":["img/ICON_huodong/texture",3,1],"105":["img/ICON_huodong/spriteFrame",4,1],"106":["ui/laba/laba",0]},"scenes":{"db://assets/plaza/plaza/plaza.scene":93},"packs":{"0401ec718":["0","1","6","9","12","18","2","5","7","10","11","13","17","4","8","54","3","14","15","16","40","67","19","20","24","21","22","27","25","26","28","29","30","31","32","33"],"056ba8f4d":["37","39","113","42","44","45","47","49","51","53","115","56","58","60","64","117","71","75","77","79","81","83","88","92","97","99","101","103","105"],"05fdd3715":["35","84"],"0f068fb04":["34","36","48","55","61","74","38","46","50","57","59","63","72","43","52","114","41","65","68","70","112","116","76","78","85","80","82","91","87","89","94","96","98","100","102","104"],"0fc5d5963":["62","95","106"]},"versions":{"import":[107,"38c97",108,"74040",109,"890de",110,"40bce",111,"b8558",66,"9aae0",69,"e8b0d",73,"da0c7",23,"0b73e",86,"251a9",90,"5c2fe",93,"fc944"],"native":[0,"f65a4",1,"ac739",2,"d67f2",40,"90cf4",3,"7185e",4,"6f58d",5,"89d5d",6,"406de",7,"54b76",8,"775c4",54,"83fcc",9,"0445a",10,"f4003",11,"cc9eb",12,"4d4b5",13,"733b6",14,"b9855",67,"c06a9",15,"d4b26",16,"6c6b9",17,"ce081",18,"8fe0d",19,"9ffa1",20,"93c73",21,"b57d1",22,"3a3f2",23,"09a14",24,"ae767",25,"2542f",26,"a7b04",27,"c5e29",28,"166ef",29,"fe269",30,"14a22",31,"1a602",32,"624e0",33,"816ca"]},"redirect":[118,"0"],"debug":false,"extensionMap":{},"hasPreloadScript":true,"types":["cc.Prefab","cc.AudioClip","cc.ImageAsset","cc.Texture2D","cc.SpriteFrame"],"encrypted":true}
