[1,["22I/kzIHZAoKHIqeKr5M02@6c48a","07FjSRXKtIzbu+NmZ2Ufbm@f9941","07FjSRXKtIzbu+NmZ2Ufbm@6c48a","93nU4HCA5HEbUWPJrflaEk@53730","28T/g5FGJCsLeQ9aVRwUg7"],["_textureSource","node","_spriteFrame","root","data"],["cc.SpriteFrame",["cc.Node",["_name","_layer","_components","_prefab","_parent","_children","_lpos","_lscale"],1,9,4,1,2,5,5],["cc.UIOpacity",["_opacity","node","__prefab"],2,1,4],["cc.UITransform",["node","__prefab","_contentSize","_anchorPoint"],3,1,4,5,5],["cc.Sprite",["_sizeMode","_isTrimmedMode","_dstBlendFactor","node","__prefab","_spriteFrame"],0,1,4,6],"cc.SpriteAtlas",["cc.Prefab",["_name"],2],["cc.Animation",["node","__prefab","_clips"],3,1,4,3],["cc.CompPrefabInfo",["fileId"],2],["cc.PrefabInfo",["fileId","instance","targetOverrides","nestedPrefabInstanceRoots","root","asset"],-1,1,1]],[[8,0,2],[9,0,1,2,3,4,5,5],[2,1,2,1],[3,0,1,2,1],[1,0,1,4,2,3,6,7,3],[4,2,0,1,3,4,5,4],[6,0,2],[1,0,1,5,2,3,3],[1,0,1,4,5,2,3,3],[1,0,1,4,2,3,3],[7,0,1,2,1],[2,0,1,2,2],[3,0,1,2,3,1],[4,0,1,3,4,5,3]],[[[{"name":"tx_light_mo","rect":{"x":4,"y":38,"width":541,"height":259},"offset":{"x":-0.5,"y":-17.5},"originalSize":{"width":550,"height":300},"rotated":false,"capInsets":[0,0,0,0],"vertices":{"rawPosition":[-270.5,-129.5,0,270.5,-129.5,0,-270.5,129.5,0,270.5,129.5,0],"indexes":[0,1,2,2,1,3],"uv":[4,262,545,262,4,3,545,3],"nuv":[0.007272727272727273,0.01,0.990909090909091,0.01,0.007272727272727273,0.8733333333333333,0.990909090909091,0.8733333333333333],"minPos":{"x":-270.5,"y":-129.5,"z":0},"maxPos":{"x":270.5,"y":129.5,"z":0}},"packable":true,"pixelsToUnit":100,"pivot":{"x":0.5,"y":0.5},"meshType":0}],[0],0,[0],[0],[2]],[[{"name":"tx_ddz_2022_paixinghuanraoguang","spriteFrames":["tx_ddz_2022_paixinghuanrao_00000","93nU4HCA5HEbUWPJrflaEk@0ef7c","tx_ddz_2022_paixinghuanrao_00001","93nU4HCA5HEbUWPJrflaEk@79eca","tx_ddz_2022_paixinghuanrao_00002","93nU4HCA5HEbUWPJrflaEk@2ce9b","tx_ddz_2022_paixinghuanrao_00003","93nU4HCA5HEbUWPJrflaEk@7fa27","tx_ddz_2022_paixinghuanrao_00004","93nU4HCA5HEbUWPJrflaEk@6ea68","tx_ddz_2022_paixinghuanrao_00005","93nU4HCA5HEbUWPJrflaEk@ce136","tx_ddz_2022_paixinghuanrao_00006","93nU4HCA5HEbUWPJrflaEk@4d3a5","tx_ddz_2022_paixinghuanrao_00007","93nU4HCA5HEbUWPJrflaEk@53730","tx_ddz_2022_paixinghuanrao_00008","93nU4HCA5HEbUWPJrflaEk@44cad","tx_ddz_2022_paixinghuanrao_00009","93nU4HCA5HEbUWPJrflaEk@18eeb","tx_ddz_2022_paixinghuanrao_00010","93nU4HCA5HEbUWPJrflaEk@6fbb6","tx_ddz_2022_paixinghuanrao_00011","93nU4HCA5HEbUWPJrflaEk@26cb7","tx_ddz_2022_paixinghuanrao_00012","93nU4HCA5HEbUWPJrflaEk@fe833","tx_ddz_2022_paixinghuanrao_00013","93nU4HCA5HEbUWPJrflaEk@8f710","tx_ddz_2022_paixinghuanrao_00014","93nU4HCA5HEbUWPJrflaEk@7bea7"]}],[5],0,[],[],[]],[[{"name":"tx_ddz_2022_paixinghuanrao_00000","rect":{"x":2,"y":388,"width":462,"height":426},"offset":{"x":-69,"y":-12},"originalSize":{"width":600,"height":450},"rotated":false,"capInsets":[0,0,0,0],"vertices":{"rawPosition":[],"indexes":[],"uv":[],"nuv":[],"minPos":{"x":0,"y":0,"z":0},"maxPos":{"x":0,"y":0,"z":0}},"packable":true,"pixelsToUnit":100,"pivot":{"x":0.5,"y":0.5},"meshType":0}],[0],0,[0],[0],[0]],[[{"name":"tx_ddz_2022_paixinghuanrao_00009","rect":{"x":1024,"y":2,"width":322,"height":428},"offset":{"x":139,"y":-11},"originalSize":{"width":600,"height":450},"rotated":true,"capInsets":[0,0,0,0],"vertices":{"rawPosition":[],"indexes":[],"uv":[],"nuv":[],"minPos":{"x":0,"y":0,"z":0},"maxPos":{"x":0,"y":0,"z":0}},"packable":true,"pixelsToUnit":100,"pivot":{"x":0.5,"y":0.5},"meshType":0}],[0],0,[0],[0],[0]],[[{"name":"tx_ddz_2022_paixinghuanrao_00011","rect":{"x":624,"y":626,"width":470,"height":388},"offset":{"x":61,"y":-31},"originalSize":{"width":600,"height":450},"rotated":true,"capInsets":[0,0,0,0],"vertices":{"rawPosition":[],"indexes":[],"uv":[],"nuv":[],"minPos":{"x":0,"y":0,"z":0},"maxPos":{"x":0,"y":0,"z":0}},"packable":true,"pixelsToUnit":100,"pivot":{"x":0.5,"y":0.5},"meshType":0}],[0],0,[0],[0],[0]],[[{"name":"tx_ddz_2022_paixinghuanrao_00002","rect":{"x":1014,"y":1042,"width":348,"height":434},"offset":{"x":-124,"y":8},"originalSize":{"width":600,"height":450},"rotated":true,"capInsets":[0,0,0,0],"vertices":{"rawPosition":[],"indexes":[],"uv":[],"nuv":[],"minPos":{"x":0,"y":0,"z":0},"maxPos":{"x":0,"y":0,"z":0}},"packable":true,"pixelsToUnit":100,"pivot":{"x":0.5,"y":0.5},"meshType":0}],[0],0,[0],[0],[0]],[[{"name":"tx_ddz_2022_paixinghuanrao_00008","rect":{"x":1014,"y":626,"width":414,"height":438},"offset":{"x":93,"y":-6},"originalSize":{"width":600,"height":450},"rotated":true,"capInsets":[0,0,0,0],"vertices":{"rawPosition":[],"indexes":[],"uv":[],"nuv":[],"minPos":{"x":0,"y":0,"z":0},"maxPos":{"x":0,"y":0,"z":0}},"packable":true,"pixelsToUnit":100,"pivot":{"x":0.5,"y":0.5},"meshType":0}],[0],0,[0],[0],[0]],[[{"name":"tx_ddz_2022_paixinghuanrao_00006","rect":{"x":326,"y":1388,"width":552,"height":298},"offset":{"x":24,"y":76},"originalSize":{"width":600,"height":450},"rotated":true,"capInsets":[0,0,0,0],"vertices":{"rawPosition":[],"indexes":[],"uv":[],"nuv":[],"minPos":{"x":0,"y":0,"z":0},"maxPos":{"x":0,"y":0,"z":0}},"packable":true,"pixelsToUnit":100,"pivot":{"x":0.5,"y":0.5},"meshType":0}],[0],0,[0],[0],[0]],[[{"name":"tx_ddz_2022_paixinghuanrao_00007","rect":{"x":2,"y":2,"width":508,"height":384},"offset":{"x":46,"y":30},"originalSize":{"width":600,"height":450},"rotated":false,"capInsets":[0,0,0,0],"vertices":{"rawPosition":[],"indexes":[],"uv":[],"nuv":[],"minPos":{"x":0,"y":0,"z":0},"maxPos":{"x":0,"y":0,"z":0}},"packable":true,"pixelsToUnit":100,"pivot":{"x":0.5,"y":0.5},"meshType":0}],[0],0,[0],[0],[0]],[[{"name":"tx_ddz_2022_paixinghuanrao_00004","rect":{"x":512,"y":2,"width":510,"height":374},"offset":{"x":-24,"y":38},"originalSize":{"width":600,"height":450},"rotated":false,"capInsets":[0,0,0,0],"vertices":{"rawPosition":[],"indexes":[],"uv":[],"nuv":[],"minPos":{"x":0,"y":0,"z":0},"maxPos":{"x":0,"y":0,"z":0}},"packable":true,"pixelsToUnit":100,"pivot":{"x":0.5,"y":0.5},"meshType":0}],[0],0,[0],[0],[0]],[[{"name":"tx_ddz_2022_paixinghuanrao_00010","rect":{"x":1058,"y":1392,"width":382,"height":416},"offset":{"x":109,"y":-17},"originalSize":{"width":600,"height":450},"rotated":false,"capInsets":[0,0,0,0],"vertices":{"rawPosition":[],"indexes":[],"uv":[],"nuv":[],"minPos":{"x":0,"y":0,"z":0},"maxPos":{"x":0,"y":0,"z":0}},"packable":true,"pixelsToUnit":100,"pivot":{"x":0.5,"y":0.5},"meshType":0}],[0],0,[0],[0],[0]],[[{"name":"tx_ddz_2022_paixinghuanrao_00001","rect":{"x":626,"y":1098,"width":380,"height":442},"offset":{"x":-110,"y":4},"originalSize":{"width":600,"height":450},"rotated":false,"capInsets":[0,0,0,0],"vertices":{"rawPosition":[],"indexes":[],"uv":[],"nuv":[],"minPos":{"x":0,"y":0,"z":0},"maxPos":{"x":0,"y":0,"z":0}},"packable":true,"pixelsToUnit":100,"pivot":{"x":0.5,"y":0.5},"meshType":0}],[0],0,[0],[0],[0]],[[{"name":"tx_ddz_2022_paixinghuanrao_00014","rect":{"x":2,"y":816,"width":548,"height":334},"offset":{"x":-26,"y":-58},"originalSize":{"width":600,"height":450},"rotated":true,"capInsets":[0,0,0,0],"vertices":{"rawPosition":[],"indexes":[],"uv":[],"nuv":[],"minPos":{"x":0,"y":0,"z":0},"maxPos":{"x":0,"y":0,"z":0}},"packable":true,"pixelsToUnit":100,"pivot":{"x":0.5,"y":0.5},"meshType":0}],[0],0,[0],[0],[0]],[[{"name":"tx_ddz_2022_paixinghuanrao_00003","rect":{"x":626,"y":1542,"width":430,"height":416},"offset":{"x":-74,"y":17},"originalSize":{"width":600,"height":450},"rotated":false,"capInsets":[0,0,0,0],"vertices":{"rawPosition":[],"indexes":[],"uv":[],"nuv":[],"minPos":{"x":0,"y":0,"z":0},"maxPos":{"x":0,"y":0,"z":0}},"packable":true,"pixelsToUnit":100,"pivot":{"x":0.5,"y":0.5},"meshType":0}],[0],0,[0],[0],[0]],[[{"name":"tx_ddz_2022_paixinghuanrao_00013","rect":{"x":512,"y":378,"width":572,"height":246},"offset":{"x":-12,"y":-102},"originalSize":{"width":600,"height":450},"rotated":false,"capInsets":[0,0,0,0],"vertices":{"rawPosition":[],"indexes":[],"uv":[],"nuv":[],"minPos":{"x":0,"y":0,"z":0},"maxPos":{"x":0,"y":0,"z":0}},"packable":true,"pixelsToUnit":100,"pivot":{"x":0.5,"y":0.5},"meshType":0}],[0],0,[0],[0],[0]],[[{"name":"tx_ddz_2022_paixinghuanrao_00005","rect":{"x":338,"y":816,"width":570,"height":284},"offset":{"x":15,"y":83},"originalSize":{"width":600,"height":450},"rotated":true,"capInsets":[0,0,0,0],"vertices":{"rawPosition":[],"indexes":[],"uv":[],"nuv":[],"minPos":{"x":0,"y":0,"z":0},"maxPos":{"x":0,"y":0,"z":0}},"packable":true,"pixelsToUnit":100,"pivot":{"x":0.5,"y":0.5},"meshType":0}],[0],0,[0],[0],[0]],[[{"name":"tx_ddz_2022_paixinghuanrao_00012","rect":{"x":2,"y":1366,"width":550,"height":322},"offset":{"x":11,"y":-64},"originalSize":{"width":600,"height":450},"rotated":true,"capInsets":[0,0,0,0],"vertices":{"rawPosition":[],"indexes":[],"uv":[],"nuv":[],"minPos":{"x":0,"y":0,"z":0},"maxPos":{"x":0,"y":0,"z":0}},"packable":true,"pixelsToUnit":100,"pivot":{"x":0.5,"y":0.5},"meshType":0}],[0],0,[0],[0],[0]],[[[6,"tx_ddz_2022_paixinghuanrao"],[7,"tx_ddz_2022_paixinghuanrao",33554432,[-5],[[10,-2,[0,"0bFk5TLQZME4qp/klHHFRD"],[3]],[2,-3,[0,"24DxHltnpCCaxIIgMmy93c"]],[3,-4,[0,"37CYYSCZNLl6cCKBtSypSf"],[5,0,0]]],[1,"91UzxBhE9KYbIzIbLJtGPU",null,null,null,-1,0]],[8,"Node_1",33554432,1,[-8,-9,-10],[[2,-6,[0,"9fU7MWU95BrKBXOyAikO2o"]],[12,-7,[0,"c4vEckhSZPFrQUX84dwGmK"],[5,0,0],[0,0,0]]],[1,"5dihqCTkNPYJk7K0tS+R+v",null,null,null,1,0]],[4,"tx_light_mo_1_0",33554432,2,[[13,2,false,-11,[0,"d2r2rNIiVHJZ/O79z6Y2il"],0],[11,51,-12,[0,"53QppMMlFA2rXNzjRPHzyD"]],[3,-13,[0,"f61lUjsBRLlLEDOBz8sB3E"],[5,550,300]]],[1,"0d8a7cHnlAh7+ahKqlTuLH",null,null,null,1,0],[1,4.7169,-7.5066,0],[1,0.78,0.93,1]],[4,"tx_light_mo_1",33554432,2,[[5,1,2,false,-14,[0,"86yo2ux7tH7aw4cSuwE77E"],1],[2,-15,[0,"fe5mkgzjdEFZTqyo9nuPWo"]],[3,-16,[0,"83/JhbZzZFdaxzl4+awWd9"],[5,550,300]]],[1,"37bIoHYEhIFok8wVO/IDJE",null,null,null,1,0],[1,5,-6.9998,0],[1,0.78,0.93,1]],[9,"tx_ddz_2022_paixinghuanrao_00000_2",33554432,2,[[5,1,2,false,-17,[0,"577ZqBNH9Cu55JQoyG8/pI"],2],[2,-18,[0,"b9W1SvSnZCcLzJzm0vwZuM"]],[3,-19,[0,"c17M+ciddAFqdrCa+4tDZ/"],[5,600,450]]],[1,"d9AVlzrRxDtIP1CM0IVKEi",null,null,null,1,0]]],0,[0,3,1,0,1,1,0,1,1,0,1,1,0,-1,2,0,1,2,0,1,2,0,-1,3,0,-2,4,0,-3,5,0,1,3,0,1,3,0,1,3,0,1,4,0,1,4,0,1,4,0,1,5,0,1,5,0,1,5,0,4,1,19],[0,0,0,0],[2,2,2,-1],[1,1,3,4]]]]
