[1,["8bIxvYRmRBubkZ5F6DVGK2@6c48a","5aY1EnWINIIKtP7V4Ku7er","89WS7BedVMkYEPBCu/Yz5L@bbb1e","89WS7BedVMkYEPBCu/Yz5L@7f17e","7dj5uJT9FMn6OrOOx83tfK@f9941","89WS7BedVMkYEPBCu/Yz5L@4db6d","89WS7BedVMkYEPBCu/Yz5L@a727d","89WS7BedVMkYEPBCu/Yz5L@870e5","89WS7BedVMkYEPBCu/Yz5L@7febe","2ftm0sgQZO5I8oCwjiwpsj"],["node","_textureSource","_customMaterial","_spriteFrame","root","data","_parent"],["cc.SpriteFrame",["cc.Node",["_name","_layer","_components","_prefab","_parent","_lpos","_lscale","_children","_euler","_lrot"],1,9,4,1,5,5,2,5,5],["cc.Sprite",["_sizeMode","_isTrimmedMode","_dstBlendFactor","node","__prefab","_customMaterial","_spriteFrame","_color"],0,1,4,6,6,5],["cc.UIOpacity",["_opacity","node","__prefab"],2,1,4],"cc.SpriteAtlas",["cc.Prefab",["_name"],2],["cc.Animation",["node","__prefab","_clips"],3,1,4,3],["cc.CompPrefabInfo",["fileId"],2],["cc.UITransform",["node","__prefab","_contentSize"],3,1,4,5],["cc.PrefabInfo",["fileId","instance","targetOverrides","nestedPrefabInstanceRoots","root","asset"],-1,1,1],["cc.Widget",["_alignFlags","node","__prefab"],2,1,4]],[[7,0,2],[8,0,1,2,1],[9,0,1,2,3,4,5,5],[3,0,1,2,2],[1,0,1,4,2,3,5,6,3],[2,2,0,1,3,4,7,5,6,4],[2,2,0,1,3,4,5,6,4],[3,1,2,1],[2,0,1,3,4,5,6,3],[5,0,2],[1,0,1,7,2,3,3],[1,0,1,2,3,3],[1,0,1,4,7,2,3,3],[1,0,1,4,2,3,5,6,8,3],[1,0,1,4,2,3,5,9,6,8,3],[1,0,1,4,2,3,3],[6,0,1,2,1],[2,0,1,3,4,7,5,6,3],[10,0,1,2,2]],[[[{"name":"tx_ddz_2022_dizhubiaoji","spriteFrames":["Aperture_1","89WS7BedVMkYEPBCu/Yz5L@4db6d","Effects_c_00","89WS7BedVMkYEPBCu/Yz5L@bbb1e","tongyong_yuanguang","89WS7BedVMkYEPBCu/Yz5L@a727d","tx_ddz_2022_dizhubiaoji_faguang2_00000","89WS7BedVMkYEPBCu/Yz5L@870e5","tx_ddz_2022_dizhubiaoji_lizi_00000","89WS7BedVMkYEPBCu/Yz5L@7febe","tx_ddz_2022_dizhubiaoji_lizi_00001","89WS7BedVMkYEPBCu/Yz5L@486aa","tx_ddz_2022_dizhubiaoji_lizi_00002","89WS7BedVMkYEPBCu/Yz5L@f3c3f","tx_ddz_2022_dizhubiaoji_lizi_00003","89WS7BedVMkYEPBCu/Yz5L@21080","tx_ddz_2022_dizhubiaoji_lizi_00004","89WS7BedVMkYEPBCu/Yz5L@18f95","tx_ddz_2022_dizhubiaoji_lizi_00005","89WS7BedVMkYEPBCu/Yz5L@df2ed","tx_ddz_2022_dizhubiaoji_lizi_00006","89WS7BedVMkYEPBCu/Yz5L@34c2c","tx_ddz_2022_dizhubiaoji_lizi_00007","89WS7BedVMkYEPBCu/Yz5L@f6610","tx_ddz_2022_dizhubiaoji_lizi_00008","89WS7BedVMkYEPBCu/Yz5L@4aebe","tx_ddz_2022_dizhubiaoji_lizi_00009","89WS7BedVMkYEPBCu/Yz5L@a486b","tx_ddz_2022_dizhubiaoji_lizi_00010","89WS7BedVMkYEPBCu/Yz5L@d756e","tx_ddz_2022_dizhubiaoji_lizi_00011","89WS7BedVMkYEPBCu/Yz5L@17bce","tx_ddz_2022_dizhubiaoji_lizi_00012","89WS7BedVMkYEPBCu/Yz5L@a1885","tx_ddz_2022_dizhubiaoji_lizi_00013","89WS7BedVMkYEPBCu/Yz5L@c3330","tx_ddz_2022_dizhubiaoji_lizi_00014","89WS7BedVMkYEPBCu/Yz5L@adba7","tx_ddz_2022_dizhubiaoji_lizi_00015","89WS7BedVMkYEPBCu/Yz5L@8a61b","tx_ddz_2022_dizhubiaoji_lizi_00016","89WS7BedVMkYEPBCu/Yz5L@9e6c6","yxc_dz","89WS7BedVMkYEPBCu/Yz5L@7f17e"]}],[4],0,[],[],[]],[[{"name":"tx_ddz_2022_dizhubiaoji_lizi_00011","rect":{"x":1522,"y":310,"width":90,"height":154},"offset":{"x":-105,"y":59},"originalSize":{"width":400,"height":400},"rotated":true,"capInsets":[0,0,0,0],"vertices":{"rawPosition":[],"indexes":[],"uv":[],"nuv":[],"minPos":{"x":0,"y":0,"z":0},"maxPos":{"x":0,"y":0,"z":0}},"packable":true,"pixelsToUnit":100,"pivot":{"x":0.5,"y":0.5},"meshType":0}],[0],0,[0],[1],[0]],[[{"name":"tx_ddz_2022_dizhubiaoji_lizi_00004","rect":{"x":678,"y":372,"width":304,"height":328},"offset":{"x":6,"y":9},"originalSize":{"width":400,"height":400},"rotated":false,"capInsets":[0,0,0,0],"vertices":{"rawPosition":[],"indexes":[],"uv":[],"nuv":[],"minPos":{"x":0,"y":0,"z":0},"maxPos":{"x":0,"y":0,"z":0}},"packable":true,"pixelsToUnit":100,"pivot":{"x":0.5,"y":0.5},"meshType":0}],[0],0,[0],[1],[0]],[[{"name":"tx_ddz_2022_dizhubiaoji_lizi_00003","rect":{"x":1396,"y":2,"width":284,"height":306},"offset":{"x":6,"y":8},"originalSize":{"width":400,"height":400},"rotated":false,"capInsets":[0,0,0,0],"vertices":{"rawPosition":[],"indexes":[],"uv":[],"nuv":[],"minPos":{"x":0,"y":0,"z":0},"maxPos":{"x":0,"y":0,"z":0}},"packable":true,"pixelsToUnit":100,"pivot":{"x":0.5,"y":0.5},"meshType":0}],[0],0,[0],[1],[0]],[[{"name":"tx_ddz_2022_dizhubiaoji_lizi_00006","rect":{"x":984,"y":354,"width":346,"height":268},"offset":{"x":7,"y":-42},"originalSize":{"width":400,"height":400},"rotated":true,"capInsets":[0,0,0,0],"vertices":{"rawPosition":[],"indexes":[],"uv":[],"nuv":[],"minPos":{"x":0,"y":0,"z":0},"maxPos":{"x":0,"y":0,"z":0}},"packable":true,"pixelsToUnit":100,"pivot":{"x":0.5,"y":0.5},"meshType":0}],[0],0,[0],[1],[0]],[[{"name":"tx_ddz_2022_dizhubiaoji_lizi_00001","rect":{"x":1522,"y":402,"width":282,"height":276},"offset":{"x":-15,"y":14},"originalSize":{"width":400,"height":400},"rotated":true,"capInsets":[0,0,0,0],"vertices":{"rawPosition":[],"indexes":[],"uv":[],"nuv":[],"minPos":{"x":0,"y":0,"z":0},"maxPos":{"x":0,"y":0,"z":0}},"packable":true,"pixelsToUnit":100,"pivot":{"x":0.5,"y":0.5},"meshType":0}],[0],0,[0],[1],[0]],[[{"name":"tx_ddz_2022_dizhubiaoji_lizi_00008","rect":{"x":404,"y":437,"width":272,"height":172},"offset":{"x":-51,"y":27},"originalSize":{"width":400,"height":400},"rotated":false,"capInsets":[0,0,0,0],"vertices":{"rawPosition":[],"indexes":[],"uv":[],"nuv":[],"minPos":{"x":0,"y":0,"z":0},"maxPos":{"x":0,"y":0,"z":0}},"packable":true,"pixelsToUnit":100,"pivot":{"x":0.5,"y":0.5},"meshType":0}],[0],0,[0],[1],[0]],[[{"name":"Aperture_1","rect":{"x":2,"y":437,"width":216,"height":214},"offset":{"x":0,"y":-1},"originalSize":{"width":256,"height":256},"rotated":true,"capInsets":[0,0,0,0],"vertices":{"rawPosition":[],"indexes":[],"uv":[],"nuv":[],"minPos":{"x":0,"y":0,"z":0},"maxPos":{"x":0,"y":0,"z":0}},"packable":true,"pixelsToUnit":100,"pivot":{"x":0.5,"y":0.5},"meshType":0}],[0],0,[0],[1],[0]],[[{"name":"yxc_dz","rect":{"x":218,"y":437,"width":184,"height":190},"offset":{"x":0,"y":0},"originalSize":{"width":184,"height":190},"rotated":false,"capInsets":[0,0,0,0],"vertices":{"rawPosition":[],"indexes":[],"uv":[],"nuv":[],"minPos":{"x":0,"y":0,"z":0},"maxPos":{"x":0,"y":0,"z":0}},"packable":true,"pixelsToUnit":100,"pivot":{"x":0.5,"y":0.5},"meshType":0}],[0],0,[0],[1],[0]],[[{"name":"tx_ddz_2022_dizhubiaoji_lizi_00000","rect":{"x":1254,"y":354,"width":266,"height":326},"offset":{"x":-16,"y":-17},"originalSize":{"width":400,"height":400},"rotated":false,"capInsets":[0,0,0,0],"vertices":{"rawPosition":[],"indexes":[],"uv":[],"nuv":[],"minPos":{"x":0,"y":0,"z":0},"maxPos":{"x":0,"y":0,"z":0}},"packable":true,"pixelsToUnit":100,"pivot":{"x":0.5,"y":0.5},"meshType":0}],[0],0,[0],[1],[0]],[[{"name":"tx_ddz_2022_dizhubiaoji_faguang2_00000","rect":{"x":716,"y":2,"width":350,"height":350},"offset":{"x":0,"y":0},"originalSize":{"width":350,"height":350},"rotated":false,"capInsets":[0,0,0,0],"vertices":{"rawPosition":[],"indexes":[],"uv":[],"nuv":[],"minPos":{"x":0,"y":0,"z":0},"maxPos":{"x":0,"y":0,"z":0}},"packable":true,"pixelsToUnit":100,"pivot":{"x":0.5,"y":0.5},"meshType":0}],[0],0,[0],[1],[0]],[[{"name":"tx_ddz_2022_dizhubiaoji_lizi_00015","rect":{"x":280,"y":629,"width":48,"height":48},"offset":{"x":-118,"y":150},"originalSize":{"width":400,"height":400},"rotated":false,"capInsets":[0,0,0,0],"vertices":{"rawPosition":[],"indexes":[],"uv":[],"nuv":[],"minPos":{"x":0,"y":0,"z":0},"maxPos":{"x":0,"y":0,"z":0}},"packable":true,"pixelsToUnit":100,"pivot":{"x":0.5,"y":0.5},"meshType":0}],[0],0,[0],[1],[0]],[[{"name":"tx_ddz_2022_dizhubiaoji_lizi_00016","rect":{"x":330,"y":629,"width":48,"height":48},"offset":{"x":-124,"y":160},"originalSize":{"width":400,"height":400},"rotated":false,"capInsets":[0,0,0,0],"vertices":{"rawPosition":[],"indexes":[],"uv":[],"nuv":[],"minPos":{"x":0,"y":0,"z":0},"maxPos":{"x":0,"y":0,"z":0}},"packable":true,"pixelsToUnit":100,"pivot":{"x":0.5,"y":0.5},"meshType":0}],[0],0,[0],[1],[0]],[[{"name":"tx_ddz_2022_dizhubiaoji_lizi_00012","rect":{"x":1800,"y":380,"width":164,"height":160},"offset":{"x":-69,"y":64},"originalSize":{"width":400,"height":400},"rotated":false,"capInsets":[0,0,0,0],"vertices":{"rawPosition":[],"indexes":[],"uv":[],"nuv":[],"minPos":{"x":0,"y":0,"z":0},"maxPos":{"x":0,"y":0,"z":0}},"packable":true,"pixelsToUnit":100,"pivot":{"x":0.5,"y":0.5},"meshType":0}],[0],0,[0],[1],[0]],[[{"name":"tx_ddz_2022_dizhubiaoji_lizi_00009","rect":{"x":1682,"y":2,"width":292,"height":104},"offset":{"x":-51,"y":68},"originalSize":{"width":400,"height":400},"rotated":false,"capInsets":[0,0,0,0],"vertices":{"rawPosition":[],"indexes":[],"uv":[],"nuv":[],"minPos":{"x":0,"y":0,"z":0},"maxPos":{"x":0,"y":0,"z":0}},"packable":true,"pixelsToUnit":100,"pivot":{"x":0.5,"y":0.5},"meshType":0}],[0],0,[0],[1],[0]],[[{"name":"tongyong_yuanguang","rect":{"x":2,"y":2,"width":420,"height":433},"offset":{"x":0,"y":0},"originalSize":{"width":420,"height":433},"rotated":false,"capInsets":[0,0,0,0],"vertices":{"rawPosition":[],"indexes":[],"uv":[],"nuv":[],"minPos":{"x":0,"y":0,"z":0},"maxPos":{"x":0,"y":0,"z":0}},"packable":true,"pixelsToUnit":100,"pivot":{"x":0.5,"y":0.5},"meshType":0}],[0],0,[0],[1],[0]],[[{"name":"tx_ddz_2022_dizhubiaoji_lizi_00014","rect":{"x":218,"y":629,"width":60,"height":64},"offset":{"x":-115,"y":131},"originalSize":{"width":400,"height":400},"rotated":false,"capInsets":[0,0,0,0],"vertices":{"rawPosition":[],"indexes":[],"uv":[],"nuv":[],"minPos":{"x":0,"y":0,"z":0},"maxPos":{"x":0,"y":0,"z":0}},"packable":true,"pixelsToUnit":100,"pivot":{"x":0.5,"y":0.5},"meshType":0}],[0],0,[0],[1],[0]],[[{"name":"Effects_c_00","rect":{"x":1894,"y":542,"width":120,"height":122},"offset":{"x":1,"y":0},"originalSize":{"width":128,"height":128},"rotated":false,"capInsets":[0,0,0,0],"vertices":{"rawPosition":[],"indexes":[],"uv":[],"nuv":[],"minPos":{"x":0,"y":0,"z":0},"maxPos":{"x":0,"y":0,"z":0}},"packable":true,"pixelsToUnit":100,"pivot":{"x":0.5,"y":0.5},"meshType":0}],[0],0,[0],[1],[0]],[[{"name":"tx_ddz_2022_dizhubiaoji_lizi_00013","rect":{"x":404,"y":611,"width":86,"height":166},"offset":{"x":-120,"y":70},"originalSize":{"width":400,"height":400},"rotated":true,"capInsets":[0,0,0,0],"vertices":{"rawPosition":[],"indexes":[],"uv":[],"nuv":[],"minPos":{"x":0,"y":0,"z":0},"maxPos":{"x":0,"y":0,"z":0}},"packable":true,"pixelsToUnit":100,"pivot":{"x":0.5,"y":0.5},"meshType":0}],[0],0,[0],[1],[0]],[[{"name":"tx_ddz_2022_dizhubiaoji_lizi_00010","rect":{"x":1800,"y":542,"width":92,"height":148},"offset":{"x":-97,"y":53},"originalSize":{"width":400,"height":400},"rotated":false,"capInsets":[0,0,0,0],"vertices":{"rawPosition":[],"indexes":[],"uv":[],"nuv":[],"minPos":{"x":0,"y":0,"z":0},"maxPos":{"x":0,"y":0,"z":0}},"packable":true,"pixelsToUnit":100,"pivot":{"x":0.5,"y":0.5},"meshType":0}],[0],0,[0],[1],[0]],[[{"name":"tx_ddz_2022_dizhubiaoji_lizi_00005","rect":{"x":1068,"y":2,"width":326,"height":350},"offset":{"x":6,"y":10},"originalSize":{"width":400,"height":400},"rotated":false,"capInsets":[0,0,0,0],"vertices":{"rawPosition":[],"indexes":[],"uv":[],"nuv":[],"minPos":{"x":0,"y":0,"z":0},"maxPos":{"x":0,"y":0,"z":0}},"packable":true,"pixelsToUnit":100,"pivot":{"x":0.5,"y":0.5},"meshType":0}],[0],0,[0],[1],[0]],[[{"name":"tx_ddz_2022_dizhubiaoji_lizi_00002","rect":{"x":1682,"y":108,"width":270,"height":286},"offset":{"x":2,"y":8},"originalSize":{"width":400,"height":400},"rotated":true,"capInsets":[0,0,0,0],"vertices":{"rawPosition":[],"indexes":[],"uv":[],"nuv":[],"minPos":{"x":0,"y":0,"z":0},"maxPos":{"x":0,"y":0,"z":0}},"packable":true,"pixelsToUnit":100,"pivot":{"x":0.5,"y":0.5},"meshType":0}],[0],0,[0],[1],[0]],[[{"name":"tx_ddz_2022_dizhubiaoji_lizi_00007","rect":{"x":424,"y":2,"width":368,"height":290},"offset":{"x":7,"y":-41},"originalSize":{"width":400,"height":400},"rotated":true,"capInsets":[0,0,0,0],"vertices":{"rawPosition":[],"indexes":[],"uv":[],"nuv":[],"minPos":{"x":0,"y":0,"z":0},"maxPos":{"x":0,"y":0,"z":0}},"packable":true,"pixelsToUnit":100,"pivot":{"x":0.5,"y":0.5},"meshType":0}],[0],0,[0],[1],[0]],[[[9,"tx_ddz_2022_dizhubaoji"],[10,"tx_ddz_2022_dizhubaoji",33554432,[-5,-6,-7,-8,-9,-10,-11,-12,-13],[[16,-2,[0,"81lxWTuGVBAZLnUQxubbjM"],[18]],[7,-3,[0,"59Z7YqBZhI6KheH+/Jt/6t"]],[1,-4,[0,"bcWQwJ43VMdY1MFSGnxd/g"],[5,0,0]]],[2,"b6MgPaZAREEp3fx9hRKT1V",null,null,null,-1,0]],[11,"background",33554432,[[17,0,false,-14,[0,"92djnncdBFz71hfBAmppnF"],[4,4294953110],0,1],[18,18,-15,[0,"75sWd8h8dFkpyQs5rF2kLu"]],[3,0,-16,[0,"ab6oLgFEFFR4WfWowfsD/y"]],[1,-17,[0,"9cUegchaNAyZmFeLrj31Ub"],[5,2340,1080]]],[2,"b34Qb17dlPzIcTFBRECLVf",null,null,null,1,0]],[12,"Panel_1",33554432,1,[2],[[7,-18,[0,"e17vjV5uhNwLbvbnM8dXif"]],[1,-19,[0,"beL1oDw3hOdJTITyAWfOE7"],[5,2340,1080]]],[2,"9c1c6vBZxOP4xnK3soX9NZ",null,null,null,1,0]],[13,"Effects_c_00_5",33554432,1,[[5,1,2,false,-20,[0,"49Uwxu3btCgavKng/LlYER"],[4,4278232575],2,3],[3,0,-21,[0,"ccFRzLBMJFj65lCmivKMdh"]],[1,-22,[0,"b0jHUQ4h1B7rhdOnJLR/fl"],[5,128,128]]],[2,"a9HeqW5rlHpoqxFp7F3wSF",null,null,null,1,0],[1,-7.4471,3.5645,0],[1,2.6394,2.6394,1],[1,0,-0.0001,0]],[14,"Effects_c_00_5_0",33554432,1,[[5,1,2,false,-23,[0,"7ehT9vrJ9CiYRti1upu1+Y"],[4,4278232575],4,5],[3,0,-24,[0,"7ezpeKdLhB7bJCyvXyRxSO"]],[1,-25,[0,"dbQQgqhltGw7QQqYlG+mBu"],[5,128,128]]],[2,"f1tJ6beCtDTLNqg9moVVz7",null,null,null,1,0],[1,-7.4471,3.5645,0],[3,0.16201987390312894,0.16201725590925098,-0.02697781803877344,0.9730221819577995],[1,2.6394,2.6394,1],[1,18.9074,18.9071,0]],[4,"Aperture_1_1",33554432,1,[[5,1,2,false,-26,[0,"5ewkWYJABJ46Y8vLjcwhOW"],[4,4278221567],6,7],[3,0,-27,[0,"a6u+ny3LxAcrKm6SyJ19Dy"]],[1,-28,[0,"18vfvJ3ihMyaZ7FEk45NCG"],[5,256,256]]],[2,"72+VTB7QhM4YYBwj2b3Byg",null,null,null,1,0],[1,-0.0308,-0.0105,0],[1,18.4517,18.4517,1]],[15,"tongyong_yuanguang_2",33554432,1,[[8,2,false,-29,[0,"a6T1MhnFBGsIAUrigKy8G6"],8,9],[3,0,-30,[0,"0cUs7W5FVNsq82dqjvfFv/"]],[1,-31,[0,"88WC5bM6dNS6FT/qfWr++K"],[5,420,433]]],[2,"7bFijAAp5DZKlSAZFX2Daz",null,null,null,1,0]],[4,"yxc_dz_1",33554432,1,[[8,2,false,-32,[0,"84n9O+1BZHf6LDuG/ygGNQ"],10,11],[3,0,-33,[0,"57M6OslzZHr5gbr5gcIkD9"]],[1,-34,[0,"65aSkhLPFHI7N8OG/zjVIZ"],[5,184,190]]],[2,"d7cc1siYRHTqrSyLKBpJAs",null,null,null,1,0],[1,0.0001,0,0],[1,1.2,1.2,1]],[4,"yxc_dz_1_0",33554432,1,[[6,1,2,false,-35,[0,"fe3C15TNVFr4/fCFQciCbE"],12,13],[3,0,-36,[0,"b1uX8sdFhIdoAg30gdTvbR"]],[1,-37,[0,"e2kz5WFtdHCafaztLanMUo"],[5,184,190]]],[2,"24Z9OynOxC5ouJpJuSBYSZ",null,null,null,1,0],[1,0.0001,0,0],[1,1.2,1.2,1]],[4,"tx_ddz_2022_dizhubiaoji_faguang_00000_4",33554432,1,[[6,8,2,false,-38,[0,"47gat63ERJ45rEthHEPh4D"],14,15],[3,0,-39,[0,"29+2yWPkRJg6AJUSbDiAiq"]],[1,-40,[0,"d6+fUxcV5MlbR9g1L0sWul"],[5,350,350]]],[2,"81iv4pDSVImL7wxHafJ0EK",null,null,null,1,0],[1,0.8092,0.4443,0],[1,1.2,1.2,1]],[4,"tx_ddz_2022_dizhubiaoji_lizi_00000_1",33554432,1,[[6,8,2,false,-41,[0,"f8iEHKjydNZL0IkUJx/hJu"],16,17],[3,0,-42,[0,"9d1SmwVfVFsIMvPu7Vsgvp"]],[1,-43,[0,"66bmhkTlxB+pgtFcE3euWN"],[5,400,400]]],[2,"8eVX0rGM9I9IyBJO2hRFHu",null,null,null,1,0],[1,13.1407,-6.3505,0],[1,1.2,1.2,1]]],0,[0,4,1,0,0,1,0,0,1,0,0,1,0,-1,3,0,-2,4,0,-3,5,0,-4,6,0,-5,7,0,-6,8,0,-7,9,0,-8,10,0,-9,11,0,0,2,0,0,2,0,0,2,0,0,2,0,0,3,0,0,3,0,0,4,0,0,4,0,0,4,0,0,5,0,0,5,0,0,5,0,0,6,0,0,6,0,0,6,0,0,7,0,0,7,0,0,7,0,0,8,0,0,8,0,0,8,0,0,9,0,0,9,0,0,9,0,0,10,0,0,10,0,0,10,0,0,11,0,0,11,0,0,11,0,5,1,2,6,3,43],[0,0,0,0,0,0,0,0,0,0,0,0,0,0,0,0,0,0,0],[2,3,2,3,2,3,2,3,2,3,2,3,2,3,2,3,2,3,-1],[1,4,1,2,1,2,1,5,1,6,1,3,1,3,1,7,1,8,9]]]]
