[1,["29BqIr/mpJgoCcwnCuTXvG@6c48a","29BqIr/mpJgoCcwnCuTXvG@f9941"],["_textureSource","spriteFrame"],["cc.SpriteFrame",["cc.BitmapFont",["_name","fontSize","fntConfig"],0]],[[1,0,1,2,4]],[[[{"name":"yxc_pz_sz_ss-num","rect":{"x":0,"y":0,"width":961,"height":74},"offset":{"x":-38.5,"y":0},"originalSize":{"width":1038,"height":74},"rotated":false,"capInsets":[0,0,0,0],"vertices":{"rawPosition":[-480.5,-37,0,480.5,-37,0,-480.5,37,0,480.5,37,0],"indexes":[0,1,2,2,1,3],"uv":[0,74,961,74,0,0,961,0],"nuv":[0,0,0.9258188824662813,0,0,1,0.9258188824662813,1],"minPos":{"x":-480.5,"y":-37,"z":0},"maxPos":{"x":480.5,"y":37,"z":0}},"packable":true,"pixelsToUnit":100,"pivot":{"x":0.5,"y":0.5},"meshType":0}],[0],0,[0],[0],[0]],[[[0,"yxc_pz_sz_ss-num",32,{"commonHeight":60,"fontSize":32,"atlasName":"yxc_pz_sz_ss-num.png","fontDefDictionary":{"32":{"xOffset":0,"yOffset":0,"xAdvance":77,"rect":{"x":961,"y":0,"width":77,"height":74}},"40":{"xOffset":0,"yOffset":-3,"xAdvance":32,"rect":{"x":578,"y":0,"width":32,"height":74}},"41":{"xOffset":0,"yOffset":-3,"xAdvance":32,"rect":{"x":610,"y":0,"width":32,"height":74}},"45":{"xOffset":0,"yOffset":24,"xAdvance":29,"rect":{"x":932,"y":0,"width":29,"height":14}},"46":{"xOffset":0,"yOffset":40,"xAdvance":19,"rect":{"x":494,"y":0,"width":19,"height":20}},"48":{"xOffset":0,"yOffset":2,"xAdvance":41,"rect":{"x":77,"y":0,"width":41,"height":58}},"49":{"xOffset":0,"yOffset":2,"xAdvance":36,"rect":{"x":118,"y":0,"width":36,"height":57}},"50":{"xOffset":0,"yOffset":1,"xAdvance":44,"rect":{"x":154,"y":0,"width":44,"height":58}},"51":{"xOffset":0,"yOffset":1,"xAdvance":43,"rect":{"x":198,"y":0,"width":43,"height":59}},"52":{"xOffset":0,"yOffset":2,"xAdvance":42,"rect":{"x":241,"y":0,"width":42,"height":57}},"53":{"xOffset":0,"yOffset":2,"xAdvance":45,"rect":{"x":283,"y":0,"width":45,"height":58}},"54":{"xOffset":0,"yOffset":1,"xAdvance":43,"rect":{"x":328,"y":0,"width":43,"height":59}},"55":{"xOffset":0,"yOffset":2,"xAdvance":40,"rect":{"x":371,"y":0,"width":40,"height":57}},"56":{"xOffset":0,"yOffset":1,"xAdvance":42,"rect":{"x":411,"y":0,"width":42,"height":59}},"57":{"xOffset":0,"yOffset":1,"xAdvance":41,"rect":{"x":453,"y":0,"width":41,"height":59}},"115":{"xOffset":0,"yOffset":2,"xAdvance":65,"rect":{"x":513,"y":0,"width":65,"height":68}},"19975":{"xOffset":0,"yOffset":3,"xAdvance":77,"rect":{"x":0,"y":0,"width":77,"height":61}},"20135":{"xOffset":0,"yOffset":-5,"xAdvance":77,"rect":{"x":713,"y":0,"width":77,"height":70}},"20813":{"xOffset":0,"yOffset":-5,"xAdvance":69,"rect":{"x":790,"y":0,"width":69,"height":70}},"30772":{"xOffset":0,"yOffset":-5,"xAdvance":71,"rect":{"x":642,"y":0,"width":71,"height":69}},"36755":{"xOffset":0,"yOffset":-5,"xAdvance":73,"rect":{"x":859,"y":0,"width":73,"height":70}}},"kerningDict":{}}]],0,0,[0],[1],[1]]]]
