{"version":1,"document":[{"__type__":"cc.AnimationClip","_name":"tx_ddz_jiesuan_anniu","_objFlags":0,"_native":"","sample":60,"speed":0.3333,"wrapMode":1,"enableTrsBlending":false,"_duration":1.65,"_hash":500763545,"_tracks":[{"__id__":1},{"__id__":12},{"__id__":18},{"__id__":29},{"__id__":35},{"__id__":41}],"_exoticAnimation":null,"_events":[],"_embeddedPlayers":[]},{"__type__":"cc.animation.VectorTrack","_binding":{"__type__":"cc.animation.TrackBinding","path":{"__id__":2},"proxy":null},"_channels":[{"__id__":4},{"__id__":6},{"__id__":8},{"__id__":10}],"_nComponents":3},{"__type__":"cc.animation.TrackPath","_paths":[{"__id__":3},"position"]},{"__type__":"cc.animation.HierarchyPath","path":"Sprite_PlayBtn_new/an_h5_4"},{"__type__":"cc.animation.Channel","_curve":{"__id__":5}},{"__type__":"cc.RealCurve","bytes":{"__type__":"TypedArrayRef","ctor":"Uint8Array","offset":0,"length":18},"keyframeValueEditorExtras":[null]},{"__type__":"cc.animation.Channel","_curve":{"__id__":7}},{"__type__":"cc.RealCurve","bytes":{"__type__":"TypedArrayRef","ctor":"Uint8Array","offset":18,"length":18},"keyframeValueEditorExtras":[null]},{"__type__":"cc.animation.Channel","_curve":{"__id__":9}},{"__type__":"cc.RealCurve","bytes":{"__type__":"TypedArrayRef","ctor":"Uint8Array","offset":36,"length":18},"keyframeValueEditorExtras":[null]},{"__type__":"cc.animation.Channel","_curve":{"__id__":11}},{"__type__":"cc.RealCurve","bytes":{"__type__":"TypedArrayRef","ctor":"Uint8Array","offset":54,"length":6}},{"__type__":"cc.animation.ObjectTrack","_binding":{"__type__":"cc.animation.TrackBinding","path":{"__id__":13},"proxy":null},"_channel":{"__id__":16}},{"__type__":"cc.animation.TrackPath","_paths":[{"__id__":14},{"__id__":15},"spriteFrame"]},{"__type__":"cc.animation.HierarchyPath","path":"Sprite_PlayBtn_new/an_h5_4"},{"__type__":"cc.animation.ComponentPath","component":"cc.Sprite"},{"__type__":"cc.animation.Channel","_curve":{"__id__":17}},{"__type__":"cc.ObjectCurve","_times":[0],"_values":[{"__uuid__":"daTUPT53xOMLQwrE+Pvz1B@dfd3e","__expectedType__":"cc.Asset"}]},{"__type__":"cc.animation.VectorTrack","_binding":{"__type__":"cc.animation.TrackBinding","path":{"__id__":19},"proxy":null},"_channels":[{"__id__":21},{"__id__":23},{"__id__":25},{"__id__":27}],"_nComponents":3},{"__type__":"cc.animation.TrackPath","_paths":[{"__id__":20},"position"]},{"__type__":"cc.animation.HierarchyPath","path":"Sprite_PlayBtn_new/js_anniu2_00000_8"},{"__type__":"cc.animation.Channel","_curve":{"__id__":22}},{"__type__":"cc.RealCurve","bytes":{"__type__":"TypedArrayRef","ctor":"Uint8Array","offset":60,"length":18},"keyframeValueEditorExtras":[null]},{"__type__":"cc.animation.Channel","_curve":{"__id__":24}},{"__type__":"cc.RealCurve","bytes":{"__type__":"TypedArrayRef","ctor":"Uint8Array","offset":78,"length":18},"keyframeValueEditorExtras":[null]},{"__type__":"cc.animation.Channel","_curve":{"__id__":26}},{"__type__":"cc.RealCurve","bytes":{"__type__":"TypedArrayRef","ctor":"Uint8Array","offset":96,"length":18},"keyframeValueEditorExtras":[null]},{"__type__":"cc.animation.Channel","_curve":{"__id__":28}},{"__type__":"cc.RealCurve","bytes":{"__type__":"TypedArrayRef","ctor":"Uint8Array","offset":114,"length":6}},{"__type__":"cc.animation.RealTrack","_binding":{"__type__":"cc.animation.TrackBinding","path":{"__id__":30},"proxy":null},"_channel":{"__id__":33}},{"__type__":"cc.animation.TrackPath","_paths":[{"__id__":31},{"__id__":32},"opacity"]},{"__type__":"cc.animation.HierarchyPath","path":"Sprite_PlayBtn_new/js_anniu2_00000_8"},{"__type__":"cc.animation.ComponentPath","component":"cc.UIOpacity"},{"__type__":"cc.animation.Channel","_curve":{"__id__":34}},{"__type__":"cc.RealCurve","bytes":{"__type__":"TypedArrayRef","ctor":"Uint8Array","offset":120,"length":18},"keyframeValueEditorExtras":[null]},{"__type__":"cc.animation.ObjectTrack","_binding":{"__type__":"cc.animation.TrackBinding","path":{"__id__":36},"proxy":null},"_channel":{"__id__":39}},{"__type__":"cc.animation.TrackPath","_paths":[{"__id__":37},{"__id__":38},"spriteFrame"]},{"__type__":"cc.animation.HierarchyPath","path":"Sprite_PlayBtn_new/js_anniu2_00000_8"},{"__type__":"cc.animation.ComponentPath","component":"cc.Sprite"},{"__type__":"cc.animation.Channel","_curve":{"__id__":40}},{"__type__":"cc.ObjectCurve","_times":[0,0.016666666666666666,0.03333333333333333,0.05,0.06666666666666667,0.08333333333333333,0.1,0.11666666666666667,0.13333333333333333,0.15,0.16666666666666666,0.18333333333333332,0.2,0.21666666666666667,0.23333333333333334,0.25,0.26666666666666666,0.2833333333333333,0.3,0.31666666666666665,0.3333333333333333,0.35,0.36666666666666664,0.38333333333333336,0.4,0.4166666666666667,0.43333333333333335,0.45,0.4666666666666667,0.48333333333333334,0.5,0.5166666666666667,0.5333333333333333,0.55,0.5666666666666667,0.5833333333333334,0.6,0.6166666666666667,0.6333333333333333,0.65,0.6666666666666666,0.6833333333333333,0.7,0.7166666666666667,0.7333333333333333,0.75,0.7666666666666667,0.7833333333333333,0.8,0.8166666666666667,0.8333333333333334,0.85,0.8666666666666667,0.8833333333333333,0.9,0.9166666666666666,0.9333333333333333,0.95,0.9666666666666667,0.9833333333333333,1,1.0166666666666666,1.0333333333333334,1.05,1.0666666666666667,1.0833333333333333,1.1,1.1166666666666667,1.1333333333333333,1.15,1.1666666666666667,1.1833333333333333,1.2,1.2166666666666666,1.2333333333333334,1.25,1.2666666666666666,1.2833333333333334,1.3,1.3166666666666667,1.3333333333333333,1.35,1.3666666666666667,1.3833333333333333,1.4,1.4166666666666667,1.4333333333333333,1.45,1.4666666666666666,1.4833333333333334,1.5,1.5166666666666666,1.5333333333333334,1.55,1.5666666666666667,1.5833333333333333,1.6,1.6166666666666667,1.6333333333333333,1.65],"_values":[{"__uuid__":"daTUPT53xOMLQwrE+Pvz1B@8496e","__expectedType__":"cc.Asset"},{"__uuid__":"daTUPT53xOMLQwrE+Pvz1B@d29cb","__expectedType__":"cc.Asset"},{"__uuid__":"daTUPT53xOMLQwrE+Pvz1B@f75e0","__expectedType__":"cc.Asset"},{"__uuid__":"daTUPT53xOMLQwrE+Pvz1B@9967f","__expectedType__":"cc.Asset"},{"__uuid__":"daTUPT53xOMLQwrE+Pvz1B@d1b4e","__expectedType__":"cc.Asset"},{"__uuid__":"daTUPT53xOMLQwrE+Pvz1B@4379e","__expectedType__":"cc.Asset"},{"__uuid__":"daTUPT53xOMLQwrE+Pvz1B@d9323","__expectedType__":"cc.Asset"},{"__uuid__":"daTUPT53xOMLQwrE+Pvz1B@96dd5","__expectedType__":"cc.Asset"},{"__uuid__":"daTUPT53xOMLQwrE+Pvz1B@3f285","__expectedType__":"cc.Asset"},{"__uuid__":"daTUPT53xOMLQwrE+Pvz1B@b17af","__expectedType__":"cc.Asset"},{"__uuid__":"daTUPT53xOMLQwrE+Pvz1B@c5038","__expectedType__":"cc.Asset"},{"__uuid__":"daTUPT53xOMLQwrE+Pvz1B@e36a1","__expectedType__":"cc.Asset"},{"__uuid__":"daTUPT53xOMLQwrE+Pvz1B@a382e","__expectedType__":"cc.Asset"},{"__uuid__":"daTUPT53xOMLQwrE+Pvz1B@8e3cc","__expectedType__":"cc.Asset"},{"__uuid__":"daTUPT53xOMLQwrE+Pvz1B@2fbe0","__expectedType__":"cc.Asset"},{"__uuid__":"daTUPT53xOMLQwrE+Pvz1B@48819","__expectedType__":"cc.Asset"},{"__uuid__":"daTUPT53xOMLQwrE+Pvz1B@192a8","__expectedType__":"cc.Asset"},{"__uuid__":"daTUPT53xOMLQwrE+Pvz1B@8d09f","__expectedType__":"cc.Asset"},{"__uuid__":"daTUPT53xOMLQwrE+Pvz1B@2c038","__expectedType__":"cc.Asset"},{"__uuid__":"daTUPT53xOMLQwrE+Pvz1B@1d097","__expectedType__":"cc.Asset"},{"__uuid__":"daTUPT53xOMLQwrE+Pvz1B@cfeeb","__expectedType__":"cc.Asset"},{"__uuid__":"daTUPT53xOMLQwrE+Pvz1B@a71ce","__expectedType__":"cc.Asset"},{"__uuid__":"daTUPT53xOMLQwrE+Pvz1B@32800","__expectedType__":"cc.Asset"},{"__uuid__":"daTUPT53xOMLQwrE+Pvz1B@74289","__expectedType__":"cc.Asset"},{"__uuid__":"daTUPT53xOMLQwrE+Pvz1B@b1e24","__expectedType__":"cc.Asset"},{"__uuid__":"daTUPT53xOMLQwrE+Pvz1B@143eb","__expectedType__":"cc.Asset"},{"__uuid__":"daTUPT53xOMLQwrE+Pvz1B@1c20b","__expectedType__":"cc.Asset"},{"__uuid__":"daTUPT53xOMLQwrE+Pvz1B@03201","__expectedType__":"cc.Asset"},{"__uuid__":"daTUPT53xOMLQwrE+Pvz1B@96353","__expectedType__":"cc.Asset"},{"__uuid__":"daTUPT53xOMLQwrE+Pvz1B@7257f","__expectedType__":"cc.Asset"},{"__uuid__":"daTUPT53xOMLQwrE+Pvz1B@13cba","__expectedType__":"cc.Asset"},{"__uuid__":"daTUPT53xOMLQwrE+Pvz1B@3d865","__expectedType__":"cc.Asset"},{"__uuid__":"daTUPT53xOMLQwrE+Pvz1B@6c90e","__expectedType__":"cc.Asset"},{"__uuid__":"daTUPT53xOMLQwrE+Pvz1B@ec62e","__expectedType__":"cc.Asset"},{"__uuid__":"daTUPT53xOMLQwrE+Pvz1B@30672","__expectedType__":"cc.Asset"},{"__uuid__":"daTUPT53xOMLQwrE+Pvz1B@694f8","__expectedType__":"cc.Asset"},{"__uuid__":"daTUPT53xOMLQwrE+Pvz1B@37072","__expectedType__":"cc.Asset"},{"__uuid__":"daTUPT53xOMLQwrE+Pvz1B@21ddb","__expectedType__":"cc.Asset"},{"__uuid__":"daTUPT53xOMLQwrE+Pvz1B@c2ad0","__expectedType__":"cc.Asset"},{"__uuid__":"daTUPT53xOMLQwrE+Pvz1B@eba1d","__expectedType__":"cc.Asset"},{"__uuid__":"daTUPT53xOMLQwrE+Pvz1B@b84a8","__expectedType__":"cc.Asset"},{"__uuid__":"daTUPT53xOMLQwrE+Pvz1B@15b62","__expectedType__":"cc.Asset"},{"__uuid__":"daTUPT53xOMLQwrE+Pvz1B@ac410","__expectedType__":"cc.Asset"},{"__uuid__":"daTUPT53xOMLQwrE+Pvz1B@fd91c","__expectedType__":"cc.Asset"},{"__uuid__":"daTUPT53xOMLQwrE+Pvz1B@3c81c","__expectedType__":"cc.Asset"},{"__uuid__":"daTUPT53xOMLQwrE+Pvz1B@7529d","__expectedType__":"cc.Asset"},{"__uuid__":"daTUPT53xOMLQwrE+Pvz1B@8ebc9","__expectedType__":"cc.Asset"},{"__uuid__":"daTUPT53xOMLQwrE+Pvz1B@c0c0e","__expectedType__":"cc.Asset"},{"__uuid__":"daTUPT53xOMLQwrE+Pvz1B@13011","__expectedType__":"cc.Asset"},{"__uuid__":"daTUPT53xOMLQwrE+Pvz1B@41704","__expectedType__":"cc.Asset"},{"__uuid__":"daTUPT53xOMLQwrE+Pvz1B@7d0a4","__expectedType__":"cc.Asset"},{"__uuid__":"daTUPT53xOMLQwrE+Pvz1B@74fec","__expectedType__":"cc.Asset"},{"__uuid__":"daTUPT53xOMLQwrE+Pvz1B@003f8","__expectedType__":"cc.Asset"},{"__uuid__":"daTUPT53xOMLQwrE+Pvz1B@a9515","__expectedType__":"cc.Asset"},{"__uuid__":"daTUPT53xOMLQwrE+Pvz1B@c7302","__expectedType__":"cc.Asset"},{"__uuid__":"daTUPT53xOMLQwrE+Pvz1B@660ca","__expectedType__":"cc.Asset"},{"__uuid__":"daTUPT53xOMLQwrE+Pvz1B@11812","__expectedType__":"cc.Asset"},{"__uuid__":"daTUPT53xOMLQwrE+Pvz1B@2f093","__expectedType__":"cc.Asset"},{"__uuid__":"daTUPT53xOMLQwrE+Pvz1B@ceebb","__expectedType__":"cc.Asset"},{"__uuid__":"daTUPT53xOMLQwrE+Pvz1B@ccd32","__expectedType__":"cc.Asset"},{"__uuid__":"daTUPT53xOMLQwrE+Pvz1B@110be","__expectedType__":"cc.Asset"},{"__uuid__":"daTUPT53xOMLQwrE+Pvz1B@4fabf","__expectedType__":"cc.Asset"},{"__uuid__":"daTUPT53xOMLQwrE+Pvz1B@ec1c4","__expectedType__":"cc.Asset"},{"__uuid__":"daTUPT53xOMLQwrE+Pvz1B@857fc","__expectedType__":"cc.Asset"},{"__uuid__":"daTUPT53xOMLQwrE+Pvz1B@dc5ad","__expectedType__":"cc.Asset"},{"__uuid__":"daTUPT53xOMLQwrE+Pvz1B@3bb10","__expectedType__":"cc.Asset"},{"__uuid__":"daTUPT53xOMLQwrE+Pvz1B@50d96","__expectedType__":"cc.Asset"},{"__uuid__":"daTUPT53xOMLQwrE+Pvz1B@3acea","__expectedType__":"cc.Asset"},{"__uuid__":"daTUPT53xOMLQwrE+Pvz1B@759dd","__expectedType__":"cc.Asset"},{"__uuid__":"daTUPT53xOMLQwrE+Pvz1B@98ed2","__expectedType__":"cc.Asset"},{"__uuid__":"daTUPT53xOMLQwrE+Pvz1B@cde22","__expectedType__":"cc.Asset"},{"__uuid__":"daTUPT53xOMLQwrE+Pvz1B@ed3fa","__expectedType__":"cc.Asset"},{"__uuid__":"daTUPT53xOMLQwrE+Pvz1B@58dc3","__expectedType__":"cc.Asset"},{"__uuid__":"daTUPT53xOMLQwrE+Pvz1B@1d206","__expectedType__":"cc.Asset"},{"__uuid__":"daTUPT53xOMLQwrE+Pvz1B@baab2","__expectedType__":"cc.Asset"},{"__uuid__":"daTUPT53xOMLQwrE+Pvz1B@ce7c0","__expectedType__":"cc.Asset"},{"__uuid__":"daTUPT53xOMLQwrE+Pvz1B@746a7","__expectedType__":"cc.Asset"},{"__uuid__":"daTUPT53xOMLQwrE+Pvz1B@6efb9","__expectedType__":"cc.Asset"},{"__uuid__":"daTUPT53xOMLQwrE+Pvz1B@07f38","__expectedType__":"cc.Asset"},{"__uuid__":"daTUPT53xOMLQwrE+Pvz1B@afa61","__expectedType__":"cc.Asset"},{"__uuid__":"daTUPT53xOMLQwrE+Pvz1B@6b8b9","__expectedType__":"cc.Asset"},{"__uuid__":"daTUPT53xOMLQwrE+Pvz1B@a8e4b","__expectedType__":"cc.Asset"},{"__uuid__":"daTUPT53xOMLQwrE+Pvz1B@39ba1","__expectedType__":"cc.Asset"},{"__uuid__":"daTUPT53xOMLQwrE+Pvz1B@b2e2d","__expectedType__":"cc.Asset"},{"__uuid__":"daTUPT53xOMLQwrE+Pvz1B@56660","__expectedType__":"cc.Asset"},{"__uuid__":"daTUPT53xOMLQwrE+Pvz1B@1a613","__expectedType__":"cc.Asset"},{"__uuid__":"daTUPT53xOMLQwrE+Pvz1B@6dcf8","__expectedType__":"cc.Asset"},{"__uuid__":"daTUPT53xOMLQwrE+Pvz1B@fb00f","__expectedType__":"cc.Asset"},{"__uuid__":"daTUPT53xOMLQwrE+Pvz1B@0d1aa","__expectedType__":"cc.Asset"},{"__uuid__":"daTUPT53xOMLQwrE+Pvz1B@48a3f","__expectedType__":"cc.Asset"},{"__uuid__":"daTUPT53xOMLQwrE+Pvz1B@20ef5","__expectedType__":"cc.Asset"},{"__uuid__":"daTUPT53xOMLQwrE+Pvz1B@fdc11","__expectedType__":"cc.Asset"},{"__uuid__":"daTUPT53xOMLQwrE+Pvz1B@8b0b2","__expectedType__":"cc.Asset"},{"__uuid__":"daTUPT53xOMLQwrE+Pvz1B@42f12","__expectedType__":"cc.Asset"},{"__uuid__":"daTUPT53xOMLQwrE+Pvz1B@56932","__expectedType__":"cc.Asset"},{"__uuid__":"daTUPT53xOMLQwrE+Pvz1B@fed08","__expectedType__":"cc.Asset"},{"__uuid__":"daTUPT53xOMLQwrE+Pvz1B@480b9","__expectedType__":"cc.Asset"},{"__uuid__":"daTUPT53xOMLQwrE+Pvz1B@021ad","__expectedType__":"cc.Asset"},{"__uuid__":"daTUPT53xOMLQwrE+Pvz1B@fb439","__expectedType__":"cc.Asset"},{"__uuid__":"daTUPT53xOMLQwrE+Pvz1B@7ab36","__expectedType__":"cc.Asset"}]},{"__type__":"cc.animation.ObjectTrack","_binding":{"__type__":"cc.animation.TrackBinding","path":{"__id__":42},"proxy":null},"_channel":{"__id__":45}},{"__type__":"cc.animation.TrackPath","_paths":[{"__id__":43},{"__id__":44},"spriteFrame"]},{"__type__":"cc.animation.HierarchyPath","path":"Sprite_PlayBtn_new"},{"__type__":"cc.animation.ComponentPath","component":"cc.Sprite"},{"__type__":"cc.animation.Channel","_curve":{"__id__":46}},{"__type__":"cc.ObjectCurve","_times":[0],"_values":[{"__uuid__":"daTUPT53xOMLQwrE+Pvz1B@21489","__expectedType__":"cc.Asset"}]}],"chunks":[".bin"]}
