[1,["17KX3G+vBP+5YETP87f/6W@6c48a","17KX3G+vBP+5YETP87f/6W@f9941"],["node","_textureSource","root","data","_spriteFrame"],[["cc.Node",["_name","_components","_prefab","_children","_parent"],2,9,4,2,1],"cc.SpriteFrame",["cc.Prefab",["_name"],2],["cc.UITransform",["node","__prefab","_contentSize"],3,1,4,5],["cc.CompPrefabInfo",["fileId"],2],["cc.Widget",["_alignFlags","_originalWidth","_originalHeight","node","__prefab"],0,1,4],["cc.PrefabInfo",["fileId","instance","targetOverrides","nestedPrefabInstanceRoots","root","asset"],-1,1,1],["cc.Sprite",["_sizeMode","node","__prefab","_spriteFrame"],2,1,4,6]],[[4,0,2],[3,0,1,2,1],[6,0,1,2,3,4,5,5],[2,0,2],[0,0,3,1,2,2],[0,0,4,1,2,2],[5,0,1,2,3,4,4],[7,0,1,2,3,2]],[[[{"name":"DL_bg_xxl","rect":{"x":0,"y":0,"width":1920,"height":1080},"offset":{"x":0,"y":0},"originalSize":{"width":1920,"height":1080},"rotated":false,"capInsets":[0,0,0,0],"vertices":{"rawPosition":[-960,-540,0,960,-540,0,-960,540,0,960,540,0],"indexes":[0,1,2,2,1,3],"uv":[0,1080,1920,1080,0,0,1920,0],"nuv":[0,0,1,0,0,1,1,1],"minPos":{"x":-960,"y":-540,"z":0},"maxPos":{"x":960,"y":540,"z":0}},"packable":true,"pixelsToUnit":100,"pivot":{"x":0.5,"y":0.5},"meshType":0}],[1],0,[0],[1],[0]],[[[3,"bg_common"],[4,"bg_common",[-4],[[1,-2,[0,"acScV8+lZDv7MftKm/a+9+"],[5,1280,720]],[6,45,100,100,-3,[0,"b02spZQ65Bepm3nXiQsNAP"]]],[2,"c46/YsCPVOJYA4mWEpNYRx",null,null,null,-1,0]],[5,"Sprite_bg",1,[[1,-5,[0,"68Dqn57HBEpoG4rqWwXSof"],[5,1700,720]],[7,0,-6,[0,"78OFz1VLNK7r1kL3zca4WI"],0]],[2,"44vqL8Xs5CXrkfH17Q1CLv",null,null,null,1,0]]],0,[0,2,1,0,0,1,0,0,1,0,-1,2,0,0,2,0,0,2,0,3,1,6],[0],[4],[1]]]]
