[1,["a3+pcddvpPLpVZbeRmu1Ma@6c48a","a3+pcddvpPLpVZbeRmu1Ma@f9941"],["node","_textureSource","root","data","_spriteFrame"],[["cc.Node",["_name","_components","_prefab","_children","_parent","_lpos","_lscale"],2,9,4,2,1,5,5],["cc.Widget",["_alignFlags","_originalWidth","_originalHeight","_top","_left","_right","node","__prefab"],-3,1,4],["cc.UITransform",["node","__prefab","_contentSize"],3,1,4,5],"cc.SpriteFrame",["cc.Prefab",["_name"],2],["cc.CompPrefabInfo",["fileId"],2],["87e19F8R4ZPjatNZVLDEiIJ",["node","__prefab"],3,1,4],["cc.PrefabInfo",["fileId","instance","targetOverrides","nestedPrefabInstanceRoots","root","asset"],-1,1,1],["cc.Sprite",["_type","node","__prefab","_spriteFrame"],2,1,4,6],["cc.Label",["_string","_actualFontSize","_fontSize","_lineHeight","_overflow","node","__prefab"],-2,1,4]],[[5,0,2],[7,0,1,2,3,4,5,5],[2,0,1,2,1],[4,0,2],[0,0,3,1,2,2],[0,0,4,3,1,2,5,6,2],[0,0,4,3,1,2,2],[0,0,4,1,2,5,2],[2,0,1,1],[6,0,1,1],[1,0,1,2,6,7,4],[1,0,3,6,7,3],[1,0,4,5,1,6,7,5],[8,0,1,2,3,2],[9,0,1,2,3,4,5,6,6]],[[[{"name":"yxc_img_tips","rect":{"x":0,"y":0,"width":899,"height":68},"offset":{"x":0,"y":0},"originalSize":{"width":899,"height":68},"rotated":false,"capInsets":[450,0,449,0],"vertices":{"rawPosition":[-449.5,-34,0,449.5,-34,0,-449.5,34,0,449.5,34,0],"indexes":[0,1,2,2,1,3],"uv":[0,68,899,68,0,0,899,0],"nuv":[0,0,1,0,0,1,1,1],"minPos":{"x":-449.5,"y":-34,"z":0},"maxPos":{"x":449.5,"y":34,"z":0}},"packable":true,"pixelsToUnit":100,"pivot":{"x":0.5,"y":0.5},"meshType":0}],[3],0,[0],[1],[0]],[[[3,"toast_common"],[4,"toast_common",[-5],[[2,-2,[0,"c3J+QfzTBGH4M9d/0j/tJQ"],[5,1280,720]],[9,-3,[0,"efCoVoeRFCmLJXQSg6WGrJ"]],[10,45,100,100,-4,[0,"66F99yj6VCeqeybbzLlSdW"]]],[1,"c46/YsCPVOJYA4mWEpNYRx",null,null,null,-1,0]],[5,"Node",1,[-8],[[8,-6,[0,"7e4Zt4nttGNp/zKp30GOWW"]],[11,17,226.7,-7,[0,"4eL4H7KD1IabDfkk8eq1WP"]]],[1,"5bMLX51CZG3bw0ePBMENtl",null,null,null,1,0],[1,0,100,0],[1,0.666,0.666,1]],[6,"Sprite_bg",2,[-11],[[2,-9,[0,"2bAbkD/XpCZ7t742LiH/ST"],[5,899,68]],[13,1,-10,[0,"52r2JggoFIDL33ZEQZSAmM"],0]],[1,"31zOf8yV1PiqWKaSQJuwRX",null,null,null,1,0]],[7,"Label_content",3,[[2,-12,[0,"6fx35/HspC06pnFdQ8qQuw"],[5,859,80]],[14,"Hello !",43,42,42,2,-13,[0,"c952j8kFRKqLOWShryCHxF"]],[12,40,20,20,778,-14,[0,"11H+phgWdHT5MXmuLkZO6n"]]],[1,"96OPvnFBVEN4GF1D9p5jWe",null,null,null,1,0],[1,0,1.869,0]]],0,[0,2,1,0,0,1,0,0,1,0,0,1,0,-1,2,0,0,2,0,0,2,0,-1,3,0,0,3,0,0,3,0,-1,4,0,0,4,0,0,4,0,0,4,0,3,1,14],[0],[4],[1]]]]
