{"version":1,"document":[{"__type__":"cc.AnimationClip","_name":"tx_ddz_2022_paixinghuanrao","_objFlags":0,"_native":"","sample":60,"speed":0.25,"wrapMode":1,"enableTrsBlending":false,"_duration":0.7333333333333333,"_hash":500763545,"_tracks":[{"__id__":1},{"__id__":8},{"__id__":15},{"__id__":22},{"__id__":29},{"__id__":40},{"__id__":51},{"__id__":57},{"__id__":68},{"__id__":79},{"__id__":85},{"__id__":96},{"__id__":107},{"__id__":113},{"__id__":119},{"__id__":130}],"_exoticAnimation":null,"_events":[],"_embeddedPlayers":[]},{"__type__":"cc.animation.UntypedTrack","_binding":{"__type__":"cc.animation.TrackBinding","path":{"__id__":2},"proxy":null},"_channels":[{"__id__":4},{"__id__":6}]},{"__type__":"cc.animation.TrackPath","_paths":[{"__id__":3},"scale"]},{"__type__":"cc.animation.HierarchyPath","path":"Node_1/tx_light_mo_1_0"},{"__type__":"cc.animation.UntypedTrackChannel","_curve":{"__id__":5},"property":"x"},{"__type__":"cc.RealCurve","bytes":{"__type__":"TypedArrayRef","ctor":"Uint8Array","offset":0,"length":30},"keyframeValueEditorExtras":[null,null]},{"__type__":"cc.animation.UntypedTrackChannel","_curve":{"__id__":7},"property":"y"},{"__type__":"cc.RealCurve","bytes":{"__type__":"TypedArrayRef","ctor":"Uint8Array","offset":30,"length":30},"keyframeValueEditorExtras":[null,null]},{"__type__":"cc.animation.UntypedTrack","_binding":{"__type__":"cc.animation.TrackBinding","path":{"__id__":9},"proxy":null},"_channels":[{"__id__":11},{"__id__":13}]},{"__type__":"cc.animation.TrackPath","_paths":[{"__id__":10},"scale"]},{"__type__":"cc.animation.HierarchyPath","path":"Node_1/tx_light_mo_1"},{"__type__":"cc.animation.UntypedTrackChannel","_curve":{"__id__":12},"property":"x"},{"__type__":"cc.RealCurve","bytes":{"__type__":"TypedArrayRef","ctor":"Uint8Array","offset":60,"length":30},"keyframeValueEditorExtras":[null,null]},{"__type__":"cc.animation.UntypedTrackChannel","_curve":{"__id__":14},"property":"y"},{"__type__":"cc.RealCurve","bytes":{"__type__":"TypedArrayRef","ctor":"Uint8Array","offset":90,"length":30},"keyframeValueEditorExtras":[null,null]},{"__type__":"cc.animation.UntypedTrack","_binding":{"__type__":"cc.animation.TrackBinding","path":{"__id__":16},"proxy":null},"_channels":[{"__id__":18},{"__id__":20}]},{"__type__":"cc.animation.TrackPath","_paths":[{"__id__":17},"scale"]},{"__type__":"cc.animation.HierarchyPath","path":"Node_1/tx_ddz_2022_paixinghuanrao_00000_2"},{"__type__":"cc.animation.UntypedTrackChannel","_curve":{"__id__":19},"property":"x"},{"__type__":"cc.RealCurve","bytes":{"__type__":"TypedArrayRef","ctor":"Uint8Array","offset":120,"length":42},"keyframeValueEditorExtras":[null,null,null]},{"__type__":"cc.animation.UntypedTrackChannel","_curve":{"__id__":21},"property":"y"},{"__type__":"cc.RealCurve","bytes":{"__type__":"TypedArrayRef","ctor":"Uint8Array","offset":162,"length":42},"keyframeValueEditorExtras":[null,null,null]},{"__type__":"cc.animation.UntypedTrack","_binding":{"__type__":"cc.animation.TrackBinding","path":{"__id__":23},"proxy":null},"_channels":[{"__id__":25},{"__id__":27}]},{"__type__":"cc.animation.TrackPath","_paths":[{"__id__":24},"scale"]},{"__type__":"cc.animation.HierarchyPath","path":"Node_1"},{"__type__":"cc.animation.UntypedTrackChannel","_curve":{"__id__":26},"property":"x"},{"__type__":"cc.RealCurve","bytes":{"__type__":"TypedArrayRef","ctor":"Uint8Array","offset":204,"length":18},"keyframeValueEditorExtras":[null]},{"__type__":"cc.animation.UntypedTrackChannel","_curve":{"__id__":28},"property":"y"},{"__type__":"cc.RealCurve","bytes":{"__type__":"TypedArrayRef","ctor":"Uint8Array","offset":222,"length":18},"keyframeValueEditorExtras":[null]},{"__type__":"cc.animation.VectorTrack","_binding":{"__type__":"cc.animation.TrackBinding","path":{"__id__":30},"proxy":null},"_channels":[{"__id__":32},{"__id__":34},{"__id__":36},{"__id__":38}],"_nComponents":3},{"__type__":"cc.animation.TrackPath","_paths":[{"__id__":31},"position"]},{"__type__":"cc.animation.HierarchyPath","path":"Node_1/tx_light_mo_1_0"},{"__type__":"cc.animation.Channel","_curve":{"__id__":33}},{"__type__":"cc.RealCurve","bytes":{"__type__":"TypedArrayRef","ctor":"Uint8Array","offset":240,"length":30},"keyframeValueEditorExtras":[null,null]},{"__type__":"cc.animation.Channel","_curve":{"__id__":35}},{"__type__":"cc.RealCurve","bytes":{"__type__":"TypedArrayRef","ctor":"Uint8Array","offset":270,"length":30},"keyframeValueEditorExtras":[null,null]},{"__type__":"cc.animation.Channel","_curve":{"__id__":37}},{"__type__":"cc.RealCurve","bytes":{"__type__":"TypedArrayRef","ctor":"Uint8Array","offset":300,"length":30},"keyframeValueEditorExtras":[null,null]},{"__type__":"cc.animation.Channel","_curve":{"__id__":39}},{"__type__":"cc.RealCurve","bytes":{"__type__":"TypedArrayRef","ctor":"Uint8Array","offset":330,"length":6}},{"__type__":"cc.animation.VectorTrack","_binding":{"__type__":"cc.animation.TrackBinding","path":{"__id__":41},"proxy":null},"_channels":[{"__id__":43},{"__id__":45},{"__id__":47},{"__id__":49}],"_nComponents":3},{"__type__":"cc.animation.TrackPath","_paths":[{"__id__":42},"eulerAngles"]},{"__type__":"cc.animation.HierarchyPath","path":"Node_1/tx_light_mo_1_0"},{"__type__":"cc.animation.Channel","_curve":{"__id__":44}},{"__type__":"cc.RealCurve","bytes":{"__type__":"TypedArrayRef","ctor":"Uint8Array","offset":336,"length":30},"keyframeValueEditorExtras":[null,null]},{"__type__":"cc.animation.Channel","_curve":{"__id__":46}},{"__type__":"cc.RealCurve","bytes":{"__type__":"TypedArrayRef","ctor":"Uint8Array","offset":366,"length":30},"keyframeValueEditorExtras":[null,null]},{"__type__":"cc.animation.Channel","_curve":{"__id__":48}},{"__type__":"cc.RealCurve","bytes":{"__type__":"TypedArrayRef","ctor":"Uint8Array","offset":396,"length":30},"keyframeValueEditorExtras":[null,null]},{"__type__":"cc.animation.Channel","_curve":{"__id__":50}},{"__type__":"cc.RealCurve","bytes":{"__type__":"TypedArrayRef","ctor":"Uint8Array","offset":426,"length":6}},{"__type__":"cc.animation.RealTrack","_binding":{"__type__":"cc.animation.TrackBinding","path":{"__id__":52},"proxy":null},"_channel":{"__id__":55}},{"__type__":"cc.animation.TrackPath","_paths":[{"__id__":53},{"__id__":54},"opacity"]},{"__type__":"cc.animation.HierarchyPath","path":"Node_1/tx_light_mo_1_0"},{"__type__":"cc.animation.ComponentPath","component":"cc.UIOpacity"},{"__type__":"cc.animation.Channel","_curve":{"__id__":56}},{"__type__":"cc.RealCurve","bytes":{"__type__":"TypedArrayRef","ctor":"Uint8Array","offset":432,"length":30},"keyframeValueEditorExtras":[null,null]},{"__type__":"cc.animation.VectorTrack","_binding":{"__type__":"cc.animation.TrackBinding","path":{"__id__":58},"proxy":null},"_channels":[{"__id__":60},{"__id__":62},{"__id__":64},{"__id__":66}],"_nComponents":3},{"__type__":"cc.animation.TrackPath","_paths":[{"__id__":59},"position"]},{"__type__":"cc.animation.HierarchyPath","path":"Node_1/tx_light_mo_1"},{"__type__":"cc.animation.Channel","_curve":{"__id__":61}},{"__type__":"cc.RealCurve","bytes":{"__type__":"TypedArrayRef","ctor":"Uint8Array","offset":462,"length":30},"keyframeValueEditorExtras":[null,null]},{"__type__":"cc.animation.Channel","_curve":{"__id__":63}},{"__type__":"cc.RealCurve","bytes":{"__type__":"TypedArrayRef","ctor":"Uint8Array","offset":492,"length":30},"keyframeValueEditorExtras":[null,null]},{"__type__":"cc.animation.Channel","_curve":{"__id__":65}},{"__type__":"cc.RealCurve","bytes":{"__type__":"TypedArrayRef","ctor":"Uint8Array","offset":522,"length":30},"keyframeValueEditorExtras":[null,null]},{"__type__":"cc.animation.Channel","_curve":{"__id__":67}},{"__type__":"cc.RealCurve","bytes":{"__type__":"TypedArrayRef","ctor":"Uint8Array","offset":552,"length":6}},{"__type__":"cc.animation.VectorTrack","_binding":{"__type__":"cc.animation.TrackBinding","path":{"__id__":69},"proxy":null},"_channels":[{"__id__":71},{"__id__":73},{"__id__":75},{"__id__":77}],"_nComponents":3},{"__type__":"cc.animation.TrackPath","_paths":[{"__id__":70},"eulerAngles"]},{"__type__":"cc.animation.HierarchyPath","path":"Node_1/tx_light_mo_1"},{"__type__":"cc.animation.Channel","_curve":{"__id__":72}},{"__type__":"cc.RealCurve","bytes":{"__type__":"TypedArrayRef","ctor":"Uint8Array","offset":558,"length":30},"keyframeValueEditorExtras":[null,null]},{"__type__":"cc.animation.Channel","_curve":{"__id__":74}},{"__type__":"cc.RealCurve","bytes":{"__type__":"TypedArrayRef","ctor":"Uint8Array","offset":588,"length":30},"keyframeValueEditorExtras":[null,null]},{"__type__":"cc.animation.Channel","_curve":{"__id__":76}},{"__type__":"cc.RealCurve","bytes":{"__type__":"TypedArrayRef","ctor":"Uint8Array","offset":618,"length":30},"keyframeValueEditorExtras":[null,null]},{"__type__":"cc.animation.Channel","_curve":{"__id__":78}},{"__type__":"cc.RealCurve","bytes":{"__type__":"TypedArrayRef","ctor":"Uint8Array","offset":648,"length":6}},{"__type__":"cc.animation.RealTrack","_binding":{"__type__":"cc.animation.TrackBinding","path":{"__id__":80},"proxy":null},"_channel":{"__id__":83}},{"__type__":"cc.animation.TrackPath","_paths":[{"__id__":81},{"__id__":82},"opacity"]},{"__type__":"cc.animation.HierarchyPath","path":"Node_1/tx_light_mo_1"},{"__type__":"cc.animation.ComponentPath","component":"cc.UIOpacity"},{"__type__":"cc.animation.Channel","_curve":{"__id__":84}},{"__type__":"cc.RealCurve","bytes":{"__type__":"TypedArrayRef","ctor":"Uint8Array","offset":654,"length":30},"keyframeValueEditorExtras":[null,null]},{"__type__":"cc.animation.VectorTrack","_binding":{"__type__":"cc.animation.TrackBinding","path":{"__id__":86},"proxy":null},"_channels":[{"__id__":88},{"__id__":90},{"__id__":92},{"__id__":94}],"_nComponents":3},{"__type__":"cc.animation.TrackPath","_paths":[{"__id__":87},"position"]},{"__type__":"cc.animation.HierarchyPath","path":"Node_1/tx_ddz_2022_paixinghuanrao_00000_2"},{"__type__":"cc.animation.Channel","_curve":{"__id__":89}},{"__type__":"cc.RealCurve","bytes":{"__type__":"TypedArrayRef","ctor":"Uint8Array","offset":684,"length":42},"keyframeValueEditorExtras":[null,null,null]},{"__type__":"cc.animation.Channel","_curve":{"__id__":91}},{"__type__":"cc.RealCurve","bytes":{"__type__":"TypedArrayRef","ctor":"Uint8Array","offset":726,"length":42},"keyframeValueEditorExtras":[null,null,null]},{"__type__":"cc.animation.Channel","_curve":{"__id__":93}},{"__type__":"cc.RealCurve","bytes":{"__type__":"TypedArrayRef","ctor":"Uint8Array","offset":768,"length":42},"keyframeValueEditorExtras":[null,null,null]},{"__type__":"cc.animation.Channel","_curve":{"__id__":95}},{"__type__":"cc.RealCurve","bytes":{"__type__":"TypedArrayRef","ctor":"Uint8Array","offset":810,"length":6}},{"__type__":"cc.animation.VectorTrack","_binding":{"__type__":"cc.animation.TrackBinding","path":{"__id__":97},"proxy":null},"_channels":[{"__id__":99},{"__id__":101},{"__id__":103},{"__id__":105}],"_nComponents":3},{"__type__":"cc.animation.TrackPath","_paths":[{"__id__":98},"eulerAngles"]},{"__type__":"cc.animation.HierarchyPath","path":"Node_1/tx_ddz_2022_paixinghuanrao_00000_2"},{"__type__":"cc.animation.Channel","_curve":{"__id__":100}},{"__type__":"cc.RealCurve","bytes":{"__type__":"TypedArrayRef","ctor":"Uint8Array","offset":816,"length":42},"keyframeValueEditorExtras":[null,null,null]},{"__type__":"cc.animation.Channel","_curve":{"__id__":102}},{"__type__":"cc.RealCurve","bytes":{"__type__":"TypedArrayRef","ctor":"Uint8Array","offset":858,"length":42},"keyframeValueEditorExtras":[null,null,null]},{"__type__":"cc.animation.Channel","_curve":{"__id__":104}},{"__type__":"cc.RealCurve","bytes":{"__type__":"TypedArrayRef","ctor":"Uint8Array","offset":900,"length":42},"keyframeValueEditorExtras":[null,null,null]},{"__type__":"cc.animation.Channel","_curve":{"__id__":106}},{"__type__":"cc.RealCurve","bytes":{"__type__":"TypedArrayRef","ctor":"Uint8Array","offset":942,"length":6}},{"__type__":"cc.animation.RealTrack","_binding":{"__type__":"cc.animation.TrackBinding","path":{"__id__":108},"proxy":null},"_channel":{"__id__":111}},{"__type__":"cc.animation.TrackPath","_paths":[{"__id__":109},{"__id__":110},"opacity"]},{"__type__":"cc.animation.HierarchyPath","path":"Node_1/tx_ddz_2022_paixinghuanrao_00000_2"},{"__type__":"cc.animation.ComponentPath","component":"cc.UIOpacity"},{"__type__":"cc.animation.Channel","_curve":{"__id__":112}},{"__type__":"cc.RealCurve","bytes":{"__type__":"TypedArrayRef","ctor":"Uint8Array","offset":948,"length":30},"keyframeValueEditorExtras":[null,null]},{"__type__":"cc.animation.ObjectTrack","_binding":{"__type__":"cc.animation.TrackBinding","path":{"__id__":114},"proxy":null},"_channel":{"__id__":117}},{"__type__":"cc.animation.TrackPath","_paths":[{"__id__":115},{"__id__":116},"spriteFrame"]},{"__type__":"cc.animation.HierarchyPath","path":"Node_1/tx_ddz_2022_paixinghuanrao_00000_2"},{"__type__":"cc.animation.ComponentPath","component":"cc.Sprite"},{"__type__":"cc.animation.Channel","_curve":{"__id__":118}},{"__type__":"cc.ObjectCurve","_times":[0,0.016666666666666666,0.03333333333333333,0.05,0.06666666666666667,0.08333333333333333,0.1,0.11666666666666667,0.13333333333333333,0.15,0.16666666666666666,0.18333333333333332,0.2,0.21666666666666667,0.23333333333333334,0.25,0.26666666666666666,0.2833333333333333,0.3,0.31666666666666665,0.3333333333333333,0.35,0.36666666666666664,0.38333333333333336,0.4,0.4166666666666667,0.43333333333333335,0.45,0.4666666666666667,0.48333333333333334,0.5,0.5166666666666667,0.5333333333333333,0.55,0.5666666666666667,0.5833333333333334,0.6,0.6166666666666667,0.6333333333333333,0.65,0.6666666666666666,0.6833333333333333,0.7,0.7166666666666667,0.7333333333333333],"_values":[{"__uuid__":"93nU4HCA5HEbUWPJrflaEk@0ef7c","__expectedType__":"cc.Asset"},{"__uuid__":"93nU4HCA5HEbUWPJrflaEk@79eca","__expectedType__":"cc.Asset"},{"__uuid__":"93nU4HCA5HEbUWPJrflaEk@2ce9b","__expectedType__":"cc.Asset"},{"__uuid__":"93nU4HCA5HEbUWPJrflaEk@7fa27","__expectedType__":"cc.Asset"},{"__uuid__":"93nU4HCA5HEbUWPJrflaEk@6ea68","__expectedType__":"cc.Asset"},{"__uuid__":"93nU4HCA5HEbUWPJrflaEk@ce136","__expectedType__":"cc.Asset"},{"__uuid__":"93nU4HCA5HEbUWPJrflaEk@4d3a5","__expectedType__":"cc.Asset"},{"__uuid__":"93nU4HCA5HEbUWPJrflaEk@53730","__expectedType__":"cc.Asset"},{"__uuid__":"93nU4HCA5HEbUWPJrflaEk@44cad","__expectedType__":"cc.Asset"},{"__uuid__":"93nU4HCA5HEbUWPJrflaEk@18eeb","__expectedType__":"cc.Asset"},{"__uuid__":"93nU4HCA5HEbUWPJrflaEk@6fbb6","__expectedType__":"cc.Asset"},{"__uuid__":"93nU4HCA5HEbUWPJrflaEk@26cb7","__expectedType__":"cc.Asset"},{"__uuid__":"93nU4HCA5HEbUWPJrflaEk@fe833","__expectedType__":"cc.Asset"},{"__uuid__":"93nU4HCA5HEbUWPJrflaEk@8f710","__expectedType__":"cc.Asset"},{"__uuid__":"93nU4HCA5HEbUWPJrflaEk@7bea7","__expectedType__":"cc.Asset"},{"__uuid__":"93nU4HCA5HEbUWPJrflaEk@0ef7c","__expectedType__":"cc.Asset"},{"__uuid__":"93nU4HCA5HEbUWPJrflaEk@79eca","__expectedType__":"cc.Asset"},{"__uuid__":"93nU4HCA5HEbUWPJrflaEk@2ce9b","__expectedType__":"cc.Asset"},{"__uuid__":"93nU4HCA5HEbUWPJrflaEk@7fa27","__expectedType__":"cc.Asset"},{"__uuid__":"93nU4HCA5HEbUWPJrflaEk@6ea68","__expectedType__":"cc.Asset"},{"__uuid__":"93nU4HCA5HEbUWPJrflaEk@ce136","__expectedType__":"cc.Asset"},{"__uuid__":"93nU4HCA5HEbUWPJrflaEk@4d3a5","__expectedType__":"cc.Asset"},{"__uuid__":"93nU4HCA5HEbUWPJrflaEk@53730","__expectedType__":"cc.Asset"},{"__uuid__":"93nU4HCA5HEbUWPJrflaEk@44cad","__expectedType__":"cc.Asset"},{"__uuid__":"93nU4HCA5HEbUWPJrflaEk@18eeb","__expectedType__":"cc.Asset"},{"__uuid__":"93nU4HCA5HEbUWPJrflaEk@6fbb6","__expectedType__":"cc.Asset"},{"__uuid__":"93nU4HCA5HEbUWPJrflaEk@26cb7","__expectedType__":"cc.Asset"},{"__uuid__":"93nU4HCA5HEbUWPJrflaEk@fe833","__expectedType__":"cc.Asset"},{"__uuid__":"93nU4HCA5HEbUWPJrflaEk@8f710","__expectedType__":"cc.Asset"},{"__uuid__":"93nU4HCA5HEbUWPJrflaEk@7bea7","__expectedType__":"cc.Asset"},{"__uuid__":"93nU4HCA5HEbUWPJrflaEk@0ef7c","__expectedType__":"cc.Asset"},{"__uuid__":"93nU4HCA5HEbUWPJrflaEk@79eca","__expectedType__":"cc.Asset"},{"__uuid__":"93nU4HCA5HEbUWPJrflaEk@2ce9b","__expectedType__":"cc.Asset"},{"__uuid__":"93nU4HCA5HEbUWPJrflaEk@7fa27","__expectedType__":"cc.Asset"},{"__uuid__":"93nU4HCA5HEbUWPJrflaEk@6ea68","__expectedType__":"cc.Asset"},{"__uuid__":"93nU4HCA5HEbUWPJrflaEk@ce136","__expectedType__":"cc.Asset"},{"__uuid__":"93nU4HCA5HEbUWPJrflaEk@4d3a5","__expectedType__":"cc.Asset"},{"__uuid__":"93nU4HCA5HEbUWPJrflaEk@53730","__expectedType__":"cc.Asset"},{"__uuid__":"93nU4HCA5HEbUWPJrflaEk@44cad","__expectedType__":"cc.Asset"},{"__uuid__":"93nU4HCA5HEbUWPJrflaEk@18eeb","__expectedType__":"cc.Asset"},{"__uuid__":"93nU4HCA5HEbUWPJrflaEk@6fbb6","__expectedType__":"cc.Asset"},{"__uuid__":"93nU4HCA5HEbUWPJrflaEk@26cb7","__expectedType__":"cc.Asset"},{"__uuid__":"93nU4HCA5HEbUWPJrflaEk@fe833","__expectedType__":"cc.Asset"},{"__uuid__":"93nU4HCA5HEbUWPJrflaEk@8f710","__expectedType__":"cc.Asset"},{"__uuid__":"93nU4HCA5HEbUWPJrflaEk@7bea7","__expectedType__":"cc.Asset"}]},{"__type__":"cc.animation.VectorTrack","_binding":{"__type__":"cc.animation.TrackBinding","path":{"__id__":120},"proxy":null},"_channels":[{"__id__":122},{"__id__":124},{"__id__":126},{"__id__":128}],"_nComponents":3},{"__type__":"cc.animation.TrackPath","_paths":[{"__id__":121},"position"]},{"__type__":"cc.animation.HierarchyPath","path":"Node_1"},{"__type__":"cc.animation.Channel","_curve":{"__id__":123}},{"__type__":"cc.RealCurve","bytes":{"__type__":"TypedArrayRef","ctor":"Uint8Array","offset":978,"length":18},"keyframeValueEditorExtras":[null]},{"__type__":"cc.animation.Channel","_curve":{"__id__":125}},{"__type__":"cc.RealCurve","bytes":{"__type__":"TypedArrayRef","ctor":"Uint8Array","offset":996,"length":18},"keyframeValueEditorExtras":[null]},{"__type__":"cc.animation.Channel","_curve":{"__id__":127}},{"__type__":"cc.RealCurve","bytes":{"__type__":"TypedArrayRef","ctor":"Uint8Array","offset":1014,"length":18},"keyframeValueEditorExtras":[null]},{"__type__":"cc.animation.Channel","_curve":{"__id__":129}},{"__type__":"cc.RealCurve","bytes":{"__type__":"TypedArrayRef","ctor":"Uint8Array","offset":1032,"length":6}},{"__type__":"cc.animation.VectorTrack","_binding":{"__type__":"cc.animation.TrackBinding","path":{"__id__":131},"proxy":null},"_channels":[{"__id__":133},{"__id__":135},{"__id__":137},{"__id__":139}],"_nComponents":3},{"__type__":"cc.animation.TrackPath","_paths":[{"__id__":132},"eulerAngles"]},{"__type__":"cc.animation.HierarchyPath","path":"Node_1"},{"__type__":"cc.animation.Channel","_curve":{"__id__":134}},{"__type__":"cc.RealCurve","bytes":{"__type__":"TypedArrayRef","ctor":"Uint8Array","offset":1038,"length":18},"keyframeValueEditorExtras":[null]},{"__type__":"cc.animation.Channel","_curve":{"__id__":136}},{"__type__":"cc.RealCurve","bytes":{"__type__":"TypedArrayRef","ctor":"Uint8Array","offset":1056,"length":18},"keyframeValueEditorExtras":[null]},{"__type__":"cc.animation.Channel","_curve":{"__id__":138}},{"__type__":"cc.RealCurve","bytes":{"__type__":"TypedArrayRef","ctor":"Uint8Array","offset":1074,"length":18},"keyframeValueEditorExtras":[null]},{"__type__":"cc.animation.Channel","_curve":{"__id__":140}},{"__type__":"cc.RealCurve","bytes":{"__type__":"TypedArrayRef","ctor":"Uint8Array","offset":1092,"length":6}}],"chunks":[".bin"]}
