{"version":1,"document":[{"__type__":"cc.AnimationClip","_name":"tx_ddz_settlement_win_bg","_objFlags":0,"_native":"","sample":60,"speed":0.5,"wrapMode":1,"enableTrsBlending":false,"_duration":13,"_hash":500763545,"_tracks":[{"__id__":1},{"__id__":8},{"__id__":15},{"__id__":22},{"__id__":29},{"__id__":40},{"__id__":51},{"__id__":57},{"__id__":63},{"__id__":74},{"__id__":85},{"__id__":91},{"__id__":97},{"__id__":108},{"__id__":119},{"__id__":125},{"__id__":131},{"__id__":142},{"__id__":153},{"__id__":159}],"_exoticAnimation":null,"_events":[],"_embeddedPlayers":[]},{"__type__":"cc.animation.UntypedTrack","_binding":{"__type__":"cc.animation.TrackBinding","path":{"__id__":2},"proxy":null},"_channels":[{"__id__":4},{"__id__":6}]},{"__type__":"cc.animation.TrackPath","_paths":[{"__id__":3},"scale"]},{"__type__":"cc.animation.HierarchyPath","path":"Sprite_TitleBarBG"},{"__type__":"cc.animation.UntypedTrackChannel","_curve":{"__id__":5},"property":"x"},{"__type__":"cc.RealCurve","bytes":{"__type__":"TypedArrayRef","ctor":"Uint8Array","offset":0,"length":54},"keyframeValueEditorExtras":[null,null,null,null]},{"__type__":"cc.animation.UntypedTrackChannel","_curve":{"__id__":7},"property":"y"},{"__type__":"cc.RealCurve","bytes":{"__type__":"TypedArrayRef","ctor":"Uint8Array","offset":54,"length":54},"keyframeValueEditorExtras":[null,null,null,null]},{"__type__":"cc.animation.UntypedTrack","_binding":{"__type__":"cc.animation.TrackBinding","path":{"__id__":9},"proxy":null},"_channels":[{"__id__":11},{"__id__":13}]},{"__type__":"cc.animation.TrackPath","_paths":[{"__id__":10},"scale"]},{"__type__":"cc.animation.HierarchyPath","path":"js_sz_di2_2_0"},{"__type__":"cc.animation.UntypedTrackChannel","_curve":{"__id__":12},"property":"x"},{"__type__":"cc.RealCurve","bytes":{"__type__":"TypedArrayRef","ctor":"Uint8Array","offset":108,"length":18},"keyframeValueEditorExtras":[null]},{"__type__":"cc.animation.UntypedTrackChannel","_curve":{"__id__":14},"property":"y"},{"__type__":"cc.RealCurve","bytes":{"__type__":"TypedArrayRef","ctor":"Uint8Array","offset":126,"length":18},"keyframeValueEditorExtras":[null]},{"__type__":"cc.animation.UntypedTrack","_binding":{"__type__":"cc.animation.TrackBinding","path":{"__id__":16},"proxy":null},"_channels":[{"__id__":18},{"__id__":20}]},{"__type__":"cc.animation.TrackPath","_paths":[{"__id__":17},"scale"]},{"__type__":"cc.animation.HierarchyPath","path":"js_sz_di3_4"},{"__type__":"cc.animation.UntypedTrackChannel","_curve":{"__id__":19},"property":"x"},{"__type__":"cc.RealCurve","bytes":{"__type__":"TypedArrayRef","ctor":"Uint8Array","offset":144,"length":42},"keyframeValueEditorExtras":[null,null,null]},{"__type__":"cc.animation.UntypedTrackChannel","_curve":{"__id__":21},"property":"y"},{"__type__":"cc.RealCurve","bytes":{"__type__":"TypedArrayRef","ctor":"Uint8Array","offset":186,"length":42},"keyframeValueEditorExtras":[null,null,null]},{"__type__":"cc.animation.UntypedTrack","_binding":{"__type__":"cc.animation.TrackBinding","path":{"__id__":23},"proxy":null},"_channels":[{"__id__":25},{"__id__":27}]},{"__type__":"cc.animation.TrackPath","_paths":[{"__id__":24},"scale"]},{"__type__":"cc.animation.HierarchyPath","path":"js_sz_di3_4_0"},{"__type__":"cc.animation.UntypedTrackChannel","_curve":{"__id__":26},"property":"x"},{"__type__":"cc.RealCurve","bytes":{"__type__":"TypedArrayRef","ctor":"Uint8Array","offset":228,"length":30},"keyframeValueEditorExtras":[null,null]},{"__type__":"cc.animation.UntypedTrackChannel","_curve":{"__id__":28},"property":"y"},{"__type__":"cc.RealCurve","bytes":{"__type__":"TypedArrayRef","ctor":"Uint8Array","offset":258,"length":30},"keyframeValueEditorExtras":[null,null]},{"__type__":"cc.animation.VectorTrack","_binding":{"__type__":"cc.animation.TrackBinding","path":{"__id__":30},"proxy":null},"_channels":[{"__id__":32},{"__id__":34},{"__id__":36},{"__id__":38}],"_nComponents":3},{"__type__":"cc.animation.TrackPath","_paths":[{"__id__":31},"position"]},{"__type__":"cc.animation.HierarchyPath","path":"Sprite_TitleBarBG"},{"__type__":"cc.animation.Channel","_curve":{"__id__":33}},{"__type__":"cc.RealCurve","bytes":{"__type__":"TypedArrayRef","ctor":"Uint8Array","offset":288,"length":66},"keyframeValueEditorExtras":[null,null,null,null,null]},{"__type__":"cc.animation.Channel","_curve":{"__id__":35}},{"__type__":"cc.RealCurve","bytes":{"__type__":"TypedArrayRef","ctor":"Uint8Array","offset":354,"length":66},"keyframeValueEditorExtras":[null,null,null,null,null]},{"__type__":"cc.animation.Channel","_curve":{"__id__":37}},{"__type__":"cc.RealCurve","bytes":{"__type__":"TypedArrayRef","ctor":"Uint8Array","offset":420,"length":66},"keyframeValueEditorExtras":[null,null,null,null,null]},{"__type__":"cc.animation.Channel","_curve":{"__id__":39}},{"__type__":"cc.RealCurve","bytes":{"__type__":"TypedArrayRef","ctor":"Uint8Array","offset":486,"length":6}},{"__type__":"cc.animation.VectorTrack","_binding":{"__type__":"cc.animation.TrackBinding","path":{"__id__":41},"proxy":null},"_channels":[{"__id__":43},{"__id__":45},{"__id__":47},{"__id__":49}],"_nComponents":3},{"__type__":"cc.animation.TrackPath","_paths":[{"__id__":42},"eulerAngles"]},{"__type__":"cc.animation.HierarchyPath","path":"Sprite_TitleBarBG"},{"__type__":"cc.animation.Channel","_curve":{"__id__":44}},{"__type__":"cc.RealCurve","bytes":{"__type__":"TypedArrayRef","ctor":"Uint8Array","offset":492,"length":78},"keyframeValueEditorExtras":[null,null,null,null,null,null]},{"__type__":"cc.animation.Channel","_curve":{"__id__":46}},{"__type__":"cc.RealCurve","bytes":{"__type__":"TypedArrayRef","ctor":"Uint8Array","offset":570,"length":78},"keyframeValueEditorExtras":[null,null,null,null,null,null]},{"__type__":"cc.animation.Channel","_curve":{"__id__":48}},{"__type__":"cc.RealCurve","bytes":{"__type__":"TypedArrayRef","ctor":"Uint8Array","offset":648,"length":78},"keyframeValueEditorExtras":[null,null,null,null,null,null]},{"__type__":"cc.animation.Channel","_curve":{"__id__":50}},{"__type__":"cc.RealCurve","bytes":{"__type__":"TypedArrayRef","ctor":"Uint8Array","offset":726,"length":6}},{"__type__":"cc.animation.RealTrack","_binding":{"__type__":"cc.animation.TrackBinding","path":{"__id__":52},"proxy":null},"_channel":{"__id__":55}},{"__type__":"cc.animation.TrackPath","_paths":[{"__id__":53},{"__id__":54},"opacity"]},{"__type__":"cc.animation.HierarchyPath","path":"Sprite_TitleBarBG"},{"__type__":"cc.animation.ComponentPath","component":"cc.UIOpacity"},{"__type__":"cc.animation.Channel","_curve":{"__id__":56}},{"__type__":"cc.RealCurve","bytes":{"__type__":"TypedArrayRef","ctor":"Uint8Array","offset":732,"length":42},"keyframeValueEditorExtras":[null,null,null]},{"__type__":"cc.animation.ObjectTrack","_binding":{"__type__":"cc.animation.TrackBinding","path":{"__id__":58},"proxy":null},"_channel":{"__id__":61}},{"__type__":"cc.animation.TrackPath","_paths":[{"__id__":59},{"__id__":60},"spriteFrame"]},{"__type__":"cc.animation.HierarchyPath","path":"Sprite_TitleBarBG"},{"__type__":"cc.animation.ComponentPath","component":"cc.Sprite"},{"__type__":"cc.animation.Channel","_curve":{"__id__":62}},{"__type__":"cc.ObjectCurve","_times":[0,3.4],"_values":[{"__uuid__":"18/HkNG9BH9qsB2Wiy82hE@c6737","__expectedType__":"cc.Asset"},{"__uuid__":"18/HkNG9BH9qsB2Wiy82hE@c6737","__expectedType__":"cc.Asset"}]},{"__type__":"cc.animation.VectorTrack","_binding":{"__type__":"cc.animation.TrackBinding","path":{"__id__":64},"proxy":null},"_channels":[{"__id__":66},{"__id__":68},{"__id__":70},{"__id__":72}],"_nComponents":3},{"__type__":"cc.animation.TrackPath","_paths":[{"__id__":65},"position"]},{"__type__":"cc.animation.HierarchyPath","path":"js_sz_di2_2_0"},{"__type__":"cc.animation.Channel","_curve":{"__id__":67}},{"__type__":"cc.RealCurve","bytes":{"__type__":"TypedArrayRef","ctor":"Uint8Array","offset":774,"length":66},"keyframeValueEditorExtras":[null,null,null,null,null]},{"__type__":"cc.animation.Channel","_curve":{"__id__":69}},{"__type__":"cc.RealCurve","bytes":{"__type__":"TypedArrayRef","ctor":"Uint8Array","offset":840,"length":66},"keyframeValueEditorExtras":[null,null,null,null,null]},{"__type__":"cc.animation.Channel","_curve":{"__id__":71}},{"__type__":"cc.RealCurve","bytes":{"__type__":"TypedArrayRef","ctor":"Uint8Array","offset":906,"length":66},"keyframeValueEditorExtras":[null,null,null,null,null]},{"__type__":"cc.animation.Channel","_curve":{"__id__":73}},{"__type__":"cc.RealCurve","bytes":{"__type__":"TypedArrayRef","ctor":"Uint8Array","offset":972,"length":6}},{"__type__":"cc.animation.VectorTrack","_binding":{"__type__":"cc.animation.TrackBinding","path":{"__id__":75},"proxy":null},"_channels":[{"__id__":77},{"__id__":79},{"__id__":81},{"__id__":83}],"_nComponents":3},{"__type__":"cc.animation.TrackPath","_paths":[{"__id__":76},"eulerAngles"]},{"__type__":"cc.animation.HierarchyPath","path":"js_sz_di2_2_0"},{"__type__":"cc.animation.Channel","_curve":{"__id__":78}},{"__type__":"cc.RealCurve","bytes":{"__type__":"TypedArrayRef","ctor":"Uint8Array","offset":978,"length":30},"keyframeValueEditorExtras":[null,null]},{"__type__":"cc.animation.Channel","_curve":{"__id__":80}},{"__type__":"cc.RealCurve","bytes":{"__type__":"TypedArrayRef","ctor":"Uint8Array","offset":1008,"length":30},"keyframeValueEditorExtras":[null,null]},{"__type__":"cc.animation.Channel","_curve":{"__id__":82}},{"__type__":"cc.RealCurve","bytes":{"__type__":"TypedArrayRef","ctor":"Uint8Array","offset":1038,"length":30},"keyframeValueEditorExtras":[null,null]},{"__type__":"cc.animation.Channel","_curve":{"__id__":84}},{"__type__":"cc.RealCurve","bytes":{"__type__":"TypedArrayRef","ctor":"Uint8Array","offset":1068,"length":6}},{"__type__":"cc.animation.RealTrack","_binding":{"__type__":"cc.animation.TrackBinding","path":{"__id__":86},"proxy":null},"_channel":{"__id__":89}},{"__type__":"cc.animation.TrackPath","_paths":[{"__id__":87},{"__id__":88},"opacity"]},{"__type__":"cc.animation.HierarchyPath","path":"js_sz_di2_2_0"},{"__type__":"cc.animation.ComponentPath","component":"cc.UIOpacity"},{"__type__":"cc.animation.Channel","_curve":{"__id__":90}},{"__type__":"cc.RealCurve","bytes":{"__type__":"TypedArrayRef","ctor":"Uint8Array","offset":1074,"length":42},"keyframeValueEditorExtras":[null,null,null]},{"__type__":"cc.animation.ObjectTrack","_binding":{"__type__":"cc.animation.TrackBinding","path":{"__id__":92},"proxy":null},"_channel":{"__id__":95}},{"__type__":"cc.animation.TrackPath","_paths":[{"__id__":93},{"__id__":94},"spriteFrame"]},{"__type__":"cc.animation.HierarchyPath","path":"js_sz_di2_2_0"},{"__type__":"cc.animation.ComponentPath","component":"cc.Sprite"},{"__type__":"cc.animation.Channel","_curve":{"__id__":96}},{"__type__":"cc.ObjectCurve","_times":[0],"_values":[{"__uuid__":"18/HkNG9BH9qsB2Wiy82hE@c6737","__expectedType__":"cc.Asset"}]},{"__type__":"cc.animation.VectorTrack","_binding":{"__type__":"cc.animation.TrackBinding","path":{"__id__":98},"proxy":null},"_channels":[{"__id__":100},{"__id__":102},{"__id__":104},{"__id__":106}],"_nComponents":3},{"__type__":"cc.animation.TrackPath","_paths":[{"__id__":99},"position"]},{"__type__":"cc.animation.HierarchyPath","path":"js_sz_di3_4"},{"__type__":"cc.animation.Channel","_curve":{"__id__":101}},{"__type__":"cc.RealCurve","bytes":{"__type__":"TypedArrayRef","ctor":"Uint8Array","offset":1116,"length":54},"keyframeValueEditorExtras":[null,null,null,null]},{"__type__":"cc.animation.Channel","_curve":{"__id__":103}},{"__type__":"cc.RealCurve","bytes":{"__type__":"TypedArrayRef","ctor":"Uint8Array","offset":1170,"length":54},"keyframeValueEditorExtras":[null,null,null,null]},{"__type__":"cc.animation.Channel","_curve":{"__id__":105}},{"__type__":"cc.RealCurve","bytes":{"__type__":"TypedArrayRef","ctor":"Uint8Array","offset":1224,"length":54},"keyframeValueEditorExtras":[null,null,null,null]},{"__type__":"cc.animation.Channel","_curve":{"__id__":107}},{"__type__":"cc.RealCurve","bytes":{"__type__":"TypedArrayRef","ctor":"Uint8Array","offset":1278,"length":6}},{"__type__":"cc.animation.VectorTrack","_binding":{"__type__":"cc.animation.TrackBinding","path":{"__id__":109},"proxy":null},"_channels":[{"__id__":111},{"__id__":113},{"__id__":115},{"__id__":117}],"_nComponents":3},{"__type__":"cc.animation.TrackPath","_paths":[{"__id__":110},"eulerAngles"]},{"__type__":"cc.animation.HierarchyPath","path":"js_sz_di3_4"},{"__type__":"cc.animation.Channel","_curve":{"__id__":112}},{"__type__":"cc.RealCurve","bytes":{"__type__":"TypedArrayRef","ctor":"Uint8Array","offset":1284,"length":66},"keyframeValueEditorExtras":[null,null,null,null,null]},{"__type__":"cc.animation.Channel","_curve":{"__id__":114}},{"__type__":"cc.RealCurve","bytes":{"__type__":"TypedArrayRef","ctor":"Uint8Array","offset":1350,"length":66},"keyframeValueEditorExtras":[null,null,null,null,null]},{"__type__":"cc.animation.Channel","_curve":{"__id__":116}},{"__type__":"cc.RealCurve","bytes":{"__type__":"TypedArrayRef","ctor":"Uint8Array","offset":1416,"length":66},"keyframeValueEditorExtras":[null,null,null,null,null]},{"__type__":"cc.animation.Channel","_curve":{"__id__":118}},{"__type__":"cc.RealCurve","bytes":{"__type__":"TypedArrayRef","ctor":"Uint8Array","offset":1482,"length":6}},{"__type__":"cc.animation.RealTrack","_binding":{"__type__":"cc.animation.TrackBinding","path":{"__id__":120},"proxy":null},"_channel":{"__id__":123}},{"__type__":"cc.animation.TrackPath","_paths":[{"__id__":121},{"__id__":122},"opacity"]},{"__type__":"cc.animation.HierarchyPath","path":"js_sz_di3_4"},{"__type__":"cc.animation.ComponentPath","component":"cc.UIOpacity"},{"__type__":"cc.animation.Channel","_curve":{"__id__":124}},{"__type__":"cc.RealCurve","bytes":{"__type__":"TypedArrayRef","ctor":"Uint8Array","offset":1488,"length":30},"keyframeValueEditorExtras":[null,null]},{"__type__":"cc.animation.ObjectTrack","_binding":{"__type__":"cc.animation.TrackBinding","path":{"__id__":126},"proxy":null},"_channel":{"__id__":129}},{"__type__":"cc.animation.TrackPath","_paths":[{"__id__":127},{"__id__":128},"spriteFrame"]},{"__type__":"cc.animation.HierarchyPath","path":"js_sz_di3_4"},{"__type__":"cc.animation.ComponentPath","component":"cc.Sprite"},{"__type__":"cc.animation.Channel","_curve":{"__id__":130}},{"__type__":"cc.ObjectCurve","_times":[0],"_values":[{"__uuid__":"18/HkNG9BH9qsB2Wiy82hE@05c30","__expectedType__":"cc.Asset"}]},{"__type__":"cc.animation.VectorTrack","_binding":{"__type__":"cc.animation.TrackBinding","path":{"__id__":132},"proxy":null},"_channels":[{"__id__":134},{"__id__":136},{"__id__":138},{"__id__":140}],"_nComponents":3},{"__type__":"cc.animation.TrackPath","_paths":[{"__id__":133},"position"]},{"__type__":"cc.animation.HierarchyPath","path":"js_sz_di3_4_0"},{"__type__":"cc.animation.Channel","_curve":{"__id__":135}},{"__type__":"cc.RealCurve","bytes":{"__type__":"TypedArrayRef","ctor":"Uint8Array","offset":1518,"length":54},"keyframeValueEditorExtras":[null,null,null,null]},{"__type__":"cc.animation.Channel","_curve":{"__id__":137}},{"__type__":"cc.RealCurve","bytes":{"__type__":"TypedArrayRef","ctor":"Uint8Array","offset":1572,"length":54},"keyframeValueEditorExtras":[null,null,null,null]},{"__type__":"cc.animation.Channel","_curve":{"__id__":139}},{"__type__":"cc.RealCurve","bytes":{"__type__":"TypedArrayRef","ctor":"Uint8Array","offset":1626,"length":54},"keyframeValueEditorExtras":[null,null,null,null]},{"__type__":"cc.animation.Channel","_curve":{"__id__":141}},{"__type__":"cc.RealCurve","bytes":{"__type__":"TypedArrayRef","ctor":"Uint8Array","offset":1680,"length":6}},{"__type__":"cc.animation.VectorTrack","_binding":{"__type__":"cc.animation.TrackBinding","path":{"__id__":143},"proxy":null},"_channels":[{"__id__":145},{"__id__":147},{"__id__":149},{"__id__":151}],"_nComponents":3},{"__type__":"cc.animation.TrackPath","_paths":[{"__id__":144},"eulerAngles"]},{"__type__":"cc.animation.HierarchyPath","path":"js_sz_di3_4_0"},{"__type__":"cc.animation.Channel","_curve":{"__id__":146}},{"__type__":"cc.RealCurve","bytes":{"__type__":"TypedArrayRef","ctor":"Uint8Array","offset":1686,"length":30},"keyframeValueEditorExtras":[null,null]},{"__type__":"cc.animation.Channel","_curve":{"__id__":148}},{"__type__":"cc.RealCurve","bytes":{"__type__":"TypedArrayRef","ctor":"Uint8Array","offset":1716,"length":30},"keyframeValueEditorExtras":[null,null]},{"__type__":"cc.animation.Channel","_curve":{"__id__":150}},{"__type__":"cc.RealCurve","bytes":{"__type__":"TypedArrayRef","ctor":"Uint8Array","offset":1746,"length":30},"keyframeValueEditorExtras":[null,null]},{"__type__":"cc.animation.Channel","_curve":{"__id__":152}},{"__type__":"cc.RealCurve","bytes":{"__type__":"TypedArrayRef","ctor":"Uint8Array","offset":1776,"length":6}},{"__type__":"cc.animation.RealTrack","_binding":{"__type__":"cc.animation.TrackBinding","path":{"__id__":154},"proxy":null},"_channel":{"__id__":157}},{"__type__":"cc.animation.TrackPath","_paths":[{"__id__":155},{"__id__":156},"opacity"]},{"__type__":"cc.animation.HierarchyPath","path":"js_sz_di3_4_0"},{"__type__":"cc.animation.ComponentPath","component":"cc.UIOpacity"},{"__type__":"cc.animation.Channel","_curve":{"__id__":158}},{"__type__":"cc.RealCurve","bytes":{"__type__":"TypedArrayRef","ctor":"Uint8Array","offset":1782,"length":42},"keyframeValueEditorExtras":[null,null,null]},{"__type__":"cc.animation.ObjectTrack","_binding":{"__type__":"cc.animation.TrackBinding","path":{"__id__":160},"proxy":null},"_channel":{"__id__":163}},{"__type__":"cc.animation.TrackPath","_paths":[{"__id__":161},{"__id__":162},"spriteFrame"]},{"__type__":"cc.animation.HierarchyPath","path":"js_sz_di3_4_0"},{"__type__":"cc.animation.ComponentPath","component":"cc.Sprite"},{"__type__":"cc.animation.Channel","_curve":{"__id__":164}},{"__type__":"cc.ObjectCurve","_times":[0],"_values":[{"__uuid__":"18/HkNG9BH9qsB2Wiy82hE@05c30","__expectedType__":"cc.Asset"}]}],"chunks":[".bin"]}
