{"version":1,"document":[{"__type__":"cc.AnimationClip","_name":"ani_node_huojian","_objFlags":0,"_native":"","sample":60,"speed":0.3333,"wrapMode":1,"enableTrsBlending":false,"_duration":0.9666666666666667,"_hash":500763545,"_tracks":[{"__id__":1},{"__id__":8},{"__id__":15},{"__id__":22},{"__id__":29},{"__id__":36},{"__id__":43},{"__id__":54},{"__id__":59},{"__id__":64},{"__id__":70},{"__id__":76},{"__id__":87},{"__id__":98},{"__id__":103},{"__id__":108},{"__id__":114},{"__id__":120},{"__id__":131},{"__id__":142},{"__id__":147},{"__id__":152},{"__id__":158},{"__id__":164},{"__id__":170},{"__id__":181},{"__id__":192},{"__id__":198},{"__id__":204},{"__id__":210},{"__id__":216},{"__id__":227},{"__id__":233},{"__id__":244},{"__id__":255},{"__id__":261},{"__id__":267},{"__id__":273},{"__id__":284},{"__id__":295},{"__id__":301},{"__id__":307},{"__id__":318},{"__id__":329}],"_exoticAnimation":null,"_events":[],"_embeddedPlayers":[]},{"__type__":"cc.animation.UntypedTrack","_binding":{"__type__":"cc.animation.TrackBinding","path":{"__id__":2},"proxy":null},"_channels":[{"__id__":4},{"__id__":6}]},{"__type__":"cc.animation.TrackPath","_paths":[{"__id__":3},"scale"]},{"__type__":"cc.animation.HierarchyPath","path":"tongxianshun_7_35"},{"__type__":"cc.animation.UntypedTrackChannel","_curve":{"__id__":5},"property":"x"},{"__type__":"cc.RealCurve","bytes":{"__type__":"TypedArrayRef","ctor":"Uint8Array","offset":0,"length":42},"keyframeValueEditorExtras":[null,null,null]},{"__type__":"cc.animation.UntypedTrackChannel","_curve":{"__id__":7},"property":"y"},{"__type__":"cc.RealCurve","bytes":{"__type__":"TypedArrayRef","ctor":"Uint8Array","offset":42,"length":42},"keyframeValueEditorExtras":[null,null,null]},{"__type__":"cc.animation.UntypedTrack","_binding":{"__type__":"cc.animation.TrackBinding","path":{"__id__":9},"proxy":null},"_channels":[{"__id__":11},{"__id__":13}]},{"__type__":"cc.animation.TrackPath","_paths":[{"__id__":10},"scale"]},{"__type__":"cc.animation.HierarchyPath","path":"glow044_00000_00000_33"},{"__type__":"cc.animation.UntypedTrackChannel","_curve":{"__id__":12},"property":"x"},{"__type__":"cc.RealCurve","bytes":{"__type__":"TypedArrayRef","ctor":"Uint8Array","offset":84,"length":30},"keyframeValueEditorExtras":[null,null]},{"__type__":"cc.animation.UntypedTrackChannel","_curve":{"__id__":14},"property":"y"},{"__type__":"cc.RealCurve","bytes":{"__type__":"TypedArrayRef","ctor":"Uint8Array","offset":114,"length":30},"keyframeValueEditorExtras":[null,null]},{"__type__":"cc.animation.UntypedTrack","_binding":{"__type__":"cc.animation.TrackBinding","path":{"__id__":16},"proxy":null},"_channels":[{"__id__":18},{"__id__":20}]},{"__type__":"cc.animation.TrackPath","_paths":[{"__id__":17},"scale"]},{"__type__":"cc.animation.HierarchyPath","path":"Sprite_1"},{"__type__":"cc.animation.UntypedTrackChannel","_curve":{"__id__":19},"property":"x"},{"__type__":"cc.RealCurve","bytes":{"__type__":"TypedArrayRef","ctor":"Uint8Array","offset":144,"length":126},"keyframeValueEditorExtras":[null,null,null,null,null,null,null,null,null,null]},{"__type__":"cc.animation.UntypedTrackChannel","_curve":{"__id__":21},"property":"y"},{"__type__":"cc.RealCurve","bytes":{"__type__":"TypedArrayRef","ctor":"Uint8Array","offset":270,"length":126},"keyframeValueEditorExtras":[null,null,null,null,null,null,null,null,null,null]},{"__type__":"cc.animation.UntypedTrack","_binding":{"__type__":"cc.animation.TrackBinding","path":{"__id__":23},"proxy":null},"_channels":[{"__id__":25},{"__id__":27}]},{"__type__":"cc.animation.TrackPath","_paths":[{"__id__":24},"scale"]},{"__type__":"cc.animation.HierarchyPath","path":"tx_youxichang_wangzha_light03_10_0_0"},{"__type__":"cc.animation.UntypedTrackChannel","_curve":{"__id__":26},"property":"x"},{"__type__":"cc.RealCurve","bytes":{"__type__":"TypedArrayRef","ctor":"Uint8Array","offset":396,"length":30},"keyframeValueEditorExtras":[null,null]},{"__type__":"cc.animation.UntypedTrackChannel","_curve":{"__id__":28},"property":"y"},{"__type__":"cc.RealCurve","bytes":{"__type__":"TypedArrayRef","ctor":"Uint8Array","offset":426,"length":30},"keyframeValueEditorExtras":[null,null]},{"__type__":"cc.animation.UntypedTrack","_binding":{"__type__":"cc.animation.TrackBinding","path":{"__id__":30},"proxy":null},"_channels":[{"__id__":32},{"__id__":34}]},{"__type__":"cc.animation.TrackPath","_paths":[{"__id__":31},"scale"]},{"__type__":"cc.animation.HierarchyPath","path":"tx_youxichang_wangzha_light03_10"},{"__type__":"cc.animation.UntypedTrackChannel","_curve":{"__id__":33},"property":"x"},{"__type__":"cc.RealCurve","bytes":{"__type__":"TypedArrayRef","ctor":"Uint8Array","offset":456,"length":18},"keyframeValueEditorExtras":[null]},{"__type__":"cc.animation.UntypedTrackChannel","_curve":{"__id__":35},"property":"y"},{"__type__":"cc.RealCurve","bytes":{"__type__":"TypedArrayRef","ctor":"Uint8Array","offset":474,"length":18},"keyframeValueEditorExtras":[null]},{"__type__":"cc.animation.UntypedTrack","_binding":{"__type__":"cc.animation.TrackBinding","path":{"__id__":37},"proxy":null},"_channels":[{"__id__":39},{"__id__":41}]},{"__type__":"cc.animation.TrackPath","_paths":[{"__id__":38},"scale"]},{"__type__":"cc.animation.HierarchyPath","path":"tx_youxichang_wangzha_light03_10_0"},{"__type__":"cc.animation.UntypedTrackChannel","_curve":{"__id__":40},"property":"x"},{"__type__":"cc.RealCurve","bytes":{"__type__":"TypedArrayRef","ctor":"Uint8Array","offset":492,"length":18},"keyframeValueEditorExtras":[null]},{"__type__":"cc.animation.UntypedTrackChannel","_curve":{"__id__":42},"property":"y"},{"__type__":"cc.RealCurve","bytes":{"__type__":"TypedArrayRef","ctor":"Uint8Array","offset":510,"length":18},"keyframeValueEditorExtras":[null]},{"__type__":"cc.animation.VectorTrack","_binding":{"__type__":"cc.animation.TrackBinding","path":{"__id__":44},"proxy":null},"_channels":[{"__id__":46},{"__id__":48},{"__id__":50},{"__id__":52}],"_nComponents":3},{"__type__":"cc.animation.TrackPath","_paths":[{"__id__":45},"position"]},{"__type__":"cc.animation.HierarchyPath","path":"tongxianshun_7_35"},{"__type__":"cc.animation.Channel","_curve":{"__id__":47}},{"__type__":"cc.RealCurve","bytes":{"__type__":"TypedArrayRef","ctor":"Uint8Array","offset":528,"length":42},"keyframeValueEditorExtras":[null,null,null]},{"__type__":"cc.animation.Channel","_curve":{"__id__":49}},{"__type__":"cc.RealCurve","bytes":{"__type__":"TypedArrayRef","ctor":"Uint8Array","offset":570,"length":42},"keyframeValueEditorExtras":[null,null,null]},{"__type__":"cc.animation.Channel","_curve":{"__id__":51}},{"__type__":"cc.RealCurve","bytes":{"__type__":"TypedArrayRef","ctor":"Uint8Array","offset":612,"length":42},"keyframeValueEditorExtras":[null,null,null]},{"__type__":"cc.animation.Channel","_curve":{"__id__":53}},{"__type__":"cc.RealCurve","bytes":{"__type__":"TypedArrayRef","ctor":"Uint8Array","offset":654,"length":6}},{"__type__":"cc.animation.RealTrack","_binding":{"__type__":"cc.animation.TrackBinding","path":{"__id__":55},"proxy":null},"_channel":{"__id__":57}},{"__type__":"cc.animation.TrackPath","_paths":[{"__id__":56},"anchorX"]},{"__type__":"cc.animation.HierarchyPath","path":"tongxianshun_7_35"},{"__type__":"cc.animation.Channel","_curve":{"__id__":58}},{"__type__":"cc.RealCurve","bytes":{"__type__":"TypedArrayRef","ctor":"Uint8Array","offset":660,"length":18},"keyframeValueEditorExtras":[null]},{"__type__":"cc.animation.RealTrack","_binding":{"__type__":"cc.animation.TrackBinding","path":{"__id__":60},"proxy":null},"_channel":{"__id__":62}},{"__type__":"cc.animation.TrackPath","_paths":[{"__id__":61},"anchorY"]},{"__type__":"cc.animation.HierarchyPath","path":"tongxianshun_7_35"},{"__type__":"cc.animation.Channel","_curve":{"__id__":63}},{"__type__":"cc.RealCurve","bytes":{"__type__":"TypedArrayRef","ctor":"Uint8Array","offset":678,"length":18},"keyframeValueEditorExtras":[null]},{"__type__":"cc.animation.RealTrack","_binding":{"__type__":"cc.animation.TrackBinding","path":{"__id__":65},"proxy":null},"_channel":{"__id__":68}},{"__type__":"cc.animation.TrackPath","_paths":[{"__id__":66},{"__id__":67},"opacity"]},{"__type__":"cc.animation.HierarchyPath","path":"tongxianshun_7_35"},{"__type__":"cc.animation.ComponentPath","component":"cc.UIOpacity"},{"__type__":"cc.animation.Channel","_curve":{"__id__":69}},{"__type__":"cc.RealCurve","bytes":{"__type__":"TypedArrayRef","ctor":"Uint8Array","offset":696,"length":54},"keyframeValueEditorExtras":[null,null,null,null]},{"__type__":"cc.animation.ObjectTrack","_binding":{"__type__":"cc.animation.TrackBinding","path":{"__id__":71},"proxy":null},"_channel":{"__id__":74}},{"__type__":"cc.animation.TrackPath","_paths":[{"__id__":72},{"__id__":73},"spriteFrame"]},{"__type__":"cc.animation.HierarchyPath","path":"tongxianshun_7_35"},{"__type__":"cc.animation.ComponentPath","component":"cc.Sprite"},{"__type__":"cc.animation.Channel","_curve":{"__id__":75}},{"__type__":"cc.ObjectCurve","_times":[0],"_values":[{"__uuid__":"38qikDnPJOtZuXXKfOUeEg@62ad3","__expectedType__":"cc.Asset"}]},{"__type__":"cc.animation.VectorTrack","_binding":{"__type__":"cc.animation.TrackBinding","path":{"__id__":77},"proxy":null},"_channels":[{"__id__":79},{"__id__":81},{"__id__":83},{"__id__":85}],"_nComponents":3},{"__type__":"cc.animation.TrackPath","_paths":[{"__id__":78},"position"]},{"__type__":"cc.animation.HierarchyPath","path":"glow044_00000_00000_33"},{"__type__":"cc.animation.Channel","_curve":{"__id__":80}},{"__type__":"cc.RealCurve","bytes":{"__type__":"TypedArrayRef","ctor":"Uint8Array","offset":750,"length":30},"keyframeValueEditorExtras":[null,null]},{"__type__":"cc.animation.Channel","_curve":{"__id__":82}},{"__type__":"cc.RealCurve","bytes":{"__type__":"TypedArrayRef","ctor":"Uint8Array","offset":780,"length":30},"keyframeValueEditorExtras":[null,null]},{"__type__":"cc.animation.Channel","_curve":{"__id__":84}},{"__type__":"cc.RealCurve","bytes":{"__type__":"TypedArrayRef","ctor":"Uint8Array","offset":810,"length":30},"keyframeValueEditorExtras":[null,null]},{"__type__":"cc.animation.Channel","_curve":{"__id__":86}},{"__type__":"cc.RealCurve","bytes":{"__type__":"TypedArrayRef","ctor":"Uint8Array","offset":840,"length":6}},{"__type__":"cc.animation.VectorTrack","_binding":{"__type__":"cc.animation.TrackBinding","path":{"__id__":88},"proxy":null},"_channels":[{"__id__":90},{"__id__":92},{"__id__":94},{"__id__":96}],"_nComponents":3},{"__type__":"cc.animation.TrackPath","_paths":[{"__id__":89},"eulerAngles"]},{"__type__":"cc.animation.HierarchyPath","path":"glow044_00000_00000_33"},{"__type__":"cc.animation.Channel","_curve":{"__id__":91}},{"__type__":"cc.RealCurve","bytes":{"__type__":"TypedArrayRef","ctor":"Uint8Array","offset":846,"length":30},"keyframeValueEditorExtras":[null,null]},{"__type__":"cc.animation.Channel","_curve":{"__id__":93}},{"__type__":"cc.RealCurve","bytes":{"__type__":"TypedArrayRef","ctor":"Uint8Array","offset":876,"length":30},"keyframeValueEditorExtras":[null,null]},{"__type__":"cc.animation.Channel","_curve":{"__id__":95}},{"__type__":"cc.RealCurve","bytes":{"__type__":"TypedArrayRef","ctor":"Uint8Array","offset":906,"length":30},"keyframeValueEditorExtras":[null,null]},{"__type__":"cc.animation.Channel","_curve":{"__id__":97}},{"__type__":"cc.RealCurve","bytes":{"__type__":"TypedArrayRef","ctor":"Uint8Array","offset":936,"length":6}},{"__type__":"cc.animation.RealTrack","_binding":{"__type__":"cc.animation.TrackBinding","path":{"__id__":99},"proxy":null},"_channel":{"__id__":101}},{"__type__":"cc.animation.TrackPath","_paths":[{"__id__":100},"anchorX"]},{"__type__":"cc.animation.HierarchyPath","path":"glow044_00000_00000_33"},{"__type__":"cc.animation.Channel","_curve":{"__id__":102}},{"__type__":"cc.RealCurve","bytes":{"__type__":"TypedArrayRef","ctor":"Uint8Array","offset":942,"length":18},"keyframeValueEditorExtras":[null]},{"__type__":"cc.animation.RealTrack","_binding":{"__type__":"cc.animation.TrackBinding","path":{"__id__":104},"proxy":null},"_channel":{"__id__":106}},{"__type__":"cc.animation.TrackPath","_paths":[{"__id__":105},"anchorY"]},{"__type__":"cc.animation.HierarchyPath","path":"glow044_00000_00000_33"},{"__type__":"cc.animation.Channel","_curve":{"__id__":107}},{"__type__":"cc.RealCurve","bytes":{"__type__":"TypedArrayRef","ctor":"Uint8Array","offset":960,"length":18},"keyframeValueEditorExtras":[null]},{"__type__":"cc.animation.RealTrack","_binding":{"__type__":"cc.animation.TrackBinding","path":{"__id__":109},"proxy":null},"_channel":{"__id__":112}},{"__type__":"cc.animation.TrackPath","_paths":[{"__id__":110},{"__id__":111},"opacity"]},{"__type__":"cc.animation.HierarchyPath","path":"glow044_00000_00000_33"},{"__type__":"cc.animation.ComponentPath","component":"cc.UIOpacity"},{"__type__":"cc.animation.Channel","_curve":{"__id__":113}},{"__type__":"cc.RealCurve","bytes":{"__type__":"TypedArrayRef","ctor":"Uint8Array","offset":978,"length":42},"keyframeValueEditorExtras":[null,null,null]},{"__type__":"cc.animation.ObjectTrack","_binding":{"__type__":"cc.animation.TrackBinding","path":{"__id__":115},"proxy":null},"_channel":{"__id__":118}},{"__type__":"cc.animation.TrackPath","_paths":[{"__id__":116},{"__id__":117},"spriteFrame"]},{"__type__":"cc.animation.HierarchyPath","path":"glow044_00000_00000_33"},{"__type__":"cc.animation.ComponentPath","component":"cc.Sprite"},{"__type__":"cc.animation.Channel","_curve":{"__id__":119}},{"__type__":"cc.ObjectCurve","_times":[0],"_values":[{"__uuid__":"38qikDnPJOtZuXXKfOUeEg@3aa52","__expectedType__":"cc.Asset"}]},{"__type__":"cc.animation.VectorTrack","_binding":{"__type__":"cc.animation.TrackBinding","path":{"__id__":121},"proxy":null},"_channels":[{"__id__":123},{"__id__":125},{"__id__":127},{"__id__":129}],"_nComponents":3},{"__type__":"cc.animation.TrackPath","_paths":[{"__id__":122},"position"]},{"__type__":"cc.animation.HierarchyPath","path":"Sprite_1"},{"__type__":"cc.animation.Channel","_curve":{"__id__":124}},{"__type__":"cc.RealCurve","bytes":{"__type__":"TypedArrayRef","ctor":"Uint8Array","offset":1020,"length":114},"keyframeValueEditorExtras":[null,null,null,null,null,null,null,null,null]},{"__type__":"cc.animation.Channel","_curve":{"__id__":126}},{"__type__":"cc.RealCurve","bytes":{"__type__":"TypedArrayRef","ctor":"Uint8Array","offset":1134,"length":114},"keyframeValueEditorExtras":[null,null,null,null,null,null,null,null,null]},{"__type__":"cc.animation.Channel","_curve":{"__id__":128}},{"__type__":"cc.RealCurve","bytes":{"__type__":"TypedArrayRef","ctor":"Uint8Array","offset":1248,"length":114},"keyframeValueEditorExtras":[null,null,null,null,null,null,null,null,null]},{"__type__":"cc.animation.Channel","_curve":{"__id__":130}},{"__type__":"cc.RealCurve","bytes":{"__type__":"TypedArrayRef","ctor":"Uint8Array","offset":1362,"length":6}},{"__type__":"cc.animation.VectorTrack","_binding":{"__type__":"cc.animation.TrackBinding","path":{"__id__":132},"proxy":null},"_channels":[{"__id__":134},{"__id__":136},{"__id__":138},{"__id__":140}],"_nComponents":3},{"__type__":"cc.animation.TrackPath","_paths":[{"__id__":133},"eulerAngles"]},{"__type__":"cc.animation.HierarchyPath","path":"Sprite_1"},{"__type__":"cc.animation.Channel","_curve":{"__id__":135}},{"__type__":"cc.RealCurve","bytes":{"__type__":"TypedArrayRef","ctor":"Uint8Array","offset":1368,"length":66},"keyframeValueEditorExtras":[null,null,null,null,null]},{"__type__":"cc.animation.Channel","_curve":{"__id__":137}},{"__type__":"cc.RealCurve","bytes":{"__type__":"TypedArrayRef","ctor":"Uint8Array","offset":1434,"length":66},"keyframeValueEditorExtras":[null,null,null,null,null]},{"__type__":"cc.animation.Channel","_curve":{"__id__":139}},{"__type__":"cc.RealCurve","bytes":{"__type__":"TypedArrayRef","ctor":"Uint8Array","offset":1500,"length":66},"keyframeValueEditorExtras":[null,null,null,null,null]},{"__type__":"cc.animation.Channel","_curve":{"__id__":141}},{"__type__":"cc.RealCurve","bytes":{"__type__":"TypedArrayRef","ctor":"Uint8Array","offset":1566,"length":6}},{"__type__":"cc.animation.RealTrack","_binding":{"__type__":"cc.animation.TrackBinding","path":{"__id__":143},"proxy":null},"_channel":{"__id__":145}},{"__type__":"cc.animation.TrackPath","_paths":[{"__id__":144},"anchorX"]},{"__type__":"cc.animation.HierarchyPath","path":"Sprite_1"},{"__type__":"cc.animation.Channel","_curve":{"__id__":146}},{"__type__":"cc.RealCurve","bytes":{"__type__":"TypedArrayRef","ctor":"Uint8Array","offset":1572,"length":54},"keyframeValueEditorExtras":[null,null,null,null]},{"__type__":"cc.animation.RealTrack","_binding":{"__type__":"cc.animation.TrackBinding","path":{"__id__":148},"proxy":null},"_channel":{"__id__":150}},{"__type__":"cc.animation.TrackPath","_paths":[{"__id__":149},"anchorY"]},{"__type__":"cc.animation.HierarchyPath","path":"Sprite_1"},{"__type__":"cc.animation.Channel","_curve":{"__id__":151}},{"__type__":"cc.RealCurve","bytes":{"__type__":"TypedArrayRef","ctor":"Uint8Array","offset":1626,"length":54},"keyframeValueEditorExtras":[null,null,null,null]},{"__type__":"cc.animation.RealTrack","_binding":{"__type__":"cc.animation.TrackBinding","path":{"__id__":153},"proxy":null},"_channel":{"__id__":156}},{"__type__":"cc.animation.TrackPath","_paths":[{"__id__":154},{"__id__":155},"opacity"]},{"__type__":"cc.animation.HierarchyPath","path":"Sprite_1"},{"__type__":"cc.animation.ComponentPath","component":"cc.UIOpacity"},{"__type__":"cc.animation.Channel","_curve":{"__id__":157}},{"__type__":"cc.RealCurve","bytes":{"__type__":"TypedArrayRef","ctor":"Uint8Array","offset":1680,"length":78},"keyframeValueEditorExtras":[null,null,null,null,null,null]},{"__type__":"cc.animation.ObjectTrack","_binding":{"__type__":"cc.animation.TrackBinding","path":{"__id__":159},"proxy":null},"_channel":{"__id__":162}},{"__type__":"cc.animation.TrackPath","_paths":[{"__id__":160},{"__id__":161},"spriteFrame"]},{"__type__":"cc.animation.HierarchyPath","path":"Sprite_1"},{"__type__":"cc.animation.ComponentPath","component":"cc.Sprite"},{"__type__":"cc.animation.Channel","_curve":{"__id__":163}},{"__type__":"cc.ObjectCurve","_times":[0],"_values":[{"__uuid__":"38qikDnPJOtZuXXKfOUeEg@90060","__expectedType__":"cc.Asset"}]},{"__type__":"cc.animation.RealTrack","_binding":{"__type__":"cc.animation.TrackBinding","path":{"__id__":165},"proxy":null},"_channel":{"__id__":168}},{"__type__":"cc.animation.TrackPath","_paths":[{"__id__":166},{"__id__":167},"opacity"]},{"__type__":"cc.animation.HierarchyPath","path":"tx_youxichang_wangzha_light03_10_0_0"},{"__type__":"cc.animation.ComponentPath","component":"cc.UIOpacity"},{"__type__":"cc.animation.Channel","_curve":{"__id__":169}},{"__type__":"cc.RealCurve","bytes":{"__type__":"TypedArrayRef","ctor":"Uint8Array","offset":1758,"length":42},"keyframeValueEditorExtras":[null,null,null]},{"__type__":"cc.animation.VectorTrack","_binding":{"__type__":"cc.animation.TrackBinding","path":{"__id__":171},"proxy":null},"_channels":[{"__id__":173},{"__id__":175},{"__id__":177},{"__id__":179}],"_nComponents":3},{"__type__":"cc.animation.TrackPath","_paths":[{"__id__":172},"position"]},{"__type__":"cc.animation.HierarchyPath","path":"tx_youxichang_wangzha_light03_10_0_0"},{"__type__":"cc.animation.Channel","_curve":{"__id__":174}},{"__type__":"cc.RealCurve","bytes":{"__type__":"TypedArrayRef","ctor":"Uint8Array","offset":1800,"length":30},"keyframeValueEditorExtras":[null,null]},{"__type__":"cc.animation.Channel","_curve":{"__id__":176}},{"__type__":"cc.RealCurve","bytes":{"__type__":"TypedArrayRef","ctor":"Uint8Array","offset":1830,"length":30},"keyframeValueEditorExtras":[null,null]},{"__type__":"cc.animation.Channel","_curve":{"__id__":178}},{"__type__":"cc.RealCurve","bytes":{"__type__":"TypedArrayRef","ctor":"Uint8Array","offset":1860,"length":30},"keyframeValueEditorExtras":[null,null]},{"__type__":"cc.animation.Channel","_curve":{"__id__":180}},{"__type__":"cc.RealCurve","bytes":{"__type__":"TypedArrayRef","ctor":"Uint8Array","offset":1890,"length":6}},{"__type__":"cc.animation.ColorTrack","_binding":{"__type__":"cc.animation.TrackBinding","path":{"__id__":182},"proxy":null},"_channels":[{"__id__":184},{"__id__":186},{"__id__":188},{"__id__":190}]},{"__type__":"cc.animation.TrackPath","_paths":[{"__id__":183},"color"]},{"__type__":"cc.animation.HierarchyPath","path":"tx_youxichang_wangzha_light03_10_0_0"},{"__type__":"cc.animation.Channel","_curve":{"__id__":185}},{"__type__":"cc.RealCurve","bytes":{"__type__":"TypedArrayRef","ctor":"Uint8Array","offset":1896,"length":18},"keyframeValueEditorExtras":[null]},{"__type__":"cc.animation.Channel","_curve":{"__id__":187}},{"__type__":"cc.RealCurve","bytes":{"__type__":"TypedArrayRef","ctor":"Uint8Array","offset":1914,"length":18},"keyframeValueEditorExtras":[null]},{"__type__":"cc.animation.Channel","_curve":{"__id__":189}},{"__type__":"cc.RealCurve","bytes":{"__type__":"TypedArrayRef","ctor":"Uint8Array","offset":1932,"length":18},"keyframeValueEditorExtras":[null]},{"__type__":"cc.animation.Channel","_curve":{"__id__":191}},{"__type__":"cc.RealCurve","bytes":{"__type__":"TypedArrayRef","ctor":"Uint8Array","offset":1950,"length":18},"keyframeValueEditorExtras":[null]},{"__type__":"cc.animation.ObjectTrack","_binding":{"__type__":"cc.animation.TrackBinding","path":{"__id__":193},"proxy":null},"_channel":{"__id__":196}},{"__type__":"cc.animation.TrackPath","_paths":[{"__id__":194},{"__id__":195},"spriteFrame"]},{"__type__":"cc.animation.HierarchyPath","path":"tx_youxichang_wangzha_light03_10_0_0"},{"__type__":"cc.animation.ComponentPath","component":"cc.Sprite"},{"__type__":"cc.animation.Channel","_curve":{"__id__":197}},{"__type__":"cc.ObjectCurve","_times":[0],"_values":[{"__uuid__":"38qikDnPJOtZuXXKfOUeEg@e31b2","__expectedType__":"cc.Asset"}]},{"__type__":"cc.animation.RealTrack","_binding":{"__type__":"cc.animation.TrackBinding","path":{"__id__":199},"proxy":null},"_channel":{"__id__":202}},{"__type__":"cc.animation.TrackPath","_paths":[{"__id__":200},{"__id__":201},"opacity"]},{"__type__":"cc.animation.HierarchyPath","path":"Node_4/Sprite_15"},{"__type__":"cc.animation.ComponentPath","component":"cc.UIOpacity"},{"__type__":"cc.animation.Channel","_curve":{"__id__":203}},{"__type__":"cc.RealCurve","bytes":{"__type__":"TypedArrayRef","ctor":"Uint8Array","offset":1968,"length":54},"keyframeValueEditorExtras":[null,null,null,null]},{"__type__":"cc.animation.ObjectTrack","_binding":{"__type__":"cc.animation.TrackBinding","path":{"__id__":205},"proxy":null},"_channel":{"__id__":208}},{"__type__":"cc.animation.TrackPath","_paths":[{"__id__":206},{"__id__":207},"spriteFrame"]},{"__type__":"cc.animation.HierarchyPath","path":"Node_4/Sprite_15"},{"__type__":"cc.animation.ComponentPath","component":"cc.Sprite"},{"__type__":"cc.animation.Channel","_curve":{"__id__":209}},{"__type__":"cc.ObjectCurve","_times":[0.45,0.4666666666666667,0.48333333333333334,0.5,0.5166666666666667,0.5333333333333333,0.55,0.5666666666666667,0.5833333333333334,0.6,0.6166666666666667,0.6333333333333333,0.65,0.6666666666666666,0.6833333333333333,0.7,0.7166666666666667,0.7333333333333333,0.75,0.7666666666666667,0.7833333333333333,0.8,0.8166666666666667,0.8333333333333334,0.85,0.8666666666666667,0.8833333333333333,0.9,0.9166666666666666,0.9333333333333333],"_values":[{"__uuid__":"36/Qt2J+JHe4phMQZ4vd1P@30cdb","__expectedType__":"cc.Asset"},{"__uuid__":"36/Qt2J+JHe4phMQZ4vd1P@215e6","__expectedType__":"cc.Asset"},{"__uuid__":"36/Qt2J+JHe4phMQZ4vd1P@48174","__expectedType__":"cc.Asset"},{"__uuid__":"36/Qt2J+JHe4phMQZ4vd1P@7d7e0","__expectedType__":"cc.Asset"},{"__uuid__":"36/Qt2J+JHe4phMQZ4vd1P@51c23","__expectedType__":"cc.Asset"},{"__uuid__":"36/Qt2J+JHe4phMQZ4vd1P@a22cf","__expectedType__":"cc.Asset"},{"__uuid__":"36/Qt2J+JHe4phMQZ4vd1P@1bbbb","__expectedType__":"cc.Asset"},{"__uuid__":"36/Qt2J+JHe4phMQZ4vd1P@615cf","__expectedType__":"cc.Asset"},{"__uuid__":"36/Qt2J+JHe4phMQZ4vd1P@977f0","__expectedType__":"cc.Asset"},{"__uuid__":"36/Qt2J+JHe4phMQZ4vd1P@44d95","__expectedType__":"cc.Asset"},{"__uuid__":"36/Qt2J+JHe4phMQZ4vd1P@d520b","__expectedType__":"cc.Asset"},{"__uuid__":"36/Qt2J+JHe4phMQZ4vd1P@a9493","__expectedType__":"cc.Asset"},{"__uuid__":"36/Qt2J+JHe4phMQZ4vd1P@dbc9d","__expectedType__":"cc.Asset"},{"__uuid__":"36/Qt2J+JHe4phMQZ4vd1P@5bb66","__expectedType__":"cc.Asset"},{"__uuid__":"36/Qt2J+JHe4phMQZ4vd1P@f339c","__expectedType__":"cc.Asset"},{"__uuid__":"36/Qt2J+JHe4phMQZ4vd1P@09d11","__expectedType__":"cc.Asset"},{"__uuid__":"36/Qt2J+JHe4phMQZ4vd1P@d1cb8","__expectedType__":"cc.Asset"},{"__uuid__":"36/Qt2J+JHe4phMQZ4vd1P@239f5","__expectedType__":"cc.Asset"},{"__uuid__":"36/Qt2J+JHe4phMQZ4vd1P@ff381","__expectedType__":"cc.Asset"},{"__uuid__":"36/Qt2J+JHe4phMQZ4vd1P@6261a","__expectedType__":"cc.Asset"},{"__uuid__":"36/Qt2J+JHe4phMQZ4vd1P@60d03","__expectedType__":"cc.Asset"},{"__uuid__":"36/Qt2J+JHe4phMQZ4vd1P@d3798","__expectedType__":"cc.Asset"},{"__uuid__":"36/Qt2J+JHe4phMQZ4vd1P@fbd98","__expectedType__":"cc.Asset"},{"__uuid__":"36/Qt2J+JHe4phMQZ4vd1P@cce1e","__expectedType__":"cc.Asset"},{"__uuid__":"36/Qt2J+JHe4phMQZ4vd1P@04b97","__expectedType__":"cc.Asset"},{"__uuid__":"36/Qt2J+JHe4phMQZ4vd1P@591f5","__expectedType__":"cc.Asset"},{"__uuid__":"36/Qt2J+JHe4phMQZ4vd1P@b56ea","__expectedType__":"cc.Asset"},{"__uuid__":"36/Qt2J+JHe4phMQZ4vd1P@1f536","__expectedType__":"cc.Asset"},{"__uuid__":"36/Qt2J+JHe4phMQZ4vd1P@b5063","__expectedType__":"cc.Asset"},{"__uuid__":"36/Qt2J+JHe4phMQZ4vd1P@403a5","__expectedType__":"cc.Asset"}]},{"__type__":"cc.animation.RealTrack","_binding":{"__type__":"cc.animation.TrackBinding","path":{"__id__":211},"proxy":null},"_channel":{"__id__":214}},{"__type__":"cc.animation.TrackPath","_paths":[{"__id__":212},{"__id__":213},"opacity"]},{"__type__":"cc.animation.HierarchyPath","path":"Node_4/Sprite_15_0"},{"__type__":"cc.animation.ComponentPath","component":"cc.UIOpacity"},{"__type__":"cc.animation.Channel","_curve":{"__id__":215}},{"__type__":"cc.RealCurve","bytes":{"__type__":"TypedArrayRef","ctor":"Uint8Array","offset":2022,"length":54},"keyframeValueEditorExtras":[null,null,null,null]},{"__type__":"cc.animation.VectorTrack","_binding":{"__type__":"cc.animation.TrackBinding","path":{"__id__":217},"proxy":null},"_channels":[{"__id__":219},{"__id__":221},{"__id__":223},{"__id__":225}],"_nComponents":3},{"__type__":"cc.animation.TrackPath","_paths":[{"__id__":218},"position"]},{"__type__":"cc.animation.HierarchyPath","path":"Node_4/Sprite_15_0"},{"__type__":"cc.animation.Channel","_curve":{"__id__":220}},{"__type__":"cc.RealCurve","bytes":{"__type__":"TypedArrayRef","ctor":"Uint8Array","offset":2076,"length":42},"keyframeValueEditorExtras":[null,null,null]},{"__type__":"cc.animation.Channel","_curve":{"__id__":222}},{"__type__":"cc.RealCurve","bytes":{"__type__":"TypedArrayRef","ctor":"Uint8Array","offset":2118,"length":42},"keyframeValueEditorExtras":[null,null,null]},{"__type__":"cc.animation.Channel","_curve":{"__id__":224}},{"__type__":"cc.RealCurve","bytes":{"__type__":"TypedArrayRef","ctor":"Uint8Array","offset":2160,"length":42},"keyframeValueEditorExtras":[null,null,null]},{"__type__":"cc.animation.Channel","_curve":{"__id__":226}},{"__type__":"cc.RealCurve","bytes":{"__type__":"TypedArrayRef","ctor":"Uint8Array","offset":2202,"length":6}},{"__type__":"cc.animation.ObjectTrack","_binding":{"__type__":"cc.animation.TrackBinding","path":{"__id__":228},"proxy":null},"_channel":{"__id__":231}},{"__type__":"cc.animation.TrackPath","_paths":[{"__id__":229},{"__id__":230},"spriteFrame"]},{"__type__":"cc.animation.HierarchyPath","path":"Node_4/Sprite_15_0"},{"__type__":"cc.animation.ComponentPath","component":"cc.Sprite"},{"__type__":"cc.animation.Channel","_curve":{"__id__":232}},{"__type__":"cc.ObjectCurve","_times":[0.45,0.4666666666666667,0.48333333333333334,0.5,0.5166666666666667,0.5333333333333333,0.55,0.5666666666666667,0.5833333333333334,0.6,0.6166666666666667,0.6333333333333333,0.65,0.6666666666666666,0.6833333333333333,0.7,0.7166666666666667,0.7333333333333333,0.75,0.7666666666666667,0.7833333333333333,0.8,0.8166666666666667,0.8333333333333334,0.85,0.8666666666666667,0.8833333333333333,0.9,0.9166666666666666,0.9333333333333333],"_values":[{"__uuid__":"36/Qt2J+JHe4phMQZ4vd1P@30cdb","__expectedType__":"cc.Asset"},{"__uuid__":"36/Qt2J+JHe4phMQZ4vd1P@215e6","__expectedType__":"cc.Asset"},{"__uuid__":"36/Qt2J+JHe4phMQZ4vd1P@48174","__expectedType__":"cc.Asset"},{"__uuid__":"36/Qt2J+JHe4phMQZ4vd1P@7d7e0","__expectedType__":"cc.Asset"},{"__uuid__":"36/Qt2J+JHe4phMQZ4vd1P@51c23","__expectedType__":"cc.Asset"},{"__uuid__":"36/Qt2J+JHe4phMQZ4vd1P@a22cf","__expectedType__":"cc.Asset"},{"__uuid__":"36/Qt2J+JHe4phMQZ4vd1P@1bbbb","__expectedType__":"cc.Asset"},{"__uuid__":"36/Qt2J+JHe4phMQZ4vd1P@615cf","__expectedType__":"cc.Asset"},{"__uuid__":"36/Qt2J+JHe4phMQZ4vd1P@977f0","__expectedType__":"cc.Asset"},{"__uuid__":"36/Qt2J+JHe4phMQZ4vd1P@44d95","__expectedType__":"cc.Asset"},{"__uuid__":"36/Qt2J+JHe4phMQZ4vd1P@d520b","__expectedType__":"cc.Asset"},{"__uuid__":"36/Qt2J+JHe4phMQZ4vd1P@a9493","__expectedType__":"cc.Asset"},{"__uuid__":"36/Qt2J+JHe4phMQZ4vd1P@dbc9d","__expectedType__":"cc.Asset"},{"__uuid__":"36/Qt2J+JHe4phMQZ4vd1P@5bb66","__expectedType__":"cc.Asset"},{"__uuid__":"36/Qt2J+JHe4phMQZ4vd1P@f339c","__expectedType__":"cc.Asset"},{"__uuid__":"36/Qt2J+JHe4phMQZ4vd1P@09d11","__expectedType__":"cc.Asset"},{"__uuid__":"36/Qt2J+JHe4phMQZ4vd1P@d1cb8","__expectedType__":"cc.Asset"},{"__uuid__":"36/Qt2J+JHe4phMQZ4vd1P@239f5","__expectedType__":"cc.Asset"},{"__uuid__":"36/Qt2J+JHe4phMQZ4vd1P@ff381","__expectedType__":"cc.Asset"},{"__uuid__":"36/Qt2J+JHe4phMQZ4vd1P@6261a","__expectedType__":"cc.Asset"},{"__uuid__":"36/Qt2J+JHe4phMQZ4vd1P@60d03","__expectedType__":"cc.Asset"},{"__uuid__":"36/Qt2J+JHe4phMQZ4vd1P@d3798","__expectedType__":"cc.Asset"},{"__uuid__":"36/Qt2J+JHe4phMQZ4vd1P@fbd98","__expectedType__":"cc.Asset"},{"__uuid__":"36/Qt2J+JHe4phMQZ4vd1P@cce1e","__expectedType__":"cc.Asset"},{"__uuid__":"36/Qt2J+JHe4phMQZ4vd1P@04b97","__expectedType__":"cc.Asset"},{"__uuid__":"36/Qt2J+JHe4phMQZ4vd1P@591f5","__expectedType__":"cc.Asset"},{"__uuid__":"36/Qt2J+JHe4phMQZ4vd1P@b56ea","__expectedType__":"cc.Asset"},{"__uuid__":"36/Qt2J+JHe4phMQZ4vd1P@1f536","__expectedType__":"cc.Asset"},{"__uuid__":"36/Qt2J+JHe4phMQZ4vd1P@b5063","__expectedType__":"cc.Asset"},{"__uuid__":"36/Qt2J+JHe4phMQZ4vd1P@403a5","__expectedType__":"cc.Asset"}]},{"__type__":"cc.animation.VectorTrack","_binding":{"__type__":"cc.animation.TrackBinding","path":{"__id__":234},"proxy":null},"_channels":[{"__id__":236},{"__id__":238},{"__id__":240},{"__id__":242}],"_nComponents":3},{"__type__":"cc.animation.TrackPath","_paths":[{"__id__":235},"position"]},{"__type__":"cc.animation.HierarchyPath","path":"Node_4"},{"__type__":"cc.animation.Channel","_curve":{"__id__":237}},{"__type__":"cc.RealCurve","bytes":{"__type__":"TypedArrayRef","ctor":"Uint8Array","offset":2208,"length":18},"keyframeValueEditorExtras":[null]},{"__type__":"cc.animation.Channel","_curve":{"__id__":239}},{"__type__":"cc.RealCurve","bytes":{"__type__":"TypedArrayRef","ctor":"Uint8Array","offset":2226,"length":18},"keyframeValueEditorExtras":[null]},{"__type__":"cc.animation.Channel","_curve":{"__id__":241}},{"__type__":"cc.RealCurve","bytes":{"__type__":"TypedArrayRef","ctor":"Uint8Array","offset":2244,"length":18},"keyframeValueEditorExtras":[null]},{"__type__":"cc.animation.Channel","_curve":{"__id__":243}},{"__type__":"cc.RealCurve","bytes":{"__type__":"TypedArrayRef","ctor":"Uint8Array","offset":2262,"length":6}},{"__type__":"cc.animation.VectorTrack","_binding":{"__type__":"cc.animation.TrackBinding","path":{"__id__":245},"proxy":null},"_channels":[{"__id__":247},{"__id__":249},{"__id__":251},{"__id__":253}],"_nComponents":3},{"__type__":"cc.animation.TrackPath","_paths":[{"__id__":246},"position"]},{"__type__":"cc.animation.HierarchyPath","path":"Sprite_36"},{"__type__":"cc.animation.Channel","_curve":{"__id__":248}},{"__type__":"cc.RealCurve","bytes":{"__type__":"TypedArrayRef","ctor":"Uint8Array","offset":2268,"length":18},"keyframeValueEditorExtras":[null]},{"__type__":"cc.animation.Channel","_curve":{"__id__":250}},{"__type__":"cc.RealCurve","bytes":{"__type__":"TypedArrayRef","ctor":"Uint8Array","offset":2286,"length":18},"keyframeValueEditorExtras":[null]},{"__type__":"cc.animation.Channel","_curve":{"__id__":252}},{"__type__":"cc.RealCurve","bytes":{"__type__":"TypedArrayRef","ctor":"Uint8Array","offset":2304,"length":18},"keyframeValueEditorExtras":[null]},{"__type__":"cc.animation.Channel","_curve":{"__id__":254}},{"__type__":"cc.RealCurve","bytes":{"__type__":"TypedArrayRef","ctor":"Uint8Array","offset":2322,"length":6}},{"__type__":"cc.animation.RealTrack","_binding":{"__type__":"cc.animation.TrackBinding","path":{"__id__":256},"proxy":null},"_channel":{"__id__":259}},{"__type__":"cc.animation.TrackPath","_paths":[{"__id__":257},{"__id__":258},"opacity"]},{"__type__":"cc.animation.HierarchyPath","path":"Sprite_36"},{"__type__":"cc.animation.ComponentPath","component":"cc.UIOpacity"},{"__type__":"cc.animation.Channel","_curve":{"__id__":260}},{"__type__":"cc.RealCurve","bytes":{"__type__":"TypedArrayRef","ctor":"Uint8Array","offset":2328,"length":30},"keyframeValueEditorExtras":[null,null]},{"__type__":"cc.animation.ObjectTrack","_binding":{"__type__":"cc.animation.TrackBinding","path":{"__id__":262},"proxy":null},"_channel":{"__id__":265}},{"__type__":"cc.animation.TrackPath","_paths":[{"__id__":263},{"__id__":264},"spriteFrame"]},{"__type__":"cc.animation.HierarchyPath","path":"Sprite_36"},{"__type__":"cc.animation.ComponentPath","component":"cc.Sprite"},{"__type__":"cc.animation.Channel","_curve":{"__id__":266}},{"__type__":"cc.ObjectCurve","_times":[0],"_values":[{"__uuid__":"38qikDnPJOtZuXXKfOUeEg@87005","__expectedType__":"cc.Asset"}]},{"__type__":"cc.animation.RealTrack","_binding":{"__type__":"cc.animation.TrackBinding","path":{"__id__":268},"proxy":null},"_channel":{"__id__":271}},{"__type__":"cc.animation.TrackPath","_paths":[{"__id__":269},{"__id__":270},"opacity"]},{"__type__":"cc.animation.HierarchyPath","path":"tx_youxichang_wangzha_light03_10"},{"__type__":"cc.animation.ComponentPath","component":"cc.UIOpacity"},{"__type__":"cc.animation.Channel","_curve":{"__id__":272}},{"__type__":"cc.RealCurve","bytes":{"__type__":"TypedArrayRef","ctor":"Uint8Array","offset":2358,"length":42},"keyframeValueEditorExtras":[null,null,null]},{"__type__":"cc.animation.VectorTrack","_binding":{"__type__":"cc.animation.TrackBinding","path":{"__id__":274},"proxy":null},"_channels":[{"__id__":276},{"__id__":278},{"__id__":280},{"__id__":282}],"_nComponents":3},{"__type__":"cc.animation.TrackPath","_paths":[{"__id__":275},"position"]},{"__type__":"cc.animation.HierarchyPath","path":"tx_youxichang_wangzha_light03_10"},{"__type__":"cc.animation.Channel","_curve":{"__id__":277}},{"__type__":"cc.RealCurve","bytes":{"__type__":"TypedArrayRef","ctor":"Uint8Array","offset":2400,"length":18},"keyframeValueEditorExtras":[null]},{"__type__":"cc.animation.Channel","_curve":{"__id__":279}},{"__type__":"cc.RealCurve","bytes":{"__type__":"TypedArrayRef","ctor":"Uint8Array","offset":2418,"length":18},"keyframeValueEditorExtras":[null]},{"__type__":"cc.animation.Channel","_curve":{"__id__":281}},{"__type__":"cc.RealCurve","bytes":{"__type__":"TypedArrayRef","ctor":"Uint8Array","offset":2436,"length":18},"keyframeValueEditorExtras":[null]},{"__type__":"cc.animation.Channel","_curve":{"__id__":283}},{"__type__":"cc.RealCurve","bytes":{"__type__":"TypedArrayRef","ctor":"Uint8Array","offset":2454,"length":6}},{"__type__":"cc.animation.ColorTrack","_binding":{"__type__":"cc.animation.TrackBinding","path":{"__id__":285},"proxy":null},"_channels":[{"__id__":287},{"__id__":289},{"__id__":291},{"__id__":293}]},{"__type__":"cc.animation.TrackPath","_paths":[{"__id__":286},"color"]},{"__type__":"cc.animation.HierarchyPath","path":"tx_youxichang_wangzha_light03_10"},{"__type__":"cc.animation.Channel","_curve":{"__id__":288}},{"__type__":"cc.RealCurve","bytes":{"__type__":"TypedArrayRef","ctor":"Uint8Array","offset":2460,"length":18},"keyframeValueEditorExtras":[null]},{"__type__":"cc.animation.Channel","_curve":{"__id__":290}},{"__type__":"cc.RealCurve","bytes":{"__type__":"TypedArrayRef","ctor":"Uint8Array","offset":2478,"length":18},"keyframeValueEditorExtras":[null]},{"__type__":"cc.animation.Channel","_curve":{"__id__":292}},{"__type__":"cc.RealCurve","bytes":{"__type__":"TypedArrayRef","ctor":"Uint8Array","offset":2496,"length":18},"keyframeValueEditorExtras":[null]},{"__type__":"cc.animation.Channel","_curve":{"__id__":294}},{"__type__":"cc.RealCurve","bytes":{"__type__":"TypedArrayRef","ctor":"Uint8Array","offset":2514,"length":18},"keyframeValueEditorExtras":[null]},{"__type__":"cc.animation.ObjectTrack","_binding":{"__type__":"cc.animation.TrackBinding","path":{"__id__":296},"proxy":null},"_channel":{"__id__":299}},{"__type__":"cc.animation.TrackPath","_paths":[{"__id__":297},{"__id__":298},"spriteFrame"]},{"__type__":"cc.animation.HierarchyPath","path":"tx_youxichang_wangzha_light03_10"},{"__type__":"cc.animation.ComponentPath","component":"cc.Sprite"},{"__type__":"cc.animation.Channel","_curve":{"__id__":300}},{"__type__":"cc.ObjectCurve","_times":[0],"_values":[{"__uuid__":"38qikDnPJOtZuXXKfOUeEg@e31b2","__expectedType__":"cc.Asset"}]},{"__type__":"cc.animation.RealTrack","_binding":{"__type__":"cc.animation.TrackBinding","path":{"__id__":302},"proxy":null},"_channel":{"__id__":305}},{"__type__":"cc.animation.TrackPath","_paths":[{"__id__":303},{"__id__":304},"opacity"]},{"__type__":"cc.animation.HierarchyPath","path":"tx_youxichang_wangzha_light03_10_0"},{"__type__":"cc.animation.ComponentPath","component":"cc.UIOpacity"},{"__type__":"cc.animation.Channel","_curve":{"__id__":306}},{"__type__":"cc.RealCurve","bytes":{"__type__":"TypedArrayRef","ctor":"Uint8Array","offset":2532,"length":42},"keyframeValueEditorExtras":[null,null,null]},{"__type__":"cc.animation.VectorTrack","_binding":{"__type__":"cc.animation.TrackBinding","path":{"__id__":308},"proxy":null},"_channels":[{"__id__":310},{"__id__":312},{"__id__":314},{"__id__":316}],"_nComponents":3},{"__type__":"cc.animation.TrackPath","_paths":[{"__id__":309},"position"]},{"__type__":"cc.animation.HierarchyPath","path":"tx_youxichang_wangzha_light03_10_0"},{"__type__":"cc.animation.Channel","_curve":{"__id__":311}},{"__type__":"cc.RealCurve","bytes":{"__type__":"TypedArrayRef","ctor":"Uint8Array","offset":2574,"length":18},"keyframeValueEditorExtras":[null]},{"__type__":"cc.animation.Channel","_curve":{"__id__":313}},{"__type__":"cc.RealCurve","bytes":{"__type__":"TypedArrayRef","ctor":"Uint8Array","offset":2592,"length":18},"keyframeValueEditorExtras":[null]},{"__type__":"cc.animation.Channel","_curve":{"__id__":315}},{"__type__":"cc.RealCurve","bytes":{"__type__":"TypedArrayRef","ctor":"Uint8Array","offset":2610,"length":18},"keyframeValueEditorExtras":[null]},{"__type__":"cc.animation.Channel","_curve":{"__id__":317}},{"__type__":"cc.RealCurve","bytes":{"__type__":"TypedArrayRef","ctor":"Uint8Array","offset":2628,"length":6}},{"__type__":"cc.animation.ColorTrack","_binding":{"__type__":"cc.animation.TrackBinding","path":{"__id__":319},"proxy":null},"_channels":[{"__id__":321},{"__id__":323},{"__id__":325},{"__id__":327}]},{"__type__":"cc.animation.TrackPath","_paths":[{"__id__":320},"color"]},{"__type__":"cc.animation.HierarchyPath","path":"tx_youxichang_wangzha_light03_10_0"},{"__type__":"cc.animation.Channel","_curve":{"__id__":322}},{"__type__":"cc.RealCurve","bytes":{"__type__":"TypedArrayRef","ctor":"Uint8Array","offset":2634,"length":18},"keyframeValueEditorExtras":[null]},{"__type__":"cc.animation.Channel","_curve":{"__id__":324}},{"__type__":"cc.RealCurve","bytes":{"__type__":"TypedArrayRef","ctor":"Uint8Array","offset":2652,"length":18},"keyframeValueEditorExtras":[null]},{"__type__":"cc.animation.Channel","_curve":{"__id__":326}},{"__type__":"cc.RealCurve","bytes":{"__type__":"TypedArrayRef","ctor":"Uint8Array","offset":2670,"length":18},"keyframeValueEditorExtras":[null]},{"__type__":"cc.animation.Channel","_curve":{"__id__":328}},{"__type__":"cc.RealCurve","bytes":{"__type__":"TypedArrayRef","ctor":"Uint8Array","offset":2688,"length":18},"keyframeValueEditorExtras":[null]},{"__type__":"cc.animation.ObjectTrack","_binding":{"__type__":"cc.animation.TrackBinding","path":{"__id__":330},"proxy":null},"_channel":{"__id__":333}},{"__type__":"cc.animation.TrackPath","_paths":[{"__id__":331},{"__id__":332},"spriteFrame"]},{"__type__":"cc.animation.HierarchyPath","path":"tx_youxichang_wangzha_light03_10_0"},{"__type__":"cc.animation.ComponentPath","component":"cc.Sprite"},{"__type__":"cc.animation.Channel","_curve":{"__id__":334}},{"__type__":"cc.ObjectCurve","_times":[0],"_values":[{"__uuid__":"38qikDnPJOtZuXXKfOUeEg@e31b2","__expectedType__":"cc.Asset"}]}],"chunks":[".bin"]}
