{"version":1,"document":[{"__type__":"cc.AnimationClip","_name":"node_famer_win","_objFlags":0,"_native":"","sample":60,"speed":1,"wrapMode":1,"enableTrsBlending":false,"_duration":0.8333333333333334,"_hash":500763545,"_tracks":[{"__id__":1},{"__id__":8},{"__id__":15},{"__id__":22},{"__id__":29},{"__id__":36},{"__id__":43},{"__id__":50},{"__id__":57},{"__id__":64},{"__id__":71},{"__id__":78},{"__id__":84},{"__id__":95},{"__id__":106},{"__id__":111},{"__id__":116},{"__id__":122},{"__id__":133},{"__id__":144},{"__id__":150},{"__id__":161},{"__id__":172},{"__id__":178},{"__id__":184},{"__id__":195},{"__id__":200},{"__id__":205},{"__id__":211},{"__id__":217},{"__id__":228},{"__id__":233},{"__id__":238},{"__id__":244},{"__id__":250},{"__id__":261},{"__id__":266},{"__id__":271},{"__id__":277},{"__id__":283},{"__id__":294},{"__id__":299},{"__id__":304},{"__id__":310},{"__id__":316},{"__id__":322},{"__id__":328},{"__id__":334},{"__id__":340},{"__id__":351},{"__id__":362},{"__id__":368},{"__id__":379},{"__id__":385},{"__id__":391},{"__id__":402},{"__id__":408},{"__id__":419},{"__id__":425},{"__id__":436},{"__id__":442}],"_exoticAnimation":null,"_events":[],"_embeddedPlayers":[]},{"__type__":"cc.animation.UntypedTrack","_binding":{"__type__":"cc.animation.TrackBinding","path":{"__id__":2},"proxy":null},"_channels":[{"__id__":4},{"__id__":6}]},{"__type__":"cc.animation.TrackPath","_paths":[{"__id__":3},"scale"]},{"__type__":"cc.animation.HierarchyPath","path":"Layout/Node_2/sl_yuanquan_5"},{"__type__":"cc.animation.UntypedTrackChannel","_curve":{"__id__":5},"property":"x"},{"__type__":"cc.RealCurve","bytes":{"__type__":"TypedArrayRef","ctor":"Uint8Array","offset":0,"length":30},"keyframeValueEditorExtras":[null,null]},{"__type__":"cc.animation.UntypedTrackChannel","_curve":{"__id__":7},"property":"y"},{"__type__":"cc.RealCurve","bytes":{"__type__":"TypedArrayRef","ctor":"Uint8Array","offset":30,"length":30},"keyframeValueEditorExtras":[null,null]},{"__type__":"cc.animation.UntypedTrack","_binding":{"__type__":"cc.animation.TrackBinding","path":{"__id__":9},"proxy":null},"_channels":[{"__id__":11},{"__id__":13}]},{"__type__":"cc.animation.TrackPath","_paths":[{"__id__":10},"scale"]},{"__type__":"cc.animation.HierarchyPath","path":"Layout/Node_2/tongyong_yuanguang_17"},{"__type__":"cc.animation.UntypedTrackChannel","_curve":{"__id__":12},"property":"x"},{"__type__":"cc.RealCurve","bytes":{"__type__":"TypedArrayRef","ctor":"Uint8Array","offset":60,"length":18},"keyframeValueEditorExtras":[null]},{"__type__":"cc.animation.UntypedTrackChannel","_curve":{"__id__":14},"property":"y"},{"__type__":"cc.RealCurve","bytes":{"__type__":"TypedArrayRef","ctor":"Uint8Array","offset":78,"length":18},"keyframeValueEditorExtras":[null]},{"__type__":"cc.animation.UntypedTrack","_binding":{"__type__":"cc.animation.TrackBinding","path":{"__id__":16},"proxy":null},"_channels":[{"__id__":18},{"__id__":20}]},{"__type__":"cc.animation.TrackPath","_paths":[{"__id__":17},"scale"]},{"__type__":"cc.animation.HierarchyPath","path":"Layout/Node_2/Sprite_15"},{"__type__":"cc.animation.UntypedTrackChannel","_curve":{"__id__":19},"property":"x"},{"__type__":"cc.RealCurve","bytes":{"__type__":"TypedArrayRef","ctor":"Uint8Array","offset":96,"length":30},"keyframeValueEditorExtras":[null,null]},{"__type__":"cc.animation.UntypedTrackChannel","_curve":{"__id__":21},"property":"y"},{"__type__":"cc.RealCurve","bytes":{"__type__":"TypedArrayRef","ctor":"Uint8Array","offset":126,"length":30},"keyframeValueEditorExtras":[null,null]},{"__type__":"cc.animation.UntypedTrack","_binding":{"__type__":"cc.animation.TrackBinding","path":{"__id__":23},"proxy":null},"_channels":[{"__id__":25},{"__id__":27}]},{"__type__":"cc.animation.TrackPath","_paths":[{"__id__":24},"scale"]},{"__type__":"cc.animation.HierarchyPath","path":"Layout/Node_2/sl_piaodai_L_2"},{"__type__":"cc.animation.UntypedTrackChannel","_curve":{"__id__":26},"property":"x"},{"__type__":"cc.RealCurve","bytes":{"__type__":"TypedArrayRef","ctor":"Uint8Array","offset":156,"length":42},"keyframeValueEditorExtras":[null,null,null]},{"__type__":"cc.animation.UntypedTrackChannel","_curve":{"__id__":28},"property":"y"},{"__type__":"cc.RealCurve","bytes":{"__type__":"TypedArrayRef","ctor":"Uint8Array","offset":198,"length":42},"keyframeValueEditorExtras":[null,null,null]},{"__type__":"cc.animation.UntypedTrack","_binding":{"__type__":"cc.animation.TrackBinding","path":{"__id__":30},"proxy":null},"_channels":[{"__id__":32},{"__id__":34}]},{"__type__":"cc.animation.TrackPath","_paths":[{"__id__":31},"scale"]},{"__type__":"cc.animation.HierarchyPath","path":"Layout/Node_2/sl_piaodai_R_3"},{"__type__":"cc.animation.UntypedTrackChannel","_curve":{"__id__":33},"property":"x"},{"__type__":"cc.RealCurve","bytes":{"__type__":"TypedArrayRef","ctor":"Uint8Array","offset":240,"length":42},"keyframeValueEditorExtras":[null,null,null]},{"__type__":"cc.animation.UntypedTrackChannel","_curve":{"__id__":35},"property":"y"},{"__type__":"cc.RealCurve","bytes":{"__type__":"TypedArrayRef","ctor":"Uint8Array","offset":282,"length":42},"keyframeValueEditorExtras":[null,null,null]},{"__type__":"cc.animation.UntypedTrack","_binding":{"__type__":"cc.animation.TrackBinding","path":{"__id__":37},"proxy":null},"_channels":[{"__id__":39},{"__id__":41}]},{"__type__":"cc.animation.TrackPath","_paths":[{"__id__":38},"scale"]},{"__type__":"cc.animation.HierarchyPath","path":"Layout/Node_2/sl_yun_L_6"},{"__type__":"cc.animation.UntypedTrackChannel","_curve":{"__id__":40},"property":"x"},{"__type__":"cc.RealCurve","bytes":{"__type__":"TypedArrayRef","ctor":"Uint8Array","offset":324,"length":42},"keyframeValueEditorExtras":[null,null,null]},{"__type__":"cc.animation.UntypedTrackChannel","_curve":{"__id__":42},"property":"y"},{"__type__":"cc.RealCurve","bytes":{"__type__":"TypedArrayRef","ctor":"Uint8Array","offset":366,"length":42},"keyframeValueEditorExtras":[null,null,null]},{"__type__":"cc.animation.UntypedTrack","_binding":{"__type__":"cc.animation.TrackBinding","path":{"__id__":44},"proxy":null},"_channels":[{"__id__":46},{"__id__":48}]},{"__type__":"cc.animation.TrackPath","_paths":[{"__id__":45},"scale"]},{"__type__":"cc.animation.HierarchyPath","path":"Layout/Node_2/sl_yun_R_7"},{"__type__":"cc.animation.UntypedTrackChannel","_curve":{"__id__":47},"property":"x"},{"__type__":"cc.RealCurve","bytes":{"__type__":"TypedArrayRef","ctor":"Uint8Array","offset":408,"length":42},"keyframeValueEditorExtras":[null,null,null]},{"__type__":"cc.animation.UntypedTrackChannel","_curve":{"__id__":49},"property":"y"},{"__type__":"cc.RealCurve","bytes":{"__type__":"TypedArrayRef","ctor":"Uint8Array","offset":450,"length":42},"keyframeValueEditorExtras":[null,null,null]},{"__type__":"cc.animation.UntypedTrack","_binding":{"__type__":"cc.animation.TrackBinding","path":{"__id__":51},"proxy":null},"_channels":[{"__id__":53},{"__id__":55}]},{"__type__":"cc.animation.TrackPath","_paths":[{"__id__":52},"scale"]},{"__type__":"cc.animation.HierarchyPath","path":"Layout/Node_2/Node_1"},{"__type__":"cc.animation.UntypedTrackChannel","_curve":{"__id__":54},"property":"x"},{"__type__":"cc.RealCurve","bytes":{"__type__":"TypedArrayRef","ctor":"Uint8Array","offset":492,"length":42},"keyframeValueEditorExtras":[null,null,null]},{"__type__":"cc.animation.UntypedTrackChannel","_curve":{"__id__":56},"property":"y"},{"__type__":"cc.RealCurve","bytes":{"__type__":"TypedArrayRef","ctor":"Uint8Array","offset":534,"length":42},"keyframeValueEditorExtras":[null,null,null]},{"__type__":"cc.animation.UntypedTrack","_binding":{"__type__":"cc.animation.TrackBinding","path":{"__id__":58},"proxy":null},"_channels":[{"__id__":60},{"__id__":62}]},{"__type__":"cc.animation.TrackPath","_paths":[{"__id__":59},"scale"]},{"__type__":"cc.animation.HierarchyPath","path":"Layout/Node_2/sl_dzsl_1"},{"__type__":"cc.animation.UntypedTrackChannel","_curve":{"__id__":61},"property":"x"},{"__type__":"cc.RealCurve","bytes":{"__type__":"TypedArrayRef","ctor":"Uint8Array","offset":576,"length":42},"keyframeValueEditorExtras":[null,null,null]},{"__type__":"cc.animation.UntypedTrackChannel","_curve":{"__id__":63},"property":"y"},{"__type__":"cc.RealCurve","bytes":{"__type__":"TypedArrayRef","ctor":"Uint8Array","offset":618,"length":42},"keyframeValueEditorExtras":[null,null,null]},{"__type__":"cc.animation.UntypedTrack","_binding":{"__type__":"cc.animation.TrackBinding","path":{"__id__":65},"proxy":null},"_channels":[{"__id__":67},{"__id__":69}]},{"__type__":"cc.animation.TrackPath","_paths":[{"__id__":66},"scale"]},{"__type__":"cc.animation.HierarchyPath","path":"Layout/Node_2/tx_new_jinji_00005_16"},{"__type__":"cc.animation.UntypedTrackChannel","_curve":{"__id__":68},"property":"x"},{"__type__":"cc.RealCurve","bytes":{"__type__":"TypedArrayRef","ctor":"Uint8Array","offset":660,"length":18},"keyframeValueEditorExtras":[null]},{"__type__":"cc.animation.UntypedTrackChannel","_curve":{"__id__":70},"property":"y"},{"__type__":"cc.RealCurve","bytes":{"__type__":"TypedArrayRef","ctor":"Uint8Array","offset":678,"length":18},"keyframeValueEditorExtras":[null]},{"__type__":"cc.animation.UntypedTrack","_binding":{"__type__":"cc.animation.TrackBinding","path":{"__id__":72},"proxy":null},"_channels":[{"__id__":74},{"__id__":76}]},{"__type__":"cc.animation.TrackPath","_paths":[{"__id__":73},"scale"]},{"__type__":"cc.animation.HierarchyPath","path":"Layout/Node_2/tx_new_jinji3_21"},{"__type__":"cc.animation.UntypedTrackChannel","_curve":{"__id__":75},"property":"x"},{"__type__":"cc.RealCurve","bytes":{"__type__":"TypedArrayRef","ctor":"Uint8Array","offset":696,"length":30},"keyframeValueEditorExtras":[null,null]},{"__type__":"cc.animation.UntypedTrackChannel","_curve":{"__id__":77},"property":"y"},{"__type__":"cc.RealCurve","bytes":{"__type__":"TypedArrayRef","ctor":"Uint8Array","offset":726,"length":30},"keyframeValueEditorExtras":[null,null]},{"__type__":"cc.animation.RealTrack","_binding":{"__type__":"cc.animation.TrackBinding","path":{"__id__":79},"proxy":null},"_channel":{"__id__":82}},{"__type__":"cc.animation.TrackPath","_paths":[{"__id__":80},{"__id__":81},"opacity"]},{"__type__":"cc.animation.HierarchyPath","path":"Layout/LayoutMask"},{"__type__":"cc.animation.ComponentPath","component":"cc.UIOpacity"},{"__type__":"cc.animation.Channel","_curve":{"__id__":83}},{"__type__":"cc.RealCurve","bytes":{"__type__":"TypedArrayRef","ctor":"Uint8Array","offset":756,"length":30},"keyframeValueEditorExtras":[null,null]},{"__type__":"cc.animation.VectorTrack","_binding":{"__type__":"cc.animation.TrackBinding","path":{"__id__":85},"proxy":null},"_channels":[{"__id__":87},{"__id__":89},{"__id__":91},{"__id__":93}],"_nComponents":3},{"__type__":"cc.animation.TrackPath","_paths":[{"__id__":86},"position"]},{"__type__":"cc.animation.HierarchyPath","path":"Layout/Node_2/sl_yuanquan_5"},{"__type__":"cc.animation.Channel","_curve":{"__id__":88}},{"__type__":"cc.RealCurve","bytes":{"__type__":"TypedArrayRef","ctor":"Uint8Array","offset":786,"length":42},"keyframeValueEditorExtras":[null,null,null]},{"__type__":"cc.animation.Channel","_curve":{"__id__":90}},{"__type__":"cc.RealCurve","bytes":{"__type__":"TypedArrayRef","ctor":"Uint8Array","offset":828,"length":42},"keyframeValueEditorExtras":[null,null,null]},{"__type__":"cc.animation.Channel","_curve":{"__id__":92}},{"__type__":"cc.RealCurve","bytes":{"__type__":"TypedArrayRef","ctor":"Uint8Array","offset":870,"length":42},"keyframeValueEditorExtras":[null,null,null]},{"__type__":"cc.animation.Channel","_curve":{"__id__":94}},{"__type__":"cc.RealCurve","bytes":{"__type__":"TypedArrayRef","ctor":"Uint8Array","offset":912,"length":6}},{"__type__":"cc.animation.VectorTrack","_binding":{"__type__":"cc.animation.TrackBinding","path":{"__id__":96},"proxy":null},"_channels":[{"__id__":98},{"__id__":100},{"__id__":102},{"__id__":104}],"_nComponents":3},{"__type__":"cc.animation.TrackPath","_paths":[{"__id__":97},"eulerAngles"]},{"__type__":"cc.animation.HierarchyPath","path":"Layout/Node_2/sl_yuanquan_5"},{"__type__":"cc.animation.Channel","_curve":{"__id__":99}},{"__type__":"cc.RealCurve","bytes":{"__type__":"TypedArrayRef","ctor":"Uint8Array","offset":918,"length":42},"keyframeValueEditorExtras":[null,null,null]},{"__type__":"cc.animation.Channel","_curve":{"__id__":101}},{"__type__":"cc.RealCurve","bytes":{"__type__":"TypedArrayRef","ctor":"Uint8Array","offset":960,"length":42},"keyframeValueEditorExtras":[null,null,null]},{"__type__":"cc.animation.Channel","_curve":{"__id__":103}},{"__type__":"cc.RealCurve","bytes":{"__type__":"TypedArrayRef","ctor":"Uint8Array","offset":1002,"length":42},"keyframeValueEditorExtras":[null,null,null]},{"__type__":"cc.animation.Channel","_curve":{"__id__":105}},{"__type__":"cc.RealCurve","bytes":{"__type__":"TypedArrayRef","ctor":"Uint8Array","offset":1044,"length":6}},{"__type__":"cc.animation.RealTrack","_binding":{"__type__":"cc.animation.TrackBinding","path":{"__id__":107},"proxy":null},"_channel":{"__id__":109}},{"__type__":"cc.animation.TrackPath","_paths":[{"__id__":108},"anchorX"]},{"__type__":"cc.animation.HierarchyPath","path":"Layout/Node_2/sl_yuanquan_5"},{"__type__":"cc.animation.Channel","_curve":{"__id__":110}},{"__type__":"cc.RealCurve","bytes":{"__type__":"TypedArrayRef","ctor":"Uint8Array","offset":1050,"length":30},"keyframeValueEditorExtras":[null,null]},{"__type__":"cc.animation.RealTrack","_binding":{"__type__":"cc.animation.TrackBinding","path":{"__id__":112},"proxy":null},"_channel":{"__id__":114}},{"__type__":"cc.animation.TrackPath","_paths":[{"__id__":113},"anchorY"]},{"__type__":"cc.animation.HierarchyPath","path":"Layout/Node_2/sl_yuanquan_5"},{"__type__":"cc.animation.Channel","_curve":{"__id__":115}},{"__type__":"cc.RealCurve","bytes":{"__type__":"TypedArrayRef","ctor":"Uint8Array","offset":1080,"length":30},"keyframeValueEditorExtras":[null,null]},{"__type__":"cc.animation.RealTrack","_binding":{"__type__":"cc.animation.TrackBinding","path":{"__id__":117},"proxy":null},"_channel":{"__id__":120}},{"__type__":"cc.animation.TrackPath","_paths":[{"__id__":118},{"__id__":119},"opacity"]},{"__type__":"cc.animation.HierarchyPath","path":"Layout/Node_2/sl_yuanquan_5"},{"__type__":"cc.animation.ComponentPath","component":"cc.UIOpacity"},{"__type__":"cc.animation.Channel","_curve":{"__id__":121}},{"__type__":"cc.RealCurve","bytes":{"__type__":"TypedArrayRef","ctor":"Uint8Array","offset":1110,"length":42},"keyframeValueEditorExtras":[null,null,null]},{"__type__":"cc.animation.VectorTrack","_binding":{"__type__":"cc.animation.TrackBinding","path":{"__id__":123},"proxy":null},"_channels":[{"__id__":125},{"__id__":127},{"__id__":129},{"__id__":131}],"_nComponents":3},{"__type__":"cc.animation.TrackPath","_paths":[{"__id__":124},"position"]},{"__type__":"cc.animation.HierarchyPath","path":"Layout/Node_2/tongyong_yuanguang_17"},{"__type__":"cc.animation.Channel","_curve":{"__id__":126}},{"__type__":"cc.RealCurve","bytes":{"__type__":"TypedArrayRef","ctor":"Uint8Array","offset":1152,"length":18},"keyframeValueEditorExtras":[null]},{"__type__":"cc.animation.Channel","_curve":{"__id__":128}},{"__type__":"cc.RealCurve","bytes":{"__type__":"TypedArrayRef","ctor":"Uint8Array","offset":1170,"length":18},"keyframeValueEditorExtras":[null]},{"__type__":"cc.animation.Channel","_curve":{"__id__":130}},{"__type__":"cc.RealCurve","bytes":{"__type__":"TypedArrayRef","ctor":"Uint8Array","offset":1188,"length":18},"keyframeValueEditorExtras":[null]},{"__type__":"cc.animation.Channel","_curve":{"__id__":132}},{"__type__":"cc.RealCurve","bytes":{"__type__":"TypedArrayRef","ctor":"Uint8Array","offset":1206,"length":6}},{"__type__":"cc.animation.ColorTrack","_binding":{"__type__":"cc.animation.TrackBinding","path":{"__id__":134},"proxy":null},"_channels":[{"__id__":136},{"__id__":138},{"__id__":140},{"__id__":142}]},{"__type__":"cc.animation.TrackPath","_paths":[{"__id__":135},"color"]},{"__type__":"cc.animation.HierarchyPath","path":"Layout/Node_2/tongyong_yuanguang_17"},{"__type__":"cc.animation.Channel","_curve":{"__id__":137}},{"__type__":"cc.RealCurve","bytes":{"__type__":"TypedArrayRef","ctor":"Uint8Array","offset":1212,"length":18},"keyframeValueEditorExtras":[null]},{"__type__":"cc.animation.Channel","_curve":{"__id__":139}},{"__type__":"cc.RealCurve","bytes":{"__type__":"TypedArrayRef","ctor":"Uint8Array","offset":1230,"length":18},"keyframeValueEditorExtras":[null]},{"__type__":"cc.animation.Channel","_curve":{"__id__":141}},{"__type__":"cc.RealCurve","bytes":{"__type__":"TypedArrayRef","ctor":"Uint8Array","offset":1248,"length":18},"keyframeValueEditorExtras":[null]},{"__type__":"cc.animation.Channel","_curve":{"__id__":143}},{"__type__":"cc.RealCurve","bytes":{"__type__":"TypedArrayRef","ctor":"Uint8Array","offset":1266,"length":18},"keyframeValueEditorExtras":[null]},{"__type__":"cc.animation.RealTrack","_binding":{"__type__":"cc.animation.TrackBinding","path":{"__id__":145},"proxy":null},"_channel":{"__id__":148}},{"__type__":"cc.animation.TrackPath","_paths":[{"__id__":146},{"__id__":147},"opacity"]},{"__type__":"cc.animation.HierarchyPath","path":"Layout/Node_2/tongyong_yuanguang_17"},{"__type__":"cc.animation.ComponentPath","component":"cc.UIOpacity"},{"__type__":"cc.animation.Channel","_curve":{"__id__":149}},{"__type__":"cc.RealCurve","bytes":{"__type__":"TypedArrayRef","ctor":"Uint8Array","offset":1284,"length":42},"keyframeValueEditorExtras":[null,null,null]},{"__type__":"cc.animation.VectorTrack","_binding":{"__type__":"cc.animation.TrackBinding","path":{"__id__":151},"proxy":null},"_channels":[{"__id__":153},{"__id__":155},{"__id__":157},{"__id__":159}],"_nComponents":3},{"__type__":"cc.animation.TrackPath","_paths":[{"__id__":152},"position"]},{"__type__":"cc.animation.HierarchyPath","path":"Layout/Node_2/Sprite_15"},{"__type__":"cc.animation.Channel","_curve":{"__id__":154}},{"__type__":"cc.RealCurve","bytes":{"__type__":"TypedArrayRef","ctor":"Uint8Array","offset":1326,"length":30},"keyframeValueEditorExtras":[null,null]},{"__type__":"cc.animation.Channel","_curve":{"__id__":156}},{"__type__":"cc.RealCurve","bytes":{"__type__":"TypedArrayRef","ctor":"Uint8Array","offset":1356,"length":30},"keyframeValueEditorExtras":[null,null]},{"__type__":"cc.animation.Channel","_curve":{"__id__":158}},{"__type__":"cc.RealCurve","bytes":{"__type__":"TypedArrayRef","ctor":"Uint8Array","offset":1386,"length":30},"keyframeValueEditorExtras":[null,null]},{"__type__":"cc.animation.Channel","_curve":{"__id__":160}},{"__type__":"cc.RealCurve","bytes":{"__type__":"TypedArrayRef","ctor":"Uint8Array","offset":1416,"length":6}},{"__type__":"cc.animation.VectorTrack","_binding":{"__type__":"cc.animation.TrackBinding","path":{"__id__":162},"proxy":null},"_channels":[{"__id__":164},{"__id__":166},{"__id__":168},{"__id__":170}],"_nComponents":3},{"__type__":"cc.animation.TrackPath","_paths":[{"__id__":163},"eulerAngles"]},{"__type__":"cc.animation.HierarchyPath","path":"Layout/Node_2/Sprite_15"},{"__type__":"cc.animation.Channel","_curve":{"__id__":165}},{"__type__":"cc.RealCurve","bytes":{"__type__":"TypedArrayRef","ctor":"Uint8Array","offset":1422,"length":18},"keyframeValueEditorExtras":[null]},{"__type__":"cc.animation.Channel","_curve":{"__id__":167}},{"__type__":"cc.RealCurve","bytes":{"__type__":"TypedArrayRef","ctor":"Uint8Array","offset":1440,"length":18},"keyframeValueEditorExtras":[null]},{"__type__":"cc.animation.Channel","_curve":{"__id__":169}},{"__type__":"cc.RealCurve","bytes":{"__type__":"TypedArrayRef","ctor":"Uint8Array","offset":1458,"length":18},"keyframeValueEditorExtras":[null]},{"__type__":"cc.animation.Channel","_curve":{"__id__":171}},{"__type__":"cc.RealCurve","bytes":{"__type__":"TypedArrayRef","ctor":"Uint8Array","offset":1476,"length":6}},{"__type__":"cc.animation.RealTrack","_binding":{"__type__":"cc.animation.TrackBinding","path":{"__id__":173},"proxy":null},"_channel":{"__id__":176}},{"__type__":"cc.animation.TrackPath","_paths":[{"__id__":174},{"__id__":175},"opacity"]},{"__type__":"cc.animation.HierarchyPath","path":"Layout/Node_2/Sprite_15"},{"__type__":"cc.animation.ComponentPath","component":"cc.UIOpacity"},{"__type__":"cc.animation.Channel","_curve":{"__id__":177}},{"__type__":"cc.RealCurve","bytes":{"__type__":"TypedArrayRef","ctor":"Uint8Array","offset":1482,"length":42},"keyframeValueEditorExtras":[null,null,null]},{"__type__":"cc.animation.ObjectTrack","_binding":{"__type__":"cc.animation.TrackBinding","path":{"__id__":179},"proxy":null},"_channel":{"__id__":182}},{"__type__":"cc.animation.TrackPath","_paths":[{"__id__":180},{"__id__":181},"spriteFrame"]},{"__type__":"cc.animation.HierarchyPath","path":"Layout/Node_2/Sprite_15"},{"__type__":"cc.animation.ComponentPath","component":"cc.Sprite"},{"__type__":"cc.animation.Channel","_curve":{"__id__":183}},{"__type__":"cc.ObjectCurve","_times":[0],"_values":[{"__uuid__":"68b39dNv5PqZAXbT9CCCE5@564e1","__expectedType__":"cc.Asset"}]},{"__type__":"cc.animation.VectorTrack","_binding":{"__type__":"cc.animation.TrackBinding","path":{"__id__":185},"proxy":null},"_channels":[{"__id__":187},{"__id__":189},{"__id__":191},{"__id__":193}],"_nComponents":3},{"__type__":"cc.animation.TrackPath","_paths":[{"__id__":186},"position"]},{"__type__":"cc.animation.HierarchyPath","path":"Layout/Node_2/sl_piaodai_L_2"},{"__type__":"cc.animation.Channel","_curve":{"__id__":188}},{"__type__":"cc.RealCurve","bytes":{"__type__":"TypedArrayRef","ctor":"Uint8Array","offset":1524,"length":18},"keyframeValueEditorExtras":[null]},{"__type__":"cc.animation.Channel","_curve":{"__id__":190}},{"__type__":"cc.RealCurve","bytes":{"__type__":"TypedArrayRef","ctor":"Uint8Array","offset":1542,"length":18},"keyframeValueEditorExtras":[null]},{"__type__":"cc.animation.Channel","_curve":{"__id__":192}},{"__type__":"cc.RealCurve","bytes":{"__type__":"TypedArrayRef","ctor":"Uint8Array","offset":1560,"length":18},"keyframeValueEditorExtras":[null]},{"__type__":"cc.animation.Channel","_curve":{"__id__":194}},{"__type__":"cc.RealCurve","bytes":{"__type__":"TypedArrayRef","ctor":"Uint8Array","offset":1578,"length":6}},{"__type__":"cc.animation.RealTrack","_binding":{"__type__":"cc.animation.TrackBinding","path":{"__id__":196},"proxy":null},"_channel":{"__id__":198}},{"__type__":"cc.animation.TrackPath","_paths":[{"__id__":197},"anchorX"]},{"__type__":"cc.animation.HierarchyPath","path":"Layout/Node_2/sl_piaodai_L_2"},{"__type__":"cc.animation.Channel","_curve":{"__id__":199}},{"__type__":"cc.RealCurve","bytes":{"__type__":"TypedArrayRef","ctor":"Uint8Array","offset":1584,"length":18},"keyframeValueEditorExtras":[null]},{"__type__":"cc.animation.RealTrack","_binding":{"__type__":"cc.animation.TrackBinding","path":{"__id__":201},"proxy":null},"_channel":{"__id__":203}},{"__type__":"cc.animation.TrackPath","_paths":[{"__id__":202},"anchorY"]},{"__type__":"cc.animation.HierarchyPath","path":"Layout/Node_2/sl_piaodai_L_2"},{"__type__":"cc.animation.Channel","_curve":{"__id__":204}},{"__type__":"cc.RealCurve","bytes":{"__type__":"TypedArrayRef","ctor":"Uint8Array","offset":1602,"length":18},"keyframeValueEditorExtras":[null]},{"__type__":"cc.animation.RealTrack","_binding":{"__type__":"cc.animation.TrackBinding","path":{"__id__":206},"proxy":null},"_channel":{"__id__":209}},{"__type__":"cc.animation.TrackPath","_paths":[{"__id__":207},{"__id__":208},"opacity"]},{"__type__":"cc.animation.HierarchyPath","path":"Layout/Node_2/sl_piaodai_L_2"},{"__type__":"cc.animation.ComponentPath","component":"cc.UIOpacity"},{"__type__":"cc.animation.Channel","_curve":{"__id__":210}},{"__type__":"cc.RealCurve","bytes":{"__type__":"TypedArrayRef","ctor":"Uint8Array","offset":1620,"length":30},"keyframeValueEditorExtras":[null,null]},{"__type__":"cc.animation.ObjectTrack","_binding":{"__type__":"cc.animation.TrackBinding","path":{"__id__":212},"proxy":null},"_channel":{"__id__":215}},{"__type__":"cc.animation.TrackPath","_paths":[{"__id__":213},{"__id__":214},"spriteFrame"]},{"__type__":"cc.animation.HierarchyPath","path":"Layout/Node_2/sl_piaodai_L_2"},{"__type__":"cc.animation.ComponentPath","component":"cc.Sprite"},{"__type__":"cc.animation.Channel","_curve":{"__id__":216}},{"__type__":"cc.ObjectCurve","_times":[0],"_values":[{"__uuid__":"68b39dNv5PqZAXbT9CCCE5@2b4a8","__expectedType__":"cc.Asset"}]},{"__type__":"cc.animation.VectorTrack","_binding":{"__type__":"cc.animation.TrackBinding","path":{"__id__":218},"proxy":null},"_channels":[{"__id__":220},{"__id__":222},{"__id__":224},{"__id__":226}],"_nComponents":3},{"__type__":"cc.animation.TrackPath","_paths":[{"__id__":219},"position"]},{"__type__":"cc.animation.HierarchyPath","path":"Layout/Node_2/sl_piaodai_R_3"},{"__type__":"cc.animation.Channel","_curve":{"__id__":221}},{"__type__":"cc.RealCurve","bytes":{"__type__":"TypedArrayRef","ctor":"Uint8Array","offset":1650,"length":18},"keyframeValueEditorExtras":[null]},{"__type__":"cc.animation.Channel","_curve":{"__id__":223}},{"__type__":"cc.RealCurve","bytes":{"__type__":"TypedArrayRef","ctor":"Uint8Array","offset":1668,"length":18},"keyframeValueEditorExtras":[null]},{"__type__":"cc.animation.Channel","_curve":{"__id__":225}},{"__type__":"cc.RealCurve","bytes":{"__type__":"TypedArrayRef","ctor":"Uint8Array","offset":1686,"length":18},"keyframeValueEditorExtras":[null]},{"__type__":"cc.animation.Channel","_curve":{"__id__":227}},{"__type__":"cc.RealCurve","bytes":{"__type__":"TypedArrayRef","ctor":"Uint8Array","offset":1704,"length":6}},{"__type__":"cc.animation.RealTrack","_binding":{"__type__":"cc.animation.TrackBinding","path":{"__id__":229},"proxy":null},"_channel":{"__id__":231}},{"__type__":"cc.animation.TrackPath","_paths":[{"__id__":230},"anchorX"]},{"__type__":"cc.animation.HierarchyPath","path":"Layout/Node_2/sl_piaodai_R_3"},{"__type__":"cc.animation.Channel","_curve":{"__id__":232}},{"__type__":"cc.RealCurve","bytes":{"__type__":"TypedArrayRef","ctor":"Uint8Array","offset":1710,"length":18},"keyframeValueEditorExtras":[null]},{"__type__":"cc.animation.RealTrack","_binding":{"__type__":"cc.animation.TrackBinding","path":{"__id__":234},"proxy":null},"_channel":{"__id__":236}},{"__type__":"cc.animation.TrackPath","_paths":[{"__id__":235},"anchorY"]},{"__type__":"cc.animation.HierarchyPath","path":"Layout/Node_2/sl_piaodai_R_3"},{"__type__":"cc.animation.Channel","_curve":{"__id__":237}},{"__type__":"cc.RealCurve","bytes":{"__type__":"TypedArrayRef","ctor":"Uint8Array","offset":1728,"length":18},"keyframeValueEditorExtras":[null]},{"__type__":"cc.animation.RealTrack","_binding":{"__type__":"cc.animation.TrackBinding","path":{"__id__":239},"proxy":null},"_channel":{"__id__":242}},{"__type__":"cc.animation.TrackPath","_paths":[{"__id__":240},{"__id__":241},"opacity"]},{"__type__":"cc.animation.HierarchyPath","path":"Layout/Node_2/sl_piaodai_R_3"},{"__type__":"cc.animation.ComponentPath","component":"cc.UIOpacity"},{"__type__":"cc.animation.Channel","_curve":{"__id__":243}},{"__type__":"cc.RealCurve","bytes":{"__type__":"TypedArrayRef","ctor":"Uint8Array","offset":1746,"length":30},"keyframeValueEditorExtras":[null,null]},{"__type__":"cc.animation.ObjectTrack","_binding":{"__type__":"cc.animation.TrackBinding","path":{"__id__":245},"proxy":null},"_channel":{"__id__":248}},{"__type__":"cc.animation.TrackPath","_paths":[{"__id__":246},{"__id__":247},"spriteFrame"]},{"__type__":"cc.animation.HierarchyPath","path":"Layout/Node_2/sl_piaodai_R_3"},{"__type__":"cc.animation.ComponentPath","component":"cc.Sprite"},{"__type__":"cc.animation.Channel","_curve":{"__id__":249}},{"__type__":"cc.ObjectCurve","_times":[0],"_values":[{"__uuid__":"68b39dNv5PqZAXbT9CCCE5@1f990","__expectedType__":"cc.Asset"}]},{"__type__":"cc.animation.VectorTrack","_binding":{"__type__":"cc.animation.TrackBinding","path":{"__id__":251},"proxy":null},"_channels":[{"__id__":253},{"__id__":255},{"__id__":257},{"__id__":259}],"_nComponents":3},{"__type__":"cc.animation.TrackPath","_paths":[{"__id__":252},"position"]},{"__type__":"cc.animation.HierarchyPath","path":"Layout/Node_2/sl_yun_L_6"},{"__type__":"cc.animation.Channel","_curve":{"__id__":254}},{"__type__":"cc.RealCurve","bytes":{"__type__":"TypedArrayRef","ctor":"Uint8Array","offset":1776,"length":18},"keyframeValueEditorExtras":[null]},{"__type__":"cc.animation.Channel","_curve":{"__id__":256}},{"__type__":"cc.RealCurve","bytes":{"__type__":"TypedArrayRef","ctor":"Uint8Array","offset":1794,"length":18},"keyframeValueEditorExtras":[null]},{"__type__":"cc.animation.Channel","_curve":{"__id__":258}},{"__type__":"cc.RealCurve","bytes":{"__type__":"TypedArrayRef","ctor":"Uint8Array","offset":1812,"length":18},"keyframeValueEditorExtras":[null]},{"__type__":"cc.animation.Channel","_curve":{"__id__":260}},{"__type__":"cc.RealCurve","bytes":{"__type__":"TypedArrayRef","ctor":"Uint8Array","offset":1830,"length":6}},{"__type__":"cc.animation.RealTrack","_binding":{"__type__":"cc.animation.TrackBinding","path":{"__id__":262},"proxy":null},"_channel":{"__id__":264}},{"__type__":"cc.animation.TrackPath","_paths":[{"__id__":263},"anchorX"]},{"__type__":"cc.animation.HierarchyPath","path":"Layout/Node_2/sl_yun_L_6"},{"__type__":"cc.animation.Channel","_curve":{"__id__":265}},{"__type__":"cc.RealCurve","bytes":{"__type__":"TypedArrayRef","ctor":"Uint8Array","offset":1836,"length":18},"keyframeValueEditorExtras":[null]},{"__type__":"cc.animation.RealTrack","_binding":{"__type__":"cc.animation.TrackBinding","path":{"__id__":267},"proxy":null},"_channel":{"__id__":269}},{"__type__":"cc.animation.TrackPath","_paths":[{"__id__":268},"anchorY"]},{"__type__":"cc.animation.HierarchyPath","path":"Layout/Node_2/sl_yun_L_6"},{"__type__":"cc.animation.Channel","_curve":{"__id__":270}},{"__type__":"cc.RealCurve","bytes":{"__type__":"TypedArrayRef","ctor":"Uint8Array","offset":1854,"length":18},"keyframeValueEditorExtras":[null]},{"__type__":"cc.animation.RealTrack","_binding":{"__type__":"cc.animation.TrackBinding","path":{"__id__":272},"proxy":null},"_channel":{"__id__":275}},{"__type__":"cc.animation.TrackPath","_paths":[{"__id__":273},{"__id__":274},"opacity"]},{"__type__":"cc.animation.HierarchyPath","path":"Layout/Node_2/sl_yun_L_6"},{"__type__":"cc.animation.ComponentPath","component":"cc.UIOpacity"},{"__type__":"cc.animation.Channel","_curve":{"__id__":276}},{"__type__":"cc.RealCurve","bytes":{"__type__":"TypedArrayRef","ctor":"Uint8Array","offset":1872,"length":30},"keyframeValueEditorExtras":[null,null]},{"__type__":"cc.animation.ObjectTrack","_binding":{"__type__":"cc.animation.TrackBinding","path":{"__id__":278},"proxy":null},"_channel":{"__id__":281}},{"__type__":"cc.animation.TrackPath","_paths":[{"__id__":279},{"__id__":280},"spriteFrame"]},{"__type__":"cc.animation.HierarchyPath","path":"Layout/Node_2/sl_yun_L_6"},{"__type__":"cc.animation.ComponentPath","component":"cc.Sprite"},{"__type__":"cc.animation.Channel","_curve":{"__id__":282}},{"__type__":"cc.ObjectCurve","_times":[0],"_values":[{"__uuid__":"68b39dNv5PqZAXbT9CCCE5@e46f3","__expectedType__":"cc.Asset"}]},{"__type__":"cc.animation.VectorTrack","_binding":{"__type__":"cc.animation.TrackBinding","path":{"__id__":284},"proxy":null},"_channels":[{"__id__":286},{"__id__":288},{"__id__":290},{"__id__":292}],"_nComponents":3},{"__type__":"cc.animation.TrackPath","_paths":[{"__id__":285},"position"]},{"__type__":"cc.animation.HierarchyPath","path":"Layout/Node_2/sl_yun_R_7"},{"__type__":"cc.animation.Channel","_curve":{"__id__":287}},{"__type__":"cc.RealCurve","bytes":{"__type__":"TypedArrayRef","ctor":"Uint8Array","offset":1902,"length":18},"keyframeValueEditorExtras":[null]},{"__type__":"cc.animation.Channel","_curve":{"__id__":289}},{"__type__":"cc.RealCurve","bytes":{"__type__":"TypedArrayRef","ctor":"Uint8Array","offset":1920,"length":18},"keyframeValueEditorExtras":[null]},{"__type__":"cc.animation.Channel","_curve":{"__id__":291}},{"__type__":"cc.RealCurve","bytes":{"__type__":"TypedArrayRef","ctor":"Uint8Array","offset":1938,"length":18},"keyframeValueEditorExtras":[null]},{"__type__":"cc.animation.Channel","_curve":{"__id__":293}},{"__type__":"cc.RealCurve","bytes":{"__type__":"TypedArrayRef","ctor":"Uint8Array","offset":1956,"length":6}},{"__type__":"cc.animation.RealTrack","_binding":{"__type__":"cc.animation.TrackBinding","path":{"__id__":295},"proxy":null},"_channel":{"__id__":297}},{"__type__":"cc.animation.TrackPath","_paths":[{"__id__":296},"anchorX"]},{"__type__":"cc.animation.HierarchyPath","path":"Layout/Node_2/sl_yun_R_7"},{"__type__":"cc.animation.Channel","_curve":{"__id__":298}},{"__type__":"cc.RealCurve","bytes":{"__type__":"TypedArrayRef","ctor":"Uint8Array","offset":1962,"length":18},"keyframeValueEditorExtras":[null]},{"__type__":"cc.animation.RealTrack","_binding":{"__type__":"cc.animation.TrackBinding","path":{"__id__":300},"proxy":null},"_channel":{"__id__":302}},{"__type__":"cc.animation.TrackPath","_paths":[{"__id__":301},"anchorY"]},{"__type__":"cc.animation.HierarchyPath","path":"Layout/Node_2/sl_yun_R_7"},{"__type__":"cc.animation.Channel","_curve":{"__id__":303}},{"__type__":"cc.RealCurve","bytes":{"__type__":"TypedArrayRef","ctor":"Uint8Array","offset":1980,"length":18},"keyframeValueEditorExtras":[null]},{"__type__":"cc.animation.RealTrack","_binding":{"__type__":"cc.animation.TrackBinding","path":{"__id__":305},"proxy":null},"_channel":{"__id__":308}},{"__type__":"cc.animation.TrackPath","_paths":[{"__id__":306},{"__id__":307},"opacity"]},{"__type__":"cc.animation.HierarchyPath","path":"Layout/Node_2/sl_yun_R_7"},{"__type__":"cc.animation.ComponentPath","component":"cc.UIOpacity"},{"__type__":"cc.animation.Channel","_curve":{"__id__":309}},{"__type__":"cc.RealCurve","bytes":{"__type__":"TypedArrayRef","ctor":"Uint8Array","offset":1998,"length":30},"keyframeValueEditorExtras":[null,null]},{"__type__":"cc.animation.ObjectTrack","_binding":{"__type__":"cc.animation.TrackBinding","path":{"__id__":311},"proxy":null},"_channel":{"__id__":314}},{"__type__":"cc.animation.TrackPath","_paths":[{"__id__":312},{"__id__":313},"spriteFrame"]},{"__type__":"cc.animation.HierarchyPath","path":"Layout/Node_2/sl_yun_R_7"},{"__type__":"cc.animation.ComponentPath","component":"cc.Sprite"},{"__type__":"cc.animation.Channel","_curve":{"__id__":315}},{"__type__":"cc.ObjectCurve","_times":[0],"_values":[{"__uuid__":"68b39dNv5PqZAXbT9CCCE5@d5521","__expectedType__":"cc.Asset"}]},{"__type__":"cc.animation.ObjectTrack","_binding":{"__type__":"cc.animation.TrackBinding","path":{"__id__":317},"proxy":null},"_channel":{"__id__":320}},{"__type__":"cc.animation.TrackPath","_paths":[{"__id__":318},{"__id__":319},"spriteFrame"]},{"__type__":"cc.animation.HierarchyPath","path":"Layout/Node_2/Node_1/sl_nm_youshou_3"},{"__type__":"cc.animation.ComponentPath","component":"cc.Sprite"},{"__type__":"cc.animation.Channel","_curve":{"__id__":321}},{"__type__":"cc.ObjectCurve","_times":[0],"_values":[{"__uuid__":"68b39dNv5PqZAXbT9CCCE5@edad9","__expectedType__":"cc.Asset"}]},{"__type__":"cc.animation.ObjectTrack","_binding":{"__type__":"cc.animation.TrackBinding","path":{"__id__":323},"proxy":null},"_channel":{"__id__":326}},{"__type__":"cc.animation.TrackPath","_paths":[{"__id__":324},{"__id__":325},"spriteFrame"]},{"__type__":"cc.animation.HierarchyPath","path":"Layout/Node_2/Node_1/sl_nm_shenti_2"},{"__type__":"cc.animation.ComponentPath","component":"cc.Sprite"},{"__type__":"cc.animation.Channel","_curve":{"__id__":327}},{"__type__":"cc.ObjectCurve","_times":[0],"_values":[{"__uuid__":"68b39dNv5PqZAXbT9CCCE5@2a324","__expectedType__":"cc.Asset"}]},{"__type__":"cc.animation.ObjectTrack","_binding":{"__type__":"cc.animation.TrackBinding","path":{"__id__":329},"proxy":null},"_channel":{"__id__":332}},{"__type__":"cc.animation.TrackPath","_paths":[{"__id__":330},{"__id__":331},"spriteFrame"]},{"__type__":"cc.animation.HierarchyPath","path":"Layout/Node_2/Node_1/sl_nm_tou_1"},{"__type__":"cc.animation.ComponentPath","component":"cc.Sprite"},{"__type__":"cc.animation.Channel","_curve":{"__id__":333}},{"__type__":"cc.ObjectCurve","_times":[0],"_values":[{"__uuid__":"68b39dNv5PqZAXbT9CCCE5@25d78","__expectedType__":"cc.Asset"}]},{"__type__":"cc.animation.ObjectTrack","_binding":{"__type__":"cc.animation.TrackBinding","path":{"__id__":335},"proxy":null},"_channel":{"__id__":338}},{"__type__":"cc.animation.TrackPath","_paths":[{"__id__":336},{"__id__":337},"spriteFrame"]},{"__type__":"cc.animation.HierarchyPath","path":"Layout/Node_2/Node_1/sl_nm_zuoshou_4"},{"__type__":"cc.animation.ComponentPath","component":"cc.Sprite"},{"__type__":"cc.animation.Channel","_curve":{"__id__":339}},{"__type__":"cc.ObjectCurve","_times":[0],"_values":[{"__uuid__":"68b39dNv5PqZAXbT9CCCE5@72ad7","__expectedType__":"cc.Asset"}]},{"__type__":"cc.animation.VectorTrack","_binding":{"__type__":"cc.animation.TrackBinding","path":{"__id__":341},"proxy":null},"_channels":[{"__id__":343},{"__id__":345},{"__id__":347},{"__id__":349}],"_nComponents":3},{"__type__":"cc.animation.TrackPath","_paths":[{"__id__":342},"position"]},{"__type__":"cc.animation.HierarchyPath","path":"Layout/Node_2/Node_1"},{"__type__":"cc.animation.Channel","_curve":{"__id__":344}},{"__type__":"cc.RealCurve","bytes":{"__type__":"TypedArrayRef","ctor":"Uint8Array","offset":2028,"length":30},"keyframeValueEditorExtras":[null,null]},{"__type__":"cc.animation.Channel","_curve":{"__id__":346}},{"__type__":"cc.RealCurve","bytes":{"__type__":"TypedArrayRef","ctor":"Uint8Array","offset":2058,"length":30},"keyframeValueEditorExtras":[null,null]},{"__type__":"cc.animation.Channel","_curve":{"__id__":348}},{"__type__":"cc.RealCurve","bytes":{"__type__":"TypedArrayRef","ctor":"Uint8Array","offset":2088,"length":30},"keyframeValueEditorExtras":[null,null]},{"__type__":"cc.animation.Channel","_curve":{"__id__":350}},{"__type__":"cc.RealCurve","bytes":{"__type__":"TypedArrayRef","ctor":"Uint8Array","offset":2118,"length":6}},{"__type__":"cc.animation.VectorTrack","_binding":{"__type__":"cc.animation.TrackBinding","path":{"__id__":352},"proxy":null},"_channels":[{"__id__":354},{"__id__":356},{"__id__":358},{"__id__":360}],"_nComponents":3},{"__type__":"cc.animation.TrackPath","_paths":[{"__id__":353},"eulerAngles"]},{"__type__":"cc.animation.HierarchyPath","path":"Layout/Node_2/Node_1"},{"__type__":"cc.animation.Channel","_curve":{"__id__":355}},{"__type__":"cc.RealCurve","bytes":{"__type__":"TypedArrayRef","ctor":"Uint8Array","offset":2124,"length":18},"keyframeValueEditorExtras":[null]},{"__type__":"cc.animation.Channel","_curve":{"__id__":357}},{"__type__":"cc.RealCurve","bytes":{"__type__":"TypedArrayRef","ctor":"Uint8Array","offset":2142,"length":18},"keyframeValueEditorExtras":[null]},{"__type__":"cc.animation.Channel","_curve":{"__id__":359}},{"__type__":"cc.RealCurve","bytes":{"__type__":"TypedArrayRef","ctor":"Uint8Array","offset":2160,"length":18},"keyframeValueEditorExtras":[null]},{"__type__":"cc.animation.Channel","_curve":{"__id__":361}},{"__type__":"cc.RealCurve","bytes":{"__type__":"TypedArrayRef","ctor":"Uint8Array","offset":2178,"length":6}},{"__type__":"cc.animation.RealTrack","_binding":{"__type__":"cc.animation.TrackBinding","path":{"__id__":363},"proxy":null},"_channel":{"__id__":366}},{"__type__":"cc.animation.TrackPath","_paths":[{"__id__":364},{"__id__":365},"opacity"]},{"__type__":"cc.animation.HierarchyPath","path":"Layout/Node_2/Node_1"},{"__type__":"cc.animation.ComponentPath","component":"cc.UIOpacity"},{"__type__":"cc.animation.Channel","_curve":{"__id__":367}},{"__type__":"cc.RealCurve","bytes":{"__type__":"TypedArrayRef","ctor":"Uint8Array","offset":2184,"length":30},"keyframeValueEditorExtras":[null,null]},{"__type__":"cc.animation.VectorTrack","_binding":{"__type__":"cc.animation.TrackBinding","path":{"__id__":369},"proxy":null},"_channels":[{"__id__":371},{"__id__":373},{"__id__":375},{"__id__":377}],"_nComponents":3},{"__type__":"cc.animation.TrackPath","_paths":[{"__id__":370},"position"]},{"__type__":"cc.animation.HierarchyPath","path":"Layout/Node_2/sl_dzsl_1"},{"__type__":"cc.animation.Channel","_curve":{"__id__":372}},{"__type__":"cc.RealCurve","bytes":{"__type__":"TypedArrayRef","ctor":"Uint8Array","offset":2214,"length":18},"keyframeValueEditorExtras":[null]},{"__type__":"cc.animation.Channel","_curve":{"__id__":374}},{"__type__":"cc.RealCurve","bytes":{"__type__":"TypedArrayRef","ctor":"Uint8Array","offset":2232,"length":18},"keyframeValueEditorExtras":[null]},{"__type__":"cc.animation.Channel","_curve":{"__id__":376}},{"__type__":"cc.RealCurve","bytes":{"__type__":"TypedArrayRef","ctor":"Uint8Array","offset":2250,"length":18},"keyframeValueEditorExtras":[null]},{"__type__":"cc.animation.Channel","_curve":{"__id__":378}},{"__type__":"cc.RealCurve","bytes":{"__type__":"TypedArrayRef","ctor":"Uint8Array","offset":2268,"length":6}},{"__type__":"cc.animation.RealTrack","_binding":{"__type__":"cc.animation.TrackBinding","path":{"__id__":380},"proxy":null},"_channel":{"__id__":383}},{"__type__":"cc.animation.TrackPath","_paths":[{"__id__":381},{"__id__":382},"opacity"]},{"__type__":"cc.animation.HierarchyPath","path":"Layout/Node_2/sl_dzsl_1"},{"__type__":"cc.animation.ComponentPath","component":"cc.UIOpacity"},{"__type__":"cc.animation.Channel","_curve":{"__id__":384}},{"__type__":"cc.RealCurve","bytes":{"__type__":"TypedArrayRef","ctor":"Uint8Array","offset":2274,"length":30},"keyframeValueEditorExtras":[null,null]},{"__type__":"cc.animation.ObjectTrack","_binding":{"__type__":"cc.animation.TrackBinding","path":{"__id__":386},"proxy":null},"_channel":{"__id__":389}},{"__type__":"cc.animation.TrackPath","_paths":[{"__id__":387},{"__id__":388},"spriteFrame"]},{"__type__":"cc.animation.HierarchyPath","path":"Layout/Node_2/sl_dzsl_1"},{"__type__":"cc.animation.ComponentPath","component":"cc.Sprite"},{"__type__":"cc.animation.Channel","_curve":{"__id__":390}},{"__type__":"cc.ObjectCurve","_times":[0],"_values":[{"__uuid__":"68b39dNv5PqZAXbT9CCCE5@e9dd3","__expectedType__":"cc.Asset"}]},{"__type__":"cc.animation.VectorTrack","_binding":{"__type__":"cc.animation.TrackBinding","path":{"__id__":392},"proxy":null},"_channels":[{"__id__":394},{"__id__":396},{"__id__":398},{"__id__":400}],"_nComponents":3},{"__type__":"cc.animation.TrackPath","_paths":[{"__id__":393},"position"]},{"__type__":"cc.animation.HierarchyPath","path":"Layout/Node_2/tx_new_jinji_00005_16"},{"__type__":"cc.animation.Channel","_curve":{"__id__":395}},{"__type__":"cc.RealCurve","bytes":{"__type__":"TypedArrayRef","ctor":"Uint8Array","offset":2304,"length":18},"keyframeValueEditorExtras":[null]},{"__type__":"cc.animation.Channel","_curve":{"__id__":397}},{"__type__":"cc.RealCurve","bytes":{"__type__":"TypedArrayRef","ctor":"Uint8Array","offset":2322,"length":18},"keyframeValueEditorExtras":[null]},{"__type__":"cc.animation.Channel","_curve":{"__id__":399}},{"__type__":"cc.RealCurve","bytes":{"__type__":"TypedArrayRef","ctor":"Uint8Array","offset":2340,"length":18},"keyframeValueEditorExtras":[null]},{"__type__":"cc.animation.Channel","_curve":{"__id__":401}},{"__type__":"cc.RealCurve","bytes":{"__type__":"TypedArrayRef","ctor":"Uint8Array","offset":2358,"length":6}},{"__type__":"cc.animation.RealTrack","_binding":{"__type__":"cc.animation.TrackBinding","path":{"__id__":403},"proxy":null},"_channel":{"__id__":406}},{"__type__":"cc.animation.TrackPath","_paths":[{"__id__":404},{"__id__":405},"opacity"]},{"__type__":"cc.animation.HierarchyPath","path":"Layout/Node_2/tx_new_jinji_00005_16"},{"__type__":"cc.animation.ComponentPath","component":"cc.UIOpacity"},{"__type__":"cc.animation.Channel","_curve":{"__id__":407}},{"__type__":"cc.RealCurve","bytes":{"__type__":"TypedArrayRef","ctor":"Uint8Array","offset":2364,"length":42},"keyframeValueEditorExtras":[null,null,null]},{"__type__":"cc.animation.VectorTrack","_binding":{"__type__":"cc.animation.TrackBinding","path":{"__id__":409},"proxy":null},"_channels":[{"__id__":411},{"__id__":413},{"__id__":415},{"__id__":417}],"_nComponents":3},{"__type__":"cc.animation.TrackPath","_paths":[{"__id__":410},"eulerAngles"]},{"__type__":"cc.animation.HierarchyPath","path":"Layout/Node_2/tx_new_jinji_00005_16"},{"__type__":"cc.animation.Channel","_curve":{"__id__":412}},{"__type__":"cc.RealCurve","bytes":{"__type__":"TypedArrayRef","ctor":"Uint8Array","offset":2406,"length":18},"keyframeValueEditorExtras":[null]},{"__type__":"cc.animation.Channel","_curve":{"__id__":414}},{"__type__":"cc.RealCurve","bytes":{"__type__":"TypedArrayRef","ctor":"Uint8Array","offset":2424,"length":18},"keyframeValueEditorExtras":[null]},{"__type__":"cc.animation.Channel","_curve":{"__id__":416}},{"__type__":"cc.RealCurve","bytes":{"__type__":"TypedArrayRef","ctor":"Uint8Array","offset":2442,"length":18},"keyframeValueEditorExtras":[null]},{"__type__":"cc.animation.Channel","_curve":{"__id__":418}},{"__type__":"cc.RealCurve","bytes":{"__type__":"TypedArrayRef","ctor":"Uint8Array","offset":2460,"length":6}},{"__type__":"cc.animation.ObjectTrack","_binding":{"__type__":"cc.animation.TrackBinding","path":{"__id__":420},"proxy":null},"_channel":{"__id__":423}},{"__type__":"cc.animation.TrackPath","_paths":[{"__id__":421},{"__id__":422},"spriteFrame"]},{"__type__":"cc.animation.HierarchyPath","path":"Layout/Node_2/tx_new_jinji_00005_16"},{"__type__":"cc.animation.ComponentPath","component":"cc.Sprite"},{"__type__":"cc.animation.Channel","_curve":{"__id__":424}},{"__type__":"cc.ObjectCurve","_times":[0.2,0.21666666666666667,0.23333333333333334,0.25,0.26666666666666666,0.2833333333333333,0.3,0.31666666666666665,0.3333333333333333,0.35,0.36666666666666664],"_values":[{"__uuid__":"68b39dNv5PqZAXbT9CCCE5@cb973","__expectedType__":"cc.Asset"},{"__uuid__":"68b39dNv5PqZAXbT9CCCE5@cb973","__expectedType__":"cc.Asset"},{"__uuid__":"68b39dNv5PqZAXbT9CCCE5@cb973","__expectedType__":"cc.Asset"},{"__uuid__":"68b39dNv5PqZAXbT9CCCE5@21853","__expectedType__":"cc.Asset"},{"__uuid__":"68b39dNv5PqZAXbT9CCCE5@d2015","__expectedType__":"cc.Asset"},{"__uuid__":"68b39dNv5PqZAXbT9CCCE5@99f3e","__expectedType__":"cc.Asset"},{"__uuid__":"68b39dNv5PqZAXbT9CCCE5@ffa7d","__expectedType__":"cc.Asset"},{"__uuid__":"68b39dNv5PqZAXbT9CCCE5@02325","__expectedType__":"cc.Asset"},{"__uuid__":"68b39dNv5PqZAXbT9CCCE5@fcc03","__expectedType__":"cc.Asset"},{"__uuid__":"68b39dNv5PqZAXbT9CCCE5@32db6","__expectedType__":"cc.Asset"},{"__uuid__":"68b39dNv5PqZAXbT9CCCE5@bd846","__expectedType__":"cc.Asset"}]},{"__type__":"cc.animation.VectorTrack","_binding":{"__type__":"cc.animation.TrackBinding","path":{"__id__":426},"proxy":null},"_channels":[{"__id__":428},{"__id__":430},{"__id__":432},{"__id__":434}],"_nComponents":3},{"__type__":"cc.animation.TrackPath","_paths":[{"__id__":427},"position"]},{"__type__":"cc.animation.HierarchyPath","path":"Layout/Node_2/tx_new_jinji3_21"},{"__type__":"cc.animation.Channel","_curve":{"__id__":429}},{"__type__":"cc.RealCurve","bytes":{"__type__":"TypedArrayRef","ctor":"Uint8Array","offset":2466,"length":30},"keyframeValueEditorExtras":[null,null]},{"__type__":"cc.animation.Channel","_curve":{"__id__":431}},{"__type__":"cc.RealCurve","bytes":{"__type__":"TypedArrayRef","ctor":"Uint8Array","offset":2496,"length":30},"keyframeValueEditorExtras":[null,null]},{"__type__":"cc.animation.Channel","_curve":{"__id__":433}},{"__type__":"cc.RealCurve","bytes":{"__type__":"TypedArrayRef","ctor":"Uint8Array","offset":2526,"length":30},"keyframeValueEditorExtras":[null,null]},{"__type__":"cc.animation.Channel","_curve":{"__id__":435}},{"__type__":"cc.RealCurve","bytes":{"__type__":"TypedArrayRef","ctor":"Uint8Array","offset":2556,"length":6}},{"__type__":"cc.animation.RealTrack","_binding":{"__type__":"cc.animation.TrackBinding","path":{"__id__":437},"proxy":null},"_channel":{"__id__":440}},{"__type__":"cc.animation.TrackPath","_paths":[{"__id__":438},{"__id__":439},"opacity"]},{"__type__":"cc.animation.HierarchyPath","path":"Layout/Node_2/tx_new_jinji3_21"},{"__type__":"cc.animation.ComponentPath","component":"cc.UIOpacity"},{"__type__":"cc.animation.Channel","_curve":{"__id__":441}},{"__type__":"cc.RealCurve","bytes":{"__type__":"TypedArrayRef","ctor":"Uint8Array","offset":2562,"length":42},"keyframeValueEditorExtras":[null,null,null]},{"__type__":"cc.animation.ObjectTrack","_binding":{"__type__":"cc.animation.TrackBinding","path":{"__id__":443},"proxy":null},"_channel":{"__id__":446}},{"__type__":"cc.animation.TrackPath","_paths":[{"__id__":444},{"__id__":445},"spriteFrame"]},{"__type__":"cc.animation.HierarchyPath","path":"Layout/Node_2/tx_new_jinji3_21"},{"__type__":"cc.animation.ComponentPath","component":"cc.Sprite"},{"__type__":"cc.animation.Channel","_curve":{"__id__":447}},{"__type__":"cc.ObjectCurve","_times":[0.03333333333333333],"_values":[{"__uuid__":"68b39dNv5PqZAXbT9CCCE5@6b249","__expectedType__":"cc.Asset"}]}],"chunks":[".bin"]}
