[1,["85dmCp2VNBY5o4Mmi2xwOg@6c48a","85dmCp2VNBY5o4Mmi2xwOg@f9941"],["_textureSource","spriteFrame"],["cc.SpriteFrame",["cc.BitmapFont",["_name","fontSize","fntConfig"],0]],[[1,0,1,2,4]],[[[{"name":"pz_z_d-num","rect":{"x":0,"y":0,"width":260,"height":962},"offset":{"x":-126,"y":31},"originalSize":{"width":512,"height":1024},"rotated":false,"capInsets":[0,0,0,0],"vertices":{"rawPosition":[-130,-481,0,130,-481,0,-130,481,0,130,481,0],"indexes":[0,1,2,2,1,3],"uv":[0,1024,260,1024,0,62,260,62],"nuv":[0,0.060546875,0.5078125,0.060546875,0,1,0.5078125,1],"minPos":{"x":-130,"y":-481,"z":0},"maxPos":{"x":130,"y":481,"z":0}},"packable":true,"pixelsToUnit":100,"pivot":{"x":0.5,"y":0.5},"meshType":0}],[0],0,[0],[0],[0]],[[[0,"pz_z_d-num",32,{"commonHeight":110,"fontSize":32,"atlasName":"pz_z_d-num.png","fontDefDictionary":{"9":{"xOffset":0,"yOffset":0,"xAdvance":8,"rect":{"x":0,"y":0,"width":0,"height":0}},"32":{"xOffset":0,"yOffset":0,"xAdvance":1,"rect":{"x":0,"y":0,"width":0,"height":0}},"48":{"xOffset":0,"yOffset":17,"xAdvance":65,"rect":{"x":172,"y":202,"width":65,"height":93}},"49":{"xOffset":0,"yOffset":18,"xAdvance":58,"rect":{"x":200,"y":642,"width":58,"height":92}},"50":{"xOffset":0,"yOffset":18,"xAdvance":63,"rect":{"x":174,"y":94,"width":63,"height":92}},"51":{"xOffset":0,"yOffset":18,"xAdvance":64,"rect":{"x":172,"y":296,"width":64,"height":93}},"52":{"xOffset":0,"yOffset":18,"xAdvance":67,"rect":{"x":106,"y":109,"width":67,"height":92}},"53":{"xOffset":0,"yOffset":19,"xAdvance":65,"rect":{"x":106,"y":202,"width":65,"height":92}},"54":{"xOffset":0,"yOffset":18,"xAdvance":65,"rect":{"x":106,"y":295,"width":65,"height":93}},"55":{"xOffset":0,"yOffset":19,"xAdvance":62,"rect":{"x":197,"y":750,"width":62,"height":91}},"56":{"xOffset":0,"yOffset":17,"xAdvance":63,"rect":{"x":173,"y":0,"width":63,"height":93}},"57":{"xOffset":0,"yOffset":17,"xAdvance":65,"rect":{"x":107,"y":0,"width":65,"height":93}},"88":{"xOffset":0,"yOffset":31,"xAdvance":58,"rect":{"x":202,"y":540,"width":58,"height":66}},"19981":{"xOffset":0,"yOffset":7,"xAdvance":104,"rect":{"x":0,"y":432,"width":104,"height":99}},"20027":{"xOffset":0,"yOffset":3,"xAdvance":103,"rect":{"x":104,"y":859,"width":103,"height":103}},"20493":{"xOffset":0,"yOffset":2,"xAdvance":106,"rect":{"x":0,"y":0,"width":106,"height":108}},"20934":{"xOffset":0,"yOffset":2,"xAdvance":104,"rect":{"x":0,"y":532,"width":104,"height":108}},"20986":{"xOffset":0,"yOffset":3,"xAdvance":91,"rect":{"x":105,"y":750,"width":91,"height":106}},"21152":{"xOffset":0,"yOffset":3,"xAdvance":101,"rect":{"x":105,"y":432,"width":101,"height":107}},"21483":{"xOffset":0,"yOffset":3,"xAdvance":94,"rect":{"x":105,"y":642,"width":94,"height":107}},"22320":{"xOffset":0,"yOffset":3,"xAdvance":105,"rect":{"x":0,"y":109,"width":105,"height":104}},"22791":{"xOffset":0,"yOffset":2,"xAdvance":104,"rect":{"x":0,"y":641,"width":104,"height":108}},"25250":{"xOffset":0,"yOffset":2,"xAdvance":105,"rect":{"x":0,"y":214,"width":105,"height":108}},"26126":{"xOffset":0,"yOffset":7,"xAdvance":96,"rect":{"x":105,"y":540,"width":96,"height":101}},"29260":{"xOffset":0,"yOffset":2,"xAdvance":104,"rect":{"x":0,"y":750,"width":104,"height":108}},"35201":{"xOffset":0,"yOffset":5,"xAdvance":103,"rect":{"x":0,"y":859,"width":103,"height":100}},"36215":{"xOffset":0,"yOffset":2,"xAdvance":105,"rect":{"x":0,"y":323,"width":105,"height":108}}},"kerningDict":{}}]],0,0,[0],[1],[1]]]]
