[1,["7eTDJpzMxCb77XKHOgizRZ@6c48a"],["_textureSource"],["cc.SpriteFrame"],0,[{"name":"DDZ_beijing","rect":{"x":0,"y":0,"width":2340,"height":1080},"offset":{"x":0,"y":0},"originalSize":{"width":2340,"height":1080},"rotated":false,"capInsets":[0,0,0,0],"vertices":{"rawPosition":[-1170,-540,0,1170,-540,0,-1170,540,0,1170,540,0],"indexes":[0,1,2,2,1,3],"uv":[0,1080,2340,1080,0,0,2340,0],"nuv":[0,0,1,0,0,1,1,1],"minPos":{"x":-1170,"y":-540,"z":0},"maxPos":{"x":1170,"y":540,"z":0}},"packable":true,"pixelsToUnit":100,"pivot":{"x":0.5,"y":0.5},"meshType":0}],[0],0,[0],[0],[0]]
