{"importBase":"import","nativeBase":"native","name":"main","deps":[],"uuids":["baIUdvKGZPgZxNbjWTFuRI","e0oW28t79DBJLPKz2OyIuc","fdjsU2o1RKF5x0TziDw3jI"],"paths":{"0":["db:/internal/physics/default-physics-material",1],"2":["db:/internal/default_renderpipeline/builtin-forward",0]},"scenes":{"db://assets/app/App.scene":1},"packs":{},"versions":{"import":[0,"8bce7",1,"b95f1",2,"731f4"],"native":[]},"redirect":[],"debug":false,"extensionMap":{},"hasPreloadScript":true,"types":["cc.RenderPipeline","cc.PhysicsMaterial"],"encrypted":true}
