{"version":1,"document":[{"__type__":"cc.AnimationClip","_name":"node_settlement_win","_objFlags":0,"__editorExtras__":{"embeddedPlayerGroups":[]},"_native":"","sample":60,"speed":1,"wrapMode":1,"enableTrsBlending":false,"_duration":1.25,"_hash":500763545,"_tracks":[{"__id__":1},{"__id__":7},{"__id__":12},{"__id__":17},{"__id__":23},{"__id__":34},{"__id__":45},{"__id__":51},{"__id__":62},{"__id__":73},{"__id__":78},{"__id__":83},{"__id__":89},{"__id__":95},{"__id__":106},{"__id__":117},{"__id__":122},{"__id__":127},{"__id__":133},{"__id__":139},{"__id__":150},{"__id__":156},{"__id__":162},{"__id__":173},{"__id__":179},{"__id__":185},{"__id__":196},{"__id__":202},{"__id__":208},{"__id__":219},{"__id__":230},{"__id__":236},{"__id__":242},{"__id__":253},{"__id__":264},{"__id__":270},{"__id__":276},{"__id__":287},{"__id__":293},{"__id__":299},{"__id__":310},{"__id__":316},{"__id__":322},{"__id__":333},{"__id__":344},{"__id__":350},{"__id__":361},{"__id__":372},{"__id__":378},{"__id__":384},{"__id__":395},{"__id__":406},{"__id__":417},{"__id__":428},{"__id__":439},{"__id__":450},{"__id__":461},{"__id__":472},{"__id__":483},{"__id__":494}],"_exoticAnimation":null,"_events":[],"_embeddedPlayers":[]},{"__type__":"cc.animation.RealTrack","_binding":{"__type__":"cc.animation.TrackBinding","path":{"__id__":2},"proxy":null},"_channel":{"__id__":5}},{"__type__":"cc.animation.TrackPath","_paths":[{"__id__":3},{"__id__":4},"opacity"]},{"__type__":"cc.animation.HierarchyPath","path":"Layout/LayoutMask"},{"__type__":"cc.animation.ComponentPath","component":"cc.UIOpacity"},{"__type__":"cc.animation.Channel","_curve":{"__id__":6}},{"__type__":"cc.RealCurve","bytes":{"__type__":"TypedArrayRef","ctor":"Uint8Array","offset":0,"length":30},"keyframeValueEditorExtras":[null,null]},{"__type__":"cc.animation.RealTrack","_binding":{"__type__":"cc.animation.TrackBinding","path":{"__id__":8},"proxy":null},"_channel":{"__id__":10}},{"__type__":"cc.animation.TrackPath","_paths":[{"__id__":9},"anchorX"]},{"__type__":"cc.animation.HierarchyPath","path":"Layout/Layout_close"},{"__type__":"cc.animation.Channel","_curve":{"__id__":11}},{"__type__":"cc.RealCurve","bytes":{"__type__":"TypedArrayRef","ctor":"Uint8Array","offset":30,"length":18},"keyframeValueEditorExtras":[null]},{"__type__":"cc.animation.RealTrack","_binding":{"__type__":"cc.animation.TrackBinding","path":{"__id__":13},"proxy":null},"_channel":{"__id__":15}},{"__type__":"cc.animation.TrackPath","_paths":[{"__id__":14},"anchorY"]},{"__type__":"cc.animation.HierarchyPath","path":"Layout/Layout_close"},{"__type__":"cc.animation.Channel","_curve":{"__id__":16}},{"__type__":"cc.RealCurve","bytes":{"__type__":"TypedArrayRef","ctor":"Uint8Array","offset":48,"length":18},"keyframeValueEditorExtras":[null]},{"__type__":"cc.animation.RealTrack","_binding":{"__type__":"cc.animation.TrackBinding","path":{"__id__":18},"proxy":null},"_channel":{"__id__":21}},{"__type__":"cc.animation.TrackPath","_paths":[{"__id__":19},{"__id__":20},"opacity"]},{"__type__":"cc.animation.HierarchyPath","path":"Layout/Layout_close"},{"__type__":"cc.animation.ComponentPath","component":"cc.UIOpacity"},{"__type__":"cc.animation.Channel","_curve":{"__id__":22}},{"__type__":"cc.RealCurve","bytes":{"__type__":"TypedArrayRef","ctor":"Uint8Array","offset":66,"length":30},"keyframeValueEditorExtras":[null,null]},{"__type__":"cc.animation.VectorTrack","_binding":{"__type__":"cc.animation.TrackBinding","path":{"__id__":24},"proxy":null},"_channels":[{"__id__":26},{"__id__":28},{"__id__":30},{"__id__":32}],"_nComponents":3},{"__type__":"cc.animation.TrackPath","_paths":[{"__id__":25},"position"]},{"__type__":"cc.animation.HierarchyPath","path":"Layout/node_middle/BG_parent/Sprite_SettlementBG"},{"__type__":"cc.animation.Channel","_curve":{"__id__":27}},{"__type__":"cc.RealCurve","bytes":{"__type__":"TypedArrayRef","ctor":"Uint8Array","offset":96,"length":54},"keyframeValueEditorExtras":[null,null,null,null]},{"__type__":"cc.animation.Channel","_curve":{"__id__":29}},{"__type__":"cc.RealCurve","bytes":{"__type__":"TypedArrayRef","ctor":"Uint8Array","offset":150,"length":54},"keyframeValueEditorExtras":[null,null,null,null]},{"__type__":"cc.animation.Channel","_curve":{"__id__":31}},{"__type__":"cc.RealCurve","bytes":{"__type__":"TypedArrayRef","ctor":"Uint8Array","offset":204,"length":54},"keyframeValueEditorExtras":[null,null,null,null]},{"__type__":"cc.animation.Channel","_curve":{"__id__":33}},{"__type__":"cc.RealCurve","bytes":{"__type__":"TypedArrayRef","ctor":"Uint8Array","offset":258,"length":6}},{"__type__":"cc.animation.VectorTrack","_binding":{"__type__":"cc.animation.TrackBinding","path":{"__id__":35},"proxy":null},"_channels":[{"__id__":37},{"__id__":39},{"__id__":41},{"__id__":43}],"_nComponents":3},{"__type__":"cc.animation.TrackPath","_paths":[{"__id__":36},"eulerAngles"]},{"__type__":"cc.animation.HierarchyPath","path":"Layout/node_middle/BG_parent/Sprite_SettlementBG"},{"__type__":"cc.animation.Channel","_curve":{"__id__":38}},{"__type__":"cc.RealCurve","bytes":{"__type__":"TypedArrayRef","ctor":"Uint8Array","offset":264,"length":54},"keyframeValueEditorExtras":[null,null,null,null]},{"__type__":"cc.animation.Channel","_curve":{"__id__":40}},{"__type__":"cc.RealCurve","bytes":{"__type__":"TypedArrayRef","ctor":"Uint8Array","offset":318,"length":54},"keyframeValueEditorExtras":[null,null,null,null]},{"__type__":"cc.animation.Channel","_curve":{"__id__":42}},{"__type__":"cc.RealCurve","bytes":{"__type__":"TypedArrayRef","ctor":"Uint8Array","offset":372,"length":54},"keyframeValueEditorExtras":[null,null,null,null]},{"__type__":"cc.animation.Channel","_curve":{"__id__":44}},{"__type__":"cc.RealCurve","bytes":{"__type__":"TypedArrayRef","ctor":"Uint8Array","offset":426,"length":6}},{"__type__":"cc.animation.RealTrack","_binding":{"__type__":"cc.animation.TrackBinding","path":{"__id__":46},"proxy":null},"_channel":{"__id__":49}},{"__type__":"cc.animation.TrackPath","_paths":[{"__id__":47},{"__id__":48},"opacity"]},{"__type__":"cc.animation.HierarchyPath","path":"Layout/node_middle/BG_parent/Sprite_SettlementBG"},{"__type__":"cc.animation.ComponentPath","component":"cc.UIOpacity"},{"__type__":"cc.animation.Channel","_curve":{"__id__":50}},{"__type__":"cc.RealCurve","bytes":{"__type__":"TypedArrayRef","ctor":"Uint8Array","offset":432,"length":54},"keyframeValueEditorExtras":[null,null,null,null]},{"__type__":"cc.animation.VectorTrack","_binding":{"__type__":"cc.animation.TrackBinding","path":{"__id__":52},"proxy":null},"_channels":[{"__id__":54},{"__id__":56},{"__id__":58},{"__id__":60}],"_nComponents":3},{"__type__":"cc.animation.TrackPath","_paths":[{"__id__":53},"position"]},{"__type__":"cc.animation.HierarchyPath","path":"Layout/node_middle/js_sz_di5_6"},{"__type__":"cc.animation.Channel","_curve":{"__id__":55}},{"__type__":"cc.RealCurve","bytes":{"__type__":"TypedArrayRef","ctor":"Uint8Array","offset":486,"length":30},"keyframeValueEditorExtras":[null,null]},{"__type__":"cc.animation.Channel","_curve":{"__id__":57}},{"__type__":"cc.RealCurve","bytes":{"__type__":"TypedArrayRef","ctor":"Uint8Array","offset":516,"length":30},"keyframeValueEditorExtras":[null,null]},{"__type__":"cc.animation.Channel","_curve":{"__id__":59}},{"__type__":"cc.RealCurve","bytes":{"__type__":"TypedArrayRef","ctor":"Uint8Array","offset":546,"length":30},"keyframeValueEditorExtras":[null,null]},{"__type__":"cc.animation.Channel","_curve":{"__id__":61}},{"__type__":"cc.RealCurve","bytes":{"__type__":"TypedArrayRef","ctor":"Uint8Array","offset":576,"length":6}},{"__type__":"cc.animation.VectorTrack","_binding":{"__type__":"cc.animation.TrackBinding","path":{"__id__":63},"proxy":null},"_channels":[{"__id__":65},{"__id__":67},{"__id__":69},{"__id__":71}],"_nComponents":3},{"__type__":"cc.animation.TrackPath","_paths":[{"__id__":64},"eulerAngles"]},{"__type__":"cc.animation.HierarchyPath","path":"Layout/node_middle/js_sz_di5_6"},{"__type__":"cc.animation.Channel","_curve":{"__id__":66}},{"__type__":"cc.RealCurve","bytes":{"__type__":"TypedArrayRef","ctor":"Uint8Array","offset":582,"length":42},"keyframeValueEditorExtras":[null,null,null]},{"__type__":"cc.animation.Channel","_curve":{"__id__":68}},{"__type__":"cc.RealCurve","bytes":{"__type__":"TypedArrayRef","ctor":"Uint8Array","offset":624,"length":42},"keyframeValueEditorExtras":[null,null,null]},{"__type__":"cc.animation.Channel","_curve":{"__id__":70}},{"__type__":"cc.RealCurve","bytes":{"__type__":"TypedArrayRef","ctor":"Uint8Array","offset":666,"length":42},"keyframeValueEditorExtras":[null,null,null]},{"__type__":"cc.animation.Channel","_curve":{"__id__":72}},{"__type__":"cc.RealCurve","bytes":{"__type__":"TypedArrayRef","ctor":"Uint8Array","offset":708,"length":6}},{"__type__":"cc.animation.RealTrack","_binding":{"__type__":"cc.animation.TrackBinding","path":{"__id__":74},"proxy":null},"_channel":{"__id__":76}},{"__type__":"cc.animation.TrackPath","_paths":[{"__id__":75},"anchorX"]},{"__type__":"cc.animation.HierarchyPath","path":"Layout/node_middle/js_sz_di5_6"},{"__type__":"cc.animation.Channel","_curve":{"__id__":77}},{"__type__":"cc.RealCurve","bytes":{"__type__":"TypedArrayRef","ctor":"Uint8Array","offset":714,"length":18},"keyframeValueEditorExtras":[null]},{"__type__":"cc.animation.RealTrack","_binding":{"__type__":"cc.animation.TrackBinding","path":{"__id__":79},"proxy":null},"_channel":{"__id__":81}},{"__type__":"cc.animation.TrackPath","_paths":[{"__id__":80},"anchorY"]},{"__type__":"cc.animation.HierarchyPath","path":"Layout/node_middle/js_sz_di5_6"},{"__type__":"cc.animation.Channel","_curve":{"__id__":82}},{"__type__":"cc.RealCurve","bytes":{"__type__":"TypedArrayRef","ctor":"Uint8Array","offset":732,"length":18},"keyframeValueEditorExtras":[null]},{"__type__":"cc.animation.RealTrack","_binding":{"__type__":"cc.animation.TrackBinding","path":{"__id__":84},"proxy":null},"_channel":{"__id__":87}},{"__type__":"cc.animation.TrackPath","_paths":[{"__id__":85},{"__id__":86},"opacity"]},{"__type__":"cc.animation.HierarchyPath","path":"Layout/node_middle/js_sz_di5_6"},{"__type__":"cc.animation.ComponentPath","component":"cc.UIOpacity"},{"__type__":"cc.animation.Channel","_curve":{"__id__":88}},{"__type__":"cc.RealCurve","bytes":{"__type__":"TypedArrayRef","ctor":"Uint8Array","offset":750,"length":30},"keyframeValueEditorExtras":[null,null]},{"__type__":"cc.animation.ObjectTrack","_binding":{"__type__":"cc.animation.TrackBinding","path":{"__id__":90},"proxy":null},"_channel":{"__id__":93}},{"__type__":"cc.animation.TrackPath","_paths":[{"__id__":91},{"__id__":92},"spriteFrame"]},{"__type__":"cc.animation.HierarchyPath","path":"Layout/node_middle/js_sz_di5_6"},{"__type__":"cc.animation.ComponentPath","component":"cc.Sprite"},{"__type__":"cc.animation.Channel","_curve":{"__id__":94}},{"__type__":"cc.ObjectCurve","_times":[0],"_values":[{"__uuid__":"18/HkNG9BH9qsB2Wiy82hE@6e817","__expectedType__":"cc.Asset"}]},{"__type__":"cc.animation.VectorTrack","_binding":{"__type__":"cc.animation.TrackBinding","path":{"__id__":96},"proxy":null},"_channels":[{"__id__":98},{"__id__":100},{"__id__":102},{"__id__":104}],"_nComponents":3},{"__type__":"cc.animation.TrackPath","_paths":[{"__id__":97},"position"]},{"__type__":"cc.animation.HierarchyPath","path":"Layout/node_middle/js_sz_di4_7"},{"__type__":"cc.animation.Channel","_curve":{"__id__":99}},{"__type__":"cc.RealCurve","bytes":{"__type__":"TypedArrayRef","ctor":"Uint8Array","offset":780,"length":30},"keyframeValueEditorExtras":[null,null]},{"__type__":"cc.animation.Channel","_curve":{"__id__":101}},{"__type__":"cc.RealCurve","bytes":{"__type__":"TypedArrayRef","ctor":"Uint8Array","offset":810,"length":30},"keyframeValueEditorExtras":[null,null]},{"__type__":"cc.animation.Channel","_curve":{"__id__":103}},{"__type__":"cc.RealCurve","bytes":{"__type__":"TypedArrayRef","ctor":"Uint8Array","offset":840,"length":30},"keyframeValueEditorExtras":[null,null]},{"__type__":"cc.animation.Channel","_curve":{"__id__":105}},{"__type__":"cc.RealCurve","bytes":{"__type__":"TypedArrayRef","ctor":"Uint8Array","offset":870,"length":6}},{"__type__":"cc.animation.VectorTrack","_binding":{"__type__":"cc.animation.TrackBinding","path":{"__id__":107},"proxy":null},"_channels":[{"__id__":109},{"__id__":111},{"__id__":113},{"__id__":115}],"_nComponents":3},{"__type__":"cc.animation.TrackPath","_paths":[{"__id__":108},"eulerAngles"]},{"__type__":"cc.animation.HierarchyPath","path":"Layout/node_middle/js_sz_di4_7"},{"__type__":"cc.animation.Channel","_curve":{"__id__":110}},{"__type__":"cc.RealCurve","bytes":{"__type__":"TypedArrayRef","ctor":"Uint8Array","offset":876,"length":30},"keyframeValueEditorExtras":[null,null]},{"__type__":"cc.animation.Channel","_curve":{"__id__":112}},{"__type__":"cc.RealCurve","bytes":{"__type__":"TypedArrayRef","ctor":"Uint8Array","offset":906,"length":30},"keyframeValueEditorExtras":[null,null]},{"__type__":"cc.animation.Channel","_curve":{"__id__":114}},{"__type__":"cc.RealCurve","bytes":{"__type__":"TypedArrayRef","ctor":"Uint8Array","offset":936,"length":30},"keyframeValueEditorExtras":[null,null]},{"__type__":"cc.animation.Channel","_curve":{"__id__":116}},{"__type__":"cc.RealCurve","bytes":{"__type__":"TypedArrayRef","ctor":"Uint8Array","offset":966,"length":6}},{"__type__":"cc.animation.RealTrack","_binding":{"__type__":"cc.animation.TrackBinding","path":{"__id__":118},"proxy":null},"_channel":{"__id__":120}},{"__type__":"cc.animation.TrackPath","_paths":[{"__id__":119},"anchorX"]},{"__type__":"cc.animation.HierarchyPath","path":"Layout/node_middle/js_sz_di4_7"},{"__type__":"cc.animation.Channel","_curve":{"__id__":121}},{"__type__":"cc.RealCurve","bytes":{"__type__":"TypedArrayRef","ctor":"Uint8Array","offset":972,"length":18},"keyframeValueEditorExtras":[null]},{"__type__":"cc.animation.RealTrack","_binding":{"__type__":"cc.animation.TrackBinding","path":{"__id__":123},"proxy":null},"_channel":{"__id__":125}},{"__type__":"cc.animation.TrackPath","_paths":[{"__id__":124},"anchorY"]},{"__type__":"cc.animation.HierarchyPath","path":"Layout/node_middle/js_sz_di4_7"},{"__type__":"cc.animation.Channel","_curve":{"__id__":126}},{"__type__":"cc.RealCurve","bytes":{"__type__":"TypedArrayRef","ctor":"Uint8Array","offset":990,"length":18},"keyframeValueEditorExtras":[null]},{"__type__":"cc.animation.RealTrack","_binding":{"__type__":"cc.animation.TrackBinding","path":{"__id__":128},"proxy":null},"_channel":{"__id__":131}},{"__type__":"cc.animation.TrackPath","_paths":[{"__id__":129},{"__id__":130},"opacity"]},{"__type__":"cc.animation.HierarchyPath","path":"Layout/node_middle/js_sz_di4_7"},{"__type__":"cc.animation.ComponentPath","component":"cc.UIOpacity"},{"__type__":"cc.animation.Channel","_curve":{"__id__":132}},{"__type__":"cc.RealCurve","bytes":{"__type__":"TypedArrayRef","ctor":"Uint8Array","offset":1008,"length":30},"keyframeValueEditorExtras":[null,null]},{"__type__":"cc.animation.ObjectTrack","_binding":{"__type__":"cc.animation.TrackBinding","path":{"__id__":134},"proxy":null},"_channel":{"__id__":137}},{"__type__":"cc.animation.TrackPath","_paths":[{"__id__":135},{"__id__":136},"spriteFrame"]},{"__type__":"cc.animation.HierarchyPath","path":"Layout/node_middle/js_sz_di4_7"},{"__type__":"cc.animation.ComponentPath","component":"cc.Sprite"},{"__type__":"cc.animation.Channel","_curve":{"__id__":138}},{"__type__":"cc.ObjectCurve","_times":[0],"_values":[{"__uuid__":"18/HkNG9BH9qsB2Wiy82hE@41902","__expectedType__":"cc.Asset"}]},{"__type__":"cc.animation.VectorTrack","_binding":{"__type__":"cc.animation.TrackBinding","path":{"__id__":140},"proxy":null},"_channels":[{"__id__":142},{"__id__":144},{"__id__":146},{"__id__":148}],"_nComponents":3},{"__type__":"cc.animation.TrackPath","_paths":[{"__id__":141},"position"]},{"__type__":"cc.animation.HierarchyPath","path":"Layout/node_middle/js_sz_1_8"},{"__type__":"cc.animation.Channel","_curve":{"__id__":143}},{"__type__":"cc.RealCurve","bytes":{"__type__":"TypedArrayRef","ctor":"Uint8Array","offset":1038,"length":18},"keyframeValueEditorExtras":[null]},{"__type__":"cc.animation.Channel","_curve":{"__id__":145}},{"__type__":"cc.RealCurve","bytes":{"__type__":"TypedArrayRef","ctor":"Uint8Array","offset":1056,"length":18},"keyframeValueEditorExtras":[null]},{"__type__":"cc.animation.Channel","_curve":{"__id__":147}},{"__type__":"cc.RealCurve","bytes":{"__type__":"TypedArrayRef","ctor":"Uint8Array","offset":1074,"length":18},"keyframeValueEditorExtras":[null]},{"__type__":"cc.animation.Channel","_curve":{"__id__":149}},{"__type__":"cc.RealCurve","bytes":{"__type__":"TypedArrayRef","ctor":"Uint8Array","offset":1092,"length":6}},{"__type__":"cc.animation.RealTrack","_binding":{"__type__":"cc.animation.TrackBinding","path":{"__id__":151},"proxy":null},"_channel":{"__id__":154}},{"__type__":"cc.animation.TrackPath","_paths":[{"__id__":152},{"__id__":153},"opacity"]},{"__type__":"cc.animation.HierarchyPath","path":"Layout/node_middle/js_sz_1_8"},{"__type__":"cc.animation.ComponentPath","component":"cc.UIOpacity"},{"__type__":"cc.animation.Channel","_curve":{"__id__":155}},{"__type__":"cc.RealCurve","bytes":{"__type__":"TypedArrayRef","ctor":"Uint8Array","offset":1098,"length":30},"keyframeValueEditorExtras":[null,null]},{"__type__":"cc.animation.ObjectTrack","_binding":{"__type__":"cc.animation.TrackBinding","path":{"__id__":157},"proxy":null},"_channel":{"__id__":160}},{"__type__":"cc.animation.TrackPath","_paths":[{"__id__":158},{"__id__":159},"spriteFrame"]},{"__type__":"cc.animation.HierarchyPath","path":"Layout/node_middle/js_sz_1_8"},{"__type__":"cc.animation.ComponentPath","component":"cc.Sprite"},{"__type__":"cc.animation.Channel","_curve":{"__id__":161}},{"__type__":"cc.ObjectCurve","_times":[0],"_values":[{"__uuid__":"18/HkNG9BH9qsB2Wiy82hE@27d50","__expectedType__":"cc.Asset"}]},{"__type__":"cc.animation.VectorTrack","_binding":{"__type__":"cc.animation.TrackBinding","path":{"__id__":163},"proxy":null},"_channels":[{"__id__":165},{"__id__":167},{"__id__":169},{"__id__":171}],"_nComponents":3},{"__type__":"cc.animation.TrackPath","_paths":[{"__id__":164},"position"]},{"__type__":"cc.animation.HierarchyPath","path":"Layout/node_middle/js_sz_2_9"},{"__type__":"cc.animation.Channel","_curve":{"__id__":166}},{"__type__":"cc.RealCurve","bytes":{"__type__":"TypedArrayRef","ctor":"Uint8Array","offset":1128,"length":18},"keyframeValueEditorExtras":[null]},{"__type__":"cc.animation.Channel","_curve":{"__id__":168}},{"__type__":"cc.RealCurve","bytes":{"__type__":"TypedArrayRef","ctor":"Uint8Array","offset":1146,"length":18},"keyframeValueEditorExtras":[null]},{"__type__":"cc.animation.Channel","_curve":{"__id__":170}},{"__type__":"cc.RealCurve","bytes":{"__type__":"TypedArrayRef","ctor":"Uint8Array","offset":1164,"length":18},"keyframeValueEditorExtras":[null]},{"__type__":"cc.animation.Channel","_curve":{"__id__":172}},{"__type__":"cc.RealCurve","bytes":{"__type__":"TypedArrayRef","ctor":"Uint8Array","offset":1182,"length":6}},{"__type__":"cc.animation.RealTrack","_binding":{"__type__":"cc.animation.TrackBinding","path":{"__id__":174},"proxy":null},"_channel":{"__id__":177}},{"__type__":"cc.animation.TrackPath","_paths":[{"__id__":175},{"__id__":176},"opacity"]},{"__type__":"cc.animation.HierarchyPath","path":"Layout/node_middle/js_sz_2_9"},{"__type__":"cc.animation.ComponentPath","component":"cc.UIOpacity"},{"__type__":"cc.animation.Channel","_curve":{"__id__":178}},{"__type__":"cc.RealCurve","bytes":{"__type__":"TypedArrayRef","ctor":"Uint8Array","offset":1188,"length":30},"keyframeValueEditorExtras":[null,null]},{"__type__":"cc.animation.ObjectTrack","_binding":{"__type__":"cc.animation.TrackBinding","path":{"__id__":180},"proxy":null},"_channel":{"__id__":183}},{"__type__":"cc.animation.TrackPath","_paths":[{"__id__":181},{"__id__":182},"spriteFrame"]},{"__type__":"cc.animation.HierarchyPath","path":"Layout/node_middle/js_sz_2_9"},{"__type__":"cc.animation.ComponentPath","component":"cc.Sprite"},{"__type__":"cc.animation.Channel","_curve":{"__id__":184}},{"__type__":"cc.ObjectCurve","_times":[0],"_values":[{"__uuid__":"18/HkNG9BH9qsB2Wiy82hE@7f866","__expectedType__":"cc.Asset"}]},{"__type__":"cc.animation.VectorTrack","_binding":{"__type__":"cc.animation.TrackBinding","path":{"__id__":186},"proxy":null},"_channels":[{"__id__":188},{"__id__":190},{"__id__":192},{"__id__":194}],"_nComponents":3},{"__type__":"cc.animation.TrackPath","_paths":[{"__id__":187},"position"]},{"__type__":"cc.animation.HierarchyPath","path":"Layout/node_middle/Sprite_10"},{"__type__":"cc.animation.Channel","_curve":{"__id__":189}},{"__type__":"cc.RealCurve","bytes":{"__type__":"TypedArrayRef","ctor":"Uint8Array","offset":1218,"length":18},"keyframeValueEditorExtras":[null]},{"__type__":"cc.animation.Channel","_curve":{"__id__":191}},{"__type__":"cc.RealCurve","bytes":{"__type__":"TypedArrayRef","ctor":"Uint8Array","offset":1236,"length":18},"keyframeValueEditorExtras":[null]},{"__type__":"cc.animation.Channel","_curve":{"__id__":193}},{"__type__":"cc.RealCurve","bytes":{"__type__":"TypedArrayRef","ctor":"Uint8Array","offset":1254,"length":18},"keyframeValueEditorExtras":[null]},{"__type__":"cc.animation.Channel","_curve":{"__id__":195}},{"__type__":"cc.RealCurve","bytes":{"__type__":"TypedArrayRef","ctor":"Uint8Array","offset":1272,"length":6}},{"__type__":"cc.animation.RealTrack","_binding":{"__type__":"cc.animation.TrackBinding","path":{"__id__":197},"proxy":null},"_channel":{"__id__":200}},{"__type__":"cc.animation.TrackPath","_paths":[{"__id__":198},{"__id__":199},"opacity"]},{"__type__":"cc.animation.HierarchyPath","path":"Layout/node_middle/Sprite_10"},{"__type__":"cc.animation.ComponentPath","component":"cc.UIOpacity"},{"__type__":"cc.animation.Channel","_curve":{"__id__":201}},{"__type__":"cc.RealCurve","bytes":{"__type__":"TypedArrayRef","ctor":"Uint8Array","offset":1278,"length":54},"keyframeValueEditorExtras":[null,null,null,null]},{"__type__":"cc.animation.ObjectTrack","_binding":{"__type__":"cc.animation.TrackBinding","path":{"__id__":203},"proxy":null},"_channel":{"__id__":206}},{"__type__":"cc.animation.TrackPath","_paths":[{"__id__":204},{"__id__":205},"spriteFrame"]},{"__type__":"cc.animation.HierarchyPath","path":"Layout/node_middle/Sprite_10"},{"__type__":"cc.animation.ComponentPath","component":"cc.Sprite"},{"__type__":"cc.animation.Channel","_curve":{"__id__":207}},{"__type__":"cc.ObjectCurve","_times":[0.5,0.5166666666666667,0.5333333333333333,0.55,0.5666666666666667,0.5833333333333334,0.6,0.6166666666666667,0.6333333333333333,0.65,0.6666666666666666,0.6833333333333333,0.7,0.7166666666666667,0.7333333333333333,0.75],"_values":[{"__uuid__":"30st5JeURDSoLottONqy0H@3854f","__expectedType__":"cc.Asset"},{"__uuid__":"30st5JeURDSoLottONqy0H@d60dc","__expectedType__":"cc.Asset"},{"__uuid__":"30st5JeURDSoLottONqy0H@18c98","__expectedType__":"cc.Asset"},{"__uuid__":"30st5JeURDSoLottONqy0H@847df","__expectedType__":"cc.Asset"},{"__uuid__":"30st5JeURDSoLottONqy0H@54793","__expectedType__":"cc.Asset"},{"__uuid__":"30st5JeURDSoLottONqy0H@ad0c3","__expectedType__":"cc.Asset"},{"__uuid__":"30st5JeURDSoLottONqy0H@61b57","__expectedType__":"cc.Asset"},{"__uuid__":"30st5JeURDSoLottONqy0H@4c50d","__expectedType__":"cc.Asset"},{"__uuid__":"30st5JeURDSoLottONqy0H@749ad","__expectedType__":"cc.Asset"},{"__uuid__":"30st5JeURDSoLottONqy0H@c2a8a","__expectedType__":"cc.Asset"},{"__uuid__":"30st5JeURDSoLottONqy0H@4aa0c","__expectedType__":"cc.Asset"},{"__uuid__":"30st5JeURDSoLottONqy0H@1a754","__expectedType__":"cc.Asset"},{"__uuid__":"30st5JeURDSoLottONqy0H@835bc","__expectedType__":"cc.Asset"},{"__uuid__":"30st5JeURDSoLottONqy0H@553d2","__expectedType__":"cc.Asset"},{"__uuid__":"30st5JeURDSoLottONqy0H@c3725","__expectedType__":"cc.Asset"},{"__uuid__":"30st5JeURDSoLottONqy0H@d9d0f","__expectedType__":"cc.Asset"}]},{"__type__":"cc.animation.VectorTrack","_binding":{"__type__":"cc.animation.TrackBinding","path":{"__id__":209},"proxy":null},"_channels":[{"__id__":211},{"__id__":213},{"__id__":215},{"__id__":217}],"_nComponents":3},{"__type__":"cc.animation.TrackPath","_paths":[{"__id__":210},"position"]},{"__type__":"cc.animation.HierarchyPath","path":"Layout/node_middle/Sprite_10_0"},{"__type__":"cc.animation.Channel","_curve":{"__id__":212}},{"__type__":"cc.RealCurve","bytes":{"__type__":"TypedArrayRef","ctor":"Uint8Array","offset":1332,"length":18},"keyframeValueEditorExtras":[null]},{"__type__":"cc.animation.Channel","_curve":{"__id__":214}},{"__type__":"cc.RealCurve","bytes":{"__type__":"TypedArrayRef","ctor":"Uint8Array","offset":1350,"length":18},"keyframeValueEditorExtras":[null]},{"__type__":"cc.animation.Channel","_curve":{"__id__":216}},{"__type__":"cc.RealCurve","bytes":{"__type__":"TypedArrayRef","ctor":"Uint8Array","offset":1368,"length":18},"keyframeValueEditorExtras":[null]},{"__type__":"cc.animation.Channel","_curve":{"__id__":218}},{"__type__":"cc.RealCurve","bytes":{"__type__":"TypedArrayRef","ctor":"Uint8Array","offset":1386,"length":6}},{"__type__":"cc.animation.VectorTrack","_binding":{"__type__":"cc.animation.TrackBinding","path":{"__id__":220},"proxy":null},"_channels":[{"__id__":222},{"__id__":224},{"__id__":226},{"__id__":228}],"_nComponents":3},{"__type__":"cc.animation.TrackPath","_paths":[{"__id__":221},"eulerAngles"]},{"__type__":"cc.animation.HierarchyPath","path":"Layout/node_middle/Sprite_10_0"},{"__type__":"cc.animation.Channel","_curve":{"__id__":223}},{"__type__":"cc.RealCurve","bytes":{"__type__":"TypedArrayRef","ctor":"Uint8Array","offset":1392,"length":18},"keyframeValueEditorExtras":[null]},{"__type__":"cc.animation.Channel","_curve":{"__id__":225}},{"__type__":"cc.RealCurve","bytes":{"__type__":"TypedArrayRef","ctor":"Uint8Array","offset":1410,"length":18},"keyframeValueEditorExtras":[null]},{"__type__":"cc.animation.Channel","_curve":{"__id__":227}},{"__type__":"cc.RealCurve","bytes":{"__type__":"TypedArrayRef","ctor":"Uint8Array","offset":1428,"length":18},"keyframeValueEditorExtras":[null]},{"__type__":"cc.animation.Channel","_curve":{"__id__":229}},{"__type__":"cc.RealCurve","bytes":{"__type__":"TypedArrayRef","ctor":"Uint8Array","offset":1446,"length":6}},{"__type__":"cc.animation.RealTrack","_binding":{"__type__":"cc.animation.TrackBinding","path":{"__id__":231},"proxy":null},"_channel":{"__id__":234}},{"__type__":"cc.animation.TrackPath","_paths":[{"__id__":232},{"__id__":233},"opacity"]},{"__type__":"cc.animation.HierarchyPath","path":"Layout/node_middle/Sprite_10_0"},{"__type__":"cc.animation.ComponentPath","component":"cc.UIOpacity"},{"__type__":"cc.animation.Channel","_curve":{"__id__":235}},{"__type__":"cc.RealCurve","bytes":{"__type__":"TypedArrayRef","ctor":"Uint8Array","offset":1452,"length":54},"keyframeValueEditorExtras":[null,null,null,null]},{"__type__":"cc.animation.ObjectTrack","_binding":{"__type__":"cc.animation.TrackBinding","path":{"__id__":237},"proxy":null},"_channel":{"__id__":240}},{"__type__":"cc.animation.TrackPath","_paths":[{"__id__":238},{"__id__":239},"spriteFrame"]},{"__type__":"cc.animation.HierarchyPath","path":"Layout/node_middle/Sprite_10_0"},{"__type__":"cc.animation.ComponentPath","component":"cc.Sprite"},{"__type__":"cc.animation.Channel","_curve":{"__id__":241}},{"__type__":"cc.ObjectCurve","_times":[0.5,0.5166666666666667,0.5333333333333333,0.55,0.5666666666666667,0.5833333333333334,0.6,0.6166666666666667,0.6333333333333333,0.65,0.6666666666666666,0.6833333333333333,0.7,0.7166666666666667,0.7333333333333333,0.75],"_values":[{"__uuid__":"30st5JeURDSoLottONqy0H@3854f","__expectedType__":"cc.Asset"},{"__uuid__":"30st5JeURDSoLottONqy0H@d60dc","__expectedType__":"cc.Asset"},{"__uuid__":"30st5JeURDSoLottONqy0H@18c98","__expectedType__":"cc.Asset"},{"__uuid__":"30st5JeURDSoLottONqy0H@847df","__expectedType__":"cc.Asset"},{"__uuid__":"30st5JeURDSoLottONqy0H@54793","__expectedType__":"cc.Asset"},{"__uuid__":"30st5JeURDSoLottONqy0H@ad0c3","__expectedType__":"cc.Asset"},{"__uuid__":"30st5JeURDSoLottONqy0H@61b57","__expectedType__":"cc.Asset"},{"__uuid__":"30st5JeURDSoLottONqy0H@4c50d","__expectedType__":"cc.Asset"},{"__uuid__":"30st5JeURDSoLottONqy0H@749ad","__expectedType__":"cc.Asset"},{"__uuid__":"30st5JeURDSoLottONqy0H@c2a8a","__expectedType__":"cc.Asset"},{"__uuid__":"30st5JeURDSoLottONqy0H@4aa0c","__expectedType__":"cc.Asset"},{"__uuid__":"30st5JeURDSoLottONqy0H@1a754","__expectedType__":"cc.Asset"},{"__uuid__":"30st5JeURDSoLottONqy0H@835bc","__expectedType__":"cc.Asset"},{"__uuid__":"30st5JeURDSoLottONqy0H@553d2","__expectedType__":"cc.Asset"},{"__uuid__":"30st5JeURDSoLottONqy0H@c3725","__expectedType__":"cc.Asset"},{"__uuid__":"30st5JeURDSoLottONqy0H@d9d0f","__expectedType__":"cc.Asset"}]},{"__type__":"cc.animation.VectorTrack","_binding":{"__type__":"cc.animation.TrackBinding","path":{"__id__":243},"proxy":null},"_channels":[{"__id__":245},{"__id__":247},{"__id__":249},{"__id__":251}],"_nComponents":3},{"__type__":"cc.animation.TrackPath","_paths":[{"__id__":244},"position"]},{"__type__":"cc.animation.HierarchyPath","path":"Layout/node_middle/Sprite_15"},{"__type__":"cc.animation.Channel","_curve":{"__id__":246}},{"__type__":"cc.RealCurve","bytes":{"__type__":"TypedArrayRef","ctor":"Uint8Array","offset":1506,"length":30},"keyframeValueEditorExtras":[null,null]},{"__type__":"cc.animation.Channel","_curve":{"__id__":248}},{"__type__":"cc.RealCurve","bytes":{"__type__":"TypedArrayRef","ctor":"Uint8Array","offset":1536,"length":30},"keyframeValueEditorExtras":[null,null]},{"__type__":"cc.animation.Channel","_curve":{"__id__":250}},{"__type__":"cc.RealCurve","bytes":{"__type__":"TypedArrayRef","ctor":"Uint8Array","offset":1566,"length":30},"keyframeValueEditorExtras":[null,null]},{"__type__":"cc.animation.Channel","_curve":{"__id__":252}},{"__type__":"cc.RealCurve","bytes":{"__type__":"TypedArrayRef","ctor":"Uint8Array","offset":1596,"length":6}},{"__type__":"cc.animation.VectorTrack","_binding":{"__type__":"cc.animation.TrackBinding","path":{"__id__":254},"proxy":null},"_channels":[{"__id__":256},{"__id__":258},{"__id__":260},{"__id__":262}],"_nComponents":3},{"__type__":"cc.animation.TrackPath","_paths":[{"__id__":255},"eulerAngles"]},{"__type__":"cc.animation.HierarchyPath","path":"Layout/node_middle/Sprite_15"},{"__type__":"cc.animation.Channel","_curve":{"__id__":257}},{"__type__":"cc.RealCurve","bytes":{"__type__":"TypedArrayRef","ctor":"Uint8Array","offset":1602,"length":18},"keyframeValueEditorExtras":[null]},{"__type__":"cc.animation.Channel","_curve":{"__id__":259}},{"__type__":"cc.RealCurve","bytes":{"__type__":"TypedArrayRef","ctor":"Uint8Array","offset":1620,"length":18},"keyframeValueEditorExtras":[null]},{"__type__":"cc.animation.Channel","_curve":{"__id__":261}},{"__type__":"cc.RealCurve","bytes":{"__type__":"TypedArrayRef","ctor":"Uint8Array","offset":1638,"length":18},"keyframeValueEditorExtras":[null]},{"__type__":"cc.animation.Channel","_curve":{"__id__":263}},{"__type__":"cc.RealCurve","bytes":{"__type__":"TypedArrayRef","ctor":"Uint8Array","offset":1656,"length":6}},{"__type__":"cc.animation.RealTrack","_binding":{"__type__":"cc.animation.TrackBinding","path":{"__id__":265},"proxy":null},"_channel":{"__id__":268}},{"__type__":"cc.animation.TrackPath","_paths":[{"__id__":266},{"__id__":267},"opacity"]},{"__type__":"cc.animation.HierarchyPath","path":"Layout/node_middle/Sprite_15"},{"__type__":"cc.animation.ComponentPath","component":"cc.UIOpacity"},{"__type__":"cc.animation.Channel","_curve":{"__id__":269}},{"__type__":"cc.RealCurve","bytes":{"__type__":"TypedArrayRef","ctor":"Uint8Array","offset":1662,"length":42},"keyframeValueEditorExtras":[null,null,null]},{"__type__":"cc.animation.ObjectTrack","_binding":{"__type__":"cc.animation.TrackBinding","path":{"__id__":271},"proxy":null},"_channel":{"__id__":274}},{"__type__":"cc.animation.TrackPath","_paths":[{"__id__":272},{"__id__":273},"spriteFrame"]},{"__type__":"cc.animation.HierarchyPath","path":"Layout/node_middle/Sprite_15"},{"__type__":"cc.animation.ComponentPath","component":"cc.Sprite"},{"__type__":"cc.animation.Channel","_curve":{"__id__":275}},{"__type__":"cc.ObjectCurve","_times":[0,0.5],"_values":[{"__uuid__":"18/HkNG9BH9qsB2Wiy82hE@a2a0a","__expectedType__":"cc.Asset"},{"__uuid__":"18/HkNG9BH9qsB2Wiy82hE@a2a0a","__expectedType__":"cc.Asset"}]},{"__type__":"cc.animation.VectorTrack","_binding":{"__type__":"cc.animation.TrackBinding","path":{"__id__":277},"proxy":null},"_channels":[{"__id__":279},{"__id__":281},{"__id__":283},{"__id__":285}],"_nComponents":3},{"__type__":"cc.animation.TrackPath","_paths":[{"__id__":278},"position"]},{"__type__":"cc.animation.HierarchyPath","path":"Layout/node_middle/Sprite_16"},{"__type__":"cc.animation.Channel","_curve":{"__id__":280}},{"__type__":"cc.RealCurve","bytes":{"__type__":"TypedArrayRef","ctor":"Uint8Array","offset":1704,"length":18},"keyframeValueEditorExtras":[null]},{"__type__":"cc.animation.Channel","_curve":{"__id__":282}},{"__type__":"cc.RealCurve","bytes":{"__type__":"TypedArrayRef","ctor":"Uint8Array","offset":1722,"length":18},"keyframeValueEditorExtras":[null]},{"__type__":"cc.animation.Channel","_curve":{"__id__":284}},{"__type__":"cc.RealCurve","bytes":{"__type__":"TypedArrayRef","ctor":"Uint8Array","offset":1740,"length":18},"keyframeValueEditorExtras":[null]},{"__type__":"cc.animation.Channel","_curve":{"__id__":286}},{"__type__":"cc.RealCurve","bytes":{"__type__":"TypedArrayRef","ctor":"Uint8Array","offset":1758,"length":6}},{"__type__":"cc.animation.RealTrack","_binding":{"__type__":"cc.animation.TrackBinding","path":{"__id__":288},"proxy":null},"_channel":{"__id__":291}},{"__type__":"cc.animation.TrackPath","_paths":[{"__id__":289},{"__id__":290},"opacity"]},{"__type__":"cc.animation.HierarchyPath","path":"Layout/node_middle/Sprite_16"},{"__type__":"cc.animation.ComponentPath","component":"cc.UIOpacity"},{"__type__":"cc.animation.Channel","_curve":{"__id__":292}},{"__type__":"cc.RealCurve","bytes":{"__type__":"TypedArrayRef","ctor":"Uint8Array","offset":1764,"length":54},"keyframeValueEditorExtras":[null,null,null,null]},{"__type__":"cc.animation.ObjectTrack","_binding":{"__type__":"cc.animation.TrackBinding","path":{"__id__":294},"proxy":null},"_channel":{"__id__":297}},{"__type__":"cc.animation.TrackPath","_paths":[{"__id__":295},{"__id__":296},"spriteFrame"]},{"__type__":"cc.animation.HierarchyPath","path":"Layout/node_middle/Sprite_16"},{"__type__":"cc.animation.ComponentPath","component":"cc.Sprite"},{"__type__":"cc.animation.Channel","_curve":{"__id__":298}},{"__type__":"cc.ObjectCurve","_times":[0],"_values":[{"__uuid__":"18/HkNG9BH9qsB2Wiy82hE@9539a","__expectedType__":"cc.Asset"}]},{"__type__":"cc.animation.VectorTrack","_binding":{"__type__":"cc.animation.TrackBinding","path":{"__id__":300},"proxy":null},"_channels":[{"__id__":302},{"__id__":304},{"__id__":306},{"__id__":308}],"_nComponents":3},{"__type__":"cc.animation.TrackPath","_paths":[{"__id__":301},"position"]},{"__type__":"cc.animation.HierarchyPath","path":"Layout/node_middle/Sprite_17"},{"__type__":"cc.animation.Channel","_curve":{"__id__":303}},{"__type__":"cc.RealCurve","bytes":{"__type__":"TypedArrayRef","ctor":"Uint8Array","offset":1818,"length":18},"keyframeValueEditorExtras":[null]},{"__type__":"cc.animation.Channel","_curve":{"__id__":305}},{"__type__":"cc.RealCurve","bytes":{"__type__":"TypedArrayRef","ctor":"Uint8Array","offset":1836,"length":18},"keyframeValueEditorExtras":[null]},{"__type__":"cc.animation.Channel","_curve":{"__id__":307}},{"__type__":"cc.RealCurve","bytes":{"__type__":"TypedArrayRef","ctor":"Uint8Array","offset":1854,"length":18},"keyframeValueEditorExtras":[null]},{"__type__":"cc.animation.Channel","_curve":{"__id__":309}},{"__type__":"cc.RealCurve","bytes":{"__type__":"TypedArrayRef","ctor":"Uint8Array","offset":1872,"length":6}},{"__type__":"cc.animation.RealTrack","_binding":{"__type__":"cc.animation.TrackBinding","path":{"__id__":311},"proxy":null},"_channel":{"__id__":314}},{"__type__":"cc.animation.TrackPath","_paths":[{"__id__":312},{"__id__":313},"opacity"]},{"__type__":"cc.animation.HierarchyPath","path":"Layout/node_middle/Sprite_17"},{"__type__":"cc.animation.ComponentPath","component":"cc.UIOpacity"},{"__type__":"cc.animation.Channel","_curve":{"__id__":315}},{"__type__":"cc.RealCurve","bytes":{"__type__":"TypedArrayRef","ctor":"Uint8Array","offset":1878,"length":54},"keyframeValueEditorExtras":[null,null,null,null]},{"__type__":"cc.animation.ObjectTrack","_binding":{"__type__":"cc.animation.TrackBinding","path":{"__id__":317},"proxy":null},"_channel":{"__id__":320}},{"__type__":"cc.animation.TrackPath","_paths":[{"__id__":318},{"__id__":319},"spriteFrame"]},{"__type__":"cc.animation.HierarchyPath","path":"Layout/node_middle/Sprite_17"},{"__type__":"cc.animation.ComponentPath","component":"cc.Sprite"},{"__type__":"cc.animation.Channel","_curve":{"__id__":321}},{"__type__":"cc.ObjectCurve","_times":[0],"_values":[{"__uuid__":"18/HkNG9BH9qsB2Wiy82hE@990ef","__expectedType__":"cc.Asset"}]},{"__type__":"cc.animation.VectorTrack","_binding":{"__type__":"cc.animation.TrackBinding","path":{"__id__":323},"proxy":null},"_channels":[{"__id__":325},{"__id__":327},{"__id__":329},{"__id__":331}],"_nComponents":3},{"__type__":"cc.animation.TrackPath","_paths":[{"__id__":324},"position"]},{"__type__":"cc.animation.HierarchyPath","path":"Layout/node_middle/node_see_video_recordCard"},{"__type__":"cc.animation.Channel","_curve":{"__id__":326}},{"__type__":"cc.RealCurve","bytes":{"__type__":"TypedArrayRef","ctor":"Uint8Array","offset":1932,"length":18},"keyframeValueEditorExtras":[null]},{"__type__":"cc.animation.Channel","_curve":{"__id__":328}},{"__type__":"cc.RealCurve","bytes":{"__type__":"TypedArrayRef","ctor":"Uint8Array","offset":1950,"length":18},"keyframeValueEditorExtras":[null]},{"__type__":"cc.animation.Channel","_curve":{"__id__":330}},{"__type__":"cc.RealCurve","bytes":{"__type__":"TypedArrayRef","ctor":"Uint8Array","offset":1968,"length":18},"keyframeValueEditorExtras":[null]},{"__type__":"cc.animation.Channel","_curve":{"__id__":332}},{"__type__":"cc.RealCurve","bytes":{"__type__":"TypedArrayRef","ctor":"Uint8Array","offset":1986,"length":6}},{"__type__":"cc.animation.VectorTrack","_binding":{"__type__":"cc.animation.TrackBinding","path":{"__id__":334},"proxy":null},"_channels":[{"__id__":336},{"__id__":338},{"__id__":340},{"__id__":342}],"_nComponents":3},{"__type__":"cc.animation.TrackPath","_paths":[{"__id__":335},"eulerAngles"]},{"__type__":"cc.animation.HierarchyPath","path":"Layout/node_middle/node_see_video_recordCard"},{"__type__":"cc.animation.Channel","_curve":{"__id__":337}},{"__type__":"cc.RealCurve","bytes":{"__type__":"TypedArrayRef","ctor":"Uint8Array","offset":1992,"length":18},"keyframeValueEditorExtras":[null]},{"__type__":"cc.animation.Channel","_curve":{"__id__":339}},{"__type__":"cc.RealCurve","bytes":{"__type__":"TypedArrayRef","ctor":"Uint8Array","offset":2010,"length":18},"keyframeValueEditorExtras":[null]},{"__type__":"cc.animation.Channel","_curve":{"__id__":341}},{"__type__":"cc.RealCurve","bytes":{"__type__":"TypedArrayRef","ctor":"Uint8Array","offset":2028,"length":18},"keyframeValueEditorExtras":[null]},{"__type__":"cc.animation.Channel","_curve":{"__id__":343}},{"__type__":"cc.RealCurve","bytes":{"__type__":"TypedArrayRef","ctor":"Uint8Array","offset":2046,"length":6}},{"__type__":"cc.animation.RealTrack","_binding":{"__type__":"cc.animation.TrackBinding","path":{"__id__":345},"proxy":null},"_channel":{"__id__":348}},{"__type__":"cc.animation.TrackPath","_paths":[{"__id__":346},{"__id__":347},"opacity"]},{"__type__":"cc.animation.HierarchyPath","path":"Layout/node_middle/node_see_video_recordCard"},{"__type__":"cc.animation.ComponentPath","component":"cc.UIOpacity"},{"__type__":"cc.animation.Channel","_curve":{"__id__":349}},{"__type__":"cc.RealCurve","bytes":{"__type__":"TypedArrayRef","ctor":"Uint8Array","offset":2052,"length":30},"keyframeValueEditorExtras":[null,null]},{"__type__":"cc.animation.VectorTrack","_binding":{"__type__":"cc.animation.TrackBinding","path":{"__id__":351},"proxy":null},"_channels":[{"__id__":353},{"__id__":355},{"__id__":357},{"__id__":359}],"_nComponents":3},{"__type__":"cc.animation.TrackPath","_paths":[{"__id__":352},"position"]},{"__type__":"cc.animation.HierarchyPath","path":"Layout/node_middle/node_see_video_lookCard"},{"__type__":"cc.animation.Channel","_curve":{"__id__":354}},{"__type__":"cc.RealCurve","bytes":{"__type__":"TypedArrayRef","ctor":"Uint8Array","offset":2082,"length":18},"keyframeValueEditorExtras":[null]},{"__type__":"cc.animation.Channel","_curve":{"__id__":356}},{"__type__":"cc.RealCurve","bytes":{"__type__":"TypedArrayRef","ctor":"Uint8Array","offset":2100,"length":18},"keyframeValueEditorExtras":[null]},{"__type__":"cc.animation.Channel","_curve":{"__id__":358}},{"__type__":"cc.RealCurve","bytes":{"__type__":"TypedArrayRef","ctor":"Uint8Array","offset":2118,"length":18},"keyframeValueEditorExtras":[null]},{"__type__":"cc.animation.Channel","_curve":{"__id__":360}},{"__type__":"cc.RealCurve","bytes":{"__type__":"TypedArrayRef","ctor":"Uint8Array","offset":2136,"length":6}},{"__type__":"cc.animation.VectorTrack","_binding":{"__type__":"cc.animation.TrackBinding","path":{"__id__":362},"proxy":null},"_channels":[{"__id__":364},{"__id__":366},{"__id__":368},{"__id__":370}],"_nComponents":3},{"__type__":"cc.animation.TrackPath","_paths":[{"__id__":363},"eulerAngles"]},{"__type__":"cc.animation.HierarchyPath","path":"Layout/node_middle/node_see_video_lookCard"},{"__type__":"cc.animation.Channel","_curve":{"__id__":365}},{"__type__":"cc.RealCurve","bytes":{"__type__":"TypedArrayRef","ctor":"Uint8Array","offset":2142,"length":18},"keyframeValueEditorExtras":[null]},{"__type__":"cc.animation.Channel","_curve":{"__id__":367}},{"__type__":"cc.RealCurve","bytes":{"__type__":"TypedArrayRef","ctor":"Uint8Array","offset":2160,"length":18},"keyframeValueEditorExtras":[null]},{"__type__":"cc.animation.Channel","_curve":{"__id__":369}},{"__type__":"cc.RealCurve","bytes":{"__type__":"TypedArrayRef","ctor":"Uint8Array","offset":2178,"length":18},"keyframeValueEditorExtras":[null]},{"__type__":"cc.animation.Channel","_curve":{"__id__":371}},{"__type__":"cc.RealCurve","bytes":{"__type__":"TypedArrayRef","ctor":"Uint8Array","offset":2196,"length":6}},{"__type__":"cc.animation.RealTrack","_binding":{"__type__":"cc.animation.TrackBinding","path":{"__id__":373},"proxy":null},"_channel":{"__id__":376}},{"__type__":"cc.animation.TrackPath","_paths":[{"__id__":374},{"__id__":375},"opacity"]},{"__type__":"cc.animation.HierarchyPath","path":"Layout/node_middle/node_see_video_lookCard"},{"__type__":"cc.animation.ComponentPath","component":"cc.UIOpacity"},{"__type__":"cc.animation.Channel","_curve":{"__id__":377}},{"__type__":"cc.RealCurve","bytes":{"__type__":"TypedArrayRef","ctor":"Uint8Array","offset":2202,"length":30},"keyframeValueEditorExtras":[null,null]},{"__type__":"cc.animation.RealTrack","_binding":{"__type__":"cc.animation.TrackBinding","path":{"__id__":379},"proxy":null},"_channel":{"__id__":382}},{"__type__":"cc.animation.TrackPath","_paths":[{"__id__":380},{"__id__":381},"opacity"]},{"__type__":"cc.animation.HierarchyPath","path":"Layout/node_middle/Layout_ButtonGroup_For_Happy"},{"__type__":"cc.animation.ComponentPath","component":"cc.UIOpacity"},{"__type__":"cc.animation.Channel","_curve":{"__id__":383}},{"__type__":"cc.RealCurve","bytes":{"__type__":"TypedArrayRef","ctor":"Uint8Array","offset":2232,"length":30},"keyframeValueEditorExtras":[null,null]},{"__type__":"cc.animation.VectorTrack","_binding":{"__type__":"cc.animation.TrackBinding","path":{"__id__":385},"proxy":null},"_channels":[{"__id__":387},{"__id__":389},{"__id__":391},{"__id__":393}],"_nComponents":3},{"__type__":"cc.animation.TrackPath","_paths":[{"__id__":386},"scale"]},{"__type__":"cc.animation.HierarchyPath","path":"Layout/node_middle/BG_parent/Sprite_SettlementBG"},{"__type__":"cc.animation.Channel","_curve":{"__id__":388}},{"__type__":"cc.RealCurve","bytes":{"__type__":"TypedArrayRef","ctor":"Uint8Array","offset":2262,"length":54},"keyframeValueEditorExtras":[null,null,null,null]},{"__type__":"cc.animation.Channel","_curve":{"__id__":390}},{"__type__":"cc.RealCurve","bytes":{"__type__":"TypedArrayRef","ctor":"Uint8Array","offset":2316,"length":54},"keyframeValueEditorExtras":[null,null,null,null]},{"__type__":"cc.animation.Channel","_curve":{"__id__":392}},{"__type__":"cc.RealCurve","bytes":{"__type__":"TypedArrayRef","ctor":"Uint8Array","offset":2370,"length":6}},{"__type__":"cc.animation.Channel","_curve":{"__id__":394}},{"__type__":"cc.RealCurve","bytes":{"__type__":"TypedArrayRef","ctor":"Uint8Array","offset":2376,"length":6}},{"__type__":"cc.animation.VectorTrack","_binding":{"__type__":"cc.animation.TrackBinding","path":{"__id__":396},"proxy":null},"_channels":[{"__id__":398},{"__id__":400},{"__id__":402},{"__id__":404}],"_nComponents":3},{"__type__":"cc.animation.TrackPath","_paths":[{"__id__":397},"scale"]},{"__type__":"cc.animation.HierarchyPath","path":"Layout/node_middle/js_sz_di5_6"},{"__type__":"cc.animation.Channel","_curve":{"__id__":399}},{"__type__":"cc.RealCurve","bytes":{"__type__":"TypedArrayRef","ctor":"Uint8Array","offset":2382,"length":42},"keyframeValueEditorExtras":[null,null,null]},{"__type__":"cc.animation.Channel","_curve":{"__id__":401}},{"__type__":"cc.RealCurve","bytes":{"__type__":"TypedArrayRef","ctor":"Uint8Array","offset":2424,"length":42},"keyframeValueEditorExtras":[null,null,null]},{"__type__":"cc.animation.Channel","_curve":{"__id__":403}},{"__type__":"cc.RealCurve","bytes":{"__type__":"TypedArrayRef","ctor":"Uint8Array","offset":2466,"length":6}},{"__type__":"cc.animation.Channel","_curve":{"__id__":405}},{"__type__":"cc.RealCurve","bytes":{"__type__":"TypedArrayRef","ctor":"Uint8Array","offset":2472,"length":6}},{"__type__":"cc.animation.VectorTrack","_binding":{"__type__":"cc.animation.TrackBinding","path":{"__id__":407},"proxy":null},"_channels":[{"__id__":409},{"__id__":411},{"__id__":413},{"__id__":415}],"_nComponents":3},{"__type__":"cc.animation.TrackPath","_paths":[{"__id__":408},"scale"]},{"__type__":"cc.animation.HierarchyPath","path":"Layout/node_middle/js_sz_di4_7"},{"__type__":"cc.animation.Channel","_curve":{"__id__":410}},{"__type__":"cc.RealCurve","bytes":{"__type__":"TypedArrayRef","ctor":"Uint8Array","offset":2478,"length":42},"keyframeValueEditorExtras":[null,null,null]},{"__type__":"cc.animation.Channel","_curve":{"__id__":412}},{"__type__":"cc.RealCurve","bytes":{"__type__":"TypedArrayRef","ctor":"Uint8Array","offset":2520,"length":42},"keyframeValueEditorExtras":[null,null,null]},{"__type__":"cc.animation.Channel","_curve":{"__id__":414}},{"__type__":"cc.RealCurve","bytes":{"__type__":"TypedArrayRef","ctor":"Uint8Array","offset":2562,"length":6}},{"__type__":"cc.animation.Channel","_curve":{"__id__":416}},{"__type__":"cc.RealCurve","bytes":{"__type__":"TypedArrayRef","ctor":"Uint8Array","offset":2568,"length":6}},{"__type__":"cc.animation.VectorTrack","_binding":{"__type__":"cc.animation.TrackBinding","path":{"__id__":418},"proxy":null},"_channels":[{"__id__":420},{"__id__":422},{"__id__":424},{"__id__":426}],"_nComponents":3},{"__type__":"cc.animation.TrackPath","_paths":[{"__id__":419},"scale"]},{"__type__":"cc.animation.HierarchyPath","path":"Layout/node_middle/js_sz_1_8"},{"__type__":"cc.animation.Channel","_curve":{"__id__":421}},{"__type__":"cc.RealCurve","bytes":{"__type__":"TypedArrayRef","ctor":"Uint8Array","offset":2574,"length":42},"keyframeValueEditorExtras":[null,null,null]},{"__type__":"cc.animation.Channel","_curve":{"__id__":423}},{"__type__":"cc.RealCurve","bytes":{"__type__":"TypedArrayRef","ctor":"Uint8Array","offset":2616,"length":42},"keyframeValueEditorExtras":[null,null,null]},{"__type__":"cc.animation.Channel","_curve":{"__id__":425}},{"__type__":"cc.RealCurve","bytes":{"__type__":"TypedArrayRef","ctor":"Uint8Array","offset":2658,"length":6}},{"__type__":"cc.animation.Channel","_curve":{"__id__":427}},{"__type__":"cc.RealCurve","bytes":{"__type__":"TypedArrayRef","ctor":"Uint8Array","offset":2664,"length":6}},{"__type__":"cc.animation.VectorTrack","_binding":{"__type__":"cc.animation.TrackBinding","path":{"__id__":429},"proxy":null},"_channels":[{"__id__":431},{"__id__":433},{"__id__":435},{"__id__":437}],"_nComponents":3},{"__type__":"cc.animation.TrackPath","_paths":[{"__id__":430},"scale"]},{"__type__":"cc.animation.HierarchyPath","path":"Layout/node_middle/js_sz_2_9"},{"__type__":"cc.animation.Channel","_curve":{"__id__":432}},{"__type__":"cc.RealCurve","bytes":{"__type__":"TypedArrayRef","ctor":"Uint8Array","offset":2670,"length":42},"keyframeValueEditorExtras":[null,null,null]},{"__type__":"cc.animation.Channel","_curve":{"__id__":434}},{"__type__":"cc.RealCurve","bytes":{"__type__":"TypedArrayRef","ctor":"Uint8Array","offset":2712,"length":42},"keyframeValueEditorExtras":[null,null,null]},{"__type__":"cc.animation.Channel","_curve":{"__id__":436}},{"__type__":"cc.RealCurve","bytes":{"__type__":"TypedArrayRef","ctor":"Uint8Array","offset":2754,"length":6}},{"__type__":"cc.animation.Channel","_curve":{"__id__":438}},{"__type__":"cc.RealCurve","bytes":{"__type__":"TypedArrayRef","ctor":"Uint8Array","offset":2760,"length":6}},{"__type__":"cc.animation.VectorTrack","_binding":{"__type__":"cc.animation.TrackBinding","path":{"__id__":440},"proxy":null},"_channels":[{"__id__":442},{"__id__":444},{"__id__":446},{"__id__":448}],"_nComponents":3},{"__type__":"cc.animation.TrackPath","_paths":[{"__id__":441},"scale"]},{"__type__":"cc.animation.HierarchyPath","path":"Layout/node_middle/Sprite_10"},{"__type__":"cc.animation.Channel","_curve":{"__id__":443}},{"__type__":"cc.RealCurve","bytes":{"__type__":"TypedArrayRef","ctor":"Uint8Array","offset":2766,"length":18},"keyframeValueEditorExtras":[null]},{"__type__":"cc.animation.Channel","_curve":{"__id__":445}},{"__type__":"cc.RealCurve","bytes":{"__type__":"TypedArrayRef","ctor":"Uint8Array","offset":2784,"length":18},"keyframeValueEditorExtras":[null]},{"__type__":"cc.animation.Channel","_curve":{"__id__":447}},{"__type__":"cc.RealCurve","bytes":{"__type__":"TypedArrayRef","ctor":"Uint8Array","offset":2802,"length":6}},{"__type__":"cc.animation.Channel","_curve":{"__id__":449}},{"__type__":"cc.RealCurve","bytes":{"__type__":"TypedArrayRef","ctor":"Uint8Array","offset":2808,"length":6}},{"__type__":"cc.animation.VectorTrack","_binding":{"__type__":"cc.animation.TrackBinding","path":{"__id__":451},"proxy":null},"_channels":[{"__id__":453},{"__id__":455},{"__id__":457},{"__id__":459}],"_nComponents":3},{"__type__":"cc.animation.TrackPath","_paths":[{"__id__":452},"scale"]},{"__type__":"cc.animation.HierarchyPath","path":"Layout/node_middle/Sprite_10_0"},{"__type__":"cc.animation.Channel","_curve":{"__id__":454}},{"__type__":"cc.RealCurve","bytes":{"__type__":"TypedArrayRef","ctor":"Uint8Array","offset":2814,"length":18},"keyframeValueEditorExtras":[null]},{"__type__":"cc.animation.Channel","_curve":{"__id__":456}},{"__type__":"cc.RealCurve","bytes":{"__type__":"TypedArrayRef","ctor":"Uint8Array","offset":2832,"length":18},"keyframeValueEditorExtras":[null]},{"__type__":"cc.animation.Channel","_curve":{"__id__":458}},{"__type__":"cc.RealCurve","bytes":{"__type__":"TypedArrayRef","ctor":"Uint8Array","offset":2850,"length":6}},{"__type__":"cc.animation.Channel","_curve":{"__id__":460}},{"__type__":"cc.RealCurve","bytes":{"__type__":"TypedArrayRef","ctor":"Uint8Array","offset":2856,"length":6}},{"__type__":"cc.animation.VectorTrack","_binding":{"__type__":"cc.animation.TrackBinding","path":{"__id__":462},"proxy":null},"_channels":[{"__id__":464},{"__id__":466},{"__id__":468},{"__id__":470}],"_nComponents":3},{"__type__":"cc.animation.TrackPath","_paths":[{"__id__":463},"scale"]},{"__type__":"cc.animation.HierarchyPath","path":"Layout/node_middle/Sprite_15"},{"__type__":"cc.animation.Channel","_curve":{"__id__":465}},{"__type__":"cc.RealCurve","bytes":{"__type__":"TypedArrayRef","ctor":"Uint8Array","offset":2862,"length":30},"keyframeValueEditorExtras":[null,null]},{"__type__":"cc.animation.Channel","_curve":{"__id__":467}},{"__type__":"cc.RealCurve","bytes":{"__type__":"TypedArrayRef","ctor":"Uint8Array","offset":2892,"length":30},"keyframeValueEditorExtras":[null,null]},{"__type__":"cc.animation.Channel","_curve":{"__id__":469}},{"__type__":"cc.RealCurve","bytes":{"__type__":"TypedArrayRef","ctor":"Uint8Array","offset":2922,"length":6}},{"__type__":"cc.animation.Channel","_curve":{"__id__":471}},{"__type__":"cc.RealCurve","bytes":{"__type__":"TypedArrayRef","ctor":"Uint8Array","offset":2928,"length":6}},{"__type__":"cc.animation.VectorTrack","_binding":{"__type__":"cc.animation.TrackBinding","path":{"__id__":473},"proxy":null},"_channels":[{"__id__":475},{"__id__":477},{"__id__":479},{"__id__":481}],"_nComponents":3},{"__type__":"cc.animation.TrackPath","_paths":[{"__id__":474},"scale"]},{"__type__":"cc.animation.HierarchyPath","path":"Layout/node_middle/node_see_video_recordCard"},{"__type__":"cc.animation.Channel","_curve":{"__id__":476}},{"__type__":"cc.RealCurve","bytes":{"__type__":"TypedArrayRef","ctor":"Uint8Array","offset":2934,"length":18},"keyframeValueEditorExtras":[null]},{"__type__":"cc.animation.Channel","_curve":{"__id__":478}},{"__type__":"cc.RealCurve","bytes":{"__type__":"TypedArrayRef","ctor":"Uint8Array","offset":2952,"length":18},"keyframeValueEditorExtras":[null]},{"__type__":"cc.animation.Channel","_curve":{"__id__":480}},{"__type__":"cc.RealCurve","bytes":{"__type__":"TypedArrayRef","ctor":"Uint8Array","offset":2970,"length":6}},{"__type__":"cc.animation.Channel","_curve":{"__id__":482}},{"__type__":"cc.RealCurve","bytes":{"__type__":"TypedArrayRef","ctor":"Uint8Array","offset":2976,"length":6}},{"__type__":"cc.animation.VectorTrack","_binding":{"__type__":"cc.animation.TrackBinding","path":{"__id__":484},"proxy":null},"_channels":[{"__id__":486},{"__id__":488},{"__id__":490},{"__id__":492}],"_nComponents":3},{"__type__":"cc.animation.TrackPath","_paths":[{"__id__":485},"scale"]},{"__type__":"cc.animation.HierarchyPath","path":"Layout/node_middle/node_see_video_lookCard"},{"__type__":"cc.animation.Channel","_curve":{"__id__":487}},{"__type__":"cc.RealCurve","bytes":{"__type__":"TypedArrayRef","ctor":"Uint8Array","offset":2982,"length":18},"keyframeValueEditorExtras":[null]},{"__type__":"cc.animation.Channel","_curve":{"__id__":489}},{"__type__":"cc.RealCurve","bytes":{"__type__":"TypedArrayRef","ctor":"Uint8Array","offset":3000,"length":18},"keyframeValueEditorExtras":[null]},{"__type__":"cc.animation.Channel","_curve":{"__id__":491}},{"__type__":"cc.RealCurve","bytes":{"__type__":"TypedArrayRef","ctor":"Uint8Array","offset":3018,"length":6}},{"__type__":"cc.animation.Channel","_curve":{"__id__":493}},{"__type__":"cc.RealCurve","bytes":{"__type__":"TypedArrayRef","ctor":"Uint8Array","offset":3024,"length":6}},{"__type__":"cc.animation.RealTrack","_binding":{"__type__":"cc.animation.TrackBinding","path":{"__id__":495},"proxy":null},"_channel":{"__id__":498}},{"__type__":"cc.animation.TrackPath","_paths":[{"__id__":496},{"__id__":497},"opacity"]},{"__type__":"cc.animation.HierarchyPath","path":"Layout/node_middle/node_player_list"},{"__type__":"cc.animation.ComponentPath","component":"cc.UIOpacity"},{"__type__":"cc.animation.Channel","_curve":{"__id__":499}},{"__type__":"cc.RealCurve","bytes":{"__type__":"TypedArrayRef","ctor":"Uint8Array","offset":3030,"length":46},"keyframeValueEditorExtras":[{"tangentMode":0},{"tangentMode":0}]}],"chunks":[".bin"]}
