{"version":1,"document":[{"__type__":"cc.AnimationClip","_name":"clock","_objFlags":0,"__editorExtras__":{"embeddedPlayerGroups":[]},"_native":"","sample":60,"speed":1,"wrapMode":1,"enableTrsBlending":false,"_duration":0.6666666666666666,"_hash":500763545,"_tracks":[{"__id__":1},{"__id__":11}],"_exoticAnimation":null,"_events":[],"_embeddedPlayers":[]},{"__type__":"cc.animation.VectorTrack","_binding":{"__type__":"cc.animation.TrackBinding","path":{"__id__":2},"proxy":null},"_channels":[{"__id__":3},{"__id__":5},{"__id__":7},{"__id__":9}],"_nComponents":3},{"__type__":"cc.animation.TrackPath","_paths":["eulerAngles"]},{"__type__":"cc.animation.Channel","_curve":{"__id__":4}},{"__type__":"cc.RealCurve","bytes":{"__type__":"TypedArrayRef","ctor":"Uint8Array","offset":0,"length":6}},{"__type__":"cc.animation.Channel","_curve":{"__id__":6}},{"__type__":"cc.RealCurve","bytes":{"__type__":"TypedArrayRef","ctor":"Uint8Array","offset":6,"length":6}},{"__type__":"cc.animation.Channel","_curve":{"__id__":8}},{"__type__":"cc.RealCurve","bytes":{"__type__":"TypedArrayRef","ctor":"Uint8Array","offset":12,"length":406},"keyframeValueEditorExtras":[null,null,null,null,null,null,null,null,null,null,null,null,null,null,null,null,null,null,null,null]},{"__type__":"cc.animation.Channel","_curve":{"__id__":10}},{"__type__":"cc.RealCurve","bytes":{"__type__":"TypedArrayRef","ctor":"Uint8Array","offset":418,"length":6}},{"__type__":"cc.animation.VectorTrack","_binding":{"__type__":"cc.animation.TrackBinding","path":{"__id__":12},"proxy":null},"_channels":[{"__id__":13},{"__id__":15},{"__id__":17},{"__id__":19}],"_nComponents":3},{"__type__":"cc.animation.TrackPath","_paths":["position"]},{"__type__":"cc.animation.Channel","_curve":{"__id__":14}},{"__type__":"cc.RealCurve","bytes":{"__type__":"TypedArrayRef","ctor":"Uint8Array","offset":424,"length":26},"keyframeValueEditorExtras":[null]},{"__type__":"cc.animation.Channel","_curve":{"__id__":16}},{"__type__":"cc.RealCurve","bytes":{"__type__":"TypedArrayRef","ctor":"Uint8Array","offset":450,"length":226},"keyframeValueEditorExtras":[null,null,null,null,null,null,null,null,null,null,null]},{"__type__":"cc.animation.Channel","_curve":{"__id__":18}},{"__type__":"cc.RealCurve","bytes":{"__type__":"TypedArrayRef","ctor":"Uint8Array","offset":676,"length":46},"keyframeValueEditorExtras":[null,null]},{"__type__":"cc.animation.Channel","_curve":{"__id__":20}},{"__type__":"cc.RealCurve","bytes":{"__type__":"TypedArrayRef","ctor":"Uint8Array","offset":722,"length":6}}],"chunks":[".bin"]}
