[1,["5auqHhy+BEqo2bv6shogN0@6c48a"],["_textureSource"],["cc.SpriteFrame"],0,[{"name":"selectedscenes_img_dot","rect":{"x":0,"y":0,"width":18,"height":18},"offset":{"x":0,"y":0},"originalSize":{"width":18,"height":18},"rotated":false,"capInsets":[0,0,0,0],"vertices":{"rawPosition":[-9,-9,0,9,-9,0,-9,9,0,9,9,0],"indexes":[0,1,2,2,1,3],"uv":[0,18,18,18,0,0,18,0],"nuv":[0,0,1,0,0,1,1,1],"minPos":{"x":-9,"y":-9,"z":0},"maxPos":{"x":9,"y":9,"z":0}},"packable":true,"pixelsToUnit":100,"pivot":{"x":0.5,"y":0.5},"meshType":0}],[0],0,[0],[0],[0]]
