[1,["23CZKvpnhMY4//4bAwy0CO@f9941","30tx+MF3FGxJnZTMvMny/O@6c48a","afxHkx8GZGsJC+n+YfITQo@f9941","97kr32991GYJmoYbe4MX3R@6c48a","afxHkx8GZGsJC+n+YfITQo@6c48a","34/8nBtjlASrd95VlBGfbX","97kr32991GYJmoYbe4MX3R@f9941","30tx+MF3FGxJnZTMvMny/O@f9941","3fedFMDQ9Jzb6jMyBkYZIJ@f9941","61W27PAtlA1qcGRM0Qbltc@f9941","84XxI0aoFOtLoSwoA2WJ9n@f9941","ad+uQ/gyFAr4nObB2FuC6j@f9941"],["node","_spriteFrame","_parent","_textureSource","root","_placeholderLabel","_textLabel","data","_scrollView","asset","_backgroundImage"],[["cc.Node",["_name","_active","_objFlags","__editorExtras__","_prefab","_components","_parent","_children","_lpos","_lscale"],-1,4,9,1,2,5,5],["cc.Widget",["_alignFlags","_bottom","_originalWidth","_originalHeight","_left","_right","_top","_horizontalCenter","_isAbsLeft","_verticalCenter","node","__prefab"],-7,1,4],["cc.Label",["_string","_actualFontSize","_fontSize","_horizontalAlign","_lineHeight","_enableWrapText","_overflow","_verticalAlign","_isBold","_underlineHeight","node","__prefab","_color"],-7,1,4,5],["cc.Sprite",["_sizeMode","_type","_isTrimmedMode","node","__prefab","_spriteFrame","_color"],0,1,4,6,5],["cc.Node",["_name","_active","_layer","_parent","_components","_prefab","_lpos","_children"],0,1,12,4,5,2],["cc.Layout",["_layoutType","_resizeMode","_spacingX","_affectedByScale","_paddingLeft","_paddingRight","_spacingY","_isAlign","node","__prefab"],-5,1,4],["cc.UITransform",["node","__prefab","_contentSize","_anchorPoint"],3,1,4,5,5],"cc.SpriteFrame",["cc.EditBox",["_inputMode","_maxLength","node","__prefab","_textLabel","_placeholderLabel","_backgroundImage"],1,1,4,1,1,6],["cc.Prefab",["_name"],2],["cc.UIOpacity",["node","__prefab"],3,1,4],["cc.CompPrefabInfo",["fileId"],2],["cc.PrefabInfo",["fileId","instance","targetOverrides","nestedPrefabInstanceRoots","root","asset"],-1,1,1],["cc.PrefabInfo",["fileId","instance","targetOverrides","root","asset","nestedPrefabInstanceRoots"],0,1,1,2],["cc.PrefabInfo",["fileId","targetOverrides","nestedPrefabInstanceRoots","root","instance","asset"],0,1,4,6],["cc.Mask",["_alphaThreshold","node","__prefab"],2,1,4],["cc.ScrollBar",["_direction","_enableAutoHide","node","__prefab","_handle"],1,1,4,1],["cc.ScrollView",["inertia","horizontal","node","__prefab","_content","_verticalScrollBar"],1,1,4,1,1],["5f482YkPOZCWqGG+y/brpoI",["node","__prefab"],3,1,4],["cc.TargetInfo",["localID"],2],["cc.RichText",["_lineHeight","_string","_fontSize","node","__prefab"],0,1,4],["a8dd2Dfqp9I+7zvT7N0fJqp",["node","__prefab"],3,1,4],["cc.PrefabInstance",["fileId","prefabRootNode","propertyOverrides"],2,1,9],["CCPropertyOverrideInfo",["value","propertyPath","targetInfo"],1,1],["CCPropertyOverrideInfo",["propertyPath","targetInfo","value"],2,1,8]],[[11,0,2],[12,0,1,2,3,4,5,5],[6,0,1,2,1],[0,0,6,5,4,8,2],[0,0,6,7,5,4,8,2],[6,0,1,2,3,1],[3,0,3,4,2],[0,0,6,5,4,2],[3,1,0,3,4,3],[10,0,1,1],[1,0,2,3,10,11,4],[0,0,6,7,5,4,2],[2,0,1,2,10,11,12,4],[2,0,1,2,10,11,4],[2,0,3,1,2,4,6,5,10,11,12,8],[0,0,7,5,4,2],[0,0,7,5,4,8,2],[0,0,6,5,4,8,9,2],[4,0,3,4,5,6,2],[6,0,1,3,1],[3,0,3,4,5,2],[3,3,4,5,1],[1,0,10,11,2],[24,0,1,2,2],[9,0,2],[0,0,2,1,6,7,5,4,8,4],[0,0,2,1,6,7,5,4,4],[4,0,1,3,4,5,6,3],[3,0,2,3,4,3],[3,0,3,4,6,2],[1,0,7,10,11,3],[1,0,6,1,2,3,10,11,6],[1,0,2,10,11,3],[8,0,1,2,3,4,5,3],[23,0,1,2,3],[0,0,1,7,5,4,8,3],[0,0,5,4,8,2],[0,0,6,7,5,4,8,9,2],[0,2,3,6,4,3],[4,0,3,7,4,5,6,2],[4,0,1,3,7,4,5,6,3],[4,0,1,2,3,4,5,6,4],[4,0,2,3,4,5,6,3],[6,0,1,1],[13,0,1,2,3,4,5,4],[14,0,1,2,3,4,5,4],[3,1,0,2,3,4,4],[3,1,0,3,4,5,3],[15,0,1,2,2],[1,0,4,8,10,11,4],[1,0,5,6,1,3,10,11,6],[1,0,1,7,9,10,11,5],[1,0,1,10,11,3],[1,0,4,5,6,1,2,3,10,11,8],[1,0,4,10,11,3],[1,0,5,10,11,3],[1,0,1,7,10,11,4],[5,1,0,3,8,9,4],[5,1,0,4,5,2,8,9,6],[5,0,6,8,9,3],[5,1,0,2,8,9,4],[5,1,0,2,7,8,9,5],[2,0,3,7,1,2,4,9,10,11,12,8],[2,0,3,1,2,4,6,10,11,12,7],[2,0,1,2,4,10,11,5],[2,0,1,2,5,10,11,5],[2,0,1,2,5,10,11,12,5],[2,0,1,8,10,11,12,4],[2,0,3,7,1,2,6,5,8,10,11,12,9],[16,0,1,2,3,4,3],[17,0,1,2,3,4,5,3],[18,0,1,1],[8,0,1,2,3,4,5,6,3],[19,0,2],[20,0,1,2,3,4,4],[21,0,1,1],[22,0,1,2,2]],[[[{"name":"DL_btn_youke","rect":{"x":0,"y":0,"width":284,"height":97},"offset":{"x":0,"y":0},"originalSize":{"width":284,"height":97},"rotated":false,"capInsets":[0,0,0,0],"vertices":{"rawPosition":[-142,-48.5,0,142,-48.5,0,-142,48.5,0,142,48.5,0],"indexes":[0,1,2,2,1,3],"uv":[0,97,284,97,0,0,284,0],"nuv":[0,0,1,0,0,1,1,1],"minPos":{"x":-142,"y":-48.5,"z":0},"maxPos":{"x":142,"y":48.5,"z":0}},"packable":true,"pixelsToUnit":100,"pivot":{"x":0.5,"y":0.5},"meshType":0}],[7],0,[0],[3],[1]],[[[24,"login_notice"],[15,"login_notice",[-4],[[9,-2,[0,"be3kSMfQhJDZPlfOyWT02q"]],[2,-3,[0,"cf7IfF7ZZGvrBh3BMVqqus"],[5,0,0]]],[1,"b3qZG8ZNFFLLO14LG20j65",null,null,null,-1,0]],[4,"Image_Oops",1,[-8,-9,-10],[[28,0,false,-5,[0,"e2pgpr2QZEUqYT66H6iFEQ"]],[9,-6,[0,"8bcLiLofVNQpmlAUPyv0oF"]],[2,-7,[0,"65PskZjaFDCZkvc2bsjXql"],[5,684,188]]],[1,"7cbhyN86BFRrX/KnJgf3I9",null,null,null,1,0],[1,360,182.6781,0]],[39,"ScrollView_content",2,[-15,-16],[[-11,[48,1,-12,[0,"1fgkqY9JBGibcw3MmSop/r"]],[9,-13,[0,"dcVZtZWMRJ9arvHkAAF3mt"]],[5,-14,[0,"47XFSkOWJFa537TzCEnQpS"],[5,580,140],[0,0.5,1]]],1,4,4,4],[1,"93AGbAE85MbbHdvp94hPX/",null,null,null,1,0],[1,0,66,0]],[11,"content",3,[-21],[[49,8,4.85722573273506e-17,false,-17,[0,"2bSZHqSapDYpFA5f/c2dZq"]],[9,-18,[0,"79whva8lRDM4Yk/Lv8h8+D"]],[5,-19,[0,"23OUWxqytPiZqyKVRfyUOB"],[5,580,67.8],[0,0.5,1]],[57,1,2,true,-20,[0,"e1aWnngPdKTrt3YlWG7FxB"]]],[1,"0bBs4UAxVEM6GmVOIEFiOv",null,null,null,1,0]],[40,"vScrollBar",false,3,[-26],[[-22,[22,37,-23,[0,"c92RyWcHFDiLGS1D7+409Y"]],[9,-24,[0,"87cBBddLtJVZcGMHN/WEAO"]],[2,-25,[0,"89QYCgHPRDIZf3p/bMPpOO"],[5,15,140]]],1,4,4,4],[1,"63pS1C+zNEdYAWE+K2G3RT",null,null,null,1,0],[1,282.5,-70,0]],[3,"Image_title",2,[[28,0,false,-27,[0,"855n3L+8hI24Q198p9Oi3L"]],[9,-28,[0,"d5EXATxoZJVYrK3c0TkBgG"]],[2,-29,[0,"eb70x4EeZIDIxAmFEWiYjs"],[5,142,46]]],[1,"61frzTiehESKz74DztYvsx",null,null,null,1,0],[1,-221.2706,92.5961,0]],[3,"Text_title",2,[[62,"Oops!",0,0,30,30,0,0,-30,[0,"1bWwsC3wNLDLnC+GebWMo6"],[4,4289845726]],[9,-31,[0,"c5ptiIY7ZNbq/SBG3UD2M7"]],[2,-32,[0,"0fWIeiid1B67fQUmjLl9OZ"],[5,80.04,37.8]]],[1,"a4LT3cPvFOeYLlV9Tr4i8Y",null,null,null,1,0],[1,-221.2706,93.59620000000001,0]],[18,"bar",5,[[-33,[9,-34,[0,"d1k81QZANGuKWd6PREbYq3"]],[5,-35,[0,"b4YYdS9MVFlLAHELApZkxN"],[5,15,65.33333333333333],[0,0,0]]],1,4,4],[1,"89NkYtRq5Ax5yAp3Y3ocCh",null,null,null,1,0],[1,-7.5,4.666666666666671,0]],[3,"content_lab",4,[[5,-36,[0,"46eLZli11DobUWN47rW/Lt"],[5,580,67.8],[0,0,1]],[63,"label alkjvlad saldfjasl asljf aslfj asdl lsdkajaf afljdks aflkj  akfj ",0,30,30,30,3,-37,[0,"32gkdE2zlPsJIKk3LWdXiB"],[4,4281612341]]],[1,"13vHt/Z1ROeZ1WCJwmuRJK",null,null,null,1,0],[1,-290,0,0]],[46,1,0,false,8,[0,"b6GTL9zINLFLwx26V0hW31"]],[69,1,true,5,[0,"fe3ee+cq5Cip3SNw6FkxBB"],10],[70,false,false,3,[0,"eb3Hy6eytObaB1uuzJbYuy"],4,11]],0,[0,4,1,0,0,1,0,0,1,0,-1,2,0,0,2,0,0,2,0,0,2,0,-1,6,0,-2,7,0,-3,3,0,-1,12,0,0,3,0,0,3,0,0,3,0,-1,4,0,-2,5,0,0,4,0,0,4,0,0,4,0,0,4,0,-1,9,0,-1,11,0,0,5,0,0,5,0,0,5,0,-1,8,0,0,6,0,0,6,0,0,6,0,0,7,0,0,7,0,0,7,0,-1,10,0,0,8,0,0,8,0,0,9,0,0,9,0,7,1,11,8,12,37],[10],[1],[2]],[[{"name":"DL_btn_weixin","rect":{"x":0,"y":0,"width":284,"height":97},"offset":{"x":0,"y":0},"originalSize":{"width":284,"height":97},"rotated":false,"capInsets":[0,0,0,0],"vertices":{"rawPosition":[-142,-48.5,0,142,-48.5,0,-142,48.5,0,142,48.5,0],"indexes":[0,1,2,2,1,3],"uv":[0,97,284,97,0,0,284,0],"nuv":[0,0,1,0,0,1,1,1],"minPos":{"x":-142,"y":-48.5,"z":0},"maxPos":{"x":142,"y":48.5,"z":0}},"packable":true,"pixelsToUnit":100,"pivot":{"x":0.5,"y":0.5},"meshType":0}],[7],0,[0],[3],[3]],[[{"name":"default_scrollbar_vertical","rect":{"x":0,"y":0,"width":15,"height":30},"offset":{"x":0,"y":0},"originalSize":{"width":15,"height":30},"rotated":false,"capInsets":[4,10,4,10],"vertices":{"rawPosition":[-7.5,-15,0,7.5,-15,0,-7.5,15,0,7.5,15,0],"indexes":[0,1,2,2,1,3],"uv":[0,30,15,30,0,0,15,0],"nuv":[0,0,1,0,0,1,1,1],"minPos":{"x":-7.5,"y":-15,"z":0},"maxPos":{"x":7.5,"y":15,"z":0}},"packable":true,"pixelsToUnit":100,"pivot":{"x":0.5,"y":0.5},"meshType":0}],[7],0,[0],[3],[4]],[[[24,"login_main"],[15,"login_main",[-6,-7,-8,-9,-10],[[2,-3,[0,"96yR9z/RFK3JaKENymqZ4N"],[5,1280,720]],[10,45,100,100,-4,[0,"419VCqPj5FMaSwrUowXvHy"]],[71,-5,[0,"9dv/OgXWxKorsj4fU3uOlk"]]],[44,"c46/YsCPVOJYA4mWEpNYRx",null,null,-2,0,[-1]]],[16,"Sprite",[-14,-15,-16],[[2,-11,[0,"70nhpod6ZFl46l2Mkr3vMH"],[5,507,546]],[8,1,0,-12,[0,"f7F7D3I1RFnLhxmacF2nZg"]],[50,33,69,112,82,573,-13,[0,"e0AsyykFtOrYxl20Db+76m"]]],[1,"52CEqr3vJHtrUUHUNuqU7e",null,null,null,1,0],[1,317.5,-25,0]],[11,"Node_enter_phone",2,[-18,-19,-20,-21,-22],[[43,-17,[0,"11ENW5f5FMu70yskMsaBjG"]]],[1,"29MyRQvR9Nrob+nI3GDedB",null,null,null,1,0]],[4,"Sprite_num",3,[-25,-26,-27,-28],[[2,-23,[0,"ebIXJjl1pHbpl4ZD3yKd5S"],[5,458,88]],[6,0,-24,[0,"97/u8vdSZBFrmnXw7A9Hw6"]]],[1,"dccDDNHSxEgaDDQtvzc1Hv",null,null,null,1,0],[1,0,203,0]],[4,"Node_input_OTP",3,[-31,-32,-33,-34],[[2,-29,[0,"4bJ9fTK25Pvb0RggRnz5Wu"],[5,458,88]],[6,0,-30,[0,"10tFqj9qBA1Z5g8BmCnUGq"]]],[1,"54Lob6ialMtY/fhzKaawar",null,null,null,1,0],[1,-0.01999999999998181,99.95499999999998,0]],[35,"youke_edit_node",false,[-37,-38,-39,-40],[[2,-35,[0,"c24PvrsLxN96s6TQu4qffW"],[5,500,300]],[20,0,-36,[0,"74QsqMeMRKta50HU8b4WSf"],8]],[1,"91zllo7GZEurV8hETL48Ko",null,null,null,1,0],[1,-28,28,0]],[4,"Sprite_language_bg",2,[-44,-45],[[2,-41,[0,"3fEVhXB6FHvLFvM0dRvaHT"],[5,450,56]],[8,1,0,-42,[0,"13c5kI6J5MBaoepVQ89WKb"]],[51,20,556.124,-2,606,-43,[0,"d9qcalNSdFMZ6YN++NNxq/"]]],[1,"38qnwO9GtE3KsGN7SWaz5X",null,null,null,1,0],[1,-2,311.124,0]],[4,"EditBox",4,[-51,-52],[[5,-46,[0,"bcEv0D3B5PAa1loXmzQ7dL"],[5,280,85],[0,0,0.5]],[8,1,0,-47,[0,"8d77tJ0wZJerfR/PMoGtcI"]],[33,3,11,-50,[0,"f68riwCOlNZ7WeYT22hIUN"],-49,-48]],[1,"d4ZwBWSVFGeaWd1yNuNxhX",null,null,null,1,0],[1,-110,0,0]],[4,"EditBox",5,[-58,-59],[[5,-53,[0,"33iAiVLTdOFL8/l63pQjOe"],[5,220,84],[0,0,0.5]],[8,1,0,-54,[0,"4eXPxeHVlAZoXSPjzdo3FL"]],[33,3,8,-57,[0,"91iyK9fghCWKqcFmDt0LK/"],-56,-55]],[1,"1f6T9YRqNEybChZgQRTX1B",null,null,null,1,0],[1,-174,0,0]],[16,"Sprite_get_bg",[-63,-64],[[5,-60,[0,"fefB0xgwJMUaK3JGm1n8G8"],[5,154.97,52],[0,0,0.5]],[8,1,0,-61,[0,"9bPS5kjBxO4rwMVB4ERGp0"]],[58,1,1,15,30,5,-62,[0,"32a4lZ4zFCH495ht33XvnF"]]],[1,"07zGrKTSpBRbaE0cPCjJEV",null,null,null,1,0],[1,-238,35,0]],[4,"Node_login_types",3,[-67,-68,-69],[[19,-65,[0,"91YyA1j/NPvogJpdgm1XZA"],[0,0.5,1]],[59,2,10,-66,[0,"39Urdz9Q1Ojq2Ju+VnO4An"]]],[1,"0cZP++QJ1C15SfTENLa6Or",null,null,null,1,0],[1,0,-107,0]],[11,"Node",1,[-72,-73,6],[[2,-70,[0,"24LgrSWvpHuJqKhka96AIn"],[5,1280,720]],[10,45,100,100,-71,[0,"c6/LNq8gRJCL/5wDWVKokI"]]],[1,"14F/hAveZKTKhjnoXk1UiI",null,null,null,1,0]],[4,"youke_edit",6,[-79,-80],[[2,-74,[0,"c5kgbbfi9FWoGfkFmRE8zw"],[5,450,200]],[47,1,0,-75,[0,"642pmwhC1LKIOkcwxYynid"],5],[72,6,8,-78,[0,"0b8fHsp0JEF4zQ2/UriBS1"],-77,-76,6]],[1,"c6rQcSaY1IQqyAG2SUa/0S",null,null,null,1,0],[1,-1.059,27.49,0]],[4,"Node_english",7,[-83,-84],[[2,-81,[0,"4fP5ixk6pPEL+hufaDGsa/"],[5,222,56]],[30,16,-112,-82,[0,"fdstAWYjFNao6VV/idVvfM"]]],[1,"4bu00r8rtE36oBU3j7kD+A",null,null,null,1,0],[1,-112,0,0]],[11,"Node_btn_select",14,[-87,-88],[[2,-85,[0,"acUgv/R55O/qRyKDyfrGS5"],[5,222,52]],[31,45,2,2,100,100,-86,[0,"a8TUojSvRDSYByqajudFSx"]]],[1,"659r7B0WREIKhqqZxWDIp/",null,null,null,1,0]],[4,"Node_brasil",7,[-91,-92],[[2,-89,[0,"9b98Nr54xIX7FO224cF/zy"],[5,222,56]],[30,16,112,-90,[0,"6adg9lZ1hKH7o8PCU9HKlL"]]],[1,"bfbgsPRkBChbSYyV8JlVP0",null,null,null,1,0],[1,112,0,0]],[11,"Node_btn_select",16,[-95,-96],[[2,-93,[0,"e4xyhA+7lJvbWXJDs8hgwN"],[5,222,52]],[31,45,2,2,100,100,-94,[0,"35g8fNqKRAd6CC2YcT2fEi"]]],[1,"f0ZcsAQFNPvIYZSOQG5LCh",null,null,null,1,0]],[4,"Sprite_login",3,[-99,10],[[2,-97,[0,"e7KOBSWepHqbhN6PGFwEJi"],[5,463,109]],[6,0,-98,[0,"44b5UVSctCfLT/6w7Ijk4C"]]],[1,"09tEb10jpI+pPqNYJLaHQx",null,null,null,1,0],[1,0,-14,0]],[4,"Label_or",3,[-102,-103],[[2,-100,[0,"13dSNR3eBK+KFjWO4Xas1B"],[5,24.9,50.4]],[12,"or",28,28,-101,[0,"0eYyLhXJNNmYin2uLJUnH2"],[4,4285963215]]],[1,"a8hVuDUIJBq4Al4oAB9X43",null,null,null,1,0],[1,0,-80,0]],[4,"Node_facebook",11,[-105,-106,-107],[[2,-104,[0,"e39y/mkRFJY6Aex/qHjmxU"],[5,462,82]]],[1,"deGMpwV2lCI4C62rLHxuH1",null,null,null,1,0],[1,0,-41,0]],[15,"Node_youke_layout",[-110,-111],[[2,-108,[0,"41sdzLUKRA24L354v5AEGh"],[5,251.2,100]],[60,1,1,20,-109,[0,"32WubFFjNIOKPHa9eblWcE"]]],[1,"75QzjLn6JCGr5xz/qeHEly",null,null,null,1,0]],[25,"Node_bot_left",512,false,1,[-114,-115],[[19,-112,[0,"34Lc3hfC9OQ41X802B9CPv"],[0,0,0]],[22,12,-113,[0,"c4y99vQIFF36YzZA0EJpxq"]]],[1,"fdY7at/bpB1qJV8LCZWint",null,null,null,1,0],[1,-640,-360,0]],[73,["b3qZG8ZNFFLLO14LG20j65"]],[36,"Text_xieyi",[[5,-116,[0,"225AH/vilJF4Fo8AZ4gnRK"],[5,701.56,22.68],[0,0.5,0]],[74,18,"<color=#C4C4C4>By logging in You Accept That You Art </color> <color=#DDAD15>18+</color> <color=#C4C4C4> and Agree to Our </color><color=#DDAD15 click=\"openTHC\"><u>*T&C</u></color> <color=#C4C4C4> and  </color><color=#DDAD15 click=\"openPolicy\"><u>Privacy Policy</u></color>",18,-117,[0,"2dAJtO8HpB5JYc5nar8ILE"]],[52,4,10,-118,[0,"e8Sep51iVJIZ4ot7aSvBuX"]],[75,-119,[0,"26/9sp3DJLirX5R9yeTp+y"]]],[1,"d3SabrSU5MlIJaMUW3QJQI",null,null,null,1,0],[1,0,10,0]],[16,"Node",[-122,-123],[[2,-120,[0,"9eZ01YrdhAKr7YbIVNBO/p"],[5,194.45,50]],[61,1,1,15,true,-121,[0,"33Y7Ngfl5KM7SMrtER5nMz"]]],[1,"7eJdbGhB9LUqxXceQdFkeM",null,null,null,1,0],[1,0,-300,0]],[26,"Node_login",512,false,1,[2],[[2,-124,[0,"4cWOhMS3ZMl7qAr9bTSsLp"],[5,1280,720]],[10,45,100,100,-125,[0,"72KwiVA3VEkZDK1oDgPZpO"]]],[1,"29tYWbe4xM/JO7XdHAJKNA",null,null,null,1,0]],[7,"Sprite",2,[[2,-126,[0,"e7Y1DX34BJmom0K/IFcVYK"],[5,484,525]],[8,1,0,-127,[0,"9bhIMppolPfpvV7UfVRfVy"]],[53,45,11.5,11.5,10.5,10.5,481.65,433.2,-128,[0,"71uGEd7B5K/IJ8/Y0Ix4As"]]],[1,"34wgqxiqdONZ2tz4aMDIVU",null,null,null,1,0]],[11,"Node_btn_normal",14,[-131],[[2,-129,[0,"fbBCVw7+NL5KGTNo+CZE7w"],[5,222,56]],[10,45,100,100,-130,[0,"60Dqav+xtBU7olog/sHrHf"]]],[1,"7aT1skMqhDd7n0PL+G0so0",null,null,null,1,0]],[7,"Sprite_btn_select",15,[[2,-132,[0,"c452GLYa1PxKfXINQEkFX0"],[5,222,52]],[8,1,0,-133,[0,"e9BwIiakZFhJMbz9D6LGyS"]],[10,45,40,52,-134,[0,"877ubz1hdOR67xnuvT7QlY"]]],[1,"2bawoS5ydDO5o2+GzlVAkb",null,null,null,1,0]],[11,"Node_btn_normal",16,[-137],[[2,-135,[0,"28Esf394VMqo1gpt+pNsX6"],[5,222,56]],[10,45,100,100,-136,[0,"92GuvfzB9OsoVtbakQvF4r"]]],[1,"a7eeaXaTxPELRPEML7P/YM",null,null,null,1,0]],[7,"Sprite_btn_select",17,[[2,-138,[0,"22Nb+vUntMeLSBTie24N5m"],[5,222,52]],[8,1,0,-139,[0,"d5onGYpVhHnpeNLq0NY9kJ"]],[10,45,40,52,-140,[0,"a3DsRkEMZNqbPNgqKr+H9h"]]],[1,"e8eeL+Gd1OhpgeNL7AQN9K",null,null,null,1,0]],[4,"Sprite_getOTP",5,[-143],[[2,-141,[0,"4dBRjU2rpFFY6YTfIts/t7"],[5,175,86]],[6,0,-142,[0,"281+err4RBqbri7urhqaRH"]]],[1,"9aT6yj3xBOJ5lUSZSnMlEx",null,null,null,1,0],[1,140,0,0]],[4,"Sprite_getOTP_CD",5,[-146],[[2,-144,[0,"23LUlBTpJCqZa4CJx4e7IR"],[5,175,86]],[6,0,-145,[0,"dfZWAaGo5M8aeckrq94LLv"]]],[1,"e2rZ0KEB5BErTQ5Juv4zCo",null,null,null,1,0],[1,140,0,0]],[3,"Image_13",19,[[2,-147,[0,"eakedd21lNM68kPuElOX2E"],[5,162,3]],[29,0,-148,[0,"32xdaAxgBKJLUW4jC5qJhI"],[4,4285963215]],[54,8,46.45,-149,[0,"5aQwEQ1BZGDo/D+K4kRT0x"]]],[1,"8fo06heYBP4oTN4gxVJY61",null,null,null,1,0],[1,115,-2,0]],[17,"Image_13_0",19,[[2,-150,[0,"32t0FLnClI86Ecz15O8mn4"],[5,162,3]],[29,0,-151,[0,"a1Q/M78tNM0pBmyQ+PQpKS"],[4,4285963215]],[55,32,48.44999999999999,-152,[0,"b6uddTKlhGlY2bbSKc6lrN"]]],[1,"f5SuagtgpN2o3KtUMe3YQY",null,null,null,1,0],[1,-116.99999999999999,-2,0],[1,-1,1,1]],[3,"Image_3",20,[[5,-153,[0,"b9WkG3NPFNvYk8crf9id2X"],[5,462,82],[0,1,0.5]],[8,1,0,-154,[0,"41JxWiswJCnp2mP+j5HDDN"]],[32,40,39,-155,[0,"b6wkgPIuFMK7sGbaRHPXmZ"]]],[1,"b8m5F8fJ1K5Kyu8GK8cTwp",null,null,null,1,0],[1,231,0,0]],[4,"Node_youke",11,[21],[[2,-156,[0,"9ayefjQNVN6oJeMKXw8+zb"],[5,455,56]],[8,1,0,-157,[0,"0dIIcnYghAxI3dTZfnb+ka"]]],[1,"338bJxel1JIruTCBHqKcvj",null,null,null,1,0],[1,0,-120,0]],[25,"Node_bot_bottom",512,false,1,[24],[[19,-158,[0,"9aCu/kDYVMwJk2f+nUjzT/"],[0,0.5,0]],[22,4,-159,[0,"8aAfeBDEBGxImT8mt/M0BT"]]],[1,"85eKAMPoJFdak4jgHga1hN",null,null,null,1,0],[1,0,-360,0]],[26,"Node_loading",512,false,1,[25],[[2,-160,[0,"7ePo2bkS5FSpPcYzsZ55AV"],[5,1280,720]],[10,45,100,100,-161,[0,"32bpz3mL1EfIJVp75VjZKf"]]],[1,"feWUwFeApJIK77b8W7VHvf",null,null,null,1,0]],[3,"Sprite_loading",25,[[2,-162,[0,"d4wNM3Q0FNU6BKLkStXN56"],[5,30,30]],[6,0,-163,[0,"f3yX6/pHFIc5vBQdtr145K"]],[32,8,30,-164,[0,"cedvTFR8dHe6RmRfeApE+n"]]],[1,"d4lFcrIkZIAIF3m56krGD8",null,null,null,1,0],[1,-82.225,0,0]],[3,"Label_loading",25,[[2,-165,[0,"b0UfQkpWJKW5EaOfZSMtLw"],[5,149.45,50.4]],[13,"Loading ...",32,32,-166,[0,"83LDQZSWtE47oPW4e3Bu5n"]],[56,20,-0.1999999999999993,22.5,-167,[0,"28eaVLO7hEBp5tildIlXaX"]]],[1,"7ahoQnl/RKJqFzSICxUFOI",null,null,null,1,0],[1,22.5,0,0]],[37,"btn_youke_sure",6,[-170],[[2,-168,[0,"b3xMUV2khNpYRj8Se4u7NK"],[5,278,90]],[21,-169,[0,"23hcmn3T1BX49U9pF0Drcq"],7]],[1,"5dEEaEV3pJG4K3eslYK676",null,null,null,1,0],[1,-3.475,-105.995,0],[1,0.5,0.5,1]],[7,"Label_btn_normal",28,[[2,-171,[0,"94GDU+N05OO7v5YE6/pW19"],[5,118.07,50.4]],[12,"English",36,36,-172,[0,"6e33rlQNNCNL1rHTxU9x4s"],[4,2147483647]]],[1,"2e8pPZXBdNWLy1psMBiIDE",null,null,null,1,0]],[7,"Label_btn_select",15,[[2,-173,[0,"b40BkwP9NMUILxZHdcUt71"],[5,118.07,50.4]],[13,"English",36,36,-174,[0,"7c2GHv7JdENJHFnHn8vmpH"]]],[1,"63u0NjaTpFoKMzn8ZklEJY",null,null,null,1,0]],[7,"Label_btn_normal",30,[[2,-175,[0,"46Z90qxqhPupE2CNXEcNP2"],[5,164.11,50.4]],[12,"Português",36,36,-176,[0,"4aXJlfSfVPmYt2fHQrBPNN"],[4,2147483647]]],[1,"11LJRVPS5GN6xwA5xXCavx",null,null,null,1,0]],[7,"Label_btn_select",17,[[2,-177,[0,"20EewpQ0pADaO/8eHpn9Q4"],[5,164.11,50.4]],[13,"Português",36,36,-178,[0,"4dkWYtD2tMp7dMZUdyot9P"]]],[1,"22PjSxhmlGu5UkY138LiGG",null,null,null,1,0]],[3,"Sprite",4,[[2,-179,[0,"872jEg5vJIY6gQEINVP48V"],[5,26,40]],[6,0,-180,[0,"d62TXi6/NCZYWz8eMzfWnl"]]],[1,"a0r1o4pXxLw79f/Su41mYM",null,null,null,1,0],[1,-196,0,0]],[3,"Label_area",4,[[2,-181,[0,"df/atw4YpNppnKnsShI8SN"],[5,61.07,50.4]],[12,"+55",36,36,-182,[0,"99E0iPudVAc6LbCc+hhXnL"],[4,4281551747]]],[1,"beX35ClRRIloBVGyYRhnjc",null,null,null,1,0],[1,-144,0,0]],[27,"TEXT_LABEL",false,8,[[[5,-183,[0,"59BJEcCjRF6JwYS1vBWd5s"],[5,278,85],[0,0,1]],-184],4,1],[1,"18S1s/N6BAXLYOIoDA3f/o",null,null,null,1,0],[1,2,42.5,0]],[18,"PLACEHOLDER_LABEL",8,[[[5,-185,[0,"49PtPdl7tAxaq6yW77o287"],[5,278,85],[0,0,1]],-186],4,1],[1,"ef131Z8q1KeajCA/PUoK7B",null,null,null,1,0],[1,2,42.5,0]],[4,"Node_clear",4,[-188],[[2,-187,[0,"bbEdDzoKRJBLbfzgb6CQuf"],[5,50,80]]],[1,"5bN+RAn7NCGJ8jHCblDG+D",null,null,null,1,0],[1,202,0,0]],[7,"Sprite_clear",51,[[2,-189,[0,"10bzF+BblGs5ZM7UCjh9uV"],[5,22,25]],[6,0,-190,[0,"7bciCOw4JL9JyPbnt0Cpba"]]],[1,"5csDkQQ4xPxaV3pqlSqMvE",null,null,null,1,0]],[3,"Sprite",5,[[2,-191,[0,"d1sJnPhJJNNYfuEbXvWLAL"],[5,26,35]],[6,0,-192,[0,"d0aMCRyexH+7+BLTHnA1+z"]]],[1,"83Oq7vX+NDYqr9/GQunJGH",null,null,null,1,0],[1,-196,0,0]],[27,"TEXT_LABEL",false,9,[[[5,-193,[0,"e57SHqiDlAfp1oWw+fGKmi"],[5,218,84],[0,0,1]],-194],4,1],[1,"15KossivZN8bY32ESZH+hs",null,null,null,1,0],[1,2,42,0]],[18,"PLACEHOLDER_LABEL",9,[[[5,-195,[0,"21KAh358BB5Lzf59HZGEbB"],[5,218,84],[0,0,1]],-196],4,1],[1,"197eTwqLZA7KCLErEz9lS+",null,null,null,1,0],[1,2,42,0]],[7,"Label_getOTP",32,[[2,-197,[0,"27Rz23Yt1EMal0ayJ49otl"],[5,84.08,50.4]],[13,"Send",36,36,-198,[0,"fehElG7ExP+bQFQQBcfSV8"]]],[1,"86NfxNOZ1HTJDrcngDcReP",null,null,null,1,0]],[7,"Label_OTP_time",33,[[2,-199,[0,"96OvPnT7VFxIwD0LX7KWEk"],[5,40.04,50.4]],[12,"60",36,36,-200,[0,"01U7gkc8dLRqdvto3h3dD6"],[4,4283190348]]],[1,"6d0iuZ0itE+LiQkalwv4B7",null,null,null,1,0]],[3,"Label_login",18,[[2,-201,[0,"eezngXAo1JrLVkVHILNFxp"],[5,127.23,75.6]],[64,"Login",52,52,60,-202,[0,"a1iaOU33xDF4i/E9Tl5ibr"]]],[1,"33ZFWOxdNLALrNhgdGtYjg",null,null,null,1,0],[1,0,7,0]],[3,"Text_get_title",10,[[2,-203,[0,"ba3jI8zqJEtL0FdJTMldfb"],[5,51.58,50.4]],[65,"Get",32,32,false,-204,[0,"c121fU1xJAPZlXCUywNC51"]]],[1,"65ttt6bKNAX5Is2zc7rFHy",null,null,null,1,0],[1,40.79,4,0]],[3,"Text_get",10,[[2,-205,[0,"b9tyOA2K5Dd4pYLNN1JerI"],[5,53.39,50.4]],[66,"₹10",32,32,false,-206,[0,"2feE0EtdBFzY6jYDO86lE6"],[4,4286051069]]],[1,"e0ycgPO39PkKYtItmGrWAA",null,null,null,1,0],[1,98.275,4,0]],[3,"Image_8",20,[[2,-207,[0,"5dJbmkHslL0L18cPek4sRG"],[5,44,44]],[6,0,-208,[0,"bbmuUMap5GLrIrfIqRr07U"]]],[1,"b9Q+nML+xMp7SrovBHsrk8",null,null,null,1,0],[1,-170,4,0]],[3,"Text_fb",20,[[2,-209,[0,"96eZ63i5hKXbypyBPCS4YP"],[5,299.92,50.4]],[13,"Login Via Facebook",34,34,-210,[0,"caQnI2s8REdoRxZNoIg8gA"]]],[1,"5cRn6bazlFVZcuIA51ClU2",null,null,null,1,0],[1,32,4,0]],[3,"Image",21,[[2,-211,[0,"f1BPk9+f9HKY8xUqqVutjQ"],[5,32,36]],[6,0,-212,[0,"307oiolDFJ16Wgdi+ULR44"]]],[1,"afAUkFfiNN5I2Qu/xX+buX",null,null,null,1,0],[1,-109.6,0,0]],[3,"Text_youke",21,[[2,-213,[0,"35+83bF29FPLpyaG2rBuFM"],[5,199.2,50.4]],[12,"Play as Guest",32,32,-214,[0,"b4Z7OhmP9Di5TWGL2/BFdc"],[4,4292538367]]],[1,"93xRnOzeRDbYYRjP+WCfa5",null,null,null,1,0],[1,26,0,0]],[3,"Sprite_ios",11,[[2,-215,[0,"1fFPfGVbpNy7lmdcmpg8hf"],[5,453,71]],[6,0,-216,[0,"cfo4O7z0dMYKKyQ5Wnggex"]]],[1,"03PGVX3yxBuqO9sgkHzCfq",null,null,null,1,0],[1,0,-193.5,0]],[3,"version",22,[[5,-217,[0,"1aa3/BTPlLGqZqV3BKr68+"],[5,145.63,50.4],[0,0,0.5]],[13,"version：1.2.3.4",20,20,-218,[0,"b5nrrpd3VGWKR+jzOwQl9s"]]],[1,"a6a4X0ls9DgqBsSg+3Nmbf",null,null,null,1,0],[1,12.45,22.9,0]],[38,0,{},22,[45,"b3qZG8ZNFFLLO14LG20j65",null,null,-219,[76,"7bNAPG90FCwpdU5MZggqmx",1,[[34,"login_notice",["_name"],23],[23,["_lpos"],23,[1,0,0,0]],[23,["_lrot"],23,[3,0,0,0,1]],[23,["_euler"],23,[1,0,0,0]],[34,false,["_active"],23]]],0]],[3,"btn_weixin",12,[[2,-220,[0,"e7jUOj6BtG9pzi10sKjKby"],[5,189,65]],[20,0,-221,[0,"a78kpJ3x5At4Mjuofypd6s"],1]],[1,"6fwO+Ai/5LCIB0vcK6rLyX",null,null,null,1,0],[1,-230.91,-112,0]],[3,"btn_youke",12,[[2,-222,[0,"26FaGNJXhFu5ogpojURAmA"],[5,189,65]],[20,0,-223,[0,"02yjDLOe1C06t8mxvto2Nj"],2]],[1,"91DqwXVO9A/rGrZ2mE6ouC",null,null,null,1,0],[1,223.33,-112,0]],[17,"title_youke",6,[[2,-224,[0,"2aHf7sv+hAY6WI6QeTceVu"],[5,588,108]],[21,-225,[0,"653YLgXixEd6YQr9lH3QO6"],3]],[1,"38fhQAJuRP34LCnZif2u0e",null,null,null,1,0],[1,-119.966,157.53,0],[1,0.5,0.5,1]],[17,"youke_edit_close",6,[[2,-226,[0,"a7MXmYA8ZAqpPmB7kgws2v"],[5,169,123]],[21,-227,[0,"eaZ9Vpy6pBTavj26qth1BS"],4]],[1,"26+3Ols5dLC5QbYfhPcZq/",null,null,null,1,0],[1,244.777,149.048,0],[1,0.5,0.5,1]],[41,"TEXT_LABEL",false,33554432,13,[[[5,-228,[0,"0egdK0XQNJFrPwb31r21Og"],[5,448,200],[0,0,1]],-229],4,1],[1,"b0+kZZ/apEapjTgjNwfzUP",null,null,null,1,0],[1,-223,100,0]],[42,"PLACEHOLDER_LABEL",33554432,13,[[[5,-230,[0,"c3UuglyZJML4piNJapYfXz"],[5,448,200],[0,0,1]],-231],4,1],[1,"35VY4yv5BCA46P09BTxXV1",null,null,null,1,0],[1,-223,100,0]],[7,"Label",42,[[2,-232,[0,"67uk8aojtBy6yfZCVzYIJm"],[5,80,50.4]],[67,"确定",40,true,-233,[0,"248R82MPdL7ZXTtIEBQ3X8"],[4,4280229794]]],[1,"e0U3jCVd5OmIH7nTMWqbve",null,null,null,1,0]],[14,"",0,40,36,85,1,false,49,[0,"66e3fgU5JGsLop3oR2qJPn"],[4,4281551747]],[14,"Enter phone number",0,30,36,85,2,false,50,[0,"9204JJfAxPF4HwtbabXg23"],[4,4291286506]],[14,"",0,20,36,84,1,false,54,[0,"1eyA6fCZ1BZIFM8bpUC5Ao"],[4,4281551747]],[14,"verification code",0,30,36,84,2,false,55,[0,"e6h6GXIDBCUayk0AZ2/e6j"],[4,4291286506]],[68,"",0,0,20,20,1,false,true,72,[0,"173tpqrzNJnazGf/6/vl9O"],[4,4278190080]],[14,"输入账号",0,20,20,200,1,false,73,[0,"8bXtY0gxlKHq1qC6hOshE1"],[4,4290493371]]],0,[0,-1,67,0,4,1,0,0,1,0,0,1,0,0,1,0,-1,26,0,-2,22,0,-3,38,0,-4,39,0,-5,12,0,0,2,0,0,2,0,0,2,0,-1,27,0,-2,7,0,-3,3,0,0,3,0,-1,4,0,-2,5,0,-3,18,0,-4,19,0,-5,11,0,0,4,0,0,4,0,-1,47,0,-2,48,0,-3,8,0,-4,51,0,0,5,0,0,5,0,-1,53,0,-2,9,0,-3,32,0,-4,33,0,0,6,0,0,6,0,-1,70,0,-2,71,0,-3,13,0,-4,42,0,0,7,0,0,7,0,0,7,0,-1,14,0,-2,16,0,0,8,0,0,8,0,5,76,0,6,75,0,0,8,0,-1,49,0,-2,50,0,0,9,0,0,9,0,5,78,0,6,77,0,0,9,0,-1,54,0,-2,55,0,0,10,0,0,10,0,0,10,0,-1,59,0,-2,60,0,0,11,0,0,11,0,-1,20,0,-2,37,0,-3,65,0,0,12,0,0,12,0,-1,68,0,-2,69,0,0,13,0,0,13,0,5,80,0,6,79,0,0,13,0,-1,72,0,-2,73,0,0,14,0,0,14,0,-1,28,0,-2,15,0,0,15,0,0,15,0,-1,29,0,-2,44,0,0,16,0,0,16,0,-1,30,0,-2,17,0,0,17,0,0,17,0,-1,31,0,-2,46,0,0,18,0,0,18,0,-1,58,0,0,19,0,0,19,0,-1,34,0,-2,35,0,0,20,0,-1,36,0,-2,61,0,-3,62,0,0,21,0,0,21,0,-1,63,0,-2,64,0,0,22,0,0,22,0,-1,66,0,-2,67,0,0,24,0,0,24,0,0,24,0,0,24,0,0,25,0,0,25,0,-1,40,0,-2,41,0,0,26,0,0,26,0,0,27,0,0,27,0,0,27,0,0,28,0,0,28,0,-1,43,0,0,29,0,0,29,0,0,29,0,0,30,0,0,30,0,-1,45,0,0,31,0,0,31,0,0,31,0,0,32,0,0,32,0,-1,56,0,0,33,0,0,33,0,-1,57,0,0,34,0,0,34,0,0,34,0,0,35,0,0,35,0,0,35,0,0,36,0,0,36,0,0,36,0,0,37,0,0,37,0,0,38,0,0,38,0,0,39,0,0,39,0,0,40,0,0,40,0,0,40,0,0,41,0,0,41,0,0,41,0,0,42,0,0,42,0,-1,74,0,0,43,0,0,43,0,0,44,0,0,44,0,0,45,0,0,45,0,0,46,0,0,46,0,0,47,0,0,47,0,0,48,0,0,48,0,0,49,0,-2,75,0,0,50,0,-2,76,0,0,51,0,-1,52,0,0,52,0,0,52,0,0,53,0,0,53,0,0,54,0,-2,77,0,0,55,0,-2,78,0,0,56,0,0,56,0,0,57,0,0,57,0,0,58,0,0,58,0,0,59,0,0,59,0,0,60,0,0,60,0,0,61,0,0,61,0,0,62,0,0,62,0,0,63,0,0,63,0,0,64,0,0,64,0,0,65,0,0,65,0,0,66,0,0,66,0,4,67,0,0,68,0,0,68,0,0,69,0,0,69,0,0,70,0,0,70,0,0,71,0,0,71,0,0,72,0,-2,79,0,0,73,0,-2,80,0,0,74,0,0,74,0,7,1,2,2,26,6,2,12,10,2,18,21,2,37,24,2,38,25,2,39,233],[0,0,0,0,0,0,0,0,0],[9,1,1,1,1,1,10,1,1],[5,6,7,8,9,0,0,10,11]]]]
