{"version":1,"document":[{"__type__":"cc.AnimationClip","_name":"animation2","_objFlags":0,"__editorExtras__":{"embeddedPlayerGroups":[]},"_native":"","sample":30,"speed":1,"wrapMode":2,"enableTrsBlending":false,"_duration":1.3333333333333333,"_hash":500763545,"_tracks":[{"__id__":1},{"__id__":12},{"__id__":23},{"__id__":34},{"__id__":40},{"__id__":46}],"_exoticAnimation":null,"_events":[],"_embeddedPlayers":[]},{"__type__":"cc.animation.VectorTrack","_binding":{"__type__":"cc.animation.TrackBinding","path":{"__id__":2},"proxy":null},"_channels":[{"__id__":4},{"__id__":6},{"__id__":8},{"__id__":10}],"_nComponents":3},{"__type__":"cc.animation.TrackPath","_paths":[{"__id__":3},"position"]},{"__type__":"cc.animation.HierarchyPath","path":"Sprite_3"},{"__type__":"cc.animation.Channel","_curve":{"__id__":5}},{"__type__":"cc.RealCurve","bytes":{"__type__":"TypedArrayRef","ctor":"Uint8Array","offset":0,"length":66},"keyframeValueEditorExtras":[null,null,null]},{"__type__":"cc.animation.Channel","_curve":{"__id__":7}},{"__type__":"cc.RealCurve","bytes":{"__type__":"TypedArrayRef","ctor":"Uint8Array","offset":66,"length":66},"keyframeValueEditorExtras":[null,null,null]},{"__type__":"cc.animation.Channel","_curve":{"__id__":9}},{"__type__":"cc.RealCurve","bytes":{"__type__":"TypedArrayRef","ctor":"Uint8Array","offset":132,"length":66},"keyframeValueEditorExtras":[null,null,null]},{"__type__":"cc.animation.Channel","_curve":{"__id__":11}},{"__type__":"cc.RealCurve","bytes":{"__type__":"TypedArrayRef","ctor":"Uint8Array","offset":198,"length":6}},{"__type__":"cc.animation.VectorTrack","_binding":{"__type__":"cc.animation.TrackBinding","path":{"__id__":13},"proxy":null},"_channels":[{"__id__":15},{"__id__":17},{"__id__":19},{"__id__":21}],"_nComponents":3},{"__type__":"cc.animation.TrackPath","_paths":[{"__id__":14},"position"]},{"__type__":"cc.animation.HierarchyPath","path":"Sprite_2"},{"__type__":"cc.animation.Channel","_curve":{"__id__":16}},{"__type__":"cc.RealCurve","bytes":{"__type__":"TypedArrayRef","ctor":"Uint8Array","offset":204,"length":66},"keyframeValueEditorExtras":[null,null,null]},{"__type__":"cc.animation.Channel","_curve":{"__id__":18}},{"__type__":"cc.RealCurve","bytes":{"__type__":"TypedArrayRef","ctor":"Uint8Array","offset":270,"length":66},"keyframeValueEditorExtras":[null,null,null]},{"__type__":"cc.animation.Channel","_curve":{"__id__":20}},{"__type__":"cc.RealCurve","bytes":{"__type__":"TypedArrayRef","ctor":"Uint8Array","offset":336,"length":66},"keyframeValueEditorExtras":[null,null,null]},{"__type__":"cc.animation.Channel","_curve":{"__id__":22}},{"__type__":"cc.RealCurve","bytes":{"__type__":"TypedArrayRef","ctor":"Uint8Array","offset":402,"length":6}},{"__type__":"cc.animation.VectorTrack","_binding":{"__type__":"cc.animation.TrackBinding","path":{"__id__":24},"proxy":null},"_channels":[{"__id__":26},{"__id__":28},{"__id__":30},{"__id__":32}],"_nComponents":3},{"__type__":"cc.animation.TrackPath","_paths":[{"__id__":25},"position"]},{"__type__":"cc.animation.HierarchyPath","path":"Sprite_1"},{"__type__":"cc.animation.Channel","_curve":{"__id__":27}},{"__type__":"cc.RealCurve","bytes":{"__type__":"TypedArrayRef","ctor":"Uint8Array","offset":408,"length":66},"keyframeValueEditorExtras":[null,null,null]},{"__type__":"cc.animation.Channel","_curve":{"__id__":29}},{"__type__":"cc.RealCurve","bytes":{"__type__":"TypedArrayRef","ctor":"Uint8Array","offset":474,"length":66},"keyframeValueEditorExtras":[null,null,null]},{"__type__":"cc.animation.Channel","_curve":{"__id__":31}},{"__type__":"cc.RealCurve","bytes":{"__type__":"TypedArrayRef","ctor":"Uint8Array","offset":540,"length":66},"keyframeValueEditorExtras":[null,null,null]},{"__type__":"cc.animation.Channel","_curve":{"__id__":33}},{"__type__":"cc.RealCurve","bytes":{"__type__":"TypedArrayRef","ctor":"Uint8Array","offset":606,"length":6}},{"__type__":"cc.animation.RealTrack","_binding":{"__type__":"cc.animation.TrackBinding","path":{"__id__":35},"proxy":null},"_channel":{"__id__":38}},{"__type__":"cc.animation.TrackPath","_paths":[{"__id__":36},{"__id__":37},"opacity"]},{"__type__":"cc.animation.HierarchyPath","path":"Sprite_3"},{"__type__":"cc.animation.ComponentPath","component":"cc.UIOpacity"},{"__type__":"cc.animation.Channel","_curve":{"__id__":39}},{"__type__":"cc.RealCurve","bytes":{"__type__":"TypedArrayRef","ctor":"Uint8Array","offset":612,"length":26},"keyframeValueEditorExtras":[{"tangentMode":0}]},{"__type__":"cc.animation.RealTrack","_binding":{"__type__":"cc.animation.TrackBinding","path":{"__id__":41},"proxy":null},"_channel":{"__id__":44}},{"__type__":"cc.animation.TrackPath","_paths":[{"__id__":42},{"__id__":43},"opacity"]},{"__type__":"cc.animation.HierarchyPath","path":"Sprite_2"},{"__type__":"cc.animation.ComponentPath","component":"cc.UIOpacity"},{"__type__":"cc.animation.Channel","_curve":{"__id__":45}},{"__type__":"cc.RealCurve","bytes":{"__type__":"TypedArrayRef","ctor":"Uint8Array","offset":638,"length":26},"keyframeValueEditorExtras":[{"tangentMode":0}]},{"__type__":"cc.animation.RealTrack","_binding":{"__type__":"cc.animation.TrackBinding","path":{"__id__":47},"proxy":null},"_channel":{"__id__":50}},{"__type__":"cc.animation.TrackPath","_paths":[{"__id__":48},{"__id__":49},"opacity"]},{"__type__":"cc.animation.HierarchyPath","path":"Sprite_1"},{"__type__":"cc.animation.ComponentPath","component":"cc.UIOpacity"},{"__type__":"cc.animation.Channel","_curve":{"__id__":51}},{"__type__":"cc.RealCurve","bytes":{"__type__":"TypedArrayRef","ctor":"Uint8Array","offset":664,"length":26},"keyframeValueEditorExtras":[{"tangentMode":0}]}],"chunks":[".bin"]}
