[1,["ebfuVyIWZDrqFzpoIn2JqL@6c48a","5aY1EnWINIIKtP7V4Ku7er","0d7Uwj+i1EJ4+oxjI3LI3k@62e43","0d7Uwj+i1EJ4+oxjI3LI3k@bf44f","0d7Uwj+i1EJ4+oxjI3LI3k@664d1","2cpi794PtCSpmRpGs+Z1ry@2e484","2cpi794PtCSpmRpGs+Z1ry@e31b2","c77x3K11BAApfj3dNrJ9vc"],["node","_textureSource","_customMaterial","_spriteFrame","root","data"],["cc.SpriteFrame",["cc.Node",["_name","_layer","_active","_components","_prefab","_parent","_lpos","_lscale","_children","_lrot","_euler"],0,9,4,1,5,5,2,5,5],["cc.Sprite",["_sizeMode","_isTrimmedMode","_dstBlendFactor","node","__prefab","_customMaterial","_spriteFrame","_color"],0,1,4,6,6,5],["cc.UIOpacity",["_opacity","node","__prefab"],2,1,4],"cc.SpriteAtlas",["cc.Prefab",["_name"],2],["cc.Animation",["node","__prefab","_clips"],3,1,4,3],["cc.CompPrefabInfo",["fileId"],2],["cc.UITransform",["node","__prefab","_contentSize"],3,1,4,5],["cc.PrefabInfo",["fileId","instance","targetOverrides","nestedPrefabInstanceRoots","root","asset"],-1,1,1]],[[7,0,2],[8,0,1,2,1],[9,0,1,2,3,4,5,5],[3,0,1,2,2],[2,2,0,1,3,4,5,6,4],[3,1,2,1],[1,0,2,1,5,3,4,7,4],[1,0,1,5,3,4,6,7,3],[5,0,2],[1,0,1,8,3,4,3],[1,0,1,5,3,4,3],[1,0,1,5,3,4,6,9,10,3],[6,0,1,2,1],[2,0,1,3,4,5,6,3],[2,2,0,1,3,4,7,5,6,4]],[[[{"name":"tx_youxichang_touxiang_bianhuang","spriteFrames":["tx_youxichang_touxiang_bianhuang_00","0d7Uwj+i1EJ4+oxjI3LI3k@5cd79","tx_youxichang_touxiang_bianhuang_01","0d7Uwj+i1EJ4+oxjI3LI3k@f04d8","tx_youxichang_touxiang_bianhuang_02","0d7Uwj+i1EJ4+oxjI3LI3k@28640","tx_youxichang_touxiang_bianhuang_03","0d7Uwj+i1EJ4+oxjI3LI3k@bf44f","tx_youxichang_touxiang_bianhuang_04","0d7Uwj+i1EJ4+oxjI3LI3k@3cad8","tx_youxichang_touxiang_bianhuang_05","0d7Uwj+i1EJ4+oxjI3LI3k@4deda","tx_youxichang_touxiang_bianhuang_06","0d7Uwj+i1EJ4+oxjI3LI3k@3b064","tx_youxichang_touxiang_bianhuang_07","0d7Uwj+i1EJ4+oxjI3LI3k@8e3c4","tx_youxichang_touxiang_bianhuang_08","0d7Uwj+i1EJ4+oxjI3LI3k@3058b","tx_youxichang_touxiang_bianhuang_09","0d7Uwj+i1EJ4+oxjI3LI3k@dcc46","tx_youxichang_touxiang_bianhuang_10","0d7Uwj+i1EJ4+oxjI3LI3k@c6c75","tx_youxichang_touxiang_bianhuang_11","0d7Uwj+i1EJ4+oxjI3LI3k@fa1df","tx_youxichang_touxiang_bianhuang_light01","0d7Uwj+i1EJ4+oxjI3LI3k@664d1","tx_youxichang_touxiang_bianhuang_light02","0d7Uwj+i1EJ4+oxjI3LI3k@62e43","tx_youxichang_touxiang_bianhuang_light03","0d7Uwj+i1EJ4+oxjI3LI3k@eaf68"]}],[4],0,[],[],[]],[[{"name":"tx_youxichang_touxiang_bianhuang_02","rect":{"x":1234,"y":2,"width":275,"height":263},"offset":{"x":-10,"y":-18},"originalSize":{"width":335,"height":303},"rotated":false,"capInsets":[0,0,0,0],"vertices":{"rawPosition":[],"indexes":[],"uv":[],"nuv":[],"minPos":{"x":0,"y":0,"z":0},"maxPos":{"x":0,"y":0,"z":0}},"packable":true,"pixelsToUnit":100,"pivot":{"x":0.5,"y":0.5},"meshType":0}],[0],0,[0],[1],[0]],[[{"name":"tx_youxichang_touxiang_bianhuang_08","rect":{"x":2,"y":674,"width":323,"height":233},"offset":{"x":-5,"y":35},"originalSize":{"width":335,"height":303},"rotated":true,"capInsets":[0,0,0,0],"vertices":{"rawPosition":[],"indexes":[],"uv":[],"nuv":[],"minPos":{"x":0,"y":0,"z":0},"maxPos":{"x":0,"y":0,"z":0}},"packable":true,"pixelsToUnit":100,"pivot":{"x":0.5,"y":0.5},"meshType":0}],[0],0,[0],[1],[0]],[[{"name":"tx_youxichang_touxiang_bianhuang_06","rect":{"x":674,"y":2,"width":335,"height":281},"offset":{"x":0,"y":-3},"originalSize":{"width":335,"height":303},"rotated":true,"capInsets":[0,0,0,0],"vertices":{"rawPosition":[],"indexes":[],"uv":[],"nuv":[],"minPos":{"x":0,"y":0,"z":0},"maxPos":{"x":0,"y":0,"z":0}},"packable":true,"pixelsToUnit":100,"pivot":{"x":0.5,"y":0.5},"meshType":0}],[0],0,[0],[1],[0]],[[{"name":"tx_youxichang_touxiang_bianhuang_04","rect":{"x":418,"y":674,"width":313,"height":283},"offset":{"x":-4,"y":-10},"originalSize":{"width":335,"height":303},"rotated":true,"capInsets":[0,0,0,0],"vertices":{"rawPosition":[],"indexes":[],"uv":[],"nuv":[],"minPos":{"x":0,"y":0,"z":0},"maxPos":{"x":0,"y":0,"z":0}},"packable":true,"pixelsToUnit":100,"pivot":{"x":0.5,"y":0.5},"meshType":0}],[0],0,[0],[1],[0]],[[{"name":"tx_youxichang_touxiang_bianhuang_05","rect":{"x":703,"y":670,"width":327,"height":279},"offset":{"x":-4,"y":-7},"originalSize":{"width":335,"height":303},"rotated":true,"capInsets":[0,0,0,0],"vertices":{"rawPosition":[],"indexes":[],"uv":[],"nuv":[],"minPos":{"x":0,"y":0,"z":0},"maxPos":{"x":0,"y":0,"z":0}},"packable":true,"pixelsToUnit":100,"pivot":{"x":0.5,"y":0.5},"meshType":0}],[0],0,[0],[1],[0]],[[{"name":"tx_youxichang_touxiang_bianhuang_00","rect":{"x":1239,"y":771,"width":213,"height":239},"offset":{"x":-5,"y":-25},"originalSize":{"width":335,"height":303},"rotated":true,"capInsets":[0,0,0,0],"vertices":{"rawPosition":[],"indexes":[],"uv":[],"nuv":[],"minPos":{"x":0,"y":0,"z":0},"maxPos":{"x":0,"y":0,"z":0}},"packable":true,"pixelsToUnit":100,"pivot":{"x":0.5,"y":0.5},"meshType":0}],[0],0,[0],[1],[0]],[[{"name":"tx_youxichang_touxiang_bianhuang_light02","rect":{"x":1239,"y":524,"width":249,"height":245},"offset":{"x":0,"y":0},"originalSize":{"width":249,"height":245},"rotated":false,"capInsets":[0,0,0,0],"vertices":{"rawPosition":[],"indexes":[],"uv":[],"nuv":[],"minPos":{"x":0,"y":0,"z":0},"maxPos":{"x":0,"y":0,"z":0}},"packable":true,"pixelsToUnit":100,"pivot":{"x":0.5,"y":0.5},"meshType":0}],[0],0,[0],[1],[0]],[[{"name":"tx_youxichang_touxiang_bianhuang_light01","rect":{"x":2,"y":2,"width":670,"height":670},"offset":{"x":0,"y":0},"originalSize":{"width":670,"height":670},"rotated":false,"capInsets":[0,0,0,0],"vertices":{"rawPosition":[],"indexes":[],"uv":[],"nuv":[],"minPos":{"x":0,"y":0,"z":0},"maxPos":{"x":0,"y":0,"z":0}},"packable":true,"pixelsToUnit":100,"pivot":{"x":0.5,"y":0.5},"meshType":0}],[0],0,[0],[1],[0]],[[{"name":"tx_youxichang_touxiang_bianhuang_07","rect":{"x":674,"y":339,"width":329,"height":245},"offset":{"x":-2,"y":25},"originalSize":{"width":335,"height":303},"rotated":true,"capInsets":[0,0,0,0],"vertices":{"rawPosition":[],"indexes":[],"uv":[],"nuv":[],"minPos":{"x":0,"y":0,"z":0},"maxPos":{"x":0,"y":0,"z":0}},"packable":true,"pixelsToUnit":100,"pivot":{"x":0.5,"y":0.5},"meshType":0}],[0],0,[0],[1],[0]],[[{"name":"tx_youxichang_touxiang_bianhuang_03","rect":{"x":957,"y":2,"width":305,"height":275},"offset":{"x":-4,"y":-14},"originalSize":{"width":335,"height":303},"rotated":true,"capInsets":[0,0,0,0],"vertices":{"rawPosition":[],"indexes":[],"uv":[],"nuv":[],"minPos":{"x":0,"y":0,"z":0},"maxPos":{"x":0,"y":0,"z":0}},"packable":true,"pixelsToUnit":100,"pivot":{"x":0.5,"y":0.5},"meshType":0}],[0],0,[0],[1],[0]],[[{"name":"tx_youxichang_touxiang_bianhuang_10","rect":{"x":921,"y":339,"width":311,"height":169},"offset":{"x":-5,"y":65},"originalSize":{"width":335,"height":303},"rotated":true,"capInsets":[0,0,0,0],"vertices":{"rawPosition":[],"indexes":[],"uv":[],"nuv":[],"minPos":{"x":0,"y":0,"z":0},"maxPos":{"x":0,"y":0,"z":0}},"packable":true,"pixelsToUnit":100,"pivot":{"x":0.5,"y":0.5},"meshType":0}],[0],0,[0],[1],[0]],[[{"name":"tx_youxichang_touxiang_bianhuang_09","rect":{"x":237,"y":674,"width":317,"height":179},"offset":{"x":-4,"y":57},"originalSize":{"width":335,"height":303},"rotated":true,"capInsets":[0,0,0,0],"vertices":{"rawPosition":[],"indexes":[],"uv":[],"nuv":[],"minPos":{"x":0,"y":0,"z":0},"maxPos":{"x":0,"y":0,"z":0}},"packable":true,"pixelsToUnit":100,"pivot":{"x":0.5,"y":0.5},"meshType":0}],[0],0,[0],[1],[0]],[[{"name":"tx_youxichang_touxiang_bianhuang_light03","rect":{"x":984,"y":652,"width":253,"height":253},"offset":{"x":0,"y":0},"originalSize":{"width":253,"height":253},"rotated":false,"capInsets":[0,0,0,0],"vertices":{"rawPosition":[],"indexes":[],"uv":[],"nuv":[],"minPos":{"x":0,"y":0,"z":0},"maxPos":{"x":0,"y":0,"z":0}},"packable":true,"pixelsToUnit":100,"pivot":{"x":0.5,"y":0.5},"meshType":0}],[0],0,[0],[1],[0]],[[{"name":"tx_youxichang_touxiang_bianhuang_01","rect":{"x":1234,"y":267,"width":255,"height":261},"offset":{"x":-8,"y":-21},"originalSize":{"width":335,"height":303},"rotated":true,"capInsets":[0,0,0,0],"vertices":{"rawPosition":[],"indexes":[],"uv":[],"nuv":[],"minPos":{"x":0,"y":0,"z":0},"maxPos":{"x":0,"y":0,"z":0}},"packable":true,"pixelsToUnit":100,"pivot":{"x":0.5,"y":0.5},"meshType":0}],[0],0,[0],[1],[0]],[[{"name":"tx_youxichang_touxiang_bianhuang_11","rect":{"x":984,"y":907,"width":45,"height":43},"offset":{"x":101,"y":21},"originalSize":{"width":335,"height":303},"rotated":true,"capInsets":[0,0,0,0],"vertices":{"rawPosition":[],"indexes":[],"uv":[],"nuv":[],"minPos":{"x":0,"y":0,"z":0},"maxPos":{"x":0,"y":0,"z":0}},"packable":true,"pixelsToUnit":100,"pivot":{"x":0.5,"y":0.5},"meshType":0}],[0],0,[0],[1],[0]],[[[8,"ani_node_huantouxiang"],[9,"ani_node_huantouxiang",33554432,[-5,-6,-7,-8,-9,-10],[[12,-2,[0,"e0+/GJ1CRA4ZGrQvg+T0eO"],[12]],[5,-3,[0,"ceeA6I6+ZEd4NDrnxsm9Jl"]],[1,-4,[0,"e1/YdpzPBCKpMPWyFT9WDh"],[5,0,0]]],[2,"1a0RZ+4P9M/5wdB8MUzwIH",null,null,null,-1,0]],[10,"Sprite_1",33554432,1,[[13,2,false,-11,[0,"58C+Z3aqtG8Z9OQ0Wohjql"],0,1],[5,-12,[0,"3c/V0DocxKV6J/HJFR/0SP"]],[1,-13,[0,"8e5cpbdCdO/I8Rpm1K1XNV"],[5,335,303]]],[2,"2aR85iomVO0LssS609MTh1",null,null,null,1,0]],[11,"tx_youxichang_touxiang_bianhuang_light01_2",33554432,1,[[4,1,2,false,-14,[0,"e6K0gf7xtLQbaGjNYbN2qQ"],2,3],[3,200,-15,[0,"16i7KDQzVKsoyNTXG/QswH"]],[1,-16,[0,"22GfkwnkVDQbXROyN2UPaO"],[5,670,670]]],[2,"3fwt/OCfZIX4hxWwOtml6/",null,null,null,1,0],[1,4.0187,6.0278,0],[3,0,0,0.092950150558281,0.9956707636117438],[1,0,0,10.6667]],[6,"tx_youxichang_touxiang_bianhuang_light02_3",false,33554432,1,[[4,1,2,false,-17,[0,"ecBM/6/PdPf6k7C4cYtLx7"],4,5],[3,223,-18,[0,"08VY6u7q1CIJR8CLriCSP9"]],[1,-19,[0,"a3v4z8gFhDn5NNZ7n51ESM"],[5,249,245]]],[2,"90uzkS/rpMc7xjjMf9pfJO",null,null,null,1,0],[1,1.0375,1.0375,1]],[6,"tx_youxichang_touxiang_bianhuang_light02_3_0",false,33554432,1,[[4,1,2,false,-20,[0,"50va+1k5tCSID1YOj2wIvC"],6,7],[3,0,-21,[0,"93LkIXRdVCVanIki4u8djN"]],[1,-22,[0,"e8bmXp58BPKYycYPCeAM23"],[5,249,245]]],[2,"1fZMJpLWtBA7ZbpWcXX6dM",null,null,null,1,0],[1,0.9,0.9,1]],[7,"Sprite_5",33554432,1,[[4,1,2,false,-23,[0,"e6B0k/VElKCKaOP+Oqr/JH"],8,9],[5,-24,[0,"63HmCc88tH97dhg9p3C0A3"]],[1,-25,[0,"3ex/n2v29HJLgWnyQheQy0"],[5,251,406]]],[2,"1ajZNUeG9BuJCEYk4EIoSy",null,null,null,1,0],[1,-1.2272,39.4298,0],[1,0.6,0.6,1]],[7,"tx_youxichang_wangzha_light03_6",33554432,1,[[14,1,2,false,-26,[0,"39TjTGITpBTYa8oV8qDugM"],[4,4278232575],10,11],[3,170,-27,[0,"3buCMIoC1DwI9iPB6lEuke"]],[1,-28,[0,"a5cFeUbUdPVLCRbDTSZWPS"],[5,428,445]]],[2,"a7cxU70DRKBb4uPpcgbgcy",null,null,null,1,0],[1,-3.3347,0.6365,0],[1,0.5435,0.5435,1]]],0,[0,4,1,0,0,1,0,0,1,0,0,1,0,-1,2,0,-2,3,0,-3,4,0,-4,5,0,-5,6,0,-6,7,0,0,2,0,0,2,0,0,2,0,0,3,0,0,3,0,0,3,0,0,4,0,0,4,0,0,4,0,0,5,0,0,5,0,0,5,0,0,6,0,0,6,0,0,6,0,0,7,0,0,7,0,0,7,0,5,1,28],[0,0,0,0,0,0,0,0,0,0,0,0,0],[2,3,2,3,2,3,2,3,2,3,2,3,-1],[1,3,1,4,1,2,1,2,1,5,1,6,7]]]]
