[1,["4fQBpZJ9tIprIemWQWsmOm@6c48a","4fQBpZJ9tIprIemWQWsmOm@f9941"],["node","_textureSource","root","data","_spriteFrame"],[["cc.Node",["_name","_active","_components","_prefab","_parent","_children","_lpos"],1,9,4,1,2,5],["cc.UITransform",["node","__prefab","_contentSize","_anchorPoint"],3,1,4,5,5],["cc.Sprite",["_sizeMode","_type","_isTrimmedMode","node","__prefab","_spriteFrame"],0,1,4,6],["cc.Layout",["_resizeMode","_layoutType","_paddingTop","_paddingBottom","_verticalDirection","_isAlign","node","__prefab"],-3,1,4],"cc.SpriteFrame",["cc.Prefab",["_name"],2],["cc.CompPrefabInfo",["fileId"],2],["5fe6892751EmasNCQXc0Ln9",["componentFront","node","__prefab"],2,1,4],["cc.PrefabInfo",["fileId","instance","targetOverrides","nestedPrefabInstanceRoots","root","asset"],-1,1,1],["cc.Widget",["_alignFlags","node","__prefab"],2,1,4],["cc.Label",["_string","_actualFontSize","_fontSize","_lineHeight","node","__prefab","_color"],-1,1,4,5]],[[6,0,2],[8,0,1,2,3,4,5,5],[1,0,1,2,1],[9,0,1,2,2],[0,0,4,2,3,2],[2,0,2,3,4,3],[0,0,4,5,2,3,6,2],[0,0,4,2,3,6,2],[10,0,1,2,3,4,5,6,5],[5,0,2],[0,0,5,2,3,2],[0,0,1,4,5,2,3,6,3],[1,0,1,2,3,1],[2,1,0,3,4,5,3],[3,0,1,2,3,6,7,5],[3,0,1,4,5,6,7,5],[7,0,1,2,2]],[[[{"name":"img_mingpian","rect":{"x":0,"y":0,"width":711,"height":336},"offset":{"x":-0.5,"y":0},"originalSize":{"width":712,"height":336},"rotated":false,"capInsets":[0,0,0,0],"vertices":{"rawPosition":[-355.5,-168,0,355.5,-168,0,-355.5,168,0,355.5,168,0],"indexes":[0,1,2,2,1,3],"uv":[0,336,711,336,0,0,711,0],"nuv":[0,0,0.9985955056179775,0,0,1,0.9985955056179775,1],"minPos":{"x":-355.5,"y":-168,"z":0},"maxPos":{"x":355.5,"y":168,"z":0}},"packable":true,"pixelsToUnit":100,"pivot":{"x":0.5,"y":0.5},"meshType":0}],[4],0,[0],[1],[0]],[[[9,"emoji"],[10,"emoji",[-6,-7,-8],[[12,-2,[0,"c3mKW/O7FI2bAeuPp6UXfM"],[5,500,70.4],[0,0,0.5]],[13,1,0,-3,[0,"9etZccJ/VBNa2PbCYn65BA"],0],[14,1,2,5,15,-4,[0,"b2To04UDdBc46uMJGEEHsO"]],[16,"emoji",-5,[0,"f0HEknFxBK5rTef3Cw7cNe"]]],[1,"c46/YsCPVOJYA4mWEpNYRx",null,null,null,-1,0]],[11,"Node_content",false,1,[-12,-13,-14,-15,-16,-17],[[2,-9,[0,"e8phupwVlPP6utHVSkT+dq"],[5,480,84]],[15,1,1,0,true,-10,[0,"0fDYmP4WRIIKKrceyTBt1G"]],[3,16,-11,[0,"4a218FIsNO/KbIyFi2zONE"]]],[1,"10Y/GemVlEnqgVmg5IDPFe",null,null,null,1,0],[1,250,30.200000000000003,0]],[6,"Node_emoji_1",2,[-19,-20],[[2,-18,[0,"1brSKAOD5H+qEJBgeTe5OD"],[5,80,88]]],[1,"7eUMkwGQlDoJV2ssVFUVOk",null,null,null,1,0],[1,-200,0,0]],[4,"Sprite_bg",3,[[2,-21,[0,"d5z/4IcOFE2op7OAUN3D7b"],[5,70,70]],[5,0,false,-22,[0,"5d2iOpxmxKN7cOSuZRBV4X"]],[3,18,-23,[0,"f2faz9CAdD1bSJV+ub41G+"]]],[1,"9fNyQkumpAUposxHcenrUD",null,null,null,1,0]],[4,"Sprite_icon",3,[[2,-24,[0,"7fcACDQJ1N1rkS4tBCTPP9"],[5,76,76]],[5,0,false,-25,[0,"19SejnznVKsKjtJjz2dWbF"]],[3,18,-26,[0,"27LORnT7tAEZJ6XP4E+li0"]]],[1,"582W6MZQlGdLxG1SOD8uIM",null,null,null,1,0]],[6,"Node_emoji_2",2,[-28,-29],[[2,-27,[0,"6dx/DXGENPU6kaxM4ekpeq"],[5,80,88]]],[1,"132HbnZkVIz4t0y/lxG9Mn",null,null,null,1,0],[1,-120,0,0]],[4,"Sprite_bg",6,[[2,-30,[0,"92vqaf2lxHbq6lzzcb/aWQ"],[5,70,70]],[5,0,false,-31,[0,"0fmxCVlOJPQ5XAVF8tLBYo"]],[3,18,-32,[0,"5f332J5RpPVJ+xphNwByS+"]]],[1,"d88dJoE/9O+rogwVR2vBem",null,null,null,1,0]],[4,"Sprite_icon",6,[[2,-33,[0,"64v6aUn/NCDZfZ1Hm5F5BK"],[5,76,76]],[5,0,false,-34,[0,"e0lY5OZYpC+7/sHRzF9aoF"]],[3,18,-35,[0,"345OU23jtCdIbZRzeySvzZ"]]],[1,"83ROkT0xdCDL6cTiU+i/98",null,null,null,1,0]],[6,"Node_emoji_3",2,[-37,-38],[[2,-36,[0,"31t7TO4jpNE7Nbo/u5f3sg"],[5,80,88]]],[1,"96EWvc25BLqZTrxRPlwbcI",null,null,null,1,0],[1,-40,0,0]],[4,"Sprite_bg",9,[[2,-39,[0,"2a6zxkMndNJImy1DxTwCrZ"],[5,70,70]],[5,0,false,-40,[0,"2bgP3Cu3RH06VQgPBYgTZN"]],[3,18,-41,[0,"5dvifohTFKi6zu7orlfvrE"]]],[1,"4f7gEgYohIGbbVOyLQ9KxC",null,null,null,1,0]],[4,"Sprite_icon",9,[[2,-42,[0,"07LD3SVbFF6KVPOIfO2x9Z"],[5,76,76]],[5,0,false,-43,[0,"8bV7JugtxPgKmfjBHJWlGA"]],[3,18,-44,[0,"06Q3XLErRGwrrA1OswKFKS"]]],[1,"517uRlvJZGYruqHWXfGxLV",null,null,null,1,0]],[6,"Node_emoji_4",2,[-46,-47],[[2,-45,[0,"24r5Fq8llCO59ius8mq48E"],[5,80,88]]],[1,"42UBACq/dM6rqXaMCpOFkV",null,null,null,1,0],[1,40,0,0]],[4,"Sprite_bg",12,[[2,-48,[0,"3b59vL73JEMJzaabvPE/KN"],[5,70,70]],[5,0,false,-49,[0,"b4yg5lCdFOYbYo5cSd3ZhQ"]],[3,18,-50,[0,"b9AK/FCrFMP5znMco4K2qM"]]],[1,"efTQB4XZxDxoL1l4CrC8oi",null,null,null,1,0]],[4,"Sprite_icon",12,[[2,-51,[0,"1bpUCDPgpE04do+kOWSWKr"],[5,76,76]],[5,0,false,-52,[0,"1adigS9P1P0YJBRbUMc5ll"]],[3,18,-53,[0,"821q+k50NISpoKLG5wMfgv"]]],[1,"86TlmzbNFPH72nsGKH18Lt",null,null,null,1,0]],[6,"Node_emoji_5",2,[-55,-56],[[2,-54,[0,"acEmCZdM9CsJ6OnxOHm80D"],[5,80,88]]],[1,"d3kXJfy+xAO7HjdnPMMAwY",null,null,null,1,0],[1,120,0,0]],[4,"Sprite_bg",15,[[2,-57,[0,"ec8u6QaYxGIaP0qn/cZDju"],[5,70,70]],[5,0,false,-58,[0,"33sE46hbBNAJXzmuU9wPg6"]],[3,18,-59,[0,"64r/iApGZIV6hBqc8O7Zi4"]]],[1,"eatA+0JidDabWquNir5u/u",null,null,null,1,0]],[4,"Sprite_icon",15,[[2,-60,[0,"0a9Rz/uq1Dl4vDtQmDqMCg"],[5,76,76]],[5,0,false,-61,[0,"dfoVsex29ED7P8EcgXJvWB"]],[3,18,-62,[0,"22evd3CXNKG5rmniPKn366"]]],[1,"caMLkFQoBLV7ka4EsHXx+f",null,null,null,1,0]],[6,"Node_emoji_6",2,[-64,-65],[[2,-63,[0,"75LFJRdKNCaLVT7/ontTal"],[5,80,88]]],[1,"677NW3h4ZLJqw/CzyUP30L",null,null,null,1,0],[1,200,0,0]],[4,"Sprite_bg",18,[[2,-66,[0,"790JBz6RlHGLDN9xkMbkv3"],[5,70,70]],[5,0,false,-67,[0,"40NthUjUhIZKt92bR379yN"]],[3,18,-68,[0,"b7Dnkn9iVO8IUY/4hto9pB"]]],[1,"79loMDZAtDlafhEfkaSLg+",null,null,null,1,0]],[4,"Sprite_icon",18,[[2,-69,[0,"a4vNSQxcNPP4Qb5OORhvFg"],[5,76,76]],[5,0,false,-70,[0,"65diiyfH5NJpd8DTr7Wl8T"]],[3,18,-71,[0,"805yDt78BOUbyCBBa5Dh4F"]]],[1,"f2gkx37mZGd6zWy95nGv3c",null,null,null,1,0]],[7,"Label_name",1,[[2,-72,[0,"f5yIldAalJx4Ir5FD4yxeZ"],[5,163.43,25.2]],[8,"Each use costs 10",20,20,20,-73,[0,"14rrqRnQZDHrkv9gkmWPoc"],[4,4278190099]],[3,16,-74,[0,"41wyl9tn5Gc64GewhghhYA"]]],[1,"b0mi7vFeJIo6+CKAr0+D7/",null,null,null,1,0],[1,250,17.6,0]],[7,"Label_id",1,[[2,-75,[0,"68B6OV9j5LAp1ZJU9Vmk+O"],[5,163.43,25.2]],[8,"Each use costs 10",20,20,20,-76,[0,"7bMzSbNZdGuZup/2K3Q94n"],[4,4278190099]],[3,16,-77,[0,"39oNHAP1RHY4Bkw4hDDXLo"]]],[1,"75YJGUeFxJda5/Qazu4Zj4",null,null,null,1,0],[1,250,-7.599999999999998,0]]],0,[0,2,1,0,0,1,0,0,1,0,0,1,0,0,1,0,-1,2,0,-2,21,0,-3,22,0,0,2,0,0,2,0,0,2,0,-1,3,0,-2,6,0,-3,9,0,-4,12,0,-5,15,0,-6,18,0,0,3,0,-1,4,0,-2,5,0,0,4,0,0,4,0,0,4,0,0,5,0,0,5,0,0,5,0,0,6,0,-1,7,0,-2,8,0,0,7,0,0,7,0,0,7,0,0,8,0,0,8,0,0,8,0,0,9,0,-1,10,0,-2,11,0,0,10,0,0,10,0,0,10,0,0,11,0,0,11,0,0,11,0,0,12,0,-1,13,0,-2,14,0,0,13,0,0,13,0,0,13,0,0,14,0,0,14,0,0,14,0,0,15,0,-1,16,0,-2,17,0,0,16,0,0,16,0,0,16,0,0,17,0,0,17,0,0,17,0,0,18,0,-1,19,0,-2,20,0,0,19,0,0,19,0,0,19,0,0,20,0,0,20,0,0,20,0,0,21,0,0,21,0,0,21,0,0,22,0,0,22,0,0,22,0,3,1,77],[0],[4],[1]]]]
