[1,["adj1IokipIK5D3+FZqlMfE@6c48a","5aY1EnWINIIKtP7V4Ku7er","e6U89Xdl5F7KQLuze3q9Zr@6c48a","38qikDnPJOtZuXXKfOUeEg@e31b2","36/Qt2J+JHe4phMQZ4vd1P@30cdb","38qikDnPJOtZuXXKfOUeEg@62ad3","38qikDnPJOtZuXXKfOUeEg@3aa52","38qikDnPJOtZuXXKfOUeEg@90060","38qikDnPJOtZuXXKfOUeEg@87005","b4N/wiNwpESqqHei+ygItD"],["_textureSource","node","_customMaterial","_spriteFrame","root","data"],["cc.SpriteFrame",["cc.Node",["_name","_layer","_components","_prefab","_parent","_lpos","_children","_lscale","_lrot","_euler"],1,9,4,1,5,2,5,5,5],["cc.Sprite",["_sizeMode","_isTrimmedMode","_dstBlendFactor","node","__prefab","_customMaterial","_spriteFrame","_color"],0,1,4,6,6,5],"cc.SpriteAtlas",["cc.UIOpacity",["_opacity","node","__prefab"],2,1,4],["cc.UITransform",["node","__prefab","_contentSize","_anchorPoint"],3,1,4,5,5],["cc.Prefab",["_name"],2],["cc.Animation",["node","__prefab","_clips"],3,1,4,3],["cc.CompPrefabInfo",["fileId"],2],["cc.PrefabInfo",["fileId","instance","targetOverrides","nestedPrefabInstanceRoots","root","asset"],-1,1,1]],[[8,0,2],[9,0,1,2,3,4,5,5],[4,0,1,2,2],[1,0,1,4,2,3,5,7,3],[5,0,1,2,1],[5,0,1,2,3,1],[2,2,0,1,3,4,5,6,4],[2,0,1,3,4,5,6,3],[4,1,2,1],[2,2,0,1,3,4,7,5,6,4],[6,0,2],[1,0,1,6,2,3,3],[1,0,1,4,6,2,3,5,3],[1,0,1,4,2,3,5,8,7,9,3],[1,0,1,4,2,3,5,3],[7,0,1,2,1]],[[[{"name":"tx_youxichang_wangzha_baozha","spriteFrames":["tx_youxichang_wangzha_baozha_00","36/Qt2J+JHe4phMQZ4vd1P@30cdb","tx_youxichang_wangzha_baozha_01","36/Qt2J+JHe4phMQZ4vd1P@215e6","tx_youxichang_wangzha_baozha_02","36/Qt2J+JHe4phMQZ4vd1P@48174","tx_youxichang_wangzha_baozha_03","36/Qt2J+JHe4phMQZ4vd1P@7d7e0","tx_youxichang_wangzha_baozha_04","36/Qt2J+JHe4phMQZ4vd1P@51c23","tx_youxichang_wangzha_baozha_05","36/Qt2J+JHe4phMQZ4vd1P@a22cf","tx_youxichang_wangzha_baozha_06","36/Qt2J+JHe4phMQZ4vd1P@1bbbb","tx_youxichang_wangzha_baozha_07","36/Qt2J+JHe4phMQZ4vd1P@615cf","tx_youxichang_wangzha_baozha_08","36/Qt2J+JHe4phMQZ4vd1P@977f0","tx_youxichang_wangzha_baozha_09","36/Qt2J+JHe4phMQZ4vd1P@44d95","tx_youxichang_wangzha_baozha_10","36/Qt2J+JHe4phMQZ4vd1P@d520b","tx_youxichang_wangzha_baozha_11","36/Qt2J+JHe4phMQZ4vd1P@a9493","tx_youxichang_wangzha_baozha_12","36/Qt2J+JHe4phMQZ4vd1P@dbc9d","tx_youxichang_wangzha_baozha_13","36/Qt2J+JHe4phMQZ4vd1P@5bb66","tx_youxichang_wangzha_baozha_14","36/Qt2J+JHe4phMQZ4vd1P@f339c","tx_youxichang_wangzha_baozha_15","36/Qt2J+JHe4phMQZ4vd1P@09d11","tx_youxichang_wangzha_baozha_16","36/Qt2J+JHe4phMQZ4vd1P@d1cb8","tx_youxichang_wangzha_baozha_17","36/Qt2J+JHe4phMQZ4vd1P@239f5","tx_youxichang_wangzha_baozha_18","36/Qt2J+JHe4phMQZ4vd1P@ff381","tx_youxichang_wangzha_baozha_19","36/Qt2J+JHe4phMQZ4vd1P@6261a","tx_youxichang_wangzha_baozha_20","36/Qt2J+JHe4phMQZ4vd1P@60d03","tx_youxichang_wangzha_baozha_21","36/Qt2J+JHe4phMQZ4vd1P@d3798","tx_youxichang_wangzha_baozha_22","36/Qt2J+JHe4phMQZ4vd1P@fbd98","tx_youxichang_wangzha_baozha_23","36/Qt2J+JHe4phMQZ4vd1P@cce1e","tx_youxichang_wangzha_baozha_24","36/Qt2J+JHe4phMQZ4vd1P@04b97","tx_youxichang_wangzha_baozha_25","36/Qt2J+JHe4phMQZ4vd1P@591f5","tx_youxichang_wangzha_baozha_26","36/Qt2J+JHe4phMQZ4vd1P@b56ea","tx_youxichang_wangzha_baozha_27","36/Qt2J+JHe4phMQZ4vd1P@1f536","tx_youxichang_wangzha_baozha_28","36/Qt2J+JHe4phMQZ4vd1P@b5063","tx_youxichang_wangzha_baozha_29","36/Qt2J+JHe4phMQZ4vd1P@403a5"]}],[3],0,[],[],[]],[[{"name":"tx_youxichang_wangzha_baozha_24","rect":{"x":500,"y":346,"width":342,"height":173},"offset":{"x":17,"y":91},"originalSize":{"width":394,"height":355},"rotated":true,"capInsets":[0,0,0,0],"vertices":{"rawPosition":[],"indexes":[],"uv":[],"nuv":[],"minPos":{"x":0,"y":0,"z":0},"maxPos":{"x":0,"y":0,"z":0}},"packable":true,"pixelsToUnit":100,"pivot":{"x":0.5,"y":0.5},"meshType":0}],[0],0,[0],[0],[0]],[[{"name":"tx_youxichang_wangzha_baozha_15","rect":{"x":1192,"y":2,"width":324,"height":179},"offset":{"x":8,"y":88},"originalSize":{"width":394,"height":355},"rotated":true,"capInsets":[0,0,0,0],"vertices":{"rawPosition":[],"indexes":[],"uv":[],"nuv":[],"minPos":{"x":0,"y":0,"z":0},"maxPos":{"x":0,"y":0,"z":0}},"packable":true,"pixelsToUnit":100,"pivot":{"x":0.5,"y":0.5},"meshType":0}],[0],0,[0],[0],[0]],[[{"name":"tx_youxichang_wangzha_baozha_06","rect":{"x":714,"y":684,"width":282,"height":331},"offset":{"x":-1,"y":12},"originalSize":{"width":394,"height":355},"rotated":false,"capInsets":[0,0,0,0],"vertices":{"rawPosition":[],"indexes":[],"uv":[],"nuv":[],"minPos":{"x":0,"y":0,"z":0},"maxPos":{"x":0,"y":0,"z":0}},"packable":true,"pixelsToUnit":100,"pivot":{"x":0.5,"y":0.5},"meshType":0}],[0],0,[0],[0],[0]],[[{"name":"tx_youxichang_wangzha_baozha_27","rect":{"x":1675,"y":261,"width":306,"height":191},"offset":{"x":2,"y":82},"originalSize":{"width":394,"height":355},"rotated":false,"capInsets":[0,0,0,0],"vertices":{"rawPosition":[],"indexes":[],"uv":[],"nuv":[],"minPos":{"x":0,"y":0,"z":0},"maxPos":{"x":0,"y":0,"z":0}},"packable":true,"pixelsToUnit":100,"pivot":{"x":0.5,"y":0.5},"meshType":0}],[0],0,[0],[0],[0]],[[{"name":"tx_youxichang_wangzha_baozha_01","rect":{"x":1320,"y":983,"width":258,"height":303},"offset":{"x":-1,"y":26},"originalSize":{"width":394,"height":355},"rotated":true,"capInsets":[0,0,0,0],"vertices":{"rawPosition":[],"indexes":[],"uv":[],"nuv":[],"minPos":{"x":0,"y":0,"z":0},"maxPos":{"x":0,"y":0,"z":0}},"packable":true,"pixelsToUnit":100,"pivot":{"x":0.5,"y":0.5},"meshType":0}],[0],0,[0],[0],[0]],[[{"name":"tx_youxichang_wangzha_baozha_17","rect":{"x":715,"y":2,"width":334,"height":175},"offset":{"x":10,"y":90},"originalSize":{"width":394,"height":355},"rotated":true,"capInsets":[0,0,0,0],"vertices":{"rawPosition":[],"indexes":[],"uv":[],"nuv":[],"minPos":{"x":0,"y":0,"z":0},"maxPos":{"x":0,"y":0,"z":0}},"packable":true,"pixelsToUnit":100,"pivot":{"x":0.5,"y":0.5},"meshType":0}],[0],0,[0],[0],[0]],[[{"name":"tx_youxichang_wangzha_baozha_00","rect":{"x":1592,"y":754,"width":226,"height":295},"offset":{"x":3,"y":30},"originalSize":{"width":394,"height":355},"rotated":true,"capInsets":[0,0,0,0],"vertices":{"rawPosition":[],"indexes":[],"uv":[],"nuv":[],"minPos":{"x":0,"y":0,"z":0},"maxPos":{"x":0,"y":0,"z":0}},"packable":true,"pixelsToUnit":100,"pivot":{"x":0.5,"y":0.5},"meshType":0}],[0],0,[0],[0],[0]],[[{"name":"tx_youxichang_wangzha_baozha_29","rect":{"x":698,"y":1030,"width":302,"height":199},"offset":{"x":6,"y":78},"originalSize":{"width":394,"height":355},"rotated":false,"capInsets":[0,0,0,0],"vertices":{"rawPosition":[],"indexes":[],"uv":[],"nuv":[],"minPos":{"x":0,"y":0,"z":0},"maxPos":{"x":0,"y":0,"z":0}},"packable":true,"pixelsToUnit":100,"pivot":{"x":0.5,"y":0.5},"meshType":0}],[0],0,[0],[0],[0]],[[{"name":"tx_youxichang_wangzha_baozha_09","rect":{"x":1373,"y":2,"width":300,"height":319},"offset":{"x":2,"y":18},"originalSize":{"width":394,"height":355},"rotated":false,"capInsets":[0,0,0,0],"vertices":{"rawPosition":[],"indexes":[],"uv":[],"nuv":[],"minPos":{"x":0,"y":0,"z":0},"maxPos":{"x":0,"y":0,"z":0}},"packable":true,"pixelsToUnit":100,"pivot":{"x":0.5,"y":0.5},"meshType":0}],[0],0,[0],[0],[0]],[[{"name":"tx_youxichang_wangzha_baozha_02","rect":{"x":2,"y":2,"width":392,"height":355},"offset":{"x":-1,"y":0},"originalSize":{"width":394,"height":355},"rotated":true,"capInsets":[0,0,0,0],"vertices":{"rawPosition":[],"indexes":[],"uv":[],"nuv":[],"minPos":{"x":0,"y":0,"z":0},"maxPos":{"x":0,"y":0,"z":0}},"packable":true,"pixelsToUnit":100,"pivot":{"x":0.5,"y":0.5},"meshType":0}],[0],0,[0],[0],[0]],[[{"name":"tx_youxichang_wangzha_baozha_04","rect":{"x":1033,"y":333,"width":294,"height":325},"offset":{"x":0,"y":15},"originalSize":{"width":394,"height":355},"rotated":false,"capInsets":[0,0,0,0],"vertices":{"rawPosition":[],"indexes":[],"uv":[],"nuv":[],"minPos":{"x":0,"y":0,"z":0},"maxPos":{"x":0,"y":0,"z":0}},"packable":true,"pixelsToUnit":100,"pivot":{"x":0.5,"y":0.5},"meshType":0}],[0],0,[0],[0],[0]],[[{"name":"tx_youxichang_wangzha_baozha_25","rect":{"x":2,"y":784,"width":344,"height":181},"offset":{"x":16,"y":87},"originalSize":{"width":394,"height":355},"rotated":true,"capInsets":[0,0,0,0],"vertices":{"rawPosition":[],"indexes":[],"uv":[],"nuv":[],"minPos":{"x":0,"y":0,"z":0},"maxPos":{"x":0,"y":0,"z":0}},"packable":true,"pixelsToUnit":100,"pivot":{"x":0.5,"y":0.5},"meshType":0}],[0],0,[0],[0],[0]],[[{"name":"tx_youxichang_wangzha_baozha_13","rect":{"x":1002,"y":1001,"width":316,"height":245},"offset":{"x":6,"y":55},"originalSize":{"width":394,"height":355},"rotated":false,"capInsets":[0,0,0,0],"vertices":{"rawPosition":[],"indexes":[],"uv":[],"nuv":[],"minPos":{"x":0,"y":0,"z":0},"maxPos":{"x":0,"y":0,"z":0}},"packable":true,"pixelsToUnit":100,"pivot":{"x":0.5,"y":0.5},"meshType":0}],[0],0,[0],[0],[0]],[[{"name":"tx_youxichang_wangzha_baozha_20","rect":{"x":360,"y":742,"width":342,"height":175},"offset":{"x":14,"y":90},"originalSize":{"width":394,"height":355},"rotated":true,"capInsets":[0,0,0,0],"vertices":{"rawPosition":[],"indexes":[],"uv":[],"nuv":[],"minPos":{"x":0,"y":0,"z":0},"maxPos":{"x":0,"y":0,"z":0}},"packable":true,"pixelsToUnit":100,"pivot":{"x":0.5,"y":0.5},"meshType":0}],[0],0,[0],[0],[0]],[[{"name":"tx_youxichang_wangzha_baozha_07","rect":{"x":998,"y":670,"width":284,"height":329},"offset":{"x":0,"y":13},"originalSize":{"width":394,"height":355},"rotated":false,"capInsets":[0,0,0,0],"vertices":{"rawPosition":[],"indexes":[],"uv":[],"nuv":[],"minPos":{"x":0,"y":0,"z":0},"maxPos":{"x":0,"y":0,"z":0}},"packable":true,"pixelsToUnit":100,"pivot":{"x":0.5,"y":0.5},"meshType":0}],[0],0,[0],[0],[0]],[[{"name":"tx_youxichang_wangzha_baozha_19","rect":{"x":537,"y":690,"width":338,"height":175},"offset":{"x":13,"y":90},"originalSize":{"width":394,"height":355},"rotated":true,"capInsets":[0,0,0,0],"vertices":{"rawPosition":[],"indexes":[],"uv":[],"nuv":[],"minPos":{"x":0,"y":0,"z":0},"maxPos":{"x":0,"y":0,"z":0}},"packable":true,"pixelsToUnit":100,"pivot":{"x":0.5,"y":0.5},"meshType":0}],[0],0,[0],[0],[0]],[[{"name":"tx_youxichang_wangzha_baozha_03","rect":{"x":2,"y":396,"width":386,"height":325},"offset":{"x":4,"y":15},"originalSize":{"width":394,"height":355},"rotated":true,"capInsets":[0,0,0,0],"vertices":{"rawPosition":[],"indexes":[],"uv":[],"nuv":[],"minPos":{"x":0,"y":0,"z":0},"maxPos":{"x":0,"y":0,"z":0}},"packable":true,"pixelsToUnit":100,"pivot":{"x":0.5,"y":0.5},"meshType":0}],[0],0,[0],[0],[0]],[[{"name":"tx_youxichang_wangzha_baozha_08","rect":{"x":1625,"y":454,"width":298,"height":317},"offset":{"x":1,"y":19},"originalSize":{"width":394,"height":355},"rotated":true,"capInsets":[0,0,0,0],"vertices":{"rawPosition":[],"indexes":[],"uv":[],"nuv":[],"minPos":{"x":0,"y":0,"z":0},"maxPos":{"x":0,"y":0,"z":0}},"packable":true,"pixelsToUnit":100,"pivot":{"x":0.5,"y":0.5},"meshType":0}],[0],0,[0],[0],[0]],[[{"name":"tx_youxichang_wangzha_baozha_05","rect":{"x":892,"y":2,"width":298,"height":329},"offset":{"x":9,"y":13},"originalSize":{"width":394,"height":355},"rotated":false,"capInsets":[0,0,0,0],"vertices":{"rawPosition":[],"indexes":[],"uv":[],"nuv":[],"minPos":{"x":0,"y":0,"z":0},"maxPos":{"x":0,"y":0,"z":0}},"packable":true,"pixelsToUnit":100,"pivot":{"x":0.5,"y":0.5},"meshType":0}],[0],0,[0],[0],[0]],[[{"name":"tx_youxichang_wangzha_baozha_11","rect":{"x":1675,"y":2,"width":310,"height":257},"offset":{"x":4,"y":49},"originalSize":{"width":394,"height":355},"rotated":false,"capInsets":[0,0,0,0],"vertices":{"rawPosition":[],"indexes":[],"uv":[],"nuv":[],"minPos":{"x":0,"y":0,"z":0},"maxPos":{"x":0,"y":0,"z":0}},"packable":true,"pixelsToUnit":100,"pivot":{"x":0.5,"y":0.5},"meshType":0}],[0],0,[0],[0],[0]],[[{"name":"tx_youxichang_wangzha_baozha_28","rect":{"x":360,"y":1086,"width":336,"height":155},"offset":{"x":20,"y":100},"originalSize":{"width":394,"height":355},"rotated":false,"capInsets":[0,0,0,0],"vertices":{"rawPosition":[],"indexes":[],"uv":[],"nuv":[],"minPos":{"x":0,"y":0,"z":0},"maxPos":{"x":0,"y":0,"z":0}},"packable":true,"pixelsToUnit":100,"pivot":{"x":0.5,"y":0.5},"meshType":0}],[0],0,[0],[0],[0]],[[{"name":"tx_youxichang_wangzha_baozha_26","rect":{"x":359,"y":2,"width":342,"height":183},"offset":{"x":17,"y":86},"originalSize":{"width":394,"height":355},"rotated":true,"capInsets":[0,0,0,0],"vertices":{"rawPosition":[],"indexes":[],"uv":[],"nuv":[],"minPos":{"x":0,"y":0,"z":0},"maxPos":{"x":0,"y":0,"z":0}},"packable":true,"pixelsToUnit":100,"pivot":{"x":0.5,"y":0.5},"meshType":0}],[0],0,[0],[0],[0]],[[{"name":"tx_youxichang_wangzha_baozha_23","rect":{"x":185,"y":784,"width":344,"height":173},"offset":{"x":16,"y":91},"originalSize":{"width":394,"height":355},"rotated":true,"capInsets":[0,0,0,0],"vertices":{"rawPosition":[],"indexes":[],"uv":[],"nuv":[],"minPos":{"x":0,"y":0,"z":0},"maxPos":{"x":0,"y":0,"z":0}},"packable":true,"pixelsToUnit":100,"pivot":{"x":0.5,"y":0.5},"meshType":0}],[0],0,[0],[0],[0]],[[{"name":"tx_youxichang_wangzha_baozha_16","rect":{"x":852,"y":338,"width":330,"height":179},"offset":{"x":9,"y":88},"originalSize":{"width":394,"height":355},"rotated":true,"capInsets":[0,0,0,0],"vertices":{"rawPosition":[],"indexes":[],"uv":[],"nuv":[],"minPos":{"x":0,"y":0,"z":0},"maxPos":{"x":0,"y":0,"z":0}},"packable":true,"pixelsToUnit":100,"pivot":{"x":0.5,"y":0.5},"meshType":0}],[0],0,[0],[0],[0]],[[{"name":"tx_youxichang_wangzha_baozha_21","rect":{"x":544,"y":2,"width":342,"height":169},"offset":{"x":16,"y":93},"originalSize":{"width":394,"height":355},"rotated":true,"capInsets":[0,0,0,0],"vertices":{"rawPosition":[],"indexes":[],"uv":[],"nuv":[],"minPos":{"x":0,"y":0,"z":0},"maxPos":{"x":0,"y":0,"z":0}},"packable":true,"pixelsToUnit":100,"pivot":{"x":0.5,"y":0.5},"meshType":0}],[0],0,[0],[0],[0]],[[{"name":"tx_youxichang_wangzha_baozha_10","rect":{"x":1284,"y":660,"width":306,"height":321},"offset":{"x":2,"y":17},"originalSize":{"width":394,"height":355},"rotated":false,"capInsets":[0,0,0,0],"vertices":{"rawPosition":[],"indexes":[],"uv":[],"nuv":[],"minPos":{"x":0,"y":0,"z":0},"maxPos":{"x":0,"y":0,"z":0}},"packable":true,"pixelsToUnit":100,"pivot":{"x":0.5,"y":0.5},"meshType":0}],[0],0,[0],[0],[0]],[[{"name":"tx_youxichang_wangzha_baozha_12","rect":{"x":1625,"y":982,"width":316,"height":251},"offset":{"x":4,"y":52},"originalSize":{"width":394,"height":355},"rotated":false,"capInsets":[0,0,0,0],"vertices":{"rawPosition":[],"indexes":[],"uv":[],"nuv":[],"minPos":{"x":0,"y":0,"z":0},"maxPos":{"x":0,"y":0,"z":0}},"packable":true,"pixelsToUnit":100,"pivot":{"x":0.5,"y":0.5},"meshType":0}],[0],0,[0],[0],[0]],[[{"name":"tx_youxichang_wangzha_baozha_14","rect":{"x":1329,"y":328,"width":320,"height":241},"offset":{"x":7,"y":57},"originalSize":{"width":394,"height":355},"rotated":true,"capInsets":[0,0,0,0],"vertices":{"rawPosition":[],"indexes":[],"uv":[],"nuv":[],"minPos":{"x":0,"y":0,"z":0},"maxPos":{"x":0,"y":0,"z":0}},"packable":true,"pixelsToUnit":100,"pivot":{"x":0.5,"y":0.5},"meshType":0}],[0],0,[0],[0],[0]],[[{"name":"tx_youxichang_wangzha_baozha_22","rect":{"x":329,"y":396,"width":344,"height":169},"offset":{"x":16,"y":93},"originalSize":{"width":394,"height":355},"rotated":true,"capInsets":[0,0,0,0],"vertices":{"rawPosition":[],"indexes":[],"uv":[],"nuv":[],"minPos":{"x":0,"y":0,"z":0},"maxPos":{"x":0,"y":0,"z":0}},"packable":true,"pixelsToUnit":100,"pivot":{"x":0.5,"y":0.5},"meshType":0}],[0],0,[0],[0],[0]],[[{"name":"tx_youxichang_wangzha_baozha_18","rect":{"x":675,"y":346,"width":336,"height":175},"offset":{"x":11,"y":90},"originalSize":{"width":394,"height":355},"rotated":true,"capInsets":[0,0,0,0],"vertices":{"rawPosition":[],"indexes":[],"uv":[],"nuv":[],"minPos":{"x":0,"y":0,"z":0},"maxPos":{"x":0,"y":0,"z":0}},"packable":true,"pixelsToUnit":100,"pivot":{"x":0.5,"y":0.5},"meshType":0}],[0],0,[0],[0],[0]],[[{"name":"2022wangzhazi","spriteFrames":["2022huojian","38qikDnPJOtZuXXKfOUeEg@90060","2022wangzha","38qikDnPJOtZuXXKfOUeEg@87005","glow044_00000_00000","38qikDnPJOtZuXXKfOUeEg@3aa52","tongxianshun_7","38qikDnPJOtZuXXKfOUeEg@62ad3","tx_youxichang_wangzha_light03","38qikDnPJOtZuXXKfOUeEg@e31b2"]}],[3],0,[],[],[]],[[{"name":"glow044_00000_00000","rect":{"x":362,"y":1028,"width":62,"height":32},"offset":{"x":0,"y":0},"originalSize":{"width":62,"height":32},"rotated":true,"capInsets":[0,0,0,0],"vertices":{"rawPosition":[],"indexes":[],"uv":[],"nuv":[],"minPos":{"x":0,"y":0,"z":0},"maxPos":{"x":0,"y":0,"z":0}},"packable":true,"pixelsToUnit":100,"pivot":{"x":0.5,"y":0.5},"meshType":0}],[0],0,[0],[0],[2]],[[{"name":"tongxianshun_7","rect":{"x":2,"y":2,"width":512,"height":1024},"offset":{"x":0,"y":0},"originalSize":{"width":512,"height":1024},"rotated":false,"capInsets":[0,0,0,0],"vertices":{"rawPosition":[],"indexes":[],"uv":[],"nuv":[],"minPos":{"x":0,"y":0,"z":0},"maxPos":{"x":0,"y":0,"z":0}},"packable":true,"pixelsToUnit":100,"pivot":{"x":0.5,"y":0.5},"meshType":0}],[0],0,[0],[0],[2]],[[{"name":"2022wangzha","rect":{"x":2,"y":1028,"width":358,"height":171},"offset":{"x":0,"y":0},"originalSize":{"width":358,"height":171},"rotated":false,"capInsets":[0,0,0,0],"vertices":{"rawPosition":[],"indexes":[],"uv":[],"nuv":[],"minPos":{"x":0,"y":0,"z":0},"maxPos":{"x":0,"y":0,"z":0}},"packable":true,"pixelsToUnit":100,"pivot":{"x":0.5,"y":0.5},"meshType":0}],[0],0,[0],[0],[2]],[[{"name":"2022huojian","rect":{"x":516,"y":2,"width":444,"height":800},"offset":{"x":0,"y":0},"originalSize":{"width":444,"height":800},"rotated":false,"capInsets":[0,0,0,0],"vertices":{"rawPosition":[],"indexes":[],"uv":[],"nuv":[],"minPos":{"x":0,"y":0,"z":0},"maxPos":{"x":0,"y":0,"z":0}},"packable":true,"pixelsToUnit":100,"pivot":{"x":0.5,"y":0.5},"meshType":0}],[0],0,[0],[0],[2]],[[{"name":"tx_youxichang_wangzha_light03","rect":{"x":516,"y":804,"width":420,"height":433},"offset":{"x":0,"y":0},"originalSize":{"width":428,"height":445},"rotated":true,"capInsets":[0,0,0,0],"vertices":{"rawPosition":[],"indexes":[],"uv":[],"nuv":[],"minPos":{"x":0,"y":0,"z":0},"maxPos":{"x":0,"y":0,"z":0}},"packable":true,"pixelsToUnit":100,"pivot":{"x":0.5,"y":0.5},"meshType":0}],[0],0,[0],[0],[2]],[[[10,"ani_node_huojian"],[11,"ani_node_huojian",33554432,[-5,-6,-7,-8,-9,-10,-11,-12],[[15,-2,[0,"b0KX+PJOZAvKk31RdAQYE0"],[18]],[8,-3,[0,"d51ZBeJ7ZNv5fbeRNUOive"]],[4,-4,[0,"e3D4ivmDFGK4d+fnOxfpsV"],[5,0,0]]],[1,"4bHxINFcBO2558C6mL1D+A",null,null,null,-1,0]],[12,"Node_4",33554432,1,[-15,-16],[[8,-13,[0,"7bt7jR1tlF5YOsiWjEx3d0"]],[5,-14,[0,"b3Wp7ygbJHvKTH78/TONnt"],[5,0,0],[0,0,0]]],[1,"9930xw2G9PeopA0yMpANpD",null,null,null,1,0],[1,-18.7208,-90.1981,0]],[3,"tongxianshun_7_35",33554432,1,[[6,8,2,false,-17,[0,"48bUwS0KVEyrcd/e9VBaj1"],0,1],[2,0,-18,[0,"0bHIiFLVRKlYPEkyfjqa6n"]],[5,-19,[0,"91Kk56Zc5HaIXNHuFUfawF"],[5,512,1024],[0,0.5,1]]],[1,"11hWYRDKVEJILTpdWwSjYP",null,null,null,1,0],[1,-2.8275,-125.2074,0],[1,0.4101,1.4433,1]],[13,"glow044_00000_00000_33",33554432,1,[[6,1,2,false,-20,[0,"0bLJY7wFRI2ZHlOKcqBB1K"],2,3],[2,0,-21,[0,"786GdXMD9Mq79QC6g2lkDp"]],[5,-22,[0,"65l8pKelZFjosf2aubaRJW"],[5,62,32],[0,0.491,0]]],[1,"3aBtkt8ztOlaCB2Lz8tYnL",null,null,null,1,0],[1,-1.5481,-330.2855,0],[3,0.00004712388978649969,6.123233988937952e-17,-0.9999999988896695,2.885506039520475e-21],[1,2.2523,4.3583,1],[1,180,179.9946,0]],[3,"Sprite_1",33554432,1,[[7,2,false,-23,[0,"91aBbEw5JO0ILQk2MgDSYC"],4,5],[2,0,-24,[0,"2a7VSMEQZB/6TyBIsU98dH"]],[5,-25,[0,"dfwSAr+ddHGo9IUiLbtu6v"],[5,444,800],[0,0.5,0]]],[1,"2bqZJaaSRKnpWwGG11QWFa",null,null,null,1,0],[1,-0.9993,-539.2946,0],[1,0.28,0.2,1]],[3,"tx_youxichang_wangzha_light03_10_0_0",33554432,1,[[9,1,2,false,-26,[0,"ecl+DIjHlPRJGpFhrjBJdn"],[4,4278237183],6,7],[2,0,-27,[0,"f41UhhunBD5Y0AFJkZTQ75"]],[4,-28,[0,"76pV7oK3JOwIz6JCWP0BtR"],[5,428,445]]],[1,"1bYwUTXJxCH6ErhBlAllJy",null,null,null,1,0],[1,1.9626,-347.2806,0],[1,0.4619,0.4619,1]],[3,"Sprite_15",33554432,2,[[7,2,false,-29,[0,"b8AD6ANnJNCKZ/3xntgiEs"],8,9],[2,0,-30,[0,"fcrqzsEHdKc6PCV1rcefkK"]],[4,-31,[0,"8aNWCbhbxH2ZpjJxttsYQi"],[5,394,355]]],[1,"e1bxHb/nBH27U3pzrW/6J1",null,null,null,1,0],[1,0.0035,93.3595,0],[1,3,3,1]],[3,"Sprite_15_0",33554432,2,[[6,8,2,false,-32,[0,"980Wn9CnJAvap4MHUEpu1L"],10,11],[2,0,-33,[0,"75o5PnT0pKobmG+2qhWqhg"]],[4,-34,[0,"d7gFxC3NJKxqa6JZhWiLi4"],[5,394,355]]],[1,"c2iy1S5O5PIaTBNXp4Xy7q",null,null,null,1,0],[1,1.4957,95.8044,0],[1,3,3,1]],[14,"Sprite_36",33554432,1,[[7,2,false,-35,[0,"16AwH3ethCpbFKcDLCwt4E"],12,13],[2,0,-36,[0,"261LL8K6hFHIXSiYM8nTlW"]],[4,-37,[0,"bbM+NPGHJLf7i4yLB1jGtM"],[5,358,171]]],[1,"5bHE3EkyNLkIr3U+AMQl+0",null,null,null,1,0],[1,-40.2867,-155.3629,0]],[3,"tx_youxichang_wangzha_light03_10",33554432,1,[[9,1,2,false,-38,[0,"d4SAcgSYdAhKSn/ILa2np1"],[4,4278232575],14,15],[2,0,-39,[0,"74ztrDnzVFw4vgREBO7vvg"]],[4,-40,[0,"9eOyLNQDhNdbAZfBLfP6J4"],[5,428,445]]],[1,"92SfuH03hHgLCwjG2+pBau",null,null,null,1,0],[1,2.5298,-241.8808,0],[1,7.3326,7.2549,1]],[3,"tx_youxichang_wangzha_light03_10_0",33554432,1,[[6,1,2,false,-41,[0,"2d9EFEQ6FOWIKs3+EpkKmU"],16,17],[2,0,-42,[0,"1eUgRfGBZClJhRE0RaVZZ7"]],[4,-43,[0,"34oXDZPyZA052j42nYrx8X"],[5,428,445]]],[1,"d9hovpYq1H2b6qFObckSCp",null,null,null,1,0],[1,2.5298,-241.8808,0],[1,7.3326,7.2549,1]]],0,[0,4,1,0,1,1,0,1,1,0,1,1,0,-1,3,0,-2,4,0,-3,5,0,-4,6,0,-5,2,0,-6,9,0,-7,10,0,-8,11,0,1,2,0,1,2,0,-1,7,0,-2,8,0,1,3,0,1,3,0,1,3,0,1,4,0,1,4,0,1,4,0,1,5,0,1,5,0,1,5,0,1,6,0,1,6,0,1,6,0,1,7,0,1,7,0,1,7,0,1,8,0,1,8,0,1,8,0,1,9,0,1,9,0,1,9,0,1,10,0,1,10,0,1,10,0,1,11,0,1,11,0,1,11,0,5,1,43],[0,0,0,0,0,0,0,0,0,0,0,0,0,0,0,0,0,0,0],[2,3,2,3,2,3,2,3,2,3,2,3,2,3,2,3,2,3,-1],[1,5,1,6,1,7,1,3,1,4,1,4,1,8,1,3,1,3,9]]]]
