[1,["c1N0wJjDBKCrANIWZer0pJ@f9941","c1N0wJjDBKCrANIWZer0pJ@6c48a"],["spriteFrame","_textureSource"],["cc.SpriteFrame",["cc.BitmapFont",["_name","fontSize","fntConfig"],0]],[[1,0,1,2,4]],[[[[0,"an_z_dl-num",32,{"commonHeight":50,"fontSize":32,"atlasName":"an_z_dl-num.png","fontDefDictionary":{"9":{"xOffset":0,"yOffset":0,"xAdvance":8,"rect":{"x":0,"y":0,"width":0,"height":0}},"32":{"xOffset":0,"yOffset":0,"xAdvance":15,"rect":{"x":0,"y":0,"width":15,"height":0}},"48":{"xOffset":0,"yOffset":7,"xAdvance":25,"rect":{"x":184,"y":85,"width":25,"height":38}},"49":{"xOffset":0,"yOffset":7,"xAdvance":21,"rect":{"x":209,"y":161,"width":21,"height":36}},"50":{"xOffset":0,"yOffset":7,"xAdvance":23,"rect":{"x":184,"y":124,"width":23,"height":37}},"51":{"xOffset":0,"yOffset":7,"xAdvance":25,"rect":{"x":183,"y":212,"width":25,"height":38}},"52":{"xOffset":0,"yOffset":7,"xAdvance":26,"rect":{"x":139,"y":219,"width":26,"height":36}},"53":{"xOffset":0,"yOffset":7,"xAdvance":25,"rect":{"x":140,"y":46,"width":25,"height":37}},"54":{"xOffset":0,"yOffset":7,"xAdvance":25,"rect":{"x":166,"y":46,"width":25,"height":38}},"55":{"xOffset":0,"yOffset":7,"xAdvance":23,"rect":{"x":208,"y":124,"width":23,"height":36}},"56":{"xOffset":0,"yOffset":7,"xAdvance":23,"rect":{"x":192,"y":46,"width":23,"height":38}},"57":{"xOffset":0,"yOffset":7,"xAdvance":25,"rect":{"x":183,"y":173,"width":25,"height":38}},"120":{"xOffset":0,"yOffset":13,"xAdvance":24,"rect":{"x":0,"y":230,"width":24,"height":25}},"19981":{"xOffset":0,"yOffset":10,"xAdvance":45,"rect":{"x":94,"y":0,"width":45,"height":40}},"20027":{"xOffset":0,"yOffset":5,"xAdvance":44,"rect":{"x":139,"y":129,"width":44,"height":43}},"20493":{"xOffset":0,"yOffset":5,"xAdvance":46,"rect":{"x":0,"y":46,"width":46,"height":45}},"20934":{"xOffset":0,"yOffset":5,"xAdvance":45,"rect":{"x":93,"y":184,"width":45,"height":45}},"20986":{"xOffset":0,"yOffset":5,"xAdvance":38,"rect":{"x":180,"y":0,"width":38,"height":45}},"21152":{"xOffset":0,"yOffset":5,"xAdvance":43,"rect":{"x":139,"y":173,"width":43,"height":45}},"21483":{"xOffset":0,"yOffset":5,"xAdvance":39,"rect":{"x":140,"y":0,"width":39,"height":45}},"22320":{"xOffset":0,"yOffset":5,"xAdvance":46,"rect":{"x":0,"y":138,"width":46,"height":43}},"22791":{"xOffset":0,"yOffset":5,"xAdvance":45,"rect":{"x":93,"y":138,"width":45,"height":45}},"22987":{"xOffset":0,"yOffset":5,"xAdvance":46,"rect":{"x":47,"y":0,"width":46,"height":45}},"24320":{"xOffset":0,"yOffset":9,"xAdvance":45,"rect":{"x":47,"y":184,"width":45,"height":41}},"24323":{"xOffset":0,"yOffset":5,"xAdvance":44,"rect":{"x":94,"y":87,"width":44,"height":45}},"25103":{"xOffset":0,"yOffset":5,"xAdvance":46,"rect":{"x":0,"y":92,"width":46,"height":45}},"25250":{"xOffset":0,"yOffset":5,"xAdvance":46,"rect":{"x":0,"y":182,"width":46,"height":45}},"25442":{"xOffset":0,"yOffset":5,"xAdvance":46,"rect":{"x":47,"y":46,"width":46,"height":45}},"26700":{"xOffset":0,"yOffset":5,"xAdvance":45,"rect":{"x":94,"y":41,"width":45,"height":45}},"28216":{"xOffset":0,"yOffset":5,"xAdvance":46,"rect":{"x":0,"y":0,"width":46,"height":45}},"29260":{"xOffset":0,"yOffset":5,"xAdvance":45,"rect":{"x":47,"y":138,"width":45,"height":45}},"35201":{"xOffset":0,"yOffset":9,"xAdvance":44,"rect":{"x":139,"y":87,"width":44,"height":41}},"36215":{"xOffset":0,"yOffset":5,"xAdvance":46,"rect":{"x":47,"y":92,"width":46,"height":45}}},"kerningDict":{}}]],0,0,[0],[0],[0]],[[{"name":"an_z_dl-num","rect":{"x":0,"y":0,"width":231,"height":255},"offset":{"x":-12.5,"y":0.5},"originalSize":{"width":256,"height":256},"rotated":false,"capInsets":[0,0,0,0],"vertices":{"rawPosition":[-115.5,-127.5,0,115.5,-127.5,0,-115.5,127.5,0,115.5,127.5,0],"indexes":[0,1,2,2,1,3],"uv":[0,256,231,256,0,1,231,1],"nuv":[0,0.00390625,0.90234375,0.00390625,0,1,0.90234375,1],"minPos":{"x":-115.5,"y":-127.5,"z":0},"maxPos":{"x":115.5,"y":127.5,"z":0}},"packable":true,"pixelsToUnit":100,"pivot":{"x":0.5,"y":0.5},"meshType":0}],[0],0,[0],[1],[1]]]]
