[1,["d3BjlOVVNKMbOqZpfDxRSB@6c48a","5aY1EnWINIIKtP7V4Ku7er","25p2xmIjhFib2EAfl+Ld12@6c48a","17Gq8HucBBtYNNF4NtYuPC@6c48a","92aRFz3CZEkZdqEve+AHI7@c84f0","92aRFz3CZEkZdqEve+AHI7@dd1aa","11o3bFXzhPK7BTZAcTIcdq@23468","8cf2/HqmtISJ7moboTzhA0@19aea","8cf2/HqmtISJ7moboTzhA0@4b62d","8cf2/HqmtISJ7moboTzhA0@01f30","8cf2/HqmtISJ7moboTzhA0@43fd1","8cf2/HqmtISJ7moboTzhA0@376bd","6dk3kHS7JDWZEQhomNnEDm"],["node","_textureSource","_customMaterial","_spriteFrame","root","data"],["cc.SpriteFrame",["cc.Node",["_name","_layer","_components","_prefab","_parent","_lpos","_children","_lscale","_lrot","_euler"],1,9,4,1,5,2,5,5,5],"cc.SpriteAtlas",["cc.UIOpacity",["_opacity","node","__prefab"],2,1,4],["cc.UITransform",["node","__prefab","_contentSize","_anchorPoint"],3,1,4,5,5],["cc.Sprite",["_sizeMode","_isTrimmedMode","_dstBlendFactor","node","__prefab","_customMaterial","_spriteFrame"],0,1,4,6,6],["cc.Prefab",["_name"],2],["cc.Animation",["node","__prefab","_clips"],3,1,4,3],["cc.CompPrefabInfo",["fileId"],2],["cc.PrefabInfo",["fileId","instance","targetOverrides","nestedPrefabInstanceRoots","root","asset"],-1,1,1]],[[8,0,2],[9,0,1,2,3,4,5,5],[3,1,2,1],[4,0,1,2,3,1],[3,0,1,2,2],[4,0,1,2,1],[5,2,0,1,3,4,5,6,4],[5,0,1,3,4,5,6,3],[1,0,1,4,2,3,5,7,3],[1,0,1,4,6,2,3,5,8,7,9,3],[1,0,1,4,2,3,5,3],[1,0,1,4,2,3,5,8,7,9,3],[6,0,2],[1,0,1,6,2,3,3],[1,0,1,4,6,2,3,5,7,3],[1,0,1,4,6,2,3,5,3],[1,0,1,4,2,3,3],[1,0,1,4,2,3,5,8,9,3],[7,0,1,2,1]],[[[{"name":"tx_paixing_tongyongxingguang","spriteFrames":["tx_bb_g_00001","11o3bFXzhPK7BTZAcTIcdq@6bc33","tx_bb_g_00002","11o3bFXzhPK7BTZAcTIcdq@04a1a","tx_bb_g_00003","11o3bFXzhPK7BTZAcTIcdq@689ef","tx_bb_g_00004","11o3bFXzhPK7BTZAcTIcdq@55aae","tx_bb_g_00005","11o3bFXzhPK7BTZAcTIcdq@d113b","tx_bb_g_00006","11o3bFXzhPK7BTZAcTIcdq@ddb26","tx_bb_g_00007","11o3bFXzhPK7BTZAcTIcdq@15847","tx_bb_g_00008","11o3bFXzhPK7BTZAcTIcdq@f74f7","tx_bb_g_00009","11o3bFXzhPK7BTZAcTIcdq@bf359","tx_bb_g_00010","11o3bFXzhPK7BTZAcTIcdq@931ec","tx_bb_g_00011","11o3bFXzhPK7BTZAcTIcdq@197a0","tx_bb_g_00012","11o3bFXzhPK7BTZAcTIcdq@e16f0","tx_bb_g_00013","11o3bFXzhPK7BTZAcTIcdq@e6184","tx_bb_g_00014","11o3bFXzhPK7BTZAcTIcdq@722f2","tx_bb_g_00015","11o3bFXzhPK7BTZAcTIcdq@d7baa","tx_bb_g_00016","11o3bFXzhPK7BTZAcTIcdq@8de88","tx_bb_g_00017","11o3bFXzhPK7BTZAcTIcdq@c4c8f","tx_bb_g_00018","11o3bFXzhPK7BTZAcTIcdq@f696d","tx_bb_g_00019","11o3bFXzhPK7BTZAcTIcdq@23468"]}],[2],0,[],[],[]],[[{"name":"tx_bb_g_00002","rect":{"x":240,"y":1443,"width":139,"height":104},"offset":{"x":-146,"y":4},"originalSize":{"width":431,"height":196},"rotated":true,"capInsets":[0,0,0,0],"vertices":{"rawPosition":[],"indexes":[],"uv":[],"nuv":[],"minPos":{"x":0,"y":0,"z":0},"maxPos":{"x":0,"y":0,"z":0}},"packable":true,"pixelsToUnit":100,"pivot":{"x":0.5,"y":0.5},"meshType":0}],[0],0,[0],[1],[0]],[[{"name":"tx_bb_g_00007","rect":{"x":120,"y":1604,"width":281,"height":116},"offset":{"x":-59,"y":0},"originalSize":{"width":431,"height":196},"rotated":true,"capInsets":[0,0,0,0],"vertices":{"rawPosition":[],"indexes":[],"uv":[],"nuv":[],"minPos":{"x":0,"y":0,"z":0},"maxPos":{"x":0,"y":0,"z":0}},"packable":true,"pixelsToUnit":100,"pivot":{"x":0.5,"y":0.5},"meshType":0}],[0],0,[0],[1],[0]],[[{"name":"tx_bb_g_00011","rect":{"x":122,"y":2,"width":417,"height":116},"offset":{"x":7,"y":-5},"originalSize":{"width":431,"height":196},"rotated":true,"capInsets":[0,0,0,0],"vertices":{"rawPosition":[],"indexes":[],"uv":[],"nuv":[],"minPos":{"x":0,"y":0,"z":0},"maxPos":{"x":0,"y":0,"z":0}},"packable":true,"pixelsToUnit":100,"pivot":{"x":0.5,"y":0.5},"meshType":0}],[0],0,[0],[1],[0]],[[{"name":"tx_bb_g_00019","rect":{"x":2,"y":1237,"width":343,"height":114},"offset":{"x":18,"y":-6},"originalSize":{"width":431,"height":196},"rotated":true,"capInsets":[0,0,0,0],"vertices":{"rawPosition":[],"indexes":[],"uv":[],"nuv":[],"minPos":{"x":0,"y":0,"z":0},"maxPos":{"x":0,"y":0,"z":0}},"packable":true,"pixelsToUnit":100,"pivot":{"x":0.5,"y":0.5},"meshType":0}],[0],0,[0],[1],[0]],[[{"name":"tx_bb_g_00004","rect":{"x":238,"y":1604,"width":197,"height":108},"offset":{"x":-113,"y":2},"originalSize":{"width":431,"height":196},"rotated":true,"capInsets":[0,0,0,0],"vertices":{"rawPosition":[],"indexes":[],"uv":[],"nuv":[],"minPos":{"x":0,"y":0,"z":0},"maxPos":{"x":0,"y":0,"z":0}},"packable":true,"pixelsToUnit":100,"pivot":{"x":0.5,"y":0.5},"meshType":0}],[0],0,[0],[1],[0]],[[{"name":"tx_bb_g_00003","rect":{"x":240,"y":1268,"width":173,"height":106},"offset":{"x":-129,"y":3},"originalSize":{"width":431,"height":196},"rotated":true,"capInsets":[0,0,0,0],"vertices":{"rawPosition":[],"indexes":[],"uv":[],"nuv":[],"minPos":{"x":0,"y":0,"z":0},"maxPos":{"x":0,"y":0,"z":0}},"packable":true,"pixelsToUnit":100,"pivot":{"x":0.5,"y":0.5},"meshType":0}],[0],0,[0],[1],[0]],[[{"name":"tx_bb_g_00001","rect":{"x":238,"y":1803,"width":85,"height":96},"offset":{"x":-173,"y":2},"originalSize":{"width":431,"height":196},"rotated":true,"capInsets":[0,0,0,0],"vertices":{"rawPosition":[],"indexes":[],"uv":[],"nuv":[],"minPos":{"x":0,"y":0,"z":0},"maxPos":{"x":0,"y":0,"z":0}},"packable":true,"pixelsToUnit":100,"pivot":{"x":0.5,"y":0.5},"meshType":0}],[0],0,[0],[1],[0]],[[{"name":"tx_bb_g_00014","rect":{"x":120,"y":421,"width":401,"height":118},"offset":{"x":-6,"y":-4},"originalSize":{"width":431,"height":196},"rotated":true,"capInsets":[0,0,0,0],"vertices":{"rawPosition":[],"indexes":[],"uv":[],"nuv":[],"minPos":{"x":0,"y":0,"z":0},"maxPos":{"x":0,"y":0,"z":0}},"packable":true,"pixelsToUnit":100,"pivot":{"x":0.5,"y":0.5},"meshType":0}],[0],0,[0],[1],[0]],[[{"name":"tx_bb_g_00016","rect":{"x":240,"y":2,"width":401,"height":110},"offset":{"x":-7,"y":-4},"originalSize":{"width":431,"height":196},"rotated":true,"capInsets":[0,0,0,0],"vertices":{"rawPosition":[],"indexes":[],"uv":[],"nuv":[],"minPos":{"x":0,"y":0,"z":0},"maxPos":{"x":0,"y":0,"z":0}},"packable":true,"pixelsToUnit":100,"pivot":{"x":0.5,"y":0.5},"meshType":0}],[0],0,[0],[1],[0]],[[{"name":"tx_bb_g_00010","rect":{"x":2,"y":2,"width":417,"height":118},"offset":{"x":7,"y":-3},"originalSize":{"width":431,"height":196},"rotated":true,"capInsets":[0,0,0,0],"vertices":{"rawPosition":[],"indexes":[],"uv":[],"nuv":[],"minPos":{"x":0,"y":0,"z":0},"maxPos":{"x":0,"y":0,"z":0}},"packable":true,"pixelsToUnit":100,"pivot":{"x":0.5,"y":0.5},"meshType":0}],[0],0,[0],[1],[0]],[[{"name":"tx_bb_g_00009","rect":{"x":120,"y":1225,"width":377,"height":118},"offset":{"x":-11,"y":-1},"originalSize":{"width":431,"height":196},"rotated":true,"capInsets":[0,0,0,0],"vertices":{"rawPosition":[],"indexes":[],"uv":[],"nuv":[],"minPos":{"x":0,"y":0,"z":0},"maxPos":{"x":0,"y":0,"z":0}},"packable":true,"pixelsToUnit":100,"pivot":{"x":0.5,"y":0.5},"meshType":0}],[0],0,[0],[1],[0]],[[{"name":"tx_bb_g_00017","rect":{"x":240,"y":405,"width":351,"height":108},"offset":{"x":17,"y":-6},"originalSize":{"width":431,"height":196},"rotated":true,"capInsets":[0,0,0,0],"vertices":{"rawPosition":[],"indexes":[],"uv":[],"nuv":[],"minPos":{"x":0,"y":0,"z":0},"maxPos":{"x":0,"y":0,"z":0}},"packable":true,"pixelsToUnit":100,"pivot":{"x":0.5,"y":0.5},"meshType":0}],[0],0,[0],[1],[0]],[[{"name":"tx_bb_g_00005","rect":{"x":240,"y":1035,"width":231,"height":110},"offset":{"x":-94,"y":1},"originalSize":{"width":431,"height":196},"rotated":true,"capInsets":[0,0,0,0],"vertices":{"rawPosition":[],"indexes":[],"uv":[],"nuv":[],"minPos":{"x":0,"y":0,"z":0},"maxPos":{"x":0,"y":0,"z":0}},"packable":true,"pixelsToUnit":100,"pivot":{"x":0.5,"y":0.5},"meshType":0}],[0],0,[0],[1],[0]],[[{"name":"tx_bb_g_00015","rect":{"x":2,"y":834,"width":401,"height":116},"offset":{"x":-6,"y":-3},"originalSize":{"width":431,"height":196},"rotated":true,"capInsets":[0,0,0,0],"vertices":{"rawPosition":[],"indexes":[],"uv":[],"nuv":[],"minPos":{"x":0,"y":0,"z":0},"maxPos":{"x":0,"y":0,"z":0}},"packable":true,"pixelsToUnit":100,"pivot":{"x":0.5,"y":0.5},"meshType":0}],[0],0,[0],[1],[0]],[[{"name":"tx_bb_g_00006","rect":{"x":240,"y":758,"width":275,"height":108},"offset":{"x":-70,"y":-2},"originalSize":{"width":431,"height":196},"rotated":true,"capInsets":[0,0,0,0],"vertices":{"rawPosition":[],"indexes":[],"uv":[],"nuv":[],"minPos":{"x":0,"y":0,"z":0},"maxPos":{"x":0,"y":0,"z":0}},"packable":true,"pixelsToUnit":100,"pivot":{"x":0.5,"y":0.5},"meshType":0}],[0],0,[0],[1],[0]],[[{"name":"tx_bb_g_00012","rect":{"x":2,"y":421,"width":411,"height":116},"offset":{"x":2,"y":-6},"originalSize":{"width":431,"height":196},"rotated":true,"capInsets":[0,0,0,0],"vertices":{"rawPosition":[],"indexes":[],"uv":[],"nuv":[],"minPos":{"x":0,"y":0,"z":0},"maxPos":{"x":0,"y":0,"z":0}},"packable":true,"pixelsToUnit":100,"pivot":{"x":0.5,"y":0.5},"meshType":0}],[0],0,[0],[1],[0]],[[{"name":"tx_bb_g_00013","rect":{"x":120,"y":824,"width":399,"height":118},"offset":{"x":-5,"y":-5},"originalSize":{"width":431,"height":196},"rotated":true,"capInsets":[0,0,0,0],"vertices":{"rawPosition":[],"indexes":[],"uv":[],"nuv":[],"minPos":{"x":0,"y":0,"z":0},"maxPos":{"x":0,"y":0,"z":0}},"packable":true,"pixelsToUnit":100,"pivot":{"x":0.5,"y":0.5},"meshType":0}],[0],0,[0],[1],[0]],[[{"name":"tx_bb_g_00018","rect":{"x":2,"y":1921,"width":347,"height":112},"offset":{"x":18,"y":-6},"originalSize":{"width":431,"height":196},"rotated":false,"capInsets":[0,0,0,0],"vertices":{"rawPosition":[],"indexes":[],"uv":[],"nuv":[],"minPos":{"x":0,"y":0,"z":0},"maxPos":{"x":0,"y":0,"z":0}},"packable":true,"pixelsToUnit":100,"pivot":{"x":0.5,"y":0.5},"meshType":0}],[0],0,[0],[1],[0]],[[{"name":"tx_bb_g_00008","rect":{"x":2,"y":1582,"width":337,"height":116},"offset":{"x":-30,"y":-1},"originalSize":{"width":431,"height":196},"rotated":true,"capInsets":[0,0,0,0],"vertices":{"rawPosition":[],"indexes":[],"uv":[],"nuv":[],"minPos":{"x":0,"y":0,"z":0},"maxPos":{"x":0,"y":0,"z":0}},"packable":true,"pixelsToUnit":100,"pivot":{"x":0.5,"y":0.5},"meshType":0}],[0],0,[0],[1],[0]],[[{"name":"2022feijizi","spriteFrames":["2022feiji_1","8cf2/HqmtISJ7moboTzhA0@376bd","2022feiji_2","8cf2/HqmtISJ7moboTzhA0@43fd1","2022feiji_3","8cf2/HqmtISJ7moboTzhA0@01f30","2022feiji_5","8cf2/HqmtISJ7moboTzhA0@19aea","2022feiji_8","8cf2/HqmtISJ7moboTzhA0@4b62d"]}],[2],0,[],[],[]],[[{"name":"2022feiji_3","rect":{"x":2,"y":2,"width":1233,"height":534},"offset":{"x":-2,"y":0},"originalSize":{"width":1239,"height":534},"rotated":true,"capInsets":[0,0,0,0],"vertices":{"rawPosition":[],"indexes":[],"uv":[],"nuv":[],"minPos":{"x":0,"y":0,"z":0},"maxPos":{"x":0,"y":0,"z":0}},"packable":true,"pixelsToUnit":100,"pivot":{"x":0.5,"y":0.5},"meshType":0}],[0],0,[0],[1],[2]],[[{"name":"2022feiji_5","rect":{"x":538,"y":1125,"width":174,"height":90},"offset":{"x":0,"y":0},"originalSize":{"width":174,"height":90},"rotated":false,"capInsets":[0,0,0,0],"vertices":{"rawPosition":[],"indexes":[],"uv":[],"nuv":[],"minPos":{"x":0,"y":0,"z":0},"maxPos":{"x":0,"y":0,"z":0}},"packable":true,"pixelsToUnit":100,"pivot":{"x":0.5,"y":0.5},"meshType":0}],[0],0,[0],[1],[2]],[[{"name":"2022feiji_1","rect":{"x":538,"y":556,"width":1144,"height":567},"offset":{"x":0,"y":-1},"originalSize":{"width":1144,"height":569},"rotated":false,"capInsets":[0,0,0,0],"vertices":{"rawPosition":[],"indexes":[],"uv":[],"nuv":[],"minPos":{"x":0,"y":0,"z":0},"maxPos":{"x":0,"y":0,"z":0}},"packable":true,"pixelsToUnit":100,"pivot":{"x":0.5,"y":0.5},"meshType":0}],[0],0,[0],[1],[2]],[[{"name":"2022feiji_2","rect":{"x":1684,"y":556,"width":248,"height":250},"offset":{"x":0,"y":0},"originalSize":{"width":248,"height":250},"rotated":true,"capInsets":[0,0,0,0],"vertices":{"rawPosition":[],"indexes":[],"uv":[],"nuv":[],"minPos":{"x":0,"y":0,"z":0},"maxPos":{"x":0,"y":0,"z":0}},"packable":true,"pixelsToUnit":100,"pivot":{"x":0.5,"y":0.5},"meshType":0}],[0],0,[0],[1],[2]],[[{"name":"2022feiji_8","rect":{"x":538,"y":2,"width":1439,"height":552},"offset":{"x":0,"y":0},"originalSize":{"width":1439,"height":552},"rotated":false,"capInsets":[0,0,0,0],"vertices":{"rawPosition":[],"indexes":[],"uv":[],"nuv":[],"minPos":{"x":0,"y":0,"z":0},"maxPos":{"x":0,"y":0,"z":0}},"packable":true,"pixelsToUnit":100,"pivot":{"x":0.5,"y":0.5},"meshType":0}],[0],0,[0],[1],[2]],[[{"name":"2022paixingzi","spriteFrames":["2022feiji_6_00000","92aRFz3CZEkZdqEve+AHI7@c84f0","2022feiji_7_00000","92aRFz3CZEkZdqEve+AHI7@dd1aa","2022liandui","92aRFz3CZEkZdqEve+AHI7@ffab2","2022shunzi","92aRFz3CZEkZdqEve+AHI7@22ee0"]}],[2],0,[],[],[]],[[{"name":"2022shunzi","rect":{"x":522,"y":2,"width":188,"height":87},"offset":{"x":0,"y":0},"originalSize":{"width":188,"height":87},"rotated":false,"capInsets":[0,0,0,0],"vertices":{"rawPosition":[],"indexes":[],"uv":[],"nuv":[],"minPos":{"x":0,"y":0,"z":0},"maxPos":{"x":0,"y":0,"z":0}},"packable":true,"pixelsToUnit":100,"pivot":{"x":0.5,"y":0.5},"meshType":0}],[0],0,[0],[1],[3]],[[{"name":"2022feiji_6_00000","rect":{"x":712,"y":2,"width":294,"height":82},"offset":{"x":17,"y":1},"originalSize":{"width":350,"height":100},"rotated":false,"capInsets":[0,0,0,0],"vertices":{"rawPosition":[],"indexes":[],"uv":[],"nuv":[],"minPos":{"x":0,"y":0,"z":0},"maxPos":{"x":0,"y":0,"z":0}},"packable":true,"pixelsToUnit":100,"pivot":{"x":0.5,"y":0.5},"meshType":0}],[0],0,[0],[1],[3]],[[{"name":"2022feiji_7_00000","rect":{"x":2,"y":2,"width":326,"height":92},"offset":{"x":12,"y":-1},"originalSize":{"width":350,"height":100},"rotated":false,"capInsets":[0,0,0,0],"vertices":{"rawPosition":[],"indexes":[],"uv":[],"nuv":[],"minPos":{"x":0,"y":0,"z":0},"maxPos":{"x":0,"y":0,"z":0}},"packable":true,"pixelsToUnit":100,"pivot":{"x":0.5,"y":0.5},"meshType":0}],[0],0,[0],[1],[3]],[[{"name":"2022liandui","rect":{"x":330,"y":2,"width":190,"height":91},"offset":{"x":0,"y":0},"originalSize":{"width":190,"height":91},"rotated":false,"capInsets":[0,0,0,0],"vertices":{"rawPosition":[],"indexes":[],"uv":[],"nuv":[],"minPos":{"x":0,"y":0,"z":0},"maxPos":{"x":0,"y":0,"z":0}},"packable":true,"pixelsToUnit":100,"pivot":{"x":0.5,"y":0.5},"meshType":0}],[0],0,[0],[1],[3]],[[[12,"ani_node_feiji"],[13,"ani_node_feiji",33554432,[-5,-6,-7,-8,-9,-10,-11],[[18,-2,[0,"a7k6zxpllNnbzGj2/XIN7D"],[22]],[2,-3,[0,"aaIrUscptNhoYf87njRwNn"]],[5,-4,[0,"58GKpjnW5AT4O4X4QQYPJJ"],[5,0,0]]],[1,"d1pvdZwplD7Y/4QbGYLYcO",null,null,null,-1,0]],[14,"Node_1",33554432,1,[-14,-15,-16],[[2,-12,[0,"e7vfSlMVhAUpp9Ks78r3U7"]],[3,-13,[0,"82GKaxc6JHP6XRuodrLpMz"],[5,0,0],[0,0,0]]],[1,"bcj27VbJVHEYZplQze+9eo",null,null,null,1,0],[1,-0.0015,52.6608,0],[1,-1,1,1]],[15,"Node_3",33554432,1,[-19,-20],[[2,-17,[0,"8bcX8W5TVAaLvZhXhUX1MQ"]],[3,-18,[0,"9dE9Z/xuxL0o4+HPGRp8AJ"],[5,0,0],[0,0,0]]],[1,"adb5BWrURGR6/S6fmmd37r",null,null,null,1,0],[1,-105.2596,-0.2216,0]],[9,"Sprite_1",33554432,2,[-24],[[7,2,false,-21,[0,"0ew5k9E7dH1or4kl7LrbMf"],20,21],[2,-22,[0,"84Zpqzp2tKzKwaBydoA0wQ"]],[3,-23,[0,"59YLGZO7RC/aSl2lfo8QQr"],[5,1144,569],[0,0.3284,0.4972]]],[1,"3e9qc6XN1KYpUlBt+1Qll7",null,null,null,1,0],[1,-10.5188,-124.2965,0],[3,0.01460536348791118,0.015029478483431292,-0.00021955922228279054,0.9997803508409484],[1,1.0706,1.0706,1],[1,1.6739,1.7225,0]],[16,"Sprite_2",33554432,1,[[7,2,false,-25,[0,"afV6So5R5EcaW3Y2K6vwIP"],0,1],[2,-26,[0,"7fgoTgPuFK8o1sSMr0CFeN"]],[5,-27,[0,"a7ouEAuEZGsqXKItzZxv3k"],[5,174,90]]],[1,"daYQWgijFEsKrjm1K6LP0c",null,null,null,1,0]],[8,"Sprite_12",33554432,1,[[6,1,2,false,-28,[0,"17KFMq4PdFq4Jj+aYNwvwn"],2,3],[4,0,-29,[0,"72Tned8hNPTIhgDgI0Z86u"]],[3,-30,[0,"51crNgP3dNWbMcxmFu9GtJ"],[5,350,100],[0,1,0.5]]],[1,"c3WbL11eFPDbpzjG7lpooD",null,null,null,1,0],[1,99.5709,1.2949,0],[1,0.5343,1,1]],[8,"Sprite_15",33554432,1,[[6,1,2,false,-31,[0,"36R4V5U71PSKeEjWvusjaE"],4,5],[4,0,-32,[0,"906y2WbIFIwLQ7NevgCEAo"]],[3,-33,[0,"9fHj7taApLVbjX0eY+QQ78"],[5,350,100],[0,1,0.5]]],[1,"8fm0BS6FFIB4YhJtXSoTUi",null,null,null,1,0],[1,97.514,41.4327,0],[1,0.6212,1,1]],[8,"Sprite_15_0",33554432,1,[[6,1,2,false,-34,[0,"82KNe7An5EaIGeWecLrS/H"],6,7],[4,0,-35,[0,"50z9PS5E9B+YVEuSSyZh3l"]],[3,-36,[0,"af1SuXEwFBDJWoF5gITaiL"],[5,350,100],[0,1,0.5]]],[1,"9eK+m2J/9Om51U+YpbTgIq",null,null,null,1,0],[1,93.934,-36.2908,0],[1,0.6654,1,1]],[8,"Sprite_12_0",33554432,1,[[6,1,2,false,-37,[0,"1aXYpfz+5K3qbNKqaLikj+"],8,9],[4,0,-38,[0,"52slZOxllAd7uz9uhwHkmj"]],[3,-39,[0,"aeG/tJkVBIwqIIWTSz/a6a"],[5,350,100],[0,1,0.5]]],[1,"24g8JsOWxI3ond4PJsZDZI",null,null,null,1,0],[1,99.5709,1.2949,0],[1,0.5343,1,1]],[10,"tx_bb_g_00001_13",33554432,3,[[6,8,2,false,-40,[0,"2bHbbMaxNJ+oeHRWjz4K81"],10,11],[4,0,-41,[0,"2cPlkwDolEboZnoLeDcJvQ"]],[5,-42,[0,"03B8w0mPNDq5qvc40r+SDV"],[5,431,196]]],[1,"fa3xbVuLFA4rusBsU1kzFK",null,null,null,1,0],[1,0.8101,-0.0763,0]],[10,"tx_bb_g_00001_13_0",33554432,3,[[6,1,2,false,-43,[0,"9a8ZoXbXJD/KruDcFDZUVU"],12,13],[4,0,-44,[0,"e5vjNfXedPWagj7YQ/EMfB"]],[5,-45,[0,"d6Y22trGlArIbeD48cnJ6f"],[5,431,196]]],[1,"88JwcVwSVKGpp1Wq9WbWvb",null,null,null,1,0],[1,0.8101,-0.0763,0]],[11,"Sprite_43",33554432,2,[[7,2,false,-46,[0,"adFIyF5gtEiIb2vSu+WuqT"],14,15],[2,-47,[0,"fbBsPdz0NLR6koUWXqC5uO"]],[3,-48,[0,"ebbk/izIxJ9IkOG+oQa7vq"],[5,1439,552],[0,1,0.5]]],[1,"7f9B5pBlVKEbfVNUHslrwY",null,null,null,1,0],[1,338.4651,128.6573,0],[3,0.4800874474569155,0.4825745390769643,-0.6353516025044136,0.3646453046784405],[1,-0.2835,2.3607,1],[1,105.5638,105.8488,0]],[11,"Sprite_7",33554432,2,[[7,2,false,-49,[0,"5cRahxck9DoL2Zkwp5NEyn"],16,17],[2,-50,[0,"d2OkYXX41K4YfPfGtPNrI0"]],[5,-51,[0,"2ahVovrSdJUKOEj8XjZpnw"],[5,1239,534]]],[1,"14SvMaVqtMJaQXQiHXYfCE",null,null,null,1,0],[1,154.5729,-247.9649,0],[3,0.033991068746221015,0.03402073934350057,-0.0011577416560740086,0.9988422579037538],[1,1.15,1.15,1],[1,3.8981,3.9015,0]],[9,"Node_2",33554432,4,[-54],[[2,-52,[0,"3ebkZt1ZdNopGZucas4rOV"]],[3,-53,[0,"7aryTlm2BKZ59hF1sLOvIM"],[5,0,0],[0,0,0]]],[1,"3ewX4H01NBh4B1abucq4TZ",null,null,null,1,0],[1,9.592599999999948,8.26090000000005,0],[3,-0.17090193074361212,-0.1707893570070963,-0.030093872197499774,0.969906121466077],[1,0.7631,0.9,1],[1,-19.9864,-19.9735,0]],[17,"Sprite_8",33554432,14,[[7,2,false,-55,[0,"062v+f+QtAzaJsT4l/MMSe"],18,19],[2,-56,[0,"e8fucn7ABOH4bS27oR0ykm"]],[5,-57,[0,"9aKoDj7DpFR4JG/R9+fVAH"],[5,248,250]]],[1,"c4r0eensJP7J5Utu25JYHH",null,null,null,1,0],[1,9.9989,6.5136,0],[3,0.4831800603070932,0.4831791876424663,-0.37140197911460926,0.6285980208850099],[1,-644.9037,-644.9038,0]]],0,[0,4,1,0,0,1,0,0,1,0,0,1,0,-1,5,0,-2,6,0,-3,7,0,-4,8,0,-5,9,0,-6,3,0,-7,2,0,0,2,0,0,2,0,-1,12,0,-2,13,0,-3,4,0,0,3,0,0,3,0,-1,10,0,-2,11,0,0,4,0,0,4,0,0,4,0,-1,14,0,0,5,0,0,5,0,0,5,0,0,6,0,0,6,0,0,6,0,0,7,0,0,7,0,0,7,0,0,8,0,0,8,0,0,8,0,0,9,0,0,9,0,0,9,0,0,10,0,0,10,0,0,10,0,0,11,0,0,11,0,0,11,0,0,12,0,0,12,0,0,12,0,0,13,0,0,13,0,0,13,0,0,14,0,0,14,0,-1,15,0,0,15,0,0,15,0,0,15,0,5,1,57],[0,0,0,0,0,0,0,0,0,0,0,0,0,0,0,0,0,0,0,0,0,0,0],[2,3,2,3,2,3,2,3,2,3,2,3,2,3,2,3,2,3,2,3,2,3,-1],[1,7,1,4,1,5,1,5,1,4,1,6,1,6,1,8,1,9,1,10,1,11,12]]]]
