[1,["06dryCPV5APZT73ladE0bd@6c48a","06dryCPV5APZT73ladE0bd@f9941"],["_textureSource","spriteFrame"],["cc.SpriteFrame",["cc.BitmapFont",["_name","fontSize","fntConfig"],0]],[[1,0,1,2,4]],[[[{"name":"js_an_z2-num","rect":{"x":0,"y":0,"width":336,"height":255},"offset":{"x":-88,"y":0.5},"originalSize":{"width":512,"height":256},"rotated":false,"capInsets":[0,0,0,0],"vertices":{"rawPosition":[-168,-127.5,0,168,-127.5,0,-168,127.5,0,168,127.5,0],"indexes":[0,1,2,2,1,3],"uv":[0,256,336,256,0,1,336,1],"nuv":[0,0.00390625,0.65625,0.00390625,0,1,0.65625,1],"minPos":{"x":-168,"y":-127.5,"z":0},"maxPos":{"x":168,"y":127.5,"z":0}},"packable":true,"pixelsToUnit":100,"pivot":{"x":0.5,"y":0.5},"meshType":0}],[0],0,[0],[0],[0]],[[[0,"js_an_z2-num",32,{"commonHeight":42,"fontSize":32,"atlasName":"js_an_z2-num.png","fontDefDictionary":{"9":{"xOffset":0,"yOffset":0,"xAdvance":8,"rect":{"x":0,"y":0,"width":0,"height":0}},"32":{"xOffset":0,"yOffset":0,"xAdvance":1,"rect":{"x":0,"y":0,"width":0,"height":0}},"40":{"xOffset":0,"yOffset":4,"xAdvance":12,"rect":{"x":313,"y":207,"width":12,"height":43}},"41":{"xOffset":0,"yOffset":4,"xAdvance":12,"rect":{"x":324,"y":108,"width":12,"height":43}},"48":{"xOffset":0,"yOffset":7,"xAdvance":21,"rect":{"x":302,"y":108,"width":21,"height":32}},"49":{"xOffset":0,"yOffset":7,"xAdvance":18,"rect":{"x":313,"y":174,"width":18,"height":32}},"50":{"xOffset":0,"yOffset":7,"xAdvance":21,"rect":{"x":280,"y":108,"width":21,"height":32}},"51":{"xOffset":0,"yOffset":7,"xAdvance":21,"rect":{"x":302,"y":141,"width":21,"height":32}},"52":{"xOffset":0,"yOffset":10,"xAdvance":22,"rect":{"x":280,"y":75,"width":22,"height":32}},"53":{"xOffset":0,"yOffset":8,"xAdvance":21,"rect":{"x":164,"y":81,"width":21,"height":31}},"54":{"xOffset":0,"yOffset":7,"xAdvance":21,"rect":{"x":303,"y":75,"width":21,"height":32}},"55":{"xOffset":0,"yOffset":8,"xAdvance":20,"rect":{"x":313,"y":34,"width":20,"height":31}},"56":{"xOffset":0,"yOffset":7,"xAdvance":21,"rect":{"x":280,"y":141,"width":21,"height":32}},"57":{"xOffset":0,"yOffset":7,"xAdvance":21,"rect":{"x":313,"y":0,"width":21,"height":33}},"115":{"xOffset":0,"yOffset":18,"xAdvance":18,"rect":{"x":123,"y":229,"width":18,"height":24}},"120":{"xOffset":0,"yOffset":19,"xAdvance":24,"rect":{"x":41,"y":232,"width":24,"height":23}},"19968":{"xOffset":0,"yOffset":19,"xAdvance":39,"rect":{"x":0,"y":239,"width":39,"height":7}},"19979":{"xOffset":0,"yOffset":7,"xAdvance":40,"rect":{"x":41,"y":120,"width":40,"height":35}},"19981":{"xOffset":0,"yOffset":7,"xAdvance":39,"rect":{"x":163,"y":153,"width":39,"height":35}},"20027":{"xOffset":0,"yOffset":3,"xAdvance":38,"rect":{"x":203,"y":81,"width":38,"height":37}},"20139":{"xOffset":0,"yOffset":3,"xAdvance":40,"rect":{"x":41,"y":80,"width":40,"height":39}},"20493":{"xOffset":0,"yOffset":3,"xAdvance":40,"rect":{"x":0,"y":119,"width":40,"height":39}},"20934":{"xOffset":0,"yOffset":3,"xAdvance":39,"rect":{"x":163,"y":189,"width":39,"height":39}},"20986":{"xOffset":0,"yOffset":4,"xAdvance":34,"rect":{"x":243,"y":36,"width":34,"height":38}},"20998":{"xOffset":0,"yOffset":3,"xAdvance":40,"rect":{"x":0,"y":199,"width":40,"height":39}},"21152":{"xOffset":0,"yOffset":4,"xAdvance":38,"rect":{"x":203,"y":194,"width":38,"height":38}},"21381":{"xOffset":0,"yOffset":7,"xAdvance":40,"rect":{"x":41,"y":196,"width":40,"height":35}},"21462":{"xOffset":0,"yOffset":7,"xAdvance":40,"rect":{"x":123,"y":0,"width":40,"height":35}},"21483":{"xOffset":0,"yOffset":4,"xAdvance":34,"rect":{"x":278,"y":0,"width":34,"height":38}},"21516":{"xOffset":0,"yOffset":7,"xAdvance":34,"rect":{"x":243,"y":0,"width":34,"height":35}},"22238":{"xOffset":0,"yOffset":7,"xAdvance":34,"rect":{"x":278,"y":39,"width":34,"height":35}},"22320":{"xOffset":0,"yOffset":3,"xAdvance":40,"rect":{"x":0,"y":0,"width":40,"height":38}},"22791":{"xOffset":0,"yOffset":3,"xAdvance":40,"rect":{"x":82,"y":120,"width":40,"height":39}},"22823":{"xOffset":0,"yOffset":3,"xAdvance":40,"rect":{"x":82,"y":200,"width":40,"height":39}},"22987":{"xOffset":0,"yOffset":3,"xAdvance":40,"rect":{"x":82,"y":40,"width":40,"height":39}},"23436":{"xOffset":0,"yOffset":3,"xAdvance":40,"rect":{"x":41,"y":40,"width":40,"height":39}},"23548":{"xOffset":0,"yOffset":6,"xAdvance":38,"rect":{"x":204,"y":39,"width":38,"height":36}},"23616":{"xOffset":0,"yOffset":6,"xAdvance":37,"rect":{"x":242,"y":76,"width":37,"height":36}},"24320":{"xOffset":0,"yOffset":7,"xAdvance":39,"rect":{"x":123,"y":153,"width":39,"height":35}},"24341":{"xOffset":0,"yOffset":4,"xAdvance":33,"rect":{"x":279,"y":193,"width":33,"height":39}},"24635":{"xOffset":0,"yOffset":3,"xAdvance":38,"rect":{"x":203,"y":155,"width":38,"height":38}},"24847":{"xOffset":0,"yOffset":3,"xAdvance":38,"rect":{"x":204,"y":0,"width":38,"height":38}},"25103":{"xOffset":0,"yOffset":3,"xAdvance":40,"rect":{"x":0,"y":39,"width":40,"height":39}},"25104":{"xOffset":0,"yOffset":3,"xAdvance":39,"rect":{"x":164,"y":40,"width":39,"height":40}},"25112":{"xOffset":0,"yOffset":3,"xAdvance":37,"rect":{"x":242,"y":113,"width":37,"height":39}},"25176":{"xOffset":0,"yOffset":3,"xAdvance":40,"rect":{"x":82,"y":0,"width":40,"height":39}},"25250":{"xOffset":0,"yOffset":3,"xAdvance":40,"rect":{"x":82,"y":80,"width":40,"height":39}},"26126":{"xOffset":0,"yOffset":6,"xAdvance":36,"rect":{"x":242,"y":193,"width":36,"height":36}},"27493":{"xOffset":0,"yOffset":3,"xAdvance":39,"rect":{"x":123,"y":189,"width":39,"height":39}},"28040":{"xOffset":0,"yOffset":3,"xAdvance":37,"rect":{"x":242,"y":153,"width":37,"height":39}},"28216":{"xOffset":0,"yOffset":3,"xAdvance":40,"rect":{"x":123,"y":73,"width":40,"height":39}},"29260":{"xOffset":0,"yOffset":3,"xAdvance":40,"rect":{"x":82,"y":160,"width":40,"height":39}},"31639":{"xOffset":0,"yOffset":3,"xAdvance":39,"rect":{"x":163,"y":113,"width":39,"height":39}},"31649":{"xOffset":0,"yOffset":3,"xAdvance":40,"rect":{"x":0,"y":159,"width":40,"height":39}},"32467":{"xOffset":0,"yOffset":3,"xAdvance":40,"rect":{"x":41,"y":0,"width":40,"height":39}},"32487":{"xOffset":0,"yOffset":4,"xAdvance":40,"rect":{"x":123,"y":36,"width":40,"height":36}},"32489":{"xOffset":0,"yOffset":3,"xAdvance":39,"rect":{"x":164,"y":0,"width":39,"height":39}},"32493":{"xOffset":0,"yOffset":3,"xAdvance":40,"rect":{"x":41,"y":156,"width":40,"height":39}},"35201":{"xOffset":0,"yOffset":7,"xAdvance":38,"rect":{"x":203,"y":119,"width":38,"height":35}},"36215":{"xOffset":0,"yOffset":3,"xAdvance":40,"rect":{"x":0,"y":79,"width":40,"height":39}},"36820":{"xOffset":0,"yOffset":3,"xAdvance":39,"rect":{"x":123,"y":113,"width":39,"height":39}}},"kerningDict":{}}]],0,0,[0],[1],[1]]]]
